path,top_component,specialist_passes,primary_specialist,review_treatment,all_domains
CODE_OF_CONDUCT.md,[root],S00,S00,DOC_CONTEXT_VERIFY_AGAINST_CODE,D00
LICENSE,[root],S00,S00,FULL_SOURCE_REVIEW,D00
README.md,[root],S00,S00,DOC_CONTEXT_VERIFY_AGAINST_CODE,D00
abuse-enforcement-service/server/src/main.rs,abuse-enforcement-service,S15,S15,FULL_SOURCE_REVIEW,D13;D16
abuse-enforcement-service/service-lib/rules/enforcement_post.yaml,abuse-enforcement-service,S15;S17,S15,FULL_SOURCE_REVIEW,D13;D17;D16
abuse-enforcement-service/service-lib/rules/enforcement_user.yaml,abuse-enforcement-service,S15;S17,S15,FULL_SOURCE_REVIEW,D13;D17;D16
abuse-enforcement-service/service-lib/src/ais_client.rs,abuse-enforcement-service,S15,S15,FULL_SOURCE_REVIEW,D13;D16
abuse-enforcement-service/service-lib/src/allowlist.rs,abuse-enforcement-service,S15;S17,S15,FULL_SOURCE_REVIEW,D13;D17;D16
abuse-enforcement-service/service-lib/src/api_doc.rs,abuse-enforcement-service,S15,S15,FULL_SOURCE_REVIEW,D13;D16
abuse-enforcement-service/service-lib/src/auth.rs,abuse-enforcement-service,S15,S15,FULL_SOURCE_REVIEW,D13;D16
abuse-enforcement-service/service-lib/src/bin/validate_rules_yaml.rs,abuse-enforcement-service,S15,S15,FULL_SOURCE_REVIEW,D13;D16
abuse-enforcement-service/service-lib/src/config.rs,abuse-enforcement-service,S15;S17,S15,FULL_SOURCE_REVIEW,D13;D17;D16
abuse-enforcement-service/service-lib/src/decision.rs,abuse-enforcement-service,S15,S15,FULL_SOURCE_REVIEW,D13;D16
abuse-enforcement-service/service-lib/src/dedup_cache.rs,abuse-enforcement-service,S15,S15,FULL_SOURCE_REVIEW,D13;D16
abuse-enforcement-service/service-lib/src/entities.rs,abuse-enforcement-service,S15,S15,FULL_SOURCE_REVIEW,D13;D16
abuse-enforcement-service/service-lib/src/facts.rs,abuse-enforcement-service,S15,S15,FULL_SOURCE_REVIEW,D13;D16
abuse-enforcement-service/service-lib/src/fixtures/mock_rules_post.yaml,abuse-enforcement-service,S15;S17,S15,FIXTURE_EVIDENCE,D13;D16;D17
abuse-enforcement-service/service-lib/src/fixtures/mock_rules_user.yaml,abuse-enforcement-service,S15;S17,S15,FIXTURE_EVIDENCE,D13;D16;D17
abuse-enforcement-service/service-lib/src/gizmoduck.rs,abuse-enforcement-service,S15,S15,FULL_SOURCE_REVIEW,D13;D16
abuse-enforcement-service/service-lib/src/gizmoduck_labels.rs,abuse-enforcement-service,S15,S15,FULL_SOURCE_REVIEW,D13;D16
abuse-enforcement-service/service-lib/src/growthbook.rs,abuse-enforcement-service,S15;S17,S15,FULL_SOURCE_REVIEW,D13;D17;D16
abuse-enforcement-service/service-lib/src/growthbook_writer.rs,abuse-enforcement-service,S15;S17,S15,FULL_SOURCE_REVIEW,D13;D17;D16
abuse-enforcement-service/service-lib/src/lib.rs,abuse-enforcement-service,S15,S15,FULL_SOURCE_REVIEW,D13;D16
abuse-enforcement-service/service-lib/src/limiter.rs,abuse-enforcement-service,S15,S15,FULL_SOURCE_REVIEW,D13;D16
abuse-enforcement-service/service-lib/src/manhattan.rs,abuse-enforcement-service,S15,S15,FULL_SOURCE_REVIEW,D13;D16
abuse-enforcement-service/service-lib/src/metrics.rs,abuse-enforcement-service,S15;S18,S15,FULL_SOURCE_REVIEW,D13;D16;D18
abuse-enforcement-service/service-lib/src/rules.rs,abuse-enforcement-service,S15,S15,FULL_SOURCE_REVIEW,D13;D16
abuse-enforcement-service/service-lib/src/service.rs,abuse-enforcement-service,S15,S15,FULL_SOURCE_REVIEW,D13;D16
abuse-enforcement-service/service-lib/src/sliding_window.rs,abuse-enforcement-service,S15,S15,FULL_SOURCE_REVIEW,D13;D16
abuse-enforcement-service/service-lib/src/strato.rs,abuse-enforcement-service,S15,S15,FULL_SOURCE_REVIEW,D13;D16
abuse-enforcement-service/service-lib/src/test_user.rs,abuse-enforcement-service,S15,S15,TEST_EVIDENCE,D13;D16
abuse-enforcement-service/types/src/allowlist.rs,abuse-enforcement-service,S15;S17,S15,FULL_SOURCE_REVIEW,D13;D17;D16
abuse-enforcement-service/types/src/config.rs,abuse-enforcement-service,S15;S17,S15,FULL_SOURCE_REVIEW,D13;D17;D16
abuse-enforcement-service/types/src/lib.rs,abuse-enforcement-service,S15,S15,FULL_SOURCE_REVIEW,D13;D16
adult-content/BUILD,adult-content,S10;S18,S10,REPRO_BUILD_REVIEW,D09;D19
adult-content/calibration.py,adult-content,S10,S10,FULL_SOURCE_REVIEW,D09;D15
adult-content/config.py,adult-content,S10;S17,S10,FULL_SOURCE_REVIEW,D09;D17
adult-content/dataset_utils.py,adult-content,S10,S10,FULL_SOURCE_REVIEW,D09;D15
adult-content/scripts/BUILD,adult-content,S10;S18,S10,REPRO_BUILD_REVIEW,D09;D19
adult-content/scripts/calibrate_model_scores.py,adult-content,S10,S10,FULL_SOURCE_REVIEW,D09;D15
adult-content/scripts/train_model.py,adult-content,S10,S10,FULL_SOURCE_REVIEW,D09;D15
adult-content/training.py,adult-content,S10,S10,FULL_SOURCE_REVIEW,D09;D15
agatha/hub/agatha/BUILD,agatha,S11;S18,S11,REPRO_BUILD_REVIEW,D10;D16;D19
agatha/hub/agatha/Bijections.scala,agatha,S11,S11,FULL_SOURCE_REVIEW,D10;D16
agatha/hub/agatha/builder/BUILD,agatha,S11;S18,S11,REPRO_BUILD_REVIEW,D10;D16;D19
agatha/hub/agatha/builder/Builder.scala,agatha,S11,S11,FULL_SOURCE_REVIEW,D10;D16
agatha/hub/agatha/job/AgathaJobTemplates.scala,agatha,S11,S11,FULL_SOURCE_REVIEW,D10;D16
agatha/hub/agatha/job/BUILD.bazel,agatha,S11;S18,S11,REPRO_BUILD_REVIEW,D10;D16;D19
agatha/hub/agatha/labels/BUILD,agatha,S11;S18,S11,REPRO_BUILD_REVIEW,D10;D16;D19
agatha/hub/agatha/labels/LabelGenerator.scala,agatha,S11,S11,FULL_SOURCE_REVIEW,D10;D16
agatha/hub/agatha/labels/LabelManager.scala,agatha,S11,S11,FULL_SOURCE_REVIEW,D10;D16
agatha/hub/agatha/predict/Aggregators.scala,agatha,S11,S11,FULL_SOURCE_REVIEW,D10;D16
agatha/hub/agatha/predict/BUILD,agatha,S11;S18,S11,REPRO_BUILD_REVIEW,D10;D16;D19
agatha/hub/agatha/predict/Predict.scala,agatha,S11,S11,FULL_SOURCE_REVIEW,D10;D16
agatha/hub/agatha/predict/package.scala,agatha,S11,S11,FULL_SOURCE_REVIEW,D10;D16
agatha/hub/agatha/thrift/BUILD,agatha,S11;S18,S11,REPRO_BUILD_REVIEW,D10;D16;D19
agatha/hub/agatha/thrift/agatha.thrift,agatha,S11,S11,FULL_SOURCE_REVIEW,D10;D16
agatha/hub/agatha/thrift/featureSource.thrift,agatha,S11,S11,FULL_SOURCE_REVIEW,D10;D16
agatha/hub/agatha/util/BUILD,agatha,S11;S18,S11,REPRO_BUILD_REVIEW,D10;D16;D19
agatha/hub/agatha/util/CrossedPMIStatToModelledFeature.scala,agatha,S11,S11,FULL_SOURCE_REVIEW,D10;D15;D16
agatha/hub/pmi/BUILD,agatha,S11;S18,S11,REPRO_BUILD_REVIEW,D10;D16;D19
agatha/hub/pmi/ModelCommon.scala,agatha,S11,S11,FULL_SOURCE_REVIEW,D10;D15;D16
agatha/hub/pmi/PMI.scala,agatha,S11,S11,FULL_SOURCE_REVIEW,D10;D16
agatha/hub/pmi/PMISetExtractors.scala,agatha,S11,S11,FULL_SOURCE_REVIEW,D10;D16
agatha/hub/pmi/PMITypes.scala,agatha,S11,S11,FULL_SOURCE_REVIEW,D10;D16
agatha/hub/pmi/PreProcessors.scala,agatha,S11,S11,FULL_SOURCE_REVIEW,D10;D16
agatha/hub/pmi/examples/BUILD.bazel,agatha,S11;S18,S11,REPRO_BUILD_REVIEW,D10;D16;D19
agatha/hub/pmi/examples/TopFollowPmi.scala,agatha,S11;S18,S11,EXAMPLE_REFERENCE_REVIEW,D10;D16;D19
agatha/hub/pmi/math/BUILD,agatha,S11;S18,S11,REPRO_BUILD_REVIEW,D10;D16;D19
agatha/hub/pmi/math/Math.scala,agatha,S11,S11,FULL_SOURCE_REVIEW,D10;D16
agatha/hub/pmi/math/aggregators/BUILD,agatha,S11;S18,S11,REPRO_BUILD_REVIEW,D10;D16;D19
agatha/hub/pmi/math/aggregators/Moments.scala,agatha,S11,S11,FULL_SOURCE_REVIEW,D10;D16
agatha/hub/pmi/math/aggregators/Percentiles.scala,agatha,S11,S11,FULL_SOURCE_REVIEW,D10;D16
agatha/scalding/AgathaFeaturesPredictJob.scala,agatha,S11,S11,FULL_SOURCE_REVIEW,D10;D16
agatha/scalding/NSFWBuildJob.scala,agatha,S11,S11,FULL_SOURCE_REVIEW,D10;D16
agatha/scalding/RateBasedBuildJob.scala,agatha,S11,S11,FULL_SOURCE_REVIEW,D10;D16
agatha/scalding/SpagathaBuildJob.scala,agatha,S11,S11,FULL_SOURCE_REVIEW,D10;D16
agatha/scalding/blink/BlinkScoreJobTemplate.scala,agatha,S11,S11,FULL_SOURCE_REVIEW,D10;D16
agatha/scalding/blink/ManhattanImportInjection.scala,agatha,S11,S11,FULL_SOURCE_REVIEW,D10;D16
agatha/scalding/data/ActiveUserFeaturesJob.scala,agatha,S11,S11,FULL_SOURCE_REVIEW,D10;D16
agatha/scalding/data/BUILD.bazel,agatha,S11;S18,S11,REPRO_BUILD_REVIEW,D10;D16;D19
agatha/scalding/data/DataLoader.scala,agatha,S11,S11,FULL_SOURCE_REVIEW,D10;D16
agatha/scalding/data/DataLoaderUtil.scala,agatha,S11,S11,FULL_SOURCE_REVIEW,D10;D16
agatha/scalding/data/FeatureExtractionTemplate.scala,agatha,S11,S11,FULL_SOURCE_REVIEW,D10;D16
agatha/scalding/data/loaders/AbuseReportGraphDataLoader.scala,agatha,S11,S11,FULL_SOURCE_REVIEW,D10;D16
agatha/scalding/data/loaders/BUILD.bazel,agatha,S11;S18,S11,REPRO_BUILD_REVIEW,D10;D16;D19
agatha/scalding/data/loaders/BlockGraphDataLoader.scala,agatha,S11,S11,FULL_SOURCE_REVIEW,D10;D16
agatha/scalding/data/loaders/CombinedUserDataLoader.scala,agatha,S11,S11,FULL_SOURCE_REVIEW,D10;D16
agatha/scalding/data/loaders/ContributorGraphDataLoader.scala,agatha,S11,S11,FULL_SOURCE_REVIEW,D10;D16
agatha/scalding/data/loaders/DirectMessageGraphDataLoader.scala,agatha,S11,S11,FULL_SOURCE_REVIEW,D10;D16
agatha/scalding/data/loaders/FavGraphDataLoader.scala,agatha,S11,S11,FULL_SOURCE_REVIEW,D10;D16
agatha/scalding/data/loaders/FavedTweetsDataLoader.scala,agatha,S11,S11,FULL_SOURCE_REVIEW,D10;D16
agatha/scalding/data/loaders/FollowGraphDataLoader.scala,agatha,S11,S11,FULL_SOURCE_REVIEW,D10;D16
agatha/scalding/data/loaders/HashtagTweetsDataLoader.scala,agatha,S11,S11,FULL_SOURCE_REVIEW,D10;D16
agatha/scalding/data/loaders/LegitTattleGraphDataLoader.scala,agatha,S11,S11,FULL_SOURCE_REVIEW,D10;D16
agatha/scalding/data/loaders/ListFollowerGraphDataLoader.scala,agatha,S11,S11,FULL_SOURCE_REVIEW,D10;D16
agatha/scalding/data/loaders/ListMembershipGraphDataLoader.scala,agatha,S11,S11,FULL_SOURCE_REVIEW,D10;D16
agatha/scalding/data/loaders/MostRecentEdgeSourceDataLoader.scala,agatha,S11,S11,FULL_SOURCE_REVIEW,D10;D16
agatha/scalding/data/loaders/MuteGraphDataLoader.scala,agatha,S11,S11,FULL_SOURCE_REVIEW,D10;D16
agatha/scalding/data/loaders/NonLegitTattlesNoBlocksGraphDataLoader.scala,agatha,S11,S11,FULL_SOURCE_REVIEW,D10;D16
agatha/scalding/data/loaders/RetweetedTweetsDataLoader.scala,agatha,S11,S11,FULL_SOURCE_REVIEW,D10;D16
agatha/scalding/data/loaders/TweetAuthorEngagementGraph.scala,agatha,S11,S11,FULL_SOURCE_REVIEW,D10;D16
agatha/scalding/labels/AgathaLabelManager.scala,agatha,S11,S11,FULL_SOURCE_REVIEW,D10;D16
agatha/scalding/labels/BUILD.bazel,agatha,S11;S18,S11,REPRO_BUILD_REVIEW,D10;D16;D19
agatha/scalding/labels/LabelExtractionTemplate.scala,agatha,S11,S11,FULL_SOURCE_REVIEW,D10;D16
agatha/scalding/labels/LabelUtil.scala,agatha,S11,S11,FULL_SOURCE_REVIEW,D10;D16
agatha/scalding/labels/blocks_per_fav/BUILD.bazel,agatha,S11;S18,S11,REPRO_BUILD_REVIEW,D10;D16;D19
agatha/scalding/labels/blocks_per_fav/BlocksPerFav.scala,agatha,S11,S11,FULL_SOURCE_REVIEW,D10;D16
agatha/scalding/labels/favs/BUILD.bazel,agatha,S11;S18,S11,REPRO_BUILD_REVIEW,D10;D16;D19
agatha/scalding/labels/favs/Favs.scala,agatha,S11,S11,FULL_SOURCE_REVIEW,D10;D16
agatha/scalding/labels/nsfw/BUILD.bazel,agatha,S11;S18,S11,REPRO_BUILD_REVIEW,D10;D16;D19
agatha/scalding/labels/nsfw/NSFWLabel.scala,agatha,S11,S11,FULL_SOURCE_REVIEW,D10;D16
agatha/scalding/labels/nsfw/NSFWLabelExtraction.scala,agatha,S11,S11,FULL_SOURCE_REVIEW,D10;D16
agatha/scalding/labels/nsfw/NsfwAgathaLabelManager.scala,agatha,S11,S11,FULL_SOURCE_REVIEW,D10;D16
agatha/scalding/labels/rate_based_labels/BUILD.bazel,agatha,S11;S18,S11,REPRO_BUILD_REVIEW,D10;D16;D19
agatha/scalding/labels/rate_based_labels/RateBasedLabels.scala,agatha,S11,S11,FULL_SOURCE_REVIEW,D10;D16
agatha/scalding/labels/rate_based_labels/RateBasedLabelsExtraction.scala,agatha,S11,S11,FULL_SOURCE_REVIEW,D10;D16
agatha/scalding/labels/reports_per_fav/BUILD.bazel,agatha,S11;S18,S11,REPRO_BUILD_REVIEW,D10;D16;D19
agatha/scalding/labels/reports_per_fav/ReportsPerFav.scala,agatha,S11,S11,FULL_SOURCE_REVIEW,D10;D16
agatha/scalding/labels/spam_reports_per_fav/BUILD.bazel,agatha,S11;S18,S11,REPRO_BUILD_REVIEW,D10;D16;D19
agatha/scalding/labels/spam_reports_per_fav/SpamReportsPerFav.scala,agatha,S11,S11,FULL_SOURCE_REVIEW,D10;D16
agatha/scalding/labels/spam_suspended/BUILD.bazel,agatha,S11;S18,S11,REPRO_BUILD_REVIEW,D10;D16;D19
agatha/scalding/labels/spam_suspended/SpamSuspendedLabel.scala,agatha,S11,S11,FULL_SOURCE_REVIEW,D10;D16
agatha/scalding/labels/spam_suspended/SpamSuspendedLabelExtraction.scala,agatha,S11,S11,FULL_SOURCE_REVIEW,D10;D16
agatha/scalding/quantile/BUILD.bazel,agatha,S11;S18,S11,REPRO_BUILD_REVIEW,D10;D15;D16;D19
agatha/scalding/quantile/QuantileFeatureExport.scala,agatha,S11,S11,FULL_SOURCE_REVIEW,D10;D15;D16
agatha/scalding/util/BUILD.bazel,agatha,S11;S18,S11,REPRO_BUILD_REVIEW,D10;D16;D19
agatha/scalding/util/FeaturesToLabels.scala,agatha,S11,S11,FULL_SOURCE_REVIEW,D10;D16
agatha/scalding/util/GetActiveUsers.scala,agatha,S11,S11,FULL_SOURCE_REVIEW,D10;D16
agatha/scalding/util/GetSuspendedUsers.scala,agatha,S11,S11,FULL_SOURCE_REVIEW,D10;D16
agatha/scalding/util/PredictionsToDataSetPipe.scala,agatha,S11,S11,FULL_SOURCE_REVIEW,D10;D16
agatha/thrift/agatha.thrift,agatha,S11,S11,FULL_SOURCE_REVIEW,D10;D16
bdsm/README.md,bdsm,S11,S11,DOC_CONTEXT_VERIFY_AGAINST_CODE,D10;D16
bdsm/proto/abuse_inference.proto,bdsm,S11,S11,FULL_SOURCE_REVIEW,D10;D16
bdsm/pyproject.toml,bdsm,S11;S17;S18,S11,REPRO_BUILD_REVIEW,D10;D16;D17;D19
bdsm/runtime/__init__.py,bdsm,S11,S11,FULL_SOURCE_REVIEW,D10;D16
bdsm/runtime/action_names.json,bdsm,S11;S17,S11,FULL_SOURCE_REVIEW,D10;D16;D17
bdsm/runtime/batch_prefetcher.py,bdsm,S11,S11,FULL_SOURCE_REVIEW,D10;D16
bdsm/runtime/feature_norm.py,bdsm,S11,S11,FULL_SOURCE_REVIEW,D10;D16
bdsm/runtime/gizmoduck_age.py,bdsm,S11,S11,FULL_SOURCE_REVIEW,D10;D16
bdsm/runtime/gpu_scorer.py,bdsm,S11,S11,FULL_SOURCE_REVIEW,D10;D16
bdsm/runtime/heads.py,bdsm,S11,S11,FULL_SOURCE_REVIEW,D10;D16
bdsm/runtime/labels.py,bdsm,S11,S11,FULL_SOURCE_REVIEW,D10;D16
bdsm/runtime/load_backbone.py,bdsm,S11,S11,FULL_SOURCE_REVIEW,D10;D16
bdsm/runtime/login_starter_pack_counter.py,bdsm,S11,S11,FULL_SOURCE_REVIEW,D10;D16
bdsm/runtime/loss.py,bdsm,S11,S11,FULL_SOURCE_REVIEW,D10;D16
bdsm/runtime/manhattan_arrow_adapter.py,bdsm,S11,S11,FULL_SOURCE_REVIEW,D10;D16
bdsm/runtime/manhattan_scorer.py,bdsm,S11,S11,FULL_SOURCE_REVIEW,D10;D16
bdsm/runtime/metrics.py,bdsm,S11;S18,S11,FULL_SOURCE_REVIEW,D10;D16;D18
bdsm/runtime/model.py,bdsm,S11,S11,FULL_SOURCE_REVIEW,D10;D15;D16
bdsm/runtime/pipeline_security.py,bdsm,S11,S11,FULL_SOURCE_REVIEW,D10;D16
bdsm/runtime/proto_gen/__init__.py,bdsm,S11,S11,BOUNDARY_TRACE_GENERATED,D10;D16
bdsm/runtime/proto_gen/abuse_inference_pb2.py,bdsm,S11,S11,BOUNDARY_TRACE_GENERATED,D10;D16
bdsm/runtime/score_layout.py,bdsm,S11,S11,FULL_SOURCE_REVIEW,D10;D16
bdsm/runtime/score_results_sink_focal.py,bdsm,S11,S11,FULL_SOURCE_REVIEW,D10;D16
bdsm/runtime/sequence_cache.py,bdsm,S11,S11,FULL_SOURCE_REVIEW,D10;D16
bdsm/runtime/sink_policy.yaml,bdsm,S11;S17,S11,FULL_SOURCE_REVIEW,D10;D16;D17
bdsm/runtime/starter_pack_follows.py,bdsm,S11,S11,FULL_SOURCE_REVIEW,D10;D16
bdsm/runtime/task_heads.py,bdsm,S11,S11,FULL_SOURCE_REVIEW,D10;D16
bdsm/rust/abuse-v3-features/Cargo.toml,bdsm,S11;S17;S18,S11,REPRO_BUILD_REVIEW,D10;D16;D17;D19
bdsm/rust/abuse-v3-features/src/derived.rs,bdsm,S11,S11,FULL_SOURCE_REVIEW,D10;D16
bdsm/rust/abuse-v3-features/src/lib.rs,bdsm,S11,S11,FULL_SOURCE_REVIEW,D10;D16
bdsm/rust/accumulator/Cargo.lock,bdsm,S11;S18,S11,BOUNDARY_TRACE_GENERATED,D10;D16;D19
bdsm/rust/accumulator/Cargo.toml,bdsm,S11;S17;S18,S11,REPRO_BUILD_REVIEW,D10;D16;D17;D19
bdsm/rust/accumulator/Dockerfile,bdsm,S11,S11,FULL_SOURCE_REVIEW,D10;D16
bdsm/rust/accumulator/src/main.rs,bdsm,S11,S11,FULL_SOURCE_REVIEW,D10;D16
bdsm/rust/accumulator/src/trace.rs,bdsm,S11;S18,S11,FULL_SOURCE_REVIEW,D10;D16;D18
bdsm/tests/conftest.py,bdsm,S11,S11,TEST_EVIDENCE,D10;D16
bdsm/tests/test_feature_norm.py,bdsm,S11,S11,TEST_EVIDENCE,D10;D16
bdsm/tests/test_heads.py,bdsm,S11,S11,TEST_EVIDENCE,D10;D16
bdsm/tests/test_labels.py,bdsm,S11,S11,TEST_EVIDENCE,D10;D16
bdsm/tests/test_loss.py,bdsm,S11,S11,TEST_EVIDENCE,D10;D16
bdsm/tests/test_pipeline_security.py,bdsm,S11,S11,TEST_EVIDENCE,D10;D16
bdsm/tests/test_score_layout.py,bdsm,S11,S11,TEST_EVIDENCE,D10;D16
bdsm/tests/test_sink_policy.py,bdsm,S11,S11,TEST_EVIDENCE,D10;D16
bdsm/tests/test_train_head.py,bdsm,S11,S11,TEST_EVIDENCE,D10;D15;D16
bdsm/training/__init__.py,bdsm,S11,S11,FULL_SOURCE_REVIEW,D10;D15;D16
bdsm/training/train_head.py,bdsm,S11,S11,FULL_SOURCE_REVIEW,D10;D15;D16
botmaker/BUILD.bazel,botmaker,S12;S18,S12,REPRO_BUILD_REVIEW,D11;D16;D19
botmaker/CONFIG.ini,botmaker,S12;S17,S12,FULL_SOURCE_REVIEW,D11;D16;D17
botmaker/botmaker_aggregator/src/main/scala/com/twitter/botmaker/BUILD,botmaker,S12;S18,S12,REPRO_BUILD_REVIEW,D11;D16;D19
botmaker/botmaker_aggregator/src/main/scala/com/twitter/botmaker/runtime/LocalAggregator.scala,botmaker,S12,S12,FULL_SOURCE_REVIEW,D11;D16
botmaker/botmaker_aggregator/src/main/scala/com/twitter/botmaker/runtime/MoniodAggregator.scala,botmaker,S12,S12,FULL_SOURCE_REVIEW,D11;D16
botmaker/botmaker_aggregator/src/main/scala/com/twitter/botmaker/runtime/config/BloomFilterAggregator.scala,botmaker,S12;S17,S12,FULL_SOURCE_REVIEW,D11;D16;D17
botmaker/botmaker_aggregator/src/main/scala/com/twitter/botmaker/runtime/config/ComboAggregator.scala,botmaker,S12;S17,S12,FULL_SOURCE_REVIEW,D11;D16;D17
botmaker/botmaker_aggregator/src/main/scala/com/twitter/botmaker/runtime/config/CounterAggregator.scala,botmaker,S12;S17,S12,FULL_SOURCE_REVIEW,D11;D16;D17
botmaker/botmaker_aggregator/src/main/scala/com/twitter/botmaker/runtime/config/HllAggregator.scala,botmaker,S12;S17,S12,FULL_SOURCE_REVIEW,D11;D16;D17
botmaker/botmaker_aggregator/src/main/scala/com/twitter/botmaker/runtime/config/LocalAggregatorConfigs.scala,botmaker,S12;S17,S12,FULL_SOURCE_REVIEW,D11;D16;D17
botmaker/botmaker_aggregator/src/main/scala/com/twitter/botmaker/runtime/config/QTreeAggregator.scala,botmaker,S12;S17,S12,FULL_SOURCE_REVIEW,D11;D16;D17
botmaker/botmaker_aggregator/src/main/scala/com/twitter/botmaker/runtime/config/SetAggregator.scala,botmaker,S12;S17,S12,FULL_SOURCE_REVIEW,D11;D16;D17
botmaker/botmaker_aggregator/src/main/scala/com/twitter/botmaker/runtime/config/SimpleStatsAggregator.scala,botmaker,S12;S17,S12,FULL_SOURCE_REVIEW,D11;D16;D17
botmaker/botmaker_aggregator/src/main/scala/com/twitter/botmaker/runtime/config/SketchMapAggregator.scala,botmaker,S12;S17,S12,FULL_SOURCE_REVIEW,D11;D16;D17
botmaker/botmaker_aggregator/src/main/scala/com/twitter/botmaker/runtime/function/BloomFilterFunctions.scala,botmaker,S12,S12,FULL_SOURCE_REVIEW,D11;D16
botmaker/botmaker_aggregator/src/main/scala/com/twitter/botmaker/runtime/function/HllFunctions.scala,botmaker,S12,S12,FULL_SOURCE_REVIEW,D11;D16
botmaker/botmaker_aggregator/src/main/scala/com/twitter/botmaker/runtime/function/QTreeFunctions.scala,botmaker,S12,S12,FULL_SOURCE_REVIEW,D11;D16
botmaker/botmaker_aggregator/src/main/scala/com/twitter/botmaker/runtime/function/SketchMapFunctions.scala,botmaker,S12,S12,FULL_SOURCE_REVIEW,D11;D16
botmaker/botmaker_app/src/main/resources/BUILD,botmaker,S12;S18,S12,REPRO_BUILD_REVIEW,D11;D16;D19
botmaker/botmaker_app/src/main/resources/logback.xml,botmaker,S12,S12,FULL_SOURCE_REVIEW,D11;D16
botmaker/botmaker_app/src/main/scala/com/twitter/botmaker/app/client/AppClient.scala,botmaker,S12,S12,FULL_SOURCE_REVIEW,D11;D16
botmaker/botmaker_app/src/main/scala/com/twitter/botmaker/app/client/BUILD.bazel,botmaker,S12;S18,S12,REPRO_BUILD_REVIEW,D11;D16;D19
botmaker/botmaker_app/src/main/scala/com/twitter/botmaker/app/client/BotMakerAppClient.scala,botmaker,S12,S12,FULL_SOURCE_REVIEW,D11;D16
botmaker/botmaker_app/src/main/scala/com/twitter/botmaker/app/module/AppBotMaker.scala,botmaker,S12,S12,FULL_SOURCE_REVIEW,D11;D16
botmaker/botmaker_app/src/main/scala/com/twitter/botmaker/app/module/BUILD,botmaker,S12;S18,S12,REPRO_BUILD_REVIEW,D11;D16;D19
botmaker/botmaker_app/src/main/scala/com/twitter/botmaker/app/module/BotMakerApp.scala,botmaker,S12,S12,FULL_SOURCE_REVIEW,D11;D16
botmaker/botmaker_app/src/main/scala/com/twitter/botmaker/app/module/BotMakerAppController.scala,botmaker,S12,S12,FULL_SOURCE_REVIEW,D11;D16
botmaker/botmaker_app/src/main/scala/com/twitter/botmaker/app/module/BotMakerAppModule.scala,botmaker,S12,S12,FULL_SOURCE_REVIEW,D11;D16
botmaker/botmaker_app/src/main/scala/com/twitter/botmaker/app/module/InjectionNamedConstants.scala,botmaker,S12,S12,FULL_SOURCE_REVIEW,D11;D16
botmaker/botmaker_app/src/main/scala/com/twitter/botmaker/app/publisher/function/Arguments.scala,botmaker,S12,S12,FULL_SOURCE_REVIEW,D11;D16
botmaker/botmaker_app/src/main/scala/com/twitter/botmaker/app/publisher/function/WriteToConfigBus.scala,botmaker,S12;S17,S12,FULL_SOURCE_REVIEW,D11;D16;D17
botmaker/botmaker_app/src/main/scala/com/twitter/botmaker/app/publisher/function/WriteToFile.scala,botmaker,S12,S12,FULL_SOURCE_REVIEW,D11;D16
botmaker/botmaker_app/src/main/scala/com/twitter/botmaker/app/runtime/BUILD.bazel,botmaker,S12;S18,S12,REPRO_BUILD_REVIEW,D11;D16;D19
botmaker/botmaker_app/src/main/scala/com/twitter/botmaker/app/runtime/StdBotMakerAppRuntime.scala,botmaker,S12,S12,FULL_SOURCE_REVIEW,D11;D16
botmaker/botmaker_app/src/main/scala/com/twitter/botmaker/app/server/BUILD.bazel,botmaker,S12;S18,S12,REPRO_BUILD_REVIEW,D11;D16;D19
botmaker/botmaker_app/src/main/scala/com/twitter/botmaker/app/server/BotMakerAppServer.scala,botmaker,S12,S12,FULL_SOURCE_REVIEW,D11;D16
botmaker/botmaker_app/src/main/scala/com/twitter/botmaker/app/server/BotMakerAppThriftController.scala,botmaker,S12,S12,FULL_SOURCE_REVIEW,D11;D16
botmaker/botmaker_app/src/main/scala/com/twitter/botmaker/app/util/BUILD,botmaker,S12;S18,S12,REPRO_BUILD_REVIEW,D11;D16;D19
botmaker/botmaker_app/src/main/scala/com/twitter/botmaker/app/util/JsonUtils.scala,botmaker,S12,S12,FULL_SOURCE_REVIEW,D11;D16
botmaker/botmaker_common/src/main/scala/com/twitter/botmaker/common/BUILD,botmaker,S12;S18,S12,REPRO_BUILD_REVIEW,D11;D16;D19
botmaker/botmaker_common/src/main/scala/com/twitter/botmaker/common/UserAgent.scala,botmaker,S12,S12,FULL_SOURCE_REVIEW,D11;D16
botmaker/botmaker_common/src/main/scala/com/twitter/botmaker/common/UserAgentProperties.scala,botmaker,S12,S12,FULL_SOURCE_REVIEW,D11;D16
botmaker/botmaker_eventbus/src/main/scala/com/twitter/botmaker/BUILD.bazel,botmaker,S12;S18,S12,REPRO_BUILD_REVIEW,D11;D16;D19
botmaker/botmaker_eventbus/src/main/scala/com/twitter/botmaker/runtime/EventBusContainer.scala,botmaker,S12,S12,FULL_SOURCE_REVIEW,D11;D16
botmaker/botmaker_eventbus/src/main/scala/com/twitter/botmaker/runtime/EventPublisher.scala,botmaker,S12,S12,FULL_SOURCE_REVIEW,D11;D16
botmaker/botmaker_eventbus/src/main/scala/com/twitter/botmaker/runtime/EventSubscriber.scala,botmaker,S12,S12,FULL_SOURCE_REVIEW,D11;D16
botmaker/botmaker_eventbus/src/main/scala/com/twitter/botmaker/runtime/KafkaConsumer.scala,botmaker,S12,S12,FULL_SOURCE_REVIEW,D11;D16
botmaker/botmaker_eventbus/src/main/scala/com/twitter/botmaker/runtime/KafkaProducer.scala,botmaker,S12,S12,FULL_SOURCE_REVIEW,D11;D16
botmaker/botmaker_eventbus/src/main/scala/com/twitter/botmaker/runtime/KafkaSerdes.scala,botmaker,S12,S12,FULL_SOURCE_REVIEW,D11;D16
botmaker/botmaker_eventbus/src/main/scala/com/twitter/botmaker/runtime/TwitterKafkaUtil.scala,botmaker,S12,S12,FULL_SOURCE_REVIEW,D11;D16
botmaker/botmaker_eventbus/src/main/scala/com/twitter/botmaker/runtime/config/EventBusConfigs.scala,botmaker,S12;S17,S12,FULL_SOURCE_REVIEW,D11;D16;D17
botmaker/botmaker_eventbus/src/main/scala/com/twitter/botmaker/runtime/config/EventPublisherConfigs.scala,botmaker,S12;S17,S12,FULL_SOURCE_REVIEW,D11;D16;D17
botmaker/botmaker_eventbus/src/main/scala/com/twitter/botmaker/runtime/config/EventSubscriberConfigs.scala,botmaker,S12;S17,S12,FULL_SOURCE_REVIEW,D11;D16;D17
botmaker/botmaker_eventbus/src/main/scala/com/twitter/botmaker/runtime/config/KafkaConsumerConfigs.scala,botmaker,S12;S17,S12,FULL_SOURCE_REVIEW,D11;D16;D17
botmaker/botmaker_eventbus/src/main/scala/com/twitter/botmaker/runtime/config/KafkaProducerConfigs.scala,botmaker,S12;S17,S12,FULL_SOURCE_REVIEW,D11;D16;D17
botmaker/botmaker_http/src/main/scala/com/twitter/botmaker/BUILD,botmaker,S12;S18,S12,REPRO_BUILD_REVIEW,D11;D16;D19
botmaker/botmaker_http/src/main/scala/com/twitter/botmaker/runtime/HttpEndpoint.scala,botmaker,S12,S12,FULL_SOURCE_REVIEW,D11;D16
botmaker/botmaker_http/src/main/scala/com/twitter/botmaker/runtime/config/HttpEndpointConfigs.scala,botmaker,S12;S17,S12,FULL_SOURCE_REVIEW,D11;D16;D17
botmaker/botmaker_loader/src/main/scala/com/twitter/botmaker/loader/BUILD,botmaker,S12;S18,S12,REPRO_BUILD_REVIEW,D11;D16;D19
botmaker/botmaker_loader/src/main/scala/com/twitter/botmaker/loader/BotmakerRulesConfigbusLoader.scala,botmaker,S12;S17,S12,FULL_SOURCE_REVIEW,D11;D16;D17
botmaker/botmaker_loader/src/main/scala/com/twitter/botmaker/loader/ConfigbusLoader.scala,botmaker,S12;S17,S12,FULL_SOURCE_REVIEW,D11;D16;D17
botmaker/botmaker_manhattan/src/main/scala/com/twitter/botmaker/BUILD,botmaker,S12;S18,S12,REPRO_BUILD_REVIEW,D11;D16;D19
botmaker/botmaker_manhattan/src/main/scala/com/twitter/botmaker/runtime/ManhattanClient.scala,botmaker,S12,S12,FULL_SOURCE_REVIEW,D11;D16
botmaker/botmaker_manhattan/src/main/scala/com/twitter/botmaker/runtime/ManhattanContainer.scala,botmaker,S12,S12,FULL_SOURCE_REVIEW,D11;D16
botmaker/botmaker_manhattan/src/main/scala/com/twitter/botmaker/runtime/ManhattanEndpoint.scala,botmaker,S12,S12,FULL_SOURCE_REVIEW,D11;D16
botmaker/botmaker_manhattan/src/main/scala/com/twitter/botmaker/runtime/config/ManhattanClientConfigs.scala,botmaker,S12;S17,S12,FULL_SOURCE_REVIEW,D11;D16;D17
botmaker/botmaker_manhattan/src/main/scala/com/twitter/botmaker/runtime/config/ManhattanConfigs.scala,botmaker,S12;S17,S12,FULL_SOURCE_REVIEW,D11;D16;D17
botmaker/botmaker_manhattan/src/main/scala/com/twitter/botmaker/runtime/config/ManhattanEndpointConfigs.scala,botmaker,S12;S17,S12,FULL_SOURCE_REVIEW,D11;D16;D17
botmaker/botmaker_memcached/src/main/scala/com/twitter/botmaker/BUILD,botmaker,S12;S18,S12,REPRO_BUILD_REVIEW,D11;D16;D19
botmaker/botmaker_memcached/src/main/scala/com/twitter/botmaker/runtime/MemCachedClient.scala,botmaker,S12,S12,FULL_SOURCE_REVIEW,D11;D16
botmaker/botmaker_memcached/src/main/scala/com/twitter/botmaker/runtime/MemCachedContainer.scala,botmaker,S12,S12,FULL_SOURCE_REVIEW,D11;D16
botmaker/botmaker_memcached/src/main/scala/com/twitter/botmaker/runtime/MemCachedCounter.scala,botmaker,S12,S12,FULL_SOURCE_REVIEW,D11;D16
botmaker/botmaker_memcached/src/main/scala/com/twitter/botmaker/runtime/MemCachedEndpoint.scala,botmaker,S12,S12,FULL_SOURCE_REVIEW,D11;D16
botmaker/botmaker_memcached/src/main/scala/com/twitter/botmaker/runtime/config/MemCachedClientConfigs.scala,botmaker,S12;S17,S12,FULL_SOURCE_REVIEW,D11;D16;D17
botmaker/botmaker_memcached/src/main/scala/com/twitter/botmaker/runtime/config/MemCachedConfigs.scala,botmaker,S12;S17,S12,FULL_SOURCE_REVIEW,D11;D16;D17
botmaker/botmaker_memcached/src/main/scala/com/twitter/botmaker/runtime/config/MemCachedCounterConfigs.scala,botmaker,S12;S17,S12,FULL_SOURCE_REVIEW,D11;D16;D17
botmaker/botmaker_memcached/src/main/scala/com/twitter/botmaker/runtime/config/MemCachedEndpointConfigs.scala,botmaker,S12;S17,S12,FULL_SOURCE_REVIEW,D11;D16;D17
botmaker/botmaker_package/src/main/scala/com/twitter/botmaker/botmaker_package/BUILD.bazel,botmaker,S12;S18,S12,REPRO_BUILD_REVIEW,D11;D16;D19
botmaker/botmaker_package/src/main/scala/com/twitter/botmaker/botmaker_package/BotMakerPackageDetails.scala,botmaker,S12,S12,FULL_SOURCE_REVIEW,D11;D16
botmaker/botmaker_thrift/src/main/scala/com/twitter/botmaker/BUILD,botmaker,S12;S18,S12,REPRO_BUILD_REVIEW,D11;D16;D19
botmaker/botmaker_thrift/src/main/scala/com/twitter/botmaker/runtime/ScribePublisher.scala,botmaker,S12,S12,FULL_SOURCE_REVIEW,D11;D16
botmaker/botmaker_thrift/src/main/scala/com/twitter/botmaker/runtime/ThriftEndpoint.scala,botmaker,S12,S12,FULL_SOURCE_REVIEW,D11;D16
botmaker/botmaker_thrift/src/main/scala/com/twitter/botmaker/runtime/config/ScribePublisherConfigs.scala,botmaker,S12;S17,S12,FULL_SOURCE_REVIEW,D11;D16;D17
botmaker/botmaker_thrift/src/main/scala/com/twitter/botmaker/runtime/config/ThriftEndpointConfigs.scala,botmaker,S12;S17,S12,FULL_SOURCE_REVIEW,D11;D16;D17
botmaker/scarecrow_features/src/main/java/com/twitter/scarecrow/features/BUILD,botmaker,S12;S18,S12,REPRO_BUILD_REVIEW,D11;D16;D19
botmaker/scarecrow_features/src/main/java/com/twitter/scarecrow/features/FeaturesOfArkoseVerifyEvent.java,botmaker,S12,S12,FULL_SOURCE_REVIEW,D11;D16
botmaker/scarecrow_features/src/main/java/com/twitter/scarecrow/features/FeaturesOfAudioSpaceBaseEvent.java,botmaker,S12,S12,FULL_SOURCE_REVIEW,D11;D16
botmaker/scarecrow_features/src/main/java/com/twitter/scarecrow/features/FeaturesOfAudioSpaceCoHostJoinEvent.java,botmaker,S12,S12,FULL_SOURCE_REVIEW,D11;D16
botmaker/scarecrow_features/src/main/java/com/twitter/scarecrow/features/FeaturesOfAudioSpaceCoHostLeaveEvent.java,botmaker,S12,S12,FULL_SOURCE_REVIEW,D11;D16
botmaker/scarecrow_features/src/main/java/com/twitter/scarecrow/features/FeaturesOfAudioSpaceEndEvent.java,botmaker,S12,S12,FULL_SOURCE_REVIEW,D11;D16
botmaker/scarecrow_features/src/main/java/com/twitter/scarecrow/features/FeaturesOfAudioSpaceListenerJoinEvent.java,botmaker,S12,S12,FULL_SOURCE_REVIEW,D11;D16
botmaker/scarecrow_features/src/main/java/com/twitter/scarecrow/features/FeaturesOfAudioSpaceListenerLeaveEvent.java,botmaker,S12,S12,FULL_SOURCE_REVIEW,D11;D16
botmaker/scarecrow_features/src/main/java/com/twitter/scarecrow/features/FeaturesOfAudioSpacePublishEvent.java,botmaker,S12,S12,FULL_SOURCE_REVIEW,D11;D16
botmaker/scarecrow_features/src/main/java/com/twitter/scarecrow/features/FeaturesOfAudioSpaceReplayToggleOffEvent.java,botmaker,S12,S12,FULL_SOURCE_REVIEW,D11;D16
botmaker/scarecrow_features/src/main/java/com/twitter/scarecrow/features/FeaturesOfAudioSpaceScheduledEvent.java,botmaker,S12,S12,FULL_SOURCE_REVIEW,D11;D16
botmaker/scarecrow_features/src/main/java/com/twitter/scarecrow/features/FeaturesOfAudioSpaceSpeakerPublishEvent.java,botmaker,S12,S12,FULL_SOURCE_REVIEW,D11;D16
botmaker/scarecrow_features/src/main/java/com/twitter/scarecrow/features/FeaturesOfAudioSpaceTopicsUpdatedEvent.java,botmaker,S12,S12,FULL_SOURCE_REVIEW,D11;D16
botmaker/scarecrow_features/src/main/java/com/twitter/scarecrow/features/FeaturesOfAudioSpaceTranscriptionEvent.java,botmaker,S12,S12,FULL_SOURCE_REVIEW,D11;D16
botmaker/scarecrow_features/src/main/java/com/twitter/scarecrow/features/FeaturesOfAudioSpaceUserBannedEvent.java,botmaker,S12,S12,FULL_SOURCE_REVIEW,D11;D16
botmaker/scarecrow_features/src/main/java/com/twitter/scarecrow/features/FeaturesOfAudioSpaceUserUnbannedEvent.java,botmaker,S12,S12,FULL_SOURCE_REVIEW,D11;D16
botmaker/scarecrow_features/src/main/java/com/twitter/scarecrow/features/FeaturesOfAuthCompletion.java,botmaker,S12,S12,FULL_SOURCE_REVIEW,D11;D16
botmaker/scarecrow_features/src/main/java/com/twitter/scarecrow/features/FeaturesOfAuthTransactionLog.java,botmaker,S12,S12,FULL_SOURCE_REVIEW,D11;D16
botmaker/scarecrow_features/src/main/java/com/twitter/scarecrow/features/FeaturesOfBirdwatchStatusChangeEvent.java,botmaker,S12,S12,FULL_SOURCE_REVIEW,D11;D16
botmaker/scarecrow_features/src/main/java/com/twitter/scarecrow/features/FeaturesOfBookmarkEvent.java,botmaker,S12,S12,FULL_SOURCE_REVIEW,D11;D16
botmaker/scarecrow_features/src/main/java/com/twitter/scarecrow/features/FeaturesOfBotSmyterLabel.java,botmaker,S12,S12,FULL_SOURCE_REVIEW,D11;D16
botmaker/scarecrow_features/src/main/java/com/twitter/scarecrow/features/FeaturesOfBouncerEvent.java,botmaker,S12,S12,FULL_SOURCE_REVIEW,D11;D16
botmaker/scarecrow_features/src/main/java/com/twitter/scarecrow/features/FeaturesOfCastleEvent.java,botmaker,S12,S12,FULL_SOURCE_REVIEW,D11;D16
botmaker/scarecrow_features/src/main/java/com/twitter/scarecrow/features/FeaturesOfClientApplicationEvent.java,botmaker,S12,S12,FULL_SOURCE_REVIEW,D11;D16
botmaker/scarecrow_features/src/main/java/com/twitter/scarecrow/features/FeaturesOfClientEventTcoResolution.java,botmaker,S12,S12,FULL_SOURCE_REVIEW,D11;D16
botmaker/scarecrow_features/src/main/java/com/twitter/scarecrow/features/FeaturesOfCommunityEvent.java,botmaker,S12,S12,FULL_SOURCE_REVIEW,D11;D16
botmaker/scarecrow_features/src/main/java/com/twitter/scarecrow/features/FeaturesOfCommunityJoinEvent.java,botmaker,S12,S12,FULL_SOURCE_REVIEW,D11;D16
botmaker/scarecrow_features/src/main/java/com/twitter/scarecrow/features/FeaturesOfCommunityJoinRequestsAutoEnrollData.java,botmaker,S12,S12,FULL_SOURCE_REVIEW,D11;D16
botmaker/scarecrow_features/src/main/java/com/twitter/scarecrow/features/FeaturesOfCommunityPinEntryData.java,botmaker,S12,S12,FULL_SOURCE_REVIEW,D11;D16
botmaker/scarecrow_features/src/main/java/com/twitter/scarecrow/features/FeaturesOfCommunityRuleCreateData.java,botmaker,S12,S12,FULL_SOURCE_REVIEW,D11;D16
botmaker/scarecrow_features/src/main/java/com/twitter/scarecrow/features/FeaturesOfCommunityRuleRemoveData.java,botmaker,S12,S12,FULL_SOURCE_REVIEW,D11;D16
botmaker/scarecrow_features/src/main/java/com/twitter/scarecrow/features/FeaturesOfCommunityRuleUpdateData.java,botmaker,S12,S12,FULL_SOURCE_REVIEW,D11;D16
botmaker/scarecrow_features/src/main/java/com/twitter/scarecrow/features/FeaturesOfCommunityTweetHideData.java,botmaker,S12,S12,FULL_SOURCE_REVIEW,D11;D16
botmaker/scarecrow_features/src/main/java/com/twitter/scarecrow/features/FeaturesOfCommunityTweetReportData.java,botmaker,S12,S12,FULL_SOURCE_REVIEW,D11;D16
botmaker/scarecrow_features/src/main/java/com/twitter/scarecrow/features/FeaturesOfCommunityUnpinEntryData.java,botmaker,S12,S12,FULL_SOURCE_REVIEW,D11;D16
botmaker/scarecrow_features/src/main/java/com/twitter/scarecrow/features/FeaturesOfDMConversationReport.java,botmaker,S12,S12,FULL_SOURCE_REVIEW,D11;D16
botmaker/scarecrow_features/src/main/java/com/twitter/scarecrow/features/FeaturesOfDMReport.java,botmaker,S12,S12,FULL_SOURCE_REVIEW,D11;D16
botmaker/scarecrow_features/src/main/java/com/twitter/scarecrow/features/FeaturesOfDestroyStatus.java,botmaker,S12,S12,FULL_SOURCE_REVIEW,D11;D16
botmaker/scarecrow_features/src/main/java/com/twitter/scarecrow/features/FeaturesOfEmailChange.java,botmaker,S12,S12,FULL_SOURCE_REVIEW,D11;D16
botmaker/scarecrow_features/src/main/java/com/twitter/scarecrow/features/FeaturesOfEventBusFanoutEvent.java,botmaker,S12,S12,FULL_SOURCE_REVIEW,D11;D16
botmaker/scarecrow_features/src/main/java/com/twitter/scarecrow/features/FeaturesOfExploreClientEvent.java,botmaker,S12,S12,FULL_SOURCE_REVIEW,D11;D16
botmaker/scarecrow_features/src/main/java/com/twitter/scarecrow/features/FeaturesOfFavorite.java,botmaker,S12,S12,FULL_SOURCE_REVIEW,D11;D16
botmaker/scarecrow_features/src/main/java/com/twitter/scarecrow/features/FeaturesOfFilteredAuthRequest.java,botmaker,S12,S12,FULL_SOURCE_REVIEW,D11;D16
botmaker/scarecrow_features/src/main/java/com/twitter/scarecrow/features/FeaturesOfGrokShareEvent.java,botmaker,S12,S12,FULL_SOURCE_REVIEW,D11;D16
botmaker/scarecrow_features/src/main/java/com/twitter/scarecrow/features/FeaturesOfHealthGenericEntityEvent.java,botmaker,S12,S12,FULL_SOURCE_REVIEW,D11;D16
botmaker/scarecrow_features/src/main/java/com/twitter/scarecrow/features/FeaturesOfHealthSideEffectEvent.java,botmaker,S12,S12,FULL_SOURCE_REVIEW,D11;D16
botmaker/scarecrow_features/src/main/java/com/twitter/scarecrow/features/FeaturesOfHmlSignupPredictionEvent.java,botmaker,S12,S12,FULL_SOURCE_REVIEW,D11;D16
botmaker/scarecrow_features/src/main/java/com/twitter/scarecrow/features/FeaturesOfInAppReport.java,botmaker,S12,S12,FULL_SOURCE_REVIEW,D11;D16
botmaker/scarecrow_features/src/main/java/com/twitter/scarecrow/features/FeaturesOfListReport.java,botmaker,S12,S12,FULL_SOURCE_REVIEW,D11;D16
botmaker/scarecrow_features/src/main/java/com/twitter/scarecrow/features/FeaturesOfLoginChallengeAction.java,botmaker,S12,S12,FULL_SOURCE_REVIEW,D11;D16
botmaker/scarecrow_features/src/main/java/com/twitter/scarecrow/features/FeaturesOfMediaUpdate.java,botmaker,S12,S12,FULL_SOURCE_REVIEW,D11;D16
botmaker/scarecrow_features/src/main/java/com/twitter/scarecrow/features/FeaturesOfNsfwFlag.java,botmaker,S12,S12,FULL_SOURCE_REVIEW,D11;D16
botmaker/scarecrow_features/src/main/java/com/twitter/scarecrow/features/FeaturesOfPeriscopePublishBroadcastEvent.java,botmaker,S12,S12,FULL_SOURCE_REVIEW,D11;D16
botmaker/scarecrow_features/src/main/java/com/twitter/scarecrow/features/FeaturesOfPinkStealthResolutionsNotification.java,botmaker,S12,S12,FULL_SOURCE_REVIEW,D11;D16
botmaker/scarecrow_features/src/main/java/com/twitter/scarecrow/features/FeaturesOfPromotedTweet.java,botmaker,S12,S12,FULL_SOURCE_REVIEW,D11;D16
botmaker/scarecrow_features/src/main/java/com/twitter/scarecrow/features/FeaturesOfPublishedTicket.java,botmaker,S12,S12,FULL_SOURCE_REVIEW,D11;D16
botmaker/scarecrow_features/src/main/java/com/twitter/scarecrow/features/FeaturesOfReportAsSpam.java,botmaker,S12,S12,FULL_SOURCE_REVIEW,D11;D16
botmaker/scarecrow_features/src/main/java/com/twitter/scarecrow/features/FeaturesOfRtpCaseUpdateEvent.java,botmaker,S12,S12,FULL_SOURCE_REVIEW,D11;D16
botmaker/scarecrow_features/src/main/java/com/twitter/scarecrow/features/FeaturesOfSgsBlockGraphEvent.java,botmaker,S12,S12,FULL_SOURCE_REVIEW,D11;D16
botmaker/scarecrow_features/src/main/java/com/twitter/scarecrow/features/FeaturesOfSgsFollowGraphEvent.java,botmaker,S12,S12,FULL_SOURCE_REVIEW,D11;D16
botmaker/scarecrow_features/src/main/java/com/twitter/scarecrow/features/FeaturesOfSgsListCreateRequestResult.java,botmaker,S12,S12,FULL_SOURCE_REVIEW,D11;D16
botmaker/scarecrow_features/src/main/java/com/twitter/scarecrow/features/FeaturesOfSgsListMemberAddRequestResult.java,botmaker,S12,S12,FULL_SOURCE_REVIEW,D11;D16
botmaker/scarecrow_features/src/main/java/com/twitter/scarecrow/features/FeaturesOfSgsListMemberRemoveRequestResult.java,botmaker,S12,S12,FULL_SOURCE_REVIEW,D11;D16
botmaker/scarecrow_features/src/main/java/com/twitter/scarecrow/features/FeaturesOfSgsListRemoveRequestResult.java,botmaker,S12,S12,FULL_SOURCE_REVIEW,D11;D16
botmaker/scarecrow_features/src/main/java/com/twitter/scarecrow/features/FeaturesOfSgsListSubscribeRequestResult.java,botmaker,S12,S12,FULL_SOURCE_REVIEW,D11;D16
botmaker/scarecrow_features/src/main/java/com/twitter/scarecrow/features/FeaturesOfSgsListUnsubscribeRequestResult.java,botmaker,S12,S12,FULL_SOURCE_REVIEW,D11;D16
botmaker/scarecrow_features/src/main/java/com/twitter/scarecrow/features/FeaturesOfSgsListUpdateRequestResult.java,botmaker,S12,S12,FULL_SOURCE_REVIEW,D11;D16
botmaker/scarecrow_features/src/main/java/com/twitter/scarecrow/features/FeaturesOfSgsMuteGraphEvent.java,botmaker,S12,S12,FULL_SOURCE_REVIEW,D11;D16
botmaker/scarecrow_features/src/main/java/com/twitter/scarecrow/features/FeaturesOfSgsWriteRequestResult.java,botmaker,S12,S12,FULL_SOURCE_REVIEW,D11;D16
botmaker/scarecrow_features/src/main/java/com/twitter/scarecrow/features/FeaturesOfSoftFollowEvent.java,botmaker,S12,S12,FULL_SOURCE_REVIEW,D11;D16
botmaker/scarecrow_features/src/main/java/com/twitter/scarecrow/features/FeaturesOfSqrlEvent.java,botmaker,S12,S12,FULL_SOURCE_REVIEW,D11;D16
botmaker/scarecrow_features/src/main/java/com/twitter/scarecrow/features/FeaturesOfThornInfo.java,botmaker,S12,S12,FULL_SOURCE_REVIEW,D11;D16
botmaker/scarecrow_features/src/main/java/com/twitter/scarecrow/features/FeaturesOfTitleUpdatedEvent.java,botmaker,S12,S12,FULL_SOURCE_REVIEW,D11;D16
botmaker/scarecrow_features/src/main/java/com/twitter/scarecrow/features/FeaturesOfTweet.java,botmaker,S12,S12,FULL_SOURCE_REVIEW,D11;D16
botmaker/scarecrow_features/src/main/java/com/twitter/scarecrow/features/FeaturesOfTweetCreate.java,botmaker,S12,S12,FULL_SOURCE_REVIEW,D11;D16
botmaker/scarecrow_features/src/main/java/com/twitter/scarecrow/features/FeaturesOfTweetDelete.java,botmaker,S12,S12,FULL_SOURCE_REVIEW,D11;D16
botmaker/scarecrow_features/src/main/java/com/twitter/scarecrow/features/FeaturesOfTweetReport.java,botmaker,S12,S12,FULL_SOURCE_REVIEW,D11;D16
botmaker/scarecrow_features/src/main/java/com/twitter/scarecrow/features/FeaturesOfTweetSafetyLabelEvent.java,botmaker,S12,S12,FULL_SOURCE_REVIEW,D11;D16
botmaker/scarecrow_features/src/main/java/com/twitter/scarecrow/features/FeaturesOfTweetUndelete.java,botmaker,S12,S12,FULL_SOURCE_REVIEW,D11;D16
botmaker/scarecrow_features/src/main/java/com/twitter/scarecrow/features/FeaturesOfTwitterContext.java,botmaker,S12,S12,FULL_SOURCE_REVIEW,D11;D16
botmaker/scarecrow_features/src/main/java/com/twitter/scarecrow/features/FeaturesOfUnbookmarkEvent.java,botmaker,S12,S12,FULL_SOURCE_REVIEW,D11;D16
botmaker/scarecrow_features/src/main/java/com/twitter/scarecrow/features/FeaturesOfUnfavorite.java,botmaker,S12,S12,FULL_SOURCE_REVIEW,D11;D16
botmaker/scarecrow_features/src/main/java/com/twitter/scarecrow/features/FeaturesOfUnifiedPostAnnotationsEvent.java,botmaker,S12,S12,FULL_SOURCE_REVIEW,D11;D16
botmaker/scarecrow_features/src/main/java/com/twitter/scarecrow/features/FeaturesOfUrlEvent.java,botmaker,S12,S12,FULL_SOURCE_REVIEW,D11;D16
botmaker/scarecrow_features/src/main/java/com/twitter/scarecrow/features/FeaturesOfUrlReputationChange.java,botmaker,S12,S12,FULL_SOURCE_REVIEW,D11;D16
botmaker/scarecrow_features/src/main/java/com/twitter/scarecrow/features/FeaturesOfUserCreate.java,botmaker,S12,S12,FULL_SOURCE_REVIEW,D11;D16
botmaker/scarecrow_features/src/main/java/com/twitter/scarecrow/features/FeaturesOfUserModification.java,botmaker,S12,S12,FULL_SOURCE_REVIEW,D11;D16
botmaker/scarecrow_features/src/main/java/com/twitter/scarecrow/features/FeaturesOfUserReport.java,botmaker,S12,S12,FULL_SOURCE_REVIEW,D11;D16
botmaker/scarecrow_features/src/main/java/com/twitter/scarecrow/features/FeaturesOfXchatMessageCreateEvent.java,botmaker,S12,S12,FULL_SOURCE_REVIEW,D11;D16
botmaker/scarecrow_features/src/main/java/com/twitter/scarecrow/features/FeaturesOfXchatMessageEvent.java,botmaker,S12,S12,FULL_SOURCE_REVIEW,D11;D16
botmaker/scarecrow_features/src/main/java/com/twitter/scarecrow/features/SqrlEventThriftSimpleJSONProtocol.java,botmaker,S12,S12,FULL_SOURCE_REVIEW,D11;D16
botmaker/src/antlr/com/twitter/botmaker/BUILD,botmaker,S12;S18,S12,REPRO_BUILD_REVIEW,D11;D16;D19
botmaker/src/antlr/com/twitter/botmaker/CONFIG.ini,botmaker,S12;S17,S12,FULL_SOURCE_REVIEW,D11;D16;D17
botmaker/src/antlr/com/twitter/botmaker/antlr/BotMaker.g,botmaker,S12,S12,FULL_SOURCE_REVIEW,D11;D16
botmaker/src/java/com/twitter/botmaker/ASTNode.java,botmaker,S12,S12,FULL_SOURCE_REVIEW,D11;D16
botmaker/src/java/com/twitter/botmaker/BUILD,botmaker,S12;S18,S12,REPRO_BUILD_REVIEW,D11;D16;D19
botmaker/src/java/com/twitter/botmaker/CONFIG.ini,botmaker,S12;S17,S12,FULL_SOURCE_REVIEW,D11;D16;D17
botmaker/src/java/com/twitter/botmaker/Context.java,botmaker,S12,S12,FULL_SOURCE_REVIEW,D11;D16
botmaker/src/java/com/twitter/botmaker/ContextBuilder.java,botmaker,S12,S12,FULL_SOURCE_REVIEW,D11;D16
botmaker/src/java/com/twitter/botmaker/Extractor.java,botmaker,S12,S12,FULL_SOURCE_REVIEW,D11;D16
botmaker/src/java/com/twitter/botmaker/compiler/ActionLevel.java,botmaker,S12,S12,FULL_SOURCE_REVIEW,D11;D16
botmaker/src/java/com/twitter/botmaker/compiler/BotMakerDoc.java,botmaker,S12,S12,FULL_SOURCE_REVIEW,D11;D16
botmaker/src/java/com/twitter/botmaker/compiler/BotMakerFunction.java,botmaker,S12,S12,FULL_SOURCE_REVIEW,D11;D16
botmaker/src/java/com/twitter/botmaker/compiler/ClassCache.java,botmaker,S12,S12,FULL_SOURCE_REVIEW,D11;D16
botmaker/src/java/com/twitter/botmaker/compiler/Compiler.java,botmaker,S12,S12,FULL_SOURCE_REVIEW,D11;D16
botmaker/src/java/com/twitter/botmaker/compiler/CompilerBuilder.java,botmaker,S12,S12,FULL_SOURCE_REVIEW,D11;D16
botmaker/src/java/com/twitter/botmaker/compiler/CompilerContext.java,botmaker,S12,S12,FULL_SOURCE_REVIEW,D11;D16
botmaker/src/java/com/twitter/botmaker/compiler/CompilerScope.java,botmaker,S12,S12,FULL_SOURCE_REVIEW,D11;D16
botmaker/src/java/com/twitter/botmaker/compiler/CompilerUnit.java,botmaker,S12,S12,FULL_SOURCE_REVIEW,D11;D16
botmaker/src/java/com/twitter/botmaker/compiler/DerivedFeature.java,botmaker,S12,S12,FULL_SOURCE_REVIEW,D11;D16
botmaker/src/java/com/twitter/botmaker/compiler/DerivedFeatureProvider.java,botmaker,S12,S12,FULL_SOURCE_REVIEW,D11;D16
botmaker/src/java/com/twitter/botmaker/compiler/Fingerprint.java,botmaker,S12,S12,FULL_SOURCE_REVIEW,D11;D16
botmaker/src/java/com/twitter/botmaker/compiler/InterruptibleCharSequence.java,botmaker,S12,S12,FULL_SOURCE_REVIEW,D11;D16
botmaker/src/java/com/twitter/botmaker/compiler/Mock.java,botmaker,S12,S12,FIXTURE_EVIDENCE,D11;D16
botmaker/src/java/com/twitter/botmaker/compiler/Parameter.java,botmaker,S12;S17,S12,FULL_SOURCE_REVIEW,D11;D16;D17
botmaker/src/java/com/twitter/botmaker/compiler/Parser.java,botmaker,S12,S12,FULL_SOURCE_REVIEW,D11;D16
botmaker/src/java/com/twitter/botmaker/compiler/RegexCache.java,botmaker,S12,S12,FULL_SOURCE_REVIEW,D11;D16
botmaker/src/java/com/twitter/botmaker/compiler/Serializer.java,botmaker,S12,S12,FULL_SOURCE_REVIEW,D11;D16
botmaker/src/java/com/twitter/botmaker/compiler/Timeout.java,botmaker,S12,S12,FULL_SOURCE_REVIEW,D11;D16
botmaker/src/java/com/twitter/botmaker/compiler/UsageUnit.java,botmaker,S12,S12,FULL_SOURCE_REVIEW,D11;D16
botmaker/src/java/com/twitter/botmaker/compiler/exceptions/BadFetchedDataException.java,botmaker,S12,S12,FULL_SOURCE_REVIEW,D11;D16
botmaker/src/java/com/twitter/botmaker/compiler/exceptions/ContextCancelledException.java,botmaker,S12,S12,FULL_SOURCE_REVIEW,D11;D16
botmaker/src/java/com/twitter/botmaker/compiler/exceptions/FunctionFailure.java,botmaker,S12,S12,FULL_SOURCE_REVIEW,D11;D16
botmaker/src/java/com/twitter/botmaker/compiler/exceptions/MissingFeatureException.java,botmaker,S12,S12,FULL_SOURCE_REVIEW,D11;D16
botmaker/src/java/com/twitter/botmaker/compiler/exceptions/ParseFailure.java,botmaker,S12,S12,FULL_SOURCE_REVIEW,D11;D16
botmaker/src/java/com/twitter/botmaker/compiler/exceptions/RegexTimeoutException.java,botmaker,S12,S12,FULL_SOURCE_REVIEW,D11;D16
botmaker/src/java/com/twitter/botmaker/compiler/exceptions/RuntimeFailure.java,botmaker,S12,S12,FULL_SOURCE_REVIEW,D11;D16
botmaker/src/java/com/twitter/botmaker/compiler/exceptions/SemanticCheckFailure.java,botmaker,S12,S12,FULL_SOURCE_REVIEW,D11;D16
botmaker/src/java/com/twitter/botmaker/compiler/thrift/FieldMetaData.java,botmaker,S12,S12,FULL_SOURCE_REVIEW,D11;D16
botmaker/src/java/com/twitter/botmaker/compiler/thrift/FieldValueMetaData.java,botmaker,S12,S12,FULL_SOURCE_REVIEW,D11;D16
botmaker/src/java/com/twitter/botmaker/compiler/thrift/ListMetaData.java,botmaker,S12,S12,FULL_SOURCE_REVIEW,D11;D16
botmaker/src/java/com/twitter/botmaker/compiler/thrift/MapMetaData.java,botmaker,S12,S12,FULL_SOURCE_REVIEW,D11;D16
botmaker/src/java/com/twitter/botmaker/compiler/thrift/PrimitiveValueMetaData.java,botmaker,S12,S12,FULL_SOURCE_REVIEW,D11;D16
botmaker/src/java/com/twitter/botmaker/compiler/thrift/SetMetaData.java,botmaker,S12,S12,FULL_SOURCE_REVIEW,D11;D16
botmaker/src/java/com/twitter/botmaker/compiler/thrift/TBaseStructMetaData.java,botmaker,S12,S12,FULL_SOURCE_REVIEW,D11;D16
botmaker/src/java/com/twitter/botmaker/compiler/thrift/TEnumMetaData.java,botmaker,S12,S12,FULL_SOURCE_REVIEW,D11;D16
botmaker/src/java/com/twitter/botmaker/compiler/thrift/TFieldRequirementType.java,botmaker,S12,S12,FULL_SOURCE_REVIEW,D11;D16
botmaker/src/java/com/twitter/botmaker/compiler/thrift/TType.java,botmaker,S12,S12,FULL_SOURCE_REVIEW,D11;D16
botmaker/src/java/com/twitter/botmaker/compiler/thrift/ThriftEnumMetaData.java,botmaker,S12,S12,FULL_SOURCE_REVIEW,D11;D16
botmaker/src/java/com/twitter/botmaker/compiler/thrift/ThriftStructMetaData.java,botmaker,S12,S12,FULL_SOURCE_REVIEW,D11;D16
botmaker/src/java/com/twitter/botmaker/compiler/tuples/OutputKey.java,botmaker,S12,S12,FULL_SOURCE_REVIEW,D11;D16
botmaker/src/java/com/twitter/botmaker/compiler/tuples/Pair.java,botmaker,S12,S12,FULL_SOURCE_REVIEW,D11;D16
botmaker/src/java/com/twitter/botmaker/compiler/tuples/StackFrame.java,botmaker,S12,S12,FULL_SOURCE_REVIEW,D11;D16
botmaker/src/java/com/twitter/botmaker/compiler/tuples/StructTuple.java,botmaker,S12,S12,FULL_SOURCE_REVIEW,D11;D16
botmaker/src/java/com/twitter/botmaker/compiler/tuples/Symbol.java,botmaker,S12,S12,FULL_SOURCE_REVIEW,D11;D16
botmaker/src/java/com/twitter/botmaker/compiler/tuples/Try.java,botmaker,S12,S12,FULL_SOURCE_REVIEW,D11;D16
botmaker/src/java/com/twitter/botmaker/compiler/tuples/TryWithStack.java,botmaker,S12,S12,FULL_SOURCE_REVIEW,D11;D16
botmaker/src/java/com/twitter/botmaker/compiler/tuples/Tuple.java,botmaker,S12,S12,FULL_SOURCE_REVIEW,D11;D16
botmaker/src/java/com/twitter/botmaker/compiler/tuples/Tuple3.java,botmaker,S12,S12,FULL_SOURCE_REVIEW,D11;D16
botmaker/src/java/com/twitter/botmaker/compiler/tuples/Tuple4.java,botmaker,S12,S12,FULL_SOURCE_REVIEW,D11;D16
botmaker/src/java/com/twitter/botmaker/compiler/types/FieldAccessibleType.java,botmaker,S12,S12,FULL_SOURCE_REVIEW,D11;D16
botmaker/src/java/com/twitter/botmaker/compiler/types/StructTupleType.java,botmaker,S12,S12,FULL_SOURCE_REVIEW,D11;D16
botmaker/src/java/com/twitter/botmaker/compiler/types/Symbol.java,botmaker,S12,S12,FULL_SOURCE_REVIEW,D11;D16
botmaker/src/java/com/twitter/botmaker/compiler/types/ThriftEnumType.java,botmaker,S12,S12,FULL_SOURCE_REVIEW,D11;D16
botmaker/src/java/com/twitter/botmaker/compiler/types/ThriftStructType.java,botmaker,S12,S12,FULL_SOURCE_REVIEW,D11;D16
botmaker/src/java/com/twitter/botmaker/compiler/types/ThriftType.java,botmaker,S12,S12,FULL_SOURCE_REVIEW,D11;D16
botmaker/src/java/com/twitter/botmaker/compiler/types/TupleType.java,botmaker,S12,S12,FULL_SOURCE_REVIEW,D11;D16
botmaker/src/java/com/twitter/botmaker/compiler/types/Type.java,botmaker,S12,S12,FULL_SOURCE_REVIEW,D11;D16
botmaker/src/java/com/twitter/botmaker/compiler/types/TypeCompiler.java,botmaker,S12,S12,FULL_SOURCE_REVIEW,D11;D16
botmaker/src/java/com/twitter/botmaker/compiler/types/TypeContext.java,botmaker,S12,S12,FULL_SOURCE_REVIEW,D11;D16
botmaker/src/java/com/twitter/botmaker/config/ConfigContainer.java,botmaker,S12;S17,S12,FULL_SOURCE_REVIEW,D11;D16;D17
botmaker/src/java/com/twitter/botmaker/config/ConfigNode.java,botmaker,S12;S17,S12,FULL_SOURCE_REVIEW,D11;D16;D17
botmaker/src/java/com/twitter/botmaker/function/Block.java,botmaker,S12,S12,FULL_SOURCE_REVIEW,D11;D16
botmaker/src/java/com/twitter/botmaker/function/Constant.java,botmaker,S12,S12,FULL_SOURCE_REVIEW,D11;D16
botmaker/src/java/com/twitter/botmaker/function/DerivedFeatureCall.java,botmaker,S12,S12,FULL_SOURCE_REVIEW,D11;D16
botmaker/src/java/com/twitter/botmaker/function/Do.java,botmaker,S12,S12,FULL_SOURCE_REVIEW,D11;D16
botmaker/src/java/com/twitter/botmaker/function/DoAsync.java,botmaker,S12,S12,FULL_SOURCE_REVIEW,D11;D16
botmaker/src/java/com/twitter/botmaker/function/DoSequential.java,botmaker,S12,S12,FULL_SOURCE_REVIEW,D11;D16
botmaker/src/java/com/twitter/botmaker/function/FunctionNode.java,botmaker,S12,S12,FULL_SOURCE_REVIEW,D11;D16
botmaker/src/java/com/twitter/botmaker/function/FunctionNode0.java,botmaker,S12,S12,FULL_SOURCE_REVIEW,D11;D16
botmaker/src/java/com/twitter/botmaker/function/FunctionNode1.java,botmaker,S12,S12,FULL_SOURCE_REVIEW,D11;D16
botmaker/src/java/com/twitter/botmaker/function/FunctionNode1O1.java,botmaker,S12,S12,FULL_SOURCE_REVIEW,D11;D16
botmaker/src/java/com/twitter/botmaker/function/FunctionNode1O3.java,botmaker,S12,S12,FULL_SOURCE_REVIEW,D11;D16
botmaker/src/java/com/twitter/botmaker/function/FunctionNode2.java,botmaker,S12,S12,FULL_SOURCE_REVIEW,D11;D16
botmaker/src/java/com/twitter/botmaker/function/FunctionNode2O1.java,botmaker,S12,S12,FULL_SOURCE_REVIEW,D11;D16
botmaker/src/java/com/twitter/botmaker/function/FunctionNode3.java,botmaker,S12,S12,FULL_SOURCE_REVIEW,D11;D16
botmaker/src/java/com/twitter/botmaker/function/FunctionNode6O5.java,botmaker,S12,S12,FULL_SOURCE_REVIEW,D11;D16
botmaker/src/java/com/twitter/botmaker/function/GeneralNode.java,botmaker,S12,S12,FULL_SOURCE_REVIEW,D11;D16
botmaker/src/java/com/twitter/botmaker/function/IfThenElse.java,botmaker,S12,S12,FULL_SOURCE_REVIEW,D11;D16
botmaker/src/java/com/twitter/botmaker/function/Val.java,botmaker,S12,S12,FULL_SOURCE_REVIEW,D11;D16
botmaker/src/java/com/twitter/botmaker/function/Variable.java,botmaker,S12,S12,FULL_SOURCE_REVIEW,D11;D16
botmaker/src/java/com/twitter/botmaker/function/With.java,botmaker,S12,S12,FULL_SOURCE_REVIEW,D11;D16
botmaker/src/java/com/twitter/botmaker/function/bitwise/BitwiseAnd.java,botmaker,S12,S12,FULL_SOURCE_REVIEW,D11;D16
botmaker/src/java/com/twitter/botmaker/function/bitwise/BitwiseInvert.java,botmaker,S12,S12,FULL_SOURCE_REVIEW,D11;D16
botmaker/src/java/com/twitter/botmaker/function/bitwise/BitwiseOp.java,botmaker,S12,S12,FULL_SOURCE_REVIEW,D11;D16
botmaker/src/java/com/twitter/botmaker/function/bitwise/BitwiseOr.java,botmaker,S12,S12,FULL_SOURCE_REVIEW,D11;D16
botmaker/src/java/com/twitter/botmaker/function/bitwise/BitwiseSignedLeftShift.java,botmaker,S12,S12,FULL_SOURCE_REVIEW,D11;D16
botmaker/src/java/com/twitter/botmaker/function/bitwise/BitwiseSignedRightShift.java,botmaker,S12,S12,FULL_SOURCE_REVIEW,D11;D16
botmaker/src/java/com/twitter/botmaker/function/bitwise/BitwiseUnsignedRightShift.java,botmaker,S12,S12,FULL_SOURCE_REVIEW,D11;D16
botmaker/src/java/com/twitter/botmaker/function/bitwise/BitwiseXor.java,botmaker,S12,S12,FULL_SOURCE_REVIEW,D11;D16
botmaker/src/java/com/twitter/botmaker/function/bitwise/ReverseBits.java,botmaker,S12,S12,FULL_SOURCE_REVIEW,D11;D16
botmaker/src/java/com/twitter/botmaker/function/collection/Any.java,botmaker,S12,S12,FULL_SOURCE_REVIEW,D11;D16
botmaker/src/java/com/twitter/botmaker/function/collection/Contains.java,botmaker,S12,S12,FULL_SOURCE_REVIEW,D11;D16
botmaker/src/java/com/twitter/botmaker/function/collection/Copy.java,botmaker,S12,S12,FULL_SOURCE_REVIEW,D11;D16
botmaker/src/java/com/twitter/botmaker/function/collection/Count.java,botmaker,S12,S12,FULL_SOURCE_REVIEW,D11;D16
botmaker/src/java/com/twitter/botmaker/function/collection/Distinct.java,botmaker,S12,S12,FULL_SOURCE_REVIEW,D11;D16
botmaker/src/java/com/twitter/botmaker/function/collection/ElementAtIndex.java,botmaker,S12,S12,FULL_SOURCE_REVIEW,D11;D16
botmaker/src/java/com/twitter/botmaker/function/collection/Filter.java,botmaker,S12,S12,FULL_SOURCE_REVIEW,D11;D16
botmaker/src/java/com/twitter/botmaker/function/collection/First.java,botmaker,S12,S12,FULL_SOURCE_REVIEW,D11;D16
botmaker/src/java/com/twitter/botmaker/function/collection/FirstN.java,botmaker,S12,S12,FULL_SOURCE_REVIEW,D11;D16
botmaker/src/java/com/twitter/botmaker/function/collection/Flatten.java,botmaker,S12,S12,FULL_SOURCE_REVIEW,D11;D16
botmaker/src/java/com/twitter/botmaker/function/collection/Fold.java,botmaker,S12,S12,FULL_SOURCE_REVIEW,D11;D16
botmaker/src/java/com/twitter/botmaker/function/collection/ForEach.java,botmaker,S12,S12,FULL_SOURCE_REVIEW,D11;D16
botmaker/src/java/com/twitter/botmaker/function/collection/IndexAccessor.java,botmaker,S12,S12,FULL_SOURCE_REVIEW,D11;D16
botmaker/src/java/com/twitter/botmaker/function/collection/IsCollection.java,botmaker,S12,S12,FULL_SOURCE_REVIEW,D11;D16
botmaker/src/java/com/twitter/botmaker/function/collection/Last.java,botmaker,S12,S12,FULL_SOURCE_REVIEW,D11;D16
botmaker/src/java/com/twitter/botmaker/function/collection/LastN.java,botmaker,S12,S12,FULL_SOURCE_REVIEW,D11;D16
botmaker/src/java/com/twitter/botmaker/function/collection/ListAppend.java,botmaker,S12,S12,FULL_SOURCE_REVIEW,D11;D16
botmaker/src/java/com/twitter/botmaker/function/collection/ListConcat.java,botmaker,S12,S12,FULL_SOURCE_REVIEW,D11;D16
botmaker/src/java/com/twitter/botmaker/function/collection/ListJoin.java,botmaker,S12,S12,FULL_SOURCE_REVIEW,D11;D16
botmaker/src/java/com/twitter/botmaker/function/collection/ListOperator.java,botmaker,S12,S12,FULL_SOURCE_REVIEW,D11;D16
botmaker/src/java/com/twitter/botmaker/function/collection/ListPrepend.java,botmaker,S12,S12,FULL_SOURCE_REVIEW,D11;D16
botmaker/src/java/com/twitter/botmaker/function/collection/MapContains.java,botmaker,S12,S12,FULL_SOURCE_REVIEW,D11;D16
botmaker/src/java/com/twitter/botmaker/function/collection/MapEntries.java,botmaker,S12,S12,FULL_SOURCE_REVIEW,D11;D16
botmaker/src/java/com/twitter/botmaker/function/collection/MapGet.java,botmaker,S12,S12,FULL_SOURCE_REVIEW,D11;D16
botmaker/src/java/com/twitter/botmaker/function/collection/MapKeys.java,botmaker,S12,S12,FULL_SOURCE_REVIEW,D11;D16
botmaker/src/java/com/twitter/botmaker/function/collection/MapMerge.java,botmaker,S12,S12,FULL_SOURCE_REVIEW,D11;D16
botmaker/src/java/com/twitter/botmaker/function/collection/MapOperator.java,botmaker,S12,S12,FULL_SOURCE_REVIEW,D11;D16
botmaker/src/java/com/twitter/botmaker/function/collection/MapRemove.java,botmaker,S12,S12,FULL_SOURCE_REVIEW,D11;D16
botmaker/src/java/com/twitter/botmaker/function/collection/MapValues.java,botmaker,S12,S12,FULL_SOURCE_REVIEW,D11;D16
botmaker/src/java/com/twitter/botmaker/function/collection/PairFirst.java,botmaker,S12,S12,FULL_SOURCE_REVIEW,D11;D16
botmaker/src/java/com/twitter/botmaker/function/collection/PairSecond.java,botmaker,S12,S12,FULL_SOURCE_REVIEW,D11;D16
botmaker/src/java/com/twitter/botmaker/function/collection/Range.java,botmaker,S12,S12,FULL_SOURCE_REVIEW,D11;D16
botmaker/src/java/com/twitter/botmaker/function/collection/SetDiff.java,botmaker,S12,S12,FULL_SOURCE_REVIEW,D11;D16
botmaker/src/java/com/twitter/botmaker/function/collection/SetIntersect.java,botmaker,S12,S12,FULL_SOURCE_REVIEW,D11;D16
botmaker/src/java/com/twitter/botmaker/function/collection/SetOperator.java,botmaker,S12,S12,FULL_SOURCE_REVIEW,D11;D16
botmaker/src/java/com/twitter/botmaker/function/collection/SetSymmetricDiff.java,botmaker,S12,S12,FULL_SOURCE_REVIEW,D11;D16
botmaker/src/java/com/twitter/botmaker/function/collection/SetUnion.java,botmaker,S12,S12,FULL_SOURCE_REVIEW,D11;D16
botmaker/src/java/com/twitter/botmaker/function/collection/Slice.java,botmaker,S12,S12,FULL_SOURCE_REVIEW,D11;D16
botmaker/src/java/com/twitter/botmaker/function/collection/Sort.java,botmaker,S12,S12,FULL_SOURCE_REVIEW,D11;D16
botmaker/src/java/com/twitter/botmaker/function/collection/ToStructTuple.java,botmaker,S12,S12,FULL_SOURCE_REVIEW,D11;D16
botmaker/src/java/com/twitter/botmaker/function/collection/ToTuple.java,botmaker,S12,S12,FULL_SOURCE_REVIEW,D11;D16
botmaker/src/java/com/twitter/botmaker/function/conversion/Cast.java,botmaker,S12,S12,FULL_SOURCE_REVIEW,D11;D16
botmaker/src/java/com/twitter/botmaker/function/conversion/FromBase64.java,botmaker,S12,S12,FULL_SOURCE_REVIEW,D11;D16
botmaker/src/java/com/twitter/botmaker/function/conversion/FromHex.java,botmaker,S12,S12,FULL_SOURCE_REVIEW,D11;D16
botmaker/src/java/com/twitter/botmaker/function/conversion/StringFromBase64.java,botmaker,S12,S12,FULL_SOURCE_REVIEW,D11;D16
botmaker/src/java/com/twitter/botmaker/function/conversion/StringToBase64.java,botmaker,S12,S12,FULL_SOURCE_REVIEW,D11;D16
botmaker/src/java/com/twitter/botmaker/function/conversion/ThriftFromDict.java,botmaker,S12,S12,FULL_SOURCE_REVIEW,D11;D16
botmaker/src/java/com/twitter/botmaker/function/conversion/ToBase64.java,botmaker,S12,S12,FULL_SOURCE_REVIEW,D11;D16
botmaker/src/java/com/twitter/botmaker/function/conversion/ToBinary.java,botmaker,S12,S12,FULL_SOURCE_REVIEW,D11;D16
botmaker/src/java/com/twitter/botmaker/function/conversion/ToDouble.java,botmaker,S12,S12,FULL_SOURCE_REVIEW,D11;D16
botmaker/src/java/com/twitter/botmaker/function/conversion/ToHex.java,botmaker,S12,S12,FULL_SOURCE_REVIEW,D11;D16
botmaker/src/java/com/twitter/botmaker/function/conversion/ToList.java,botmaker,S12,S12,FULL_SOURCE_REVIEW,D11;D16
botmaker/src/java/com/twitter/botmaker/function/conversion/ToLong.java,botmaker,S12,S12,FULL_SOURCE_REVIEW,D11;D16
botmaker/src/java/com/twitter/botmaker/function/conversion/ToMap.java,botmaker,S12,S12,FULL_SOURCE_REVIEW,D11;D16
botmaker/src/java/com/twitter/botmaker/function/conversion/ToPair.java,botmaker,S12,S12,FULL_SOURCE_REVIEW,D11;D16
botmaker/src/java/com/twitter/botmaker/function/conversion/ToScript.java,botmaker,S12,S12,FULL_SOURCE_REVIEW,D11;D16
botmaker/src/java/com/twitter/botmaker/function/conversion/ToSet.java,botmaker,S12,S12,FULL_SOURCE_REVIEW,D11;D16
botmaker/src/java/com/twitter/botmaker/function/conversion/ToString.java,botmaker,S12,S12,FULL_SOURCE_REVIEW,D11;D16
botmaker/src/java/com/twitter/botmaker/function/conversion/ToThrift.java,botmaker,S12,S12,FULL_SOURCE_REVIEW,D11;D16
botmaker/src/java/com/twitter/botmaker/function/datetime/CurrentTimeMs.java,botmaker,S12,S12,FULL_SOURCE_REVIEW,D11;D16
botmaker/src/java/com/twitter/botmaker/function/datetime/StringToTimeMs.java,botmaker,S12,S12,FULL_SOURCE_REVIEW,D11;D16
botmaker/src/java/com/twitter/botmaker/function/datetime/TimeMsToString.java,botmaker,S12,S12,FULL_SOURCE_REVIEW,D11;D16
botmaker/src/java/com/twitter/botmaker/function/exception/Assert.java,botmaker,S12,S12,FULL_SOURCE_REVIEW,D11;D16
botmaker/src/java/com/twitter/botmaker/function/exception/Try.java,botmaker,S12,S12,FULL_SOURCE_REVIEW,D11;D16
botmaker/src/java/com/twitter/botmaker/function/exception/TryOrElse.java,botmaker,S12,S12,FULL_SOURCE_REVIEW,D11;D16
botmaker/src/java/com/twitter/botmaker/function/exception/TryWithStack.java,botmaker,S12,S12,FULL_SOURCE_REVIEW,D11;D16
botmaker/src/java/com/twitter/botmaker/function/feature/Exists.java,botmaker,S12,S12,FULL_SOURCE_REVIEW,D11;D16
botmaker/src/java/com/twitter/botmaker/function/feature/GetOrElse.java,botmaker,S12,S12,FULL_SOURCE_REVIEW,D11;D16
botmaker/src/java/com/twitter/botmaker/function/feature/InputFeature.java,botmaker,S12,S12,FULL_SOURCE_REVIEW,D11;D16
botmaker/src/java/com/twitter/botmaker/function/feature/OutputFeature.java,botmaker,S12,S12,FULL_SOURCE_REVIEW,D11;D16
botmaker/src/java/com/twitter/botmaker/function/logic/BatchedOr.java,botmaker,S12,S12,FULL_SOURCE_REVIEW,D11;D16
botmaker/src/java/com/twitter/botmaker/function/logic/Conjunction.java,botmaker,S12,S12,FULL_SOURCE_REVIEW,D11;D16
botmaker/src/java/com/twitter/botmaker/function/logic/Disjunction.java,botmaker,S12,S12,FULL_SOURCE_REVIEW,D11;D16
botmaker/src/java/com/twitter/botmaker/function/logic/Equals.java,botmaker,S12,S12,FULL_SOURCE_REVIEW,D11;D16
botmaker/src/java/com/twitter/botmaker/function/logic/GreaterThan.java,botmaker,S12,S12,FULL_SOURCE_REVIEW,D11;D16
botmaker/src/java/com/twitter/botmaker/function/logic/GreaterThanOrEquals.java,botmaker,S12,S12,FULL_SOURCE_REVIEW,D11;D16
botmaker/src/java/com/twitter/botmaker/function/logic/LessThan.java,botmaker,S12,S12,FULL_SOURCE_REVIEW,D11;D16
botmaker/src/java/com/twitter/botmaker/function/logic/LessThanOrEquals.java,botmaker,S12,S12,FULL_SOURCE_REVIEW,D11;D16
botmaker/src/java/com/twitter/botmaker/function/logic/NotEquals.java,botmaker,S12,S12,FULL_SOURCE_REVIEW,D11;D16
botmaker/src/java/com/twitter/botmaker/function/math/Abs.java,botmaker,S12,S12,FULL_SOURCE_REVIEW,D11;D16
botmaker/src/java/com/twitter/botmaker/function/math/ArithmeticOperation.java,botmaker,S12,S12,FULL_SOURCE_REVIEW,D11;D16
botmaker/src/java/com/twitter/botmaker/function/math/Ceil.java,botmaker,S12,S12,FULL_SOURCE_REVIEW,D11;D16
botmaker/src/java/com/twitter/botmaker/function/math/Exp.java,botmaker,S12,S12,FULL_SOURCE_REVIEW,D11;D16
botmaker/src/java/com/twitter/botmaker/function/math/Floor.java,botmaker,S12,S12,FULL_SOURCE_REVIEW,D11;D16
botmaker/src/java/com/twitter/botmaker/function/math/Ln.java,botmaker,S12,S12,FULL_SOURCE_REVIEW,D11;D16
botmaker/src/java/com/twitter/botmaker/function/math/Max.java,botmaker,S12,S12,FULL_SOURCE_REVIEW,D11;D16
botmaker/src/java/com/twitter/botmaker/function/math/Min.java,botmaker,S12,S12,FULL_SOURCE_REVIEW,D11;D16
botmaker/src/java/com/twitter/botmaker/function/math/Mod.java,botmaker,S12,S12,FULL_SOURCE_REVIEW,D11;D16
botmaker/src/java/com/twitter/botmaker/function/math/Negate.java,botmaker,S12,S12,FULL_SOURCE_REVIEW,D11;D16
botmaker/src/java/com/twitter/botmaker/function/math/Pow.java,botmaker,S12,S12,FULL_SOURCE_REVIEW,D11;D16
botmaker/src/java/com/twitter/botmaker/function/math/Random.java,botmaker,S12,S12,FULL_SOURCE_REVIEW,D11;D16
botmaker/src/java/com/twitter/botmaker/function/math/Round.java,botmaker,S12,S12,FULL_SOURCE_REVIEW,D11;D16
botmaker/src/java/com/twitter/botmaker/function/math/Sqrt.java,botmaker,S12,S12,FULL_SOURCE_REVIEW,D11;D16
botmaker/src/java/com/twitter/botmaker/function/misc/DebugOutput.java,botmaker,S12,S12,FULL_SOURCE_REVIEW,D11;D16
botmaker/src/java/com/twitter/botmaker/function/misc/FarmFingerprintAsLong.java,botmaker,S12,S12,FULL_SOURCE_REVIEW,D11;D16
botmaker/src/java/com/twitter/botmaker/function/misc/GetMurmur3Hashes.java,botmaker,S12,S12,FULL_SOURCE_REVIEW,D11;D16
botmaker/src/java/com/twitter/botmaker/function/misc/GetStackTrace.java,botmaker,S12;S18,S12,FULL_SOURCE_REVIEW,D11;D16;D18
botmaker/src/java/com/twitter/botmaker/function/misc/InstanceOf.java,botmaker,S12,S12,FULL_SOURCE_REVIEW,D11;D16
botmaker/src/java/com/twitter/botmaker/function/misc/Nop.java,botmaker,S12,S12,FULL_SOURCE_REVIEW,D11;D16
botmaker/src/java/com/twitter/botmaker/function/misc/Print.java,botmaker,S12,S12,FULL_SOURCE_REVIEW,D11;D16
botmaker/src/java/com/twitter/botmaker/function/misc/SHA256.java,botmaker,S12,S12,FULL_SOURCE_REVIEW,D11;D16
botmaker/src/java/com/twitter/botmaker/function/misc/TestRun.java,botmaker,S12,S12,TEST_EVIDENCE,D11;D16
botmaker/src/java/com/twitter/botmaker/function/misc/TypeName.java,botmaker,S12,S12,FULL_SOURCE_REVIEW,D11;D16
botmaker/src/java/com/twitter/botmaker/function/misc/UUID.java,botmaker,S12,S12,FULL_SOURCE_REVIEW,D11;D16
botmaker/src/java/com/twitter/botmaker/function/string/Chr.java,botmaker,S12,S12,FULL_SOURCE_REVIEW,D11;D16
botmaker/src/java/com/twitter/botmaker/function/string/Concat.java,botmaker,S12,S12,FULL_SOURCE_REVIEW,D11;D16
botmaker/src/java/com/twitter/botmaker/function/string/CosineDist.java,botmaker,S12,S12,FULL_SOURCE_REVIEW,D11;D16
botmaker/src/java/com/twitter/botmaker/function/string/EndsWith.java,botmaker,S12,S12,FULL_SOURCE_REVIEW,D11;D16
botmaker/src/java/com/twitter/botmaker/function/string/HammingDist.java,botmaker,S12,S12,FULL_SOURCE_REVIEW,D11;D16
botmaker/src/java/com/twitter/botmaker/function/string/IndexOf.java,botmaker,S12,S12,FULL_SOURCE_REVIEW,D11;D16
botmaker/src/java/com/twitter/botmaker/function/string/Join.java,botmaker,S12,S12,FULL_SOURCE_REVIEW,D11;D16
botmaker/src/java/com/twitter/botmaker/function/string/LastIndexOf.java,botmaker,S12,S12,FULL_SOURCE_REVIEW,D11;D16
botmaker/src/java/com/twitter/botmaker/function/string/Quotes.java,botmaker,S12,S12,FULL_SOURCE_REVIEW,D11;D16
botmaker/src/java/com/twitter/botmaker/function/string/RegexExtract.java,botmaker,S12,S12,FULL_SOURCE_REVIEW,D11;D16
botmaker/src/java/com/twitter/botmaker/function/string/RegexMatch.java,botmaker,S12,S12,FULL_SOURCE_REVIEW,D11;D16
botmaker/src/java/com/twitter/botmaker/function/string/Replace.java,botmaker,S12,S12,FULL_SOURCE_REVIEW,D11;D16
botmaker/src/java/com/twitter/botmaker/function/string/SplitString.java,botmaker,S12,S12,FULL_SOURCE_REVIEW,D11;D16
botmaker/src/java/com/twitter/botmaker/function/string/StartsWith.java,botmaker,S12,S12,FULL_SOURCE_REVIEW,D11;D16
botmaker/src/java/com/twitter/botmaker/function/string/StrLen.java,botmaker,S12,S12,FULL_SOURCE_REVIEW,D11;D16
botmaker/src/java/com/twitter/botmaker/function/string/StringFormat.java,botmaker,S12,S12,FULL_SOURCE_REVIEW,D11;D16
botmaker/src/java/com/twitter/botmaker/function/string/ToLower.java,botmaker,S12,S12,FULL_SOURCE_REVIEW,D11;D16
botmaker/src/java/com/twitter/botmaker/function/string/ToUpper.java,botmaker,S12,S12,FULL_SOURCE_REVIEW,D11;D16
botmaker/src/java/com/twitter/botmaker/function/string/Trim.java,botmaker,S12,S12,FULL_SOURCE_REVIEW,D11;D16
botmaker/src/java/com/twitter/botmaker/function/thrift/FieldAccessor.java,botmaker,S12,S12,FULL_SOURCE_REVIEW,D11;D16
botmaker/src/java/com/twitter/botmaker/function/thrift/ThriftOperator.java,botmaker,S12,S12,FULL_SOURCE_REVIEW,D11;D16
botmaker/src/java/com/twitter/botmaker/function/thrift/ThriftStructOperator.java,botmaker,S12,S12,FULL_SOURCE_REVIEW,D11;D16
botmaker/src/java/com/twitter/botmaker/runtime/Runtime.java,botmaker,S12,S12,FULL_SOURCE_REVIEW,D11;D16
botmaker/src/java/com/twitter/botmaker/util/TriConsumer.java,botmaker,S12,S12,FULL_SOURCE_REVIEW,D11;D16
botmaker/src/scala/com/twitter/botmaker/BUILD,botmaker,S12;S18,S12,REPRO_BUILD_REVIEW,D11;D16;D19
botmaker/src/scala/com/twitter/botmaker/CONFIG.ini,botmaker,S12;S17,S12,FULL_SOURCE_REVIEW,D11;D16;D17
botmaker/src/scala/com/twitter/botmaker/FunctionUnit.scala,botmaker,S12,S12,FULL_SOURCE_REVIEW,D11;D16
botmaker/src/scala/com/twitter/botmaker/FunctionUnitGen.scala,botmaker,S12,S12,FULL_SOURCE_REVIEW,D11;D16
botmaker/src/scala/com/twitter/botmaker/common/AsyncRateLimiter.scala,botmaker,S12,S12,FULL_SOURCE_REVIEW,D11;D16
botmaker/src/scala/com/twitter/botmaker/common/BatchDispatcher.scala,botmaker,S12,S12,FULL_SOURCE_REVIEW,D11;D16
botmaker/src/scala/com/twitter/botmaker/common/FeatureDataConverter.scala,botmaker,S12,S12,FULL_SOURCE_REVIEW,D11;D16
botmaker/src/scala/com/twitter/botmaker/common/RatelimitedLogger.scala,botmaker,S12;S18,S12,FULL_SOURCE_REVIEW,D11;D16;D18
botmaker/src/scala/com/twitter/botmaker/common/TypedFeatureDataInjection.scala,botmaker,S12,S12,FULL_SOURCE_REVIEW,D11;D16
botmaker/src/scala/com/twitter/botmaker/common/Using.scala,botmaker,S12,S12,FULL_SOURCE_REVIEW,D11;D16
botmaker/src/scala/com/twitter/botmaker/compiler/types/ScalaType.scala,botmaker,S12,S12,FULL_SOURCE_REVIEW,D11;D16
botmaker/src/scala/com/twitter/botmaker/loader/Loader.scala,botmaker,S12,S12,FULL_SOURCE_REVIEW,D11;D16
botmaker/src/scala/com/twitter/botmaker/loader/Scheduler.scala,botmaker,S12,S12,FULL_SOURCE_REVIEW,D11;D16
botmaker/src/scala/com/twitter/botmaker/rule/ActionRateLimiter.scala,botmaker,S12,S12,FULL_SOURCE_REVIEW,D11;D16
botmaker/src/scala/com/twitter/botmaker/rule/BotMaker.scala,botmaker,S12,S12,FULL_SOURCE_REVIEW,D11;D16
botmaker/src/scala/com/twitter/botmaker/rule/ConfigContainer.scala,botmaker,S12;S17,S12,FULL_SOURCE_REVIEW,D11;D16;D17
botmaker/src/scala/com/twitter/botmaker/rule/DerivedFeatureContainer.scala,botmaker,S12,S12,FULL_SOURCE_REVIEW,D11;D16
botmaker/src/scala/com/twitter/botmaker/rule/EventContext.scala,botmaker,S12,S12,FULL_SOURCE_REVIEW,D11;D16
botmaker/src/scala/com/twitter/botmaker/rule/EventEvaluator.scala,botmaker,S12,S12,FULL_SOURCE_REVIEW,D11;D16
botmaker/src/scala/com/twitter/botmaker/rule/EventOutput.scala,botmaker,S12,S12,FULL_SOURCE_REVIEW,D11;D16
botmaker/src/scala/com/twitter/botmaker/rule/EventProcessor.scala,botmaker,S12,S12,FULL_SOURCE_REVIEW,D11;D16
botmaker/src/scala/com/twitter/botmaker/rule/ExceptionCategory.scala,botmaker,S12,S12,FULL_SOURCE_REVIEW,D11;D16
botmaker/src/scala/com/twitter/botmaker/rule/ExprCache.scala,botmaker,S12,S12,FULL_SOURCE_REVIEW,D11;D16
botmaker/src/scala/com/twitter/botmaker/rule/ExtractorVisitorUnit.scala,botmaker,S12,S12,FULL_SOURCE_REVIEW,D11;D16
botmaker/src/scala/com/twitter/botmaker/rule/FailureCollector.scala,botmaker,S12,S12,FULL_SOURCE_REVIEW,D11;D16
botmaker/src/scala/com/twitter/botmaker/rule/InputProvider.scala,botmaker,S12,S12,FULL_SOURCE_REVIEW,D11;D16
botmaker/src/scala/com/twitter/botmaker/rule/OutputCollector.scala,botmaker,S12,S12,FULL_SOURCE_REVIEW,D11;D16
botmaker/src/scala/com/twitter/botmaker/rule/Package.scala,botmaker,S12,S12,FULL_SOURCE_REVIEW,D11;D16
botmaker/src/scala/com/twitter/botmaker/rule/ProfilingCollector.scala,botmaker,S12,S12,FULL_SOURCE_REVIEW,D11;D16
botmaker/src/scala/com/twitter/botmaker/rule/RuleAst.scala,botmaker,S12,S12,FULL_SOURCE_REVIEW,D11;D16
botmaker/src/scala/com/twitter/botmaker/rule/RuleAstExtractorForAnalysis.scala,botmaker,S12,S12,FULL_SOURCE_REVIEW,D11;D16
botmaker/src/scala/com/twitter/botmaker/rule/RuleContainer.scala,botmaker,S12,S12,FULL_SOURCE_REVIEW,D11;D16
botmaker/src/scala/com/twitter/botmaker/rule/RuleContext.scala,botmaker,S12,S12,FULL_SOURCE_REVIEW,D11;D16
botmaker/src/scala/com/twitter/botmaker/rule/RuleEvaluator.scala,botmaker,S12,S12,FULL_SOURCE_REVIEW,D11;D16
botmaker/src/scala/com/twitter/botmaker/rule/RuleResult.scala,botmaker,S12,S12,FULL_SOURCE_REVIEW,D11;D16
botmaker/src/scala/com/twitter/botmaker/rule/StatCollector.scala,botmaker,S12,S12,FULL_SOURCE_REVIEW,D11;D16
botmaker/src/scala/com/twitter/botmaker/rule/config/SystemConfigs.scala,botmaker,S12;S17,S12,FULL_SOURCE_REVIEW,D11;D16;D17
botmaker/src/scala/com/twitter/botmaker/rule/function/CacheGet.scala,botmaker,S12,S12,FULL_SOURCE_REVIEW,D11;D16
botmaker/src/scala/com/twitter/botmaker/rule/function/CacheSet.scala,botmaker,S12,S12,FULL_SOURCE_REVIEW,D11;D16
botmaker/src/scala/com/twitter/botmaker/rule/function/FeatureDataMapToInputFeatures.scala,botmaker,S12,S12,FULL_SOURCE_REVIEW,D11;D16
botmaker/src/scala/com/twitter/botmaker/rule/function/GetFunctionOrFeatureDirectUsages.scala,botmaker,S12,S12,FULL_SOURCE_REVIEW,D11;D16
botmaker/src/scala/com/twitter/botmaker/rule/function/GetRule.scala,botmaker,S12,S12,FULL_SOURCE_REVIEW,D11;D16
botmaker/src/scala/com/twitter/botmaker/rule/function/InputFeatures.scala,botmaker,S12,S12,FULL_SOURCE_REVIEW,D11;D16
botmaker/src/scala/com/twitter/botmaker/rule/function/IsFunctionOrFeatureUsed.scala,botmaker,S12,S12,FULL_SOURCE_REVIEW,D11;D16
botmaker/src/scala/com/twitter/botmaker/rule/function/ResponseCodes.scala,botmaker,S12,S12,FULL_SOURCE_REVIEW,D11;D16
botmaker/src/scala/com/twitter/botmaker/rule/sys/PreEventOutput.scala,botmaker,S12,S12,FULL_SOURCE_REVIEW,D11;D16
botmaker/src/scala/com/twitter/botmaker/runtime/BatchQueue.scala,botmaker,S12,S12,FULL_SOURCE_REVIEW,D11;D16
botmaker/src/scala/com/twitter/botmaker/runtime/LocalCounter.scala,botmaker,S12,S12,FULL_SOURCE_REVIEW,D11;D16
botmaker/src/scala/com/twitter/botmaker/runtime/LocalStore.scala,botmaker,S12,S12,FULL_SOURCE_REVIEW,D11;D16
botmaker/src/scala/com/twitter/botmaker/runtime/LogWriter.scala,botmaker,S12,S12,FULL_SOURCE_REVIEW,D11;D16
botmaker/src/scala/com/twitter/botmaker/runtime/RegexOptions.scala,botmaker,S12,S12,FULL_SOURCE_REVIEW,D11;D16
botmaker/src/scala/com/twitter/botmaker/runtime/RuntimeDebugger.scala,botmaker,S12,S12,FULL_SOURCE_REVIEW,D11;D16
botmaker/src/scala/com/twitter/botmaker/runtime/RuntimeFailures.scala,botmaker,S12,S12,FULL_SOURCE_REVIEW,D11;D16
botmaker/src/scala/com/twitter/botmaker/runtime/ScheduledEvent.scala,botmaker,S12,S12,FULL_SOURCE_REVIEW,D11;D16
botmaker/src/scala/com/twitter/botmaker/runtime/ServiceContainer.scala,botmaker,S12,S12,FULL_SOURCE_REVIEW,D11;D16
botmaker/src/scala/com/twitter/botmaker/runtime/TwitterRuntime.scala,botmaker,S12,S12,FULL_SOURCE_REVIEW,D11;D16
botmaker/src/scala/com/twitter/botmaker/runtime/config/BatchQueueConfigs.scala,botmaker,S12;S17,S12,FULL_SOURCE_REVIEW,D11;D16;D17
botmaker/src/scala/com/twitter/botmaker/runtime/config/EventTypeConfigs.scala,botmaker,S12;S17,S12,FULL_SOURCE_REVIEW,D11;D16;D17
botmaker/src/scala/com/twitter/botmaker/runtime/config/LocalCounterConfigs.scala,botmaker,S12;S17,S12,FULL_SOURCE_REVIEW,D11;D16;D17
botmaker/src/scala/com/twitter/botmaker/runtime/config/LocalStoreConfigs.scala,botmaker,S12;S17,S12,FULL_SOURCE_REVIEW,D11;D16;D17
botmaker/src/scala/com/twitter/botmaker/runtime/config/LogWriterConfigs.scala,botmaker,S12;S17,S12,FULL_SOURCE_REVIEW,D11;D16;D17
botmaker/src/scala/com/twitter/botmaker/runtime/config/PackageConfigs.scala,botmaker,S12;S17,S12,FULL_SOURCE_REVIEW,D11;D16;D17
botmaker/src/scala/com/twitter/botmaker/runtime/config/RegexConfigs.scala,botmaker,S12;S17,S12,FULL_SOURCE_REVIEW,D11;D16;D17
botmaker/src/scala/com/twitter/botmaker/runtime/config/ScheduledEventConfigs.scala,botmaker,S12;S17,S12,FULL_SOURCE_REVIEW,D11;D16;D17
botmaker/src/scala/com/twitter/botmaker/runtime/config/ServiceConfigs.scala,botmaker,S12;S17,S12,FULL_SOURCE_REVIEW,D11;D16;D17
botmaker/src/scala/com/twitter/botmaker/runtime/config/StructTupleTypeConfigs.scala,botmaker,S12;S17,S12,FULL_SOURCE_REVIEW,D11;D16;D17
botmaker/src/scala/com/twitter/botmaker/runtime/config/TeamConfigs.scala,botmaker,S12;S17,S12,FULL_SOURCE_REVIEW,D11;D16;D17
botmaker/src/scala/com/twitter/botmaker/runtime/config/ThriftTypeConfigs.scala,botmaker,S12;S17,S12,FULL_SOURCE_REVIEW,D11;D16;D17
botmaker/src/scala/com/twitter/botmaker/runtime/function/GetHelp.scala,botmaker,S12,S12,FULL_SOURCE_REVIEW,D11;D16
botmaker/src/scala/com/twitter/botmaker/runtime/function/IncrementStat.scala,botmaker,S12,S12,FULL_SOURCE_REVIEW,D11;D16
botmaker/src/scala/com/twitter/botmaker/runtime/function/IncrementStatEventwise.scala,botmaker,S12,S12,FULL_SOURCE_REVIEW,D11;D16
botmaker/src/scala/com/twitter/botmaker/runtime/function/IncrementStats.scala,botmaker,S12,S12,FULL_SOURCE_REVIEW,D11;D16
botmaker/src/scala/com/twitter/botmaker/runtime/function/IncrementStatsEventwise.scala,botmaker,S12,S12,FULL_SOURCE_REVIEW,D11;D16
botmaker/src/scala/com/twitter/botmaker/runtime/function/RPrint.scala,botmaker,S12,S12,FULL_SOURCE_REVIEW,D11;D16
botmaker/src/scala/com/twitter/botmaker/runtime/function/SampleStat.scala,botmaker,S12,S12,FULL_SOURCE_REVIEW,D11;D16
botmaker/src/scala/com/twitter/botmaker/runtime/function/SampleStats.scala,botmaker,S12,S12,FULL_SOURCE_REVIEW,D11;D16
botmaker/src/scala/com/twitter/botmaker/runtime/function/SetStat.scala,botmaker,S12,S12,FULL_SOURCE_REVIEW,D11;D16
botmaker/src/scala/com/twitter/botmaker/runtime/function/SetStats.scala,botmaker,S12,S12,FULL_SOURCE_REVIEW,D11;D16
botmaker/src/scala/com/twitter/botmaker/runtime/function/ToFeatureDataMap.scala,botmaker,S12,S12,FULL_SOURCE_REVIEW,D11;D16
botmaker/src/scala/com/twitter/botmaker/runtime/function/TryAcquire.scala,botmaker,S12,S12,FULL_SOURCE_REVIEW,D11;D16
botmaker/src/scala/com/twitter/botmaker/util/CodeAnalysisUtil.scala,botmaker,S12,S12,FULL_SOURCE_REVIEW,D11;D16
botmaker/src/scala/com/twitter/botmaker/util/FileUtil.scala,botmaker,S12,S12,FULL_SOURCE_REVIEW,D11;D16
botmaker/src/scala/com/twitter/botmaker/util/ThriftUtil.scala,botmaker,S12,S12,FULL_SOURCE_REVIEW,D11;D16
botmaker/src/thrift/com/twitter/botmaker/app/BUILD,botmaker,S12;S18,S12,REPRO_BUILD_REVIEW,D11;D16;D19
botmaker/src/thrift/com/twitter/botmaker/app/app.thrift,botmaker,S12,S12,FULL_SOURCE_REVIEW,D11;D16
botmaker/src/thrift/com/twitter/botmaker/rule/BUILD,botmaker,S12;S18,S12,REPRO_BUILD_REVIEW,D11;D16;D19
botmaker/src/thrift/com/twitter/botmaker/rule/rule.thrift,botmaker,S12,S12,FULL_SOURCE_REVIEW,D11;D16
botmaker/src/thrift/com/twitter/botmaker/runtime/BUILD,botmaker,S12;S18,S12,REPRO_BUILD_REVIEW,D11;D16;D19
botmaker/src/thrift/com/twitter/botmaker/runtime/runtime.thrift,botmaker,S12,S12,FULL_SOURCE_REVIEW,D11;D16
botmaker-rules/scarecrow/bot/AgathaSpamProduction__ApplySearchTopTweetLabel.bot,botmaker-rules,S13;S17,S13,FULL_SOURCE_REVIEW,D11;D17
botmaker-rules/scarecrow/bot/BBQDuplicateTextProd.bot,botmaker-rules,S13;S17,S13,FULL_SOURCE_REVIEW,D11;D17
botmaker-rules/scarecrow/bot/BBQDuplicateTextRepliesProd.bot,botmaker-rules,S13;S17,S13,FULL_SOURCE_REVIEW,D11;D17
botmaker-rules/scarecrow/bot/FollowFromActorWithPinnedLowQualityOrBadUrl.bot,botmaker-rules,S13;S17,S13,FULL_SOURCE_REVIEW,D11;D17
botmaker-rules/scarecrow/bot/GroxTweetProcessor.bot,botmaker-rules,S13;S17,S13,FULL_SOURCE_REVIEW,D11;D17
botmaker-rules/scarecrow/bot/LQ_Tweets_With_LQ_URL_Verdict_At_Mention_To_NonFollower.bot,botmaker-rules,S13;S17,S13,FULL_SOURCE_REVIEW,D11;D17
botmaker-rules/scarecrow/bot/LQ_Tweets_With_LQ_URL_Verdict_At_Mention_To_NonFollower_v2.bot,botmaker-rules,S13;S17,S13,FULL_SOURCE_REVIEW,D11;D17
botmaker-rules/scarecrow/bot/NSFW_Card_Image_Media_To_URL_Verdict.bot,botmaker-rules,S13;S17,S13,FULL_SOURCE_REVIEW,D11;D17
botmaker-rules/scarecrow/bot/NSFW_Card_Image_URL_to_Tweet_Verdict.bot,botmaker-rules,S13;S17,S13,FULL_SOURCE_REVIEW,D11;D17
botmaker-rules/scarecrow/bot/NSFW_Grok_Generated_Image_To_URL_Verdict.bot,botmaker-rules,S13;S17,S13,FULL_SOURCE_REVIEW,D11;D17
botmaker-rules/scarecrow/bot/NSFW_Grok_Share.bot,botmaker-rules,S13;S17,S13,FULL_SOURCE_REVIEW,D11;D17
botmaker-rules/scarecrow/bot/NsfwTweetMediaProcessor.bot,botmaker-rules,S13;S17,S13,FULL_SOURCE_REVIEW,D11;D17
botmaker-rules/scarecrow/bot/PinnedLowQualityOrBadUrl.bot,botmaker-rules,S13;S17,S13,FULL_SOURCE_REVIEW,D11;D17
botmaker-rules/scarecrow/bot/ProductionAgatha__FilterOutOrganicNotifications.bot,botmaker-rules,S13;S17,S13,FULL_SOURCE_REVIEW,D11;D17
botmaker-rules/scarecrow/bot/Tweet_Search_Blacklist_RTF_All_UNSAFE_URL_Sources.bot,botmaker-rules,S13;S17,S13,FULL_SOURCE_REVIEW,D11;D17
botmaker-rules/scarecrow/bot/Tweet_Spam_High_Recall_RTF_All_Bad_URL_Sources.bot,botmaker-rules,S13;S17,S13,FULL_SOURCE_REVIEW,D11;D17
botmaker-rules/scarecrow/bot/ViolenceAndGore_ImageModel_MTT.bot,botmaker-rules,S13;S17,S13,FULL_SOURCE_REVIEW,D11;D17
botmaker-rules/scarecrow/bot/nsfw_user_write_user_label.bot,botmaker-rules,S13;S17,S13,FULL_SOURCE_REVIEW,D11;D17
botmaker-rules/scarecrow/bot/rtf_tweets_on_unsafe_verdict.bot,botmaker-rules,S13;S17,S13,FULL_SOURCE_REVIEW,D11;D17
botmaker-rules/scarecrow/bot/tweet_rtf_or_unrtf_on_bad_verdict.bot,botmaker-rules,S13;S17,S13,FULL_SOURCE_REVIEW,D11;D17
botmaker-rules/scarecrow/derived-feature/AddToHLLForDataCenter.df,botmaker-rules,S13;S17,S13,FULL_SOURCE_REVIEW,D11;D17
botmaker-rules/scarecrow/derived-feature/AddTwitterSupportGuanoNote.df,botmaker-rules,S13;S17,S13,FULL_SOURCE_REVIEW,D11;D17
botmaker-rules/scarecrow/derived-feature/ApplyNsfwUserLabel.df,botmaker-rules,S13;S17,S13,FULL_SOURCE_REVIEW,D11;D17
botmaker-rules/scarecrow/derived-feature/ApplyNsfwUserLabelOrCreateReport.df,botmaker-rules,S13;S17,S13,FULL_SOURCE_REVIEW,D11;D17
botmaker-rules/scarecrow/derived-feature/BQ_to_BM_namespace.df,botmaker-rules,S13;S17,S13,FULL_SOURCE_REVIEW,D11;D17
botmaker-rules/scarecrow/derived-feature/Coalesce.df,botmaker-rules,S13;S17,S13,FULL_SOURCE_REVIEW,D11;D17
botmaker-rules/scarecrow/derived-feature/CreateRemediationFatigueNamespace.df,botmaker-rules,S13;S17,S13,FULL_SOURCE_REVIEW,D11;D17
botmaker-rules/scarecrow/derived-feature/DayInSecs.df,botmaker-rules,S13;S17,S13,FULL_SOURCE_REVIEW,D11;D17
botmaker-rules/scarecrow/derived-feature/EmptyLongList.df,botmaker-rules,S13;S17,S13,FULL_SOURCE_REVIEW,D11;D17
botmaker-rules/scarecrow/derived-feature/EmptyStringSet.df,botmaker-rules,S13;S17,S13,FULL_SOURCE_REVIEW,D11;D17
botmaker-rules/scarecrow/derived-feature/FollowerCountFromGizmoduck.df,botmaker-rules,S13;S17,S13,FULL_SOURCE_REVIEW,D11;D17
botmaker-rules/scarecrow/derived-feature/GetDataCenterName.df,botmaker-rules,S13;S17,S13,FULL_SOURCE_REVIEW,D11;D17
botmaker-rules/scarecrow/derived-feature/GetExpandedUrlsForTweet.df,botmaker-rules,S13;S17,S13,FULL_SOURCE_REVIEW,D11;D17
botmaker-rules/scarecrow/derived-feature/GetGrokShareIdsFromGrokMediaId.df,botmaker-rules,S13;S17,S13,FULL_SOURCE_REVIEW,D11;D17
botmaker-rules/scarecrow/derived-feature/GetHLLCountFromDataCenters.df,botmaker-rules,S13;S17,S13,FULL_SOURCE_REVIEW,D11;D17
botmaker-rules/scarecrow/derived-feature/GetTweetAuthorId.df,botmaker-rules,S13;S17,S13,FULL_SOURCE_REVIEW,D11;D17
botmaker-rules/scarecrow/derived-feature/GetTweetCardOrEmptyObject.df,botmaker-rules,S13;S17,S13,FULL_SOURCE_REVIEW,D11;D17
botmaker-rules/scarecrow/derived-feature/GetTweetFullText.df,botmaker-rules,S13;S17,S13,FULL_SOURCE_REVIEW,D11;D17
botmaker-rules/scarecrow/derived-feature/GetTweetLabelInfoFromURL.df,botmaker-rules,S13;S17,S13,FULL_SOURCE_REVIEW,D11;D17
botmaker-rules/scarecrow/derived-feature/GetTweetOrNull.df,botmaker-rules,S13;S17,S13,FULL_SOURCE_REVIEW,D11;D17
botmaker-rules/scarecrow/derived-feature/GetUrlResolutionChains.df,botmaker-rules,S13;S17,S13,FULL_SOURCE_REVIEW,D11;D17
botmaker-rules/scarecrow/derived-feature/GetUserLabels.df,botmaker-rules,S13;S17,S13,FULL_SOURCE_REVIEW,D11;D17
botmaker-rules/scarecrow/derived-feature/GetUserPinnedTweetIds.df,botmaker-rules,S13;S17,S13,FULL_SOURCE_REVIEW,D11;D17
botmaker-rules/scarecrow/derived-feature/GetVerifiedFollowers.df,botmaker-rules,S13;S17,S13,FULL_SOURCE_REVIEW,D11;D17
botmaker-rules/scarecrow/derived-feature/HasBigQuerytoBotmakerLabel.df,botmaker-rules,S13;S17,S13,FULL_SOURCE_REVIEW,D11;D17
botmaker-rules/scarecrow/derived-feature/HasLabel.df,botmaker-rules,S13;S17,S13,FULL_SOURCE_REVIEW,D11;D17
botmaker-rules/scarecrow/derived-feature/HasRemediationFatigueLabel.df,botmaker-rules,S13;S17,S13,FULL_SOURCE_REVIEW,D11;D17
botmaker-rules/scarecrow/derived-feature/HighPageRankThreshold.df,botmaker-rules,S13;S17,S13,FULL_SOURCE_REVIEW,D11;D17
botmaker-rules/scarecrow/derived-feature/IsHighPageRankUser.df,botmaker-rules,S13;S17,S13,FULL_SOURCE_REVIEW,D11;D17
botmaker-rules/scarecrow/derived-feature/IsHighPrecisionNsfw.df,botmaker-rules,S13;S17,S13,FULL_SOURCE_REVIEW,D11;D17
botmaker-rules/scarecrow/derived-feature/IsHighPrecisionNsfwNewModelLogic.df,botmaker-rules,S13;S17,S13,FULL_SOURCE_REVIEW,D11;D17
botmaker-rules/scarecrow/derived-feature/IsHighRecallNsfw.df,botmaker-rules,S13;S17,S13,FULL_SOURCE_REVIEW,D11;D17
botmaker-rules/scarecrow/derived-feature/IsHighRecallNsfwNewModelLogic.df,botmaker-rules,S13;S17,S13,FULL_SOURCE_REVIEW,D11;D17
botmaker-rules/scarecrow/derived-feature/IsNearPerfectNsfw.df,botmaker-rules,S13;S17,S13,FULL_SOURCE_REVIEW,D11;D17
botmaker-rules/scarecrow/derived-feature/IsNearPerfectNsfwNewModelLogic.df,botmaker-rules,S13;S17,S13,FULL_SOURCE_REVIEW,D11;D17
botmaker-rules/scarecrow/derived-feature/IsTweetFound.df,botmaker-rules,S13;S17,S13,FULL_SOURCE_REVIEW,D11;D17
botmaker-rules/scarecrow/derived-feature/IsUserGoldVerified.df,botmaker-rules,S13;S17,S13,FULL_SOURCE_REVIEW,D11;D17
botmaker-rules/scarecrow/derived-feature/IsUserGrayVerified.df,botmaker-rules,S13;S17,S13,FULL_SOURCE_REVIEW,D11;D17
botmaker-rules/scarecrow/derived-feature/OneDayInMillis.df,botmaker-rules,S13;S17,S13,FULL_SOURCE_REVIEW,D11;D17
botmaker-rules/scarecrow/derived-feature/OneDayInSecs.df,botmaker-rules,S13;S17,S13,FULL_SOURCE_REVIEW,D11;D17
botmaker-rules/scarecrow/derived-feature/OneMinuteInSecs.df,botmaker-rules,S13;S17,S13,FULL_SOURCE_REVIEW,D11;D17
botmaker-rules/scarecrow/derived-feature/OneWeekInSecs.df,botmaker-rules,S13;S17,S13,FULL_SOURCE_REVIEW,D11;D17
botmaker-rules/scarecrow/derived-feature/RULE_ID.df,botmaker-rules,S13;S17,S13,FULL_SOURCE_REVIEW,D11;D17
botmaker-rules/scarecrow/derived-feature/RemediationFatigueLabel.df,botmaker-rules,S13;S17,S13,FULL_SOURCE_REVIEW,D11;D17
botmaker-rules/scarecrow/derived-feature/SetBigQuerytoBotmakerLabel.df,botmaker-rules,S13;S17,S13,FULL_SOURCE_REVIEW,D11;D17
botmaker-rules/scarecrow/derived-feature/SetRemediationFatigueLabel.df,botmaker-rules,S13;S17,S13,FULL_SOURCE_REVIEW,D11;D17
botmaker-rules/scarecrow/derived-feature/SetTweetRtfApplyLabelWithExpirationMs.df,botmaker-rules,S13;S17,S13,FULL_SOURCE_REVIEW,D11;D17
botmaker-rules/scarecrow/derived-feature/SevenDaysInSecs.df,botmaker-rules,S13;S17,S13,FULL_SOURCE_REVIEW,D11;D17
botmaker-rules/scarecrow/derived-feature/SpammerIdString.df,botmaker-rules,S13;S17,S13,FULL_SOURCE_REVIEW,D11;D17
botmaker-rules/scarecrow/derived-feature/StringIdListToLongList.df,botmaker-rules,S13;S17,S13,FULL_SOURCE_REVIEW,D11;D17
botmaker-rules/scarecrow/derived-feature/SubLongList.df,botmaker-rules,S13;S17,S13,FULL_SOURCE_REVIEW,D11;D17
botmaker-rules/scarecrow/derived-feature/ThirtyDaysInSecs.df,botmaker-rules,S13;S17,S13,FULL_SOURCE_REVIEW,D11;D17
botmaker-rules/scarecrow/derived-feature/TwitterSafetyUserId.df,botmaker-rules,S13;S17,S13,FULL_SOURCE_REVIEW,D11;D17
candidate-pipeline/candidate_pipeline.rs,candidate-pipeline,S01,S01,FULL_SOURCE_REVIEW,D01;D16
candidate-pipeline/filter.rs,candidate-pipeline,S01,S01,FULL_SOURCE_REVIEW,D01;D16
candidate-pipeline/hydrator.rs,candidate-pipeline,S01,S01,FULL_SOURCE_REVIEW,D01;D16
candidate-pipeline/lib.rs,candidate-pipeline,S01,S01,FULL_SOURCE_REVIEW,D01;D16
candidate-pipeline/pipeline_summary.rs,candidate-pipeline,S01,S01,FULL_SOURCE_REVIEW,D01;D16
candidate-pipeline/query_hydrator.rs,candidate-pipeline,S01,S01,FULL_SOURCE_REVIEW,D01;D16
candidate-pipeline/scorer.rs,candidate-pipeline,S01,S01,FULL_SOURCE_REVIEW,D01;D16
candidate-pipeline/selector.rs,candidate-pipeline,S01,S01,FULL_SOURCE_REVIEW,D01;D16
candidate-pipeline/side_effect.rs,candidate-pipeline,S01;S18,S01,FULL_SOURCE_REVIEW,D01;D16;D18
candidate-pipeline/source.rs,candidate-pipeline,S01,S01,FULL_SOURCE_REVIEW,D01;D16
candidate-pipeline/util.rs,candidate-pipeline,S01,S01,FULL_SOURCE_REVIEW,D01;D16
clip/BUILD,clip,S10;S18,S10,REPRO_BUILD_REVIEW,D09;D19
clip/config.py,clip,S10;S17,S10,FULL_SOURCE_REVIEW,D09;D17
clip/datasets/language_image_dataset.py,clip,S10,S10,FULL_SOURCE_REVIEW,D09;D15
clip/datasets/media_cache_dataset.py,clip,S10,S10,FULL_SOURCE_REVIEW,D09;D15
clip/keras_model.py,clip,S10,S10,FULL_SOURCE_REVIEW,D09
clip/model.py,clip,S10,S10,FULL_SOURCE_REVIEW,D09
clip/modules.py,clip,S10,S10,FULL_SOURCE_REVIEW,D09
clip/notebooks/BUILD,clip,S10;S18,S10,REPRO_BUILD_REVIEW,D09;D15;D19
clip/notebooks/create_bq_language_image_dataset.ipynb,clip,S10;S18,S10,EXAMPLE_REFERENCE_REVIEW,D09;D15;D19
clip/notebooks/create_gcs_language_image_dataset.ipynb,clip,S10;S18,S10,EXAMPLE_REFERENCE_REVIEW,D09;D15;D19
clip/notebooks/gcs_lifecycle_config.json,clip,S10;S17;S18,S10,EXAMPLE_REFERENCE_REVIEW,D09;D15;D17;D19
clip/notebooks/media_embeddings_dataflow.ipynb,clip,S10;S18,S10,EXAMPLE_REFERENCE_REVIEW,D09;D15;D19
clip/scripts/BUILD,clip,S10;S18,S10,REPRO_BUILD_REVIEW,D09;D19
clip/scripts/export_dbv2_image_model.py,clip,S10,S10,FULL_SOURCE_REVIEW,D09
clip/scripts/export_keras_models.py,clip,S10,S10,FULL_SOURCE_REVIEW,D09
clip/training.py,clip,S10,S10,FULL_SOURCE_REVIEW,D09;D15
clip/utils/data_utils.py,clip,S10,S10,FULL_SOURCE_REVIEW,D09
clip/utils/io_utils.py,clip,S10,S10,FULL_SOURCE_REVIEW,D09
clip/utils/model_utils.py,clip,S10,S10,FULL_SOURCE_REVIEW,D09
clip/utils/train_utils.py,clip,S10,S10,FULL_SOURCE_REVIEW,D09;D15
docs/BIDIRECTIONAL_BOOST_CHANGE.md,docs,S00;S17,S00,DOC_CONTEXT_VERIFY_AGAINST_CODE,D00;D05;D17
grox/config/config.py,grox,S09;S17,S09,FULL_SOURCE_REVIEW,D09;D16;D17
grox/core/__init__.py,grox,S09,S09,FULL_SOURCE_REVIEW,D09;D16
grox/core/clients/nightowl_client.py,grox,S09,S09,FULL_SOURCE_REVIEW,D09;D16
grox/core/constants.py,grox,S09,S09,FULL_SOURCE_REVIEW,D09;D16
grox/core/data_loaders/asr_processor.py,grox,S09,S09,FULL_SOURCE_REVIEW,D09;D16
grox/core/data_loaders/data_types.py,grox,S09,S09,FULL_SOURCE_REVIEW,D09;D16
grox/core/data_loaders/descendant_hydrator.py,grox,S09,S09,FULL_SOURCE_REVIEW,D09;D16
grox/core/data_loaders/descendant_id_provider.py,grox,S09,S09,FULL_SOURCE_REVIEW,D09;D16
grox/core/data_loaders/kafka_loader.py,grox,S09,S09,FULL_SOURCE_REVIEW,D09;D16
grox/core/data_loaders/media_loader.py,grox,S09,S09,FULL_SOURCE_REVIEW,D09;D16
grox/core/data_loaders/media_processor.py,grox,S09,S09,FULL_SOURCE_REVIEW,D09;D16
grox/core/data_loaders/message_queue_loader.py,grox,S09,S09,FULL_SOURCE_REVIEW,D09;D16
grox/core/data_loaders/post_mapper.py,grox,S09,S09,FULL_SOURCE_REVIEW,D09;D16
grox/core/data_loaders/strato_loader.py,grox,S09,S09,FULL_SOURCE_REVIEW,D09;D16
grox/core/dispatcher.py,grox,S09,S09,FULL_SOURCE_REVIEW,D09;D16
grox/core/engine.py,grox,S09,S09,FULL_SOURCE_REVIEW,D09;D16
grox/core/generators/__init__.py,grox,S09,S09,FULL_SOURCE_REVIEW,D09;D16
grox/core/generators/registry.py,grox,S09,S09,FULL_SOURCE_REVIEW,D09;D16
grox/core/generators/stream_generator.py,grox,S09,S09,FULL_SOURCE_REVIEW,D09;D16
grox/core/generators/task_generator.py,grox,S09,S09,FULL_SOURCE_REVIEW,D09;D16
grox/core/lib/utils.py,grox,S09,S09,FULL_SOURCE_REVIEW,D09;D16
grox/core/lm/convo.py,grox,S09,S09,FULL_SOURCE_REVIEW,D09;D16
grox/core/lm/post.py,grox,S09,S09,FULL_SOURCE_REVIEW,D09;D16
grox/core/lm/thread.py,grox,S09,S09,FULL_SOURCE_REVIEW,D09;D16
grox/core/lm/user.py,grox,S09,S09,FULL_SOURCE_REVIEW,D09;D16
grox/core/loading.py,grox,S09,S09,FULL_SOURCE_REVIEW,D09;D16
grox/core/plans/__init__.py,grox,S09,S09,FULL_SOURCE_REVIEW,D09;D16;D11
grox/core/plans/plan.py,grox,S09,S09,FULL_SOURCE_REVIEW,D09;D16;D11
grox/core/plans/plan_master.py,grox,S09,S09,FULL_SOURCE_REVIEW,D09;D16;D11
grox/core/plans/registry.py,grox,S09,S09,FULL_SOURCE_REVIEW,D09;D16;D11
grox/core/processors.py,grox,S09,S09,FULL_SOURCE_REVIEW,D09;D16
grox/core/registry.py,grox,S09,S09,FULL_SOURCE_REVIEW,D09;D16
grox/core/schedules/context.py,grox,S09,S09,FULL_SOURCE_REVIEW,D09;D16
grox/core/schedules/init.py,grox,S09,S09,FULL_SOURCE_REVIEW,D09;D16
grox/core/schedules/types.py,grox,S09,S09,FULL_SOURCE_REVIEW,D09;D16
grox/core/services/__init__.py,grox,S09,S09,FULL_SOURCE_REVIEW,D09;D16
grox/core/services/registry.py,grox,S09,S09,FULL_SOURCE_REVIEW,D09;D16
grox/core/services/service.py,grox,S09,S09,FULL_SOURCE_REVIEW,D09;D16
grox/core/tasks/disable_rules.py,grox,S09,S09,FULL_SOURCE_REVIEW,D09;D16;D11
grox/core/tasks/task.py,grox,S09,S09,FULL_SOURCE_REVIEW,D09;D16;D11
grox/core/tasks/task_asr.py,grox,S09,S09,FULL_SOURCE_REVIEW,D09;D16;D11
grox/core/tasks/task_filters.py,grox,S09,S09,FULL_SOURCE_REVIEW,D09;D16;D11
grox/core/tasks/task_load_post.py,grox,S09,S09,FULL_SOURCE_REVIEW,D09;D16;D11
grox/core/tasks/task_media.py,grox,S09,S09,FULL_SOURCE_REVIEW,D09;D16;D11
grox/core/tasks/task_rate_limit.py,grox,S09,S09,FULL_SOURCE_REVIEW,D09;D16;D11
grox/flows/mm_emb/__init__.py,grox,S09,S09,FULL_SOURCE_REVIEW,D09;D16;D11
grox/flows/mm_emb/constants.py,grox,S09,S09,FULL_SOURCE_REVIEW,D09;D16;D11
grox/flows/mm_emb/disable_rules.py,grox,S09,S09,FULL_SOURCE_REVIEW,D09;D16;D11
grox/flows/mm_emb/embedder.py,grox,S09,S09,FULL_SOURCE_REVIEW,D09;D16;D11
grox/flows/mm_emb/embedder_v82.py,grox,S09,S09,FULL_SOURCE_REVIEW,D09;D16;D11
grox/flows/mm_emb/generators.py,grox,S09,S09,FULL_SOURCE_REVIEW,D09;D16;D11
grox/flows/mm_emb/plan_post_embedding_v5.py,grox,S09,S09,FULL_SOURCE_REVIEW,D09;D16;D11
grox/flows/mm_emb/plan_post_embedding_v5_for_reply.py,grox,S09,S09,FULL_SOURCE_REVIEW,D09;D16;D11
grox/flows/mm_emb/plan_post_embedding_v82.py,grox,S09,S09,FULL_SOURCE_REVIEW,D09;D16;D11
grox/flows/mm_emb/plan_post_embedding_v82_for_reply.py,grox,S09,S09,FULL_SOURCE_REVIEW,D09;D16;D11
grox/flows/mm_emb/renderer.py,grox,S09,S09,FULL_SOURCE_REVIEW,D09;D16;D11
grox/flows/mm_emb/renderer_v82.py,grox,S09,S09,FULL_SOURCE_REVIEW,D09;D16;D11
grox/flows/mm_emb/state.py,grox,S09,S09,FULL_SOURCE_REVIEW,D09;D16;D11
grox/flows/mm_emb/task_embedding_pub.py,grox,S09,S09,FULL_SOURCE_REVIEW,D09;D16;D11
grox/flows/mm_emb/task_filter.py,grox,S09,S09,FULL_SOURCE_REVIEW,D09;D16;D11
grox/flows/mm_emb/task_multimodal_post_embedding.py,grox,S09,S09,FULL_SOURCE_REVIEW,D09;D16;D11
grox/flows/mm_emb/task_rate_limit.py,grox,S09,S09,FULL_SOURCE_REVIEW,D09;D16;D11
grox/flows/mm_emb/task_write_mm_embedding_sink.py,grox,S09,S09,FULL_SOURCE_REVIEW,D09;D16;D11
grox/flows/ptos/__init__.py,grox,S09,S09,FULL_SOURCE_REVIEW,D09;D16;D11
grox/flows/ptos/classifier.py,grox,S09,S09,FULL_SOURCE_REVIEW,D09;D16;D11
grox/flows/ptos/constants.py,grox,S09,S09,FULL_SOURCE_REVIEW,D09;D16;D11
grox/flows/ptos/disable_rules.py,grox,S09,S09,FULL_SOURCE_REVIEW,D09;D16;D11
grox/flows/ptos/generators.py,grox,S09,S09,FULL_SOURCE_REVIEW,D09;D16;D11
grox/flows/ptos/kafka_loader.py,grox,S09,S09,FULL_SOURCE_REVIEW,D09;D16;D11
grox/flows/ptos/mode.py,grox,S09,S09,FULL_SOURCE_REVIEW,D09;D16;D11
grox/flows/ptos/plan_safety_ptos.py,grox,S09,S09,FULL_SOURCE_REVIEW,D09;D16;D11
grox/flows/ptos/plan_safety_ptos_live_cluster_anchors.py,grox,S09,S09,FULL_SOURCE_REVIEW,D09;D16;D11
grox/flows/ptos/plan_safety_ptos_realtime_with_signals.py,grox,S09,S09,FULL_SOURCE_REVIEW,D09;D16;D11
grox/flows/ptos/prompts.py,grox,S09,S09,FULL_SOURCE_REVIEW,D09;D16;D11
grox/flows/ptos/state.py,grox,S09,S09,FULL_SOURCE_REVIEW,D09;D16;D11
grox/flows/ptos/task_filter.py,grox,S09,S09,FULL_SOURCE_REVIEW,D09;D16;D11
grox/flows/ptos/task_ptos_spam_detection.py,grox,S09,S09,FULL_SOURCE_REVIEW,D09;D16;D11
grox/flows/ptos/task_rate_limit.py,grox,S09,S09,FULL_SOURCE_REVIEW,D09;D16;D11
grox/flows/ptos/task_safety_ptos_category.py,grox,S09,S09,FULL_SOURCE_REVIEW,D09;D16;D11
grox/flows/ptos/task_safety_ptos_min_traction_dedupe_filter.py,grox,S09,S09,FULL_SOURCE_REVIEW,D09;D16;D11
grox/flows/ptos/task_safety_ptos_policy.py,grox,S09,S09,FULL_SOURCE_REVIEW,D09;D16;D11
grox/flows/ptos/task_safety_ptos_safemodel_sex_nudity.py,grox,S09,S09,FULL_SOURCE_REVIEW,D09;D16;D11
grox/flows/ptos/task_write_live_cluster_anchor_verdict_sink.py,grox,S09,S09,FULL_SOURCE_REVIEW,D09;D16;D11
grox/flows/ptos/task_write_safety_post_annotations_result_sink.py,grox,S09,S09,FULL_SOURCE_REVIEW,D09;D16;D11
grox/flows/reply_spam/__init__.py,grox,S09,S09,FULL_SOURCE_REVIEW,D09;D16;D11
grox/flows/reply_spam/classifier_coordinated_spam.py,grox,S09,S09,FULL_SOURCE_REVIEW,D09;D16;D11
grox/flows/reply_spam/classifier_reply_ranking.py,grox,S09,S09,FULL_SOURCE_REVIEW,D09;D16;D11
grox/flows/reply_spam/classifier_simple_reply_scorer.py,grox,S09,S09,FULL_SOURCE_REVIEW,D09;D16;D11
grox/flows/reply_spam/constants.py,grox,S09,S09,FULL_SOURCE_REVIEW,D09;D16;D11
grox/flows/reply_spam/generators.py,grox,S09,S09,FULL_SOURCE_REVIEW,D09;D16;D11
grox/flows/reply_spam/plan_coordinated_spam.py,grox,S09,S09,FULL_SOURCE_REVIEW,D09;D16;D11
grox/flows/reply_spam/plan_reply_ranking.py,grox,S09,S09,FULL_SOURCE_REVIEW,D09;D16;D11
grox/flows/reply_spam/plan_spam_comment.py,grox,S09,S09,FULL_SOURCE_REVIEW,D09;D16;D11
grox/flows/reply_spam/prompts.py,grox,S09,S09,FULL_SOURCE_REVIEW,D09;D16;D11
grox/flows/reply_spam/state_coordinated_spam.py,grox,S09,S09,FULL_SOURCE_REVIEW,D09;D16;D11
grox/flows/reply_spam/state_reply_ranking.py,grox,S09,S09,FULL_SOURCE_REVIEW,D09;D16;D11
grox/flows/reply_spam/strato_loader.py,grox,S09,S09,FULL_SOURCE_REVIEW,D09;D16;D11
grox/flows/reply_spam/task_coordinated_spam.py,grox,S09,S09,FULL_SOURCE_REVIEW,D09;D16;D11
grox/flows/reply_spam/task_filter.py,grox,S09,S09,FULL_SOURCE_REVIEW,D09;D16;D11
grox/flows/reply_spam/task_rank_replies.py,grox,S09,S09,FULL_SOURCE_REVIEW,D09;D16;D11
grox/flows/reply_spam/task_rate_limit.py,grox,S09,S09,FULL_SOURCE_REVIEW,D09;D16;D11
grox/flows/reply_spam/task_spam_detection.py,grox,S09,S09,FULL_SOURCE_REVIEW,D09;D16;D11
grox/flows/reply_spam/task_write.py,grox,S09,S09,FULL_SOURCE_REVIEW,D09;D16;D11
grox/flows/upa/__init__.py,grox,S09,S09,FULL_SOURCE_REVIEW,D09;D16;D11
grox/flows/upa/classifier_banger_initial_screen_gemma.py,grox,S09,S09,FULL_SOURCE_REVIEW,D09;D16;D11
grox/flows/upa/classifier_post_safety_screen_deluxe.py,grox,S09,S09,FULL_SOURCE_REVIEW,D09;D16;D11
grox/flows/upa/constants.py,grox,S09,S09,FULL_SOURCE_REVIEW,D09;D16;D11
grox/flows/upa/generators.py,grox,S09,S09,FULL_SOURCE_REVIEW,D09;D16;D11
grox/flows/upa/models.py,grox,S09,S09,FULL_SOURCE_REVIEW,D09;D16;D11
grox/flows/upa/plan_initial_banger.py,grox,S09,S09,FULL_SOURCE_REVIEW,D09;D16;D11
grox/flows/upa/plan_post_safety.py,grox,S09,S09,FULL_SOURCE_REVIEW,D09;D16;D11
grox/flows/upa/prompts.py,grox,S09,S09,FULL_SOURCE_REVIEW,D09;D16;D11
grox/flows/upa/state_initial_banger.py,grox,S09,S09,FULL_SOURCE_REVIEW,D09;D16;D11
grox/flows/upa/state_post_safety.py,grox,S09,S09,FULL_SOURCE_REVIEW,D09;D16;D11
grox/flows/upa/task_banger_screen.py,grox,S09,S09,FULL_SOURCE_REVIEW,D09;D16;D11
grox/flows/upa/task_filter.py,grox,S09,S09,FULL_SOURCE_REVIEW,D09;D16;D11
grox/flows/upa/task_grok_upa_action_with_labels.py,grox,S09,S09,FULL_SOURCE_REVIEW,D09;D16;D11
grox/flows/upa/task_post_safety_screen_deluxe.py,grox,S09,S09,FULL_SOURCE_REVIEW,D09;D16;D11
grox/flows/upa/task_rate_limit.py,grox,S09,S09,FULL_SOURCE_REVIEW,D09;D16;D11
grox/flows/upa/task_write.py,grox,S09,S09,FULL_SOURCE_REVIEW,D09;D16;D11
grox/libs/blobstore_http/__init__.py,grox,S09,S09,FULL_SOURCE_REVIEW,D09;D16
grox/libs/blobstore_http/blobstore.py,grox,S09,S09,FULL_SOURCE_REVIEW,D09;D16
grox/libs/blobstore_http/cdn_downloader.py,grox,S09,S09,FULL_SOURCE_REVIEW,D09;D16
grox/libs/blobstore_http/py.typed,grox,S09,S09,FULL_SOURCE_REVIEW,D09;D16
grox/libs/circuit_breaker/__init__.py,grox,S09,S09,FULL_SOURCE_REVIEW,D09;D16
grox/libs/circuit_breaker/circuit_breaker.py,grox,S09,S09,FULL_SOURCE_REVIEW,D09;D16
grox/libs/circuit_breaker/py.typed,grox,S09,S09,FULL_SOURCE_REVIEW,D09;D16
grox/libs/embed/__init__.py,grox,S09,S09,FULL_SOURCE_REVIEW,D09;D16
grox/libs/embed/embed_http.py,grox,S09,S09,FULL_SOURCE_REVIEW,D09;D16
grox/libs/grok_sampler/__init__.py,grox,S09,S09,FULL_SOURCE_REVIEW,D09;D16
grox/libs/grok_sampler/config.py,grox,S09;S17,S09,FULL_SOURCE_REVIEW,D09;D16;D17
grox/libs/grok_sampler/eapi_sampler.py,grox,S09,S09,FULL_SOURCE_REVIEW,D09;D16
grox/libs/grok_sampler/llm.py,grox,S09,S09,FULL_SOURCE_REVIEW,D09;D16
grox/libs/grok_sampler/oai_sampler.py,grox,S09,S09,FULL_SOURCE_REVIEW,D09;D16
grox/libs/grok_sampler/py.typed,grox,S09,S09,FULL_SOURCE_REVIEW,D09;D16
grox/libs/grok_sampler/text_sampler.py,grox,S09,S09,FULL_SOURCE_REVIEW,D09;D16
grox/libs/grok_sampler/vision_sampler.py,grox,S09,S09,FULL_SOURCE_REVIEW,D09;D16
grox/libs/grpc_cli/__init__.py,grox,S09,S09,FULL_SOURCE_REVIEW,D09;D16
grox/libs/grpc_cli/grpc_client.py,grox,S09,S09,FULL_SOURCE_REVIEW,D09;D16
grox/libs/grpc_cli/py.typed,grox,S09,S09,FULL_SOURCE_REVIEW,D09;D16
grox/libs/html_render/__init__.py,grox,S09,S09,FULL_SOURCE_REVIEW,D09;D16
grox/libs/html_render/py.typed,grox,S09,S09,FULL_SOURCE_REVIEW,D09;D16
grox/libs/html_render/tweet_render_for_grox.py,grox,S09,S09,FULL_SOURCE_REVIEW,D09;D16
grox/libs/kafka_cli/__init__.py,grox,S09,S09,FULL_SOURCE_REVIEW,D09;D16
grox/libs/kafka_cli/config.py,grox,S09;S17,S09,FULL_SOURCE_REVIEW,D09;D16;D17
grox/libs/kafka_cli/consumer.py,grox,S09,S09,FULL_SOURCE_REVIEW,D09;D16
grox/libs/kafka_cli/mtls.py,grox,S09,S09,FULL_SOURCE_REVIEW,D09;D16
grox/libs/kafka_cli/multi_region_consumer.py,grox,S09,S09,FULL_SOURCE_REVIEW,D09;D16
grox/libs/kafka_cli/multi_region_producer.py,grox,S09,S09,FULL_SOURCE_REVIEW,D09;D16
grox/libs/kafka_cli/patched_gssapi.py,grox,S09,S09,FULL_SOURCE_REVIEW,D09;D16
grox/libs/kafka_cli/producer.py,grox,S09,S09,FULL_SOURCE_REVIEW,D09;D16
grox/libs/kafka_cli/py.typed,grox,S09,S09,FULL_SOURCE_REVIEW,D09;D16
grox/libs/kerberos_cli/__init__.py,grox,S09,S09,FULL_SOURCE_REVIEW,D09;D16
grox/libs/kerberos_cli/kerberos.py,grox,S09,S09,FULL_SOURCE_REVIEW,D09;D16
grox/libs/kerberos_cli/py.typed,grox,S09,S09,FULL_SOURCE_REVIEW,D09;D16
grox/libs/video_tools/__init__.py,grox,S09,S09,FULL_SOURCE_REVIEW,D09;D16
grox/libs/video_tools/image.py,grox,S09,S09,FULL_SOURCE_REVIEW,D09;D16
grox/libs/video_tools/py.typed,grox,S09,S09,FULL_SOURCE_REVIEW,D09;D16
grox/libs/video_tools/subtitles.py,grox,S09,S09,FULL_SOURCE_REVIEW,D09;D16
grox/libs/video_tools/video_frames.py,grox,S09,S09,FULL_SOURCE_REVIEW,D09;D16
grox/libs/wily_cli/__init__.py,grox,S09,S09,FULL_SOURCE_REVIEW,D09;D16
grox/libs/wily_cli/config.py,grox,S09;S17,S09,FULL_SOURCE_REVIEW,D09;D16;D17
grox/libs/wily_cli/http_client.py,grox,S09,S09,FULL_SOURCE_REVIEW,D09;D16
grox/libs/wily_cli/py.typed,grox,S09,S09,FULL_SOURCE_REVIEW,D09;D16
grox/libs/wily_cli/wily_client.py,grox,S09,S09,FULL_SOURCE_REVIEW,D09;D16
home-mixer/ads/following_ad_blender.rs,home-mixer,S01;S02,S01,FULL_SOURCE_REVIEW,D08;D01
home-mixer/ads/mod.rs,home-mixer,S01;S02,S01,FULL_SOURCE_REVIEW,D08;D01
home-mixer/ads/partition_organic_blender.rs,home-mixer,S01;S02,S01,FULL_SOURCE_REVIEW,D08;D01
home-mixer/ads/safe_gap_blender.rs,home-mixer,S01;S02,S01,FULL_SOURCE_REVIEW,D08;D01
home-mixer/ads/tests/blender_comparison_test.rs,home-mixer,S01;S02,S01,TEST_EVIDENCE,D08;D01
home-mixer/ads/tests/following_ad_blender_tests.rs,home-mixer,S01;S02,S01,TEST_EVIDENCE,D08;D01
home-mixer/ads/tests/mod.rs,home-mixer,S01;S02,S01,TEST_EVIDENCE,D08;D01
home-mixer/ads/tests/partition_organic_blender_tests.rs,home-mixer,S01;S02,S01,TEST_EVIDENCE,D08;D01
home-mixer/ads/tests/safe_gap_blender_tests.rs,home-mixer,S01;S02,S01,TEST_EVIDENCE,D08;D01
home-mixer/ads/tests/time_gap_blender_tests.rs,home-mixer,S01;S02,S01,TEST_EVIDENCE,D08;D01
home-mixer/ads/time_gap_blender.rs,home-mixer,S01;S02,S01,FULL_SOURCE_REVIEW,D08;D01
home-mixer/ads/util.rs,home-mixer,S01;S02,S01,FULL_SOURCE_REVIEW,D08;D01
home-mixer/bin/pipeline_components_json.rs,home-mixer,S01,S01,FULL_SOURCE_REVIEW,D01;D16
home-mixer/candidate_hydrators/ads_brand_safety_vf_hydrator.rs,home-mixer,S01;S14,S01,FULL_SOURCE_REVIEW,D01;D16;D12
home-mixer/candidate_hydrators/bidirectional_follow_hydrator.rs,home-mixer,S01;S02,S01,FULL_SOURCE_REVIEW,D01;D16;D07
home-mixer/candidate_hydrators/blocked_by_hydrator.rs,home-mixer,S01;S02,S01,FULL_SOURCE_REVIEW,D01;D16;D07
home-mixer/candidate_hydrators/broadcast_liveness_hydrator.rs,home-mixer,S01,S01,FULL_SOURCE_REVIEW,D01;D16
home-mixer/candidate_hydrators/conversation_gap_ancestor_hydrator.rs,home-mixer,S01,S01,FULL_SOURCE_REVIEW,D01;D16
home-mixer/candidate_hydrators/core_data_candidate_hydrator.rs,home-mixer,S01,S01,FULL_SOURCE_REVIEW,D01;D16
home-mixer/candidate_hydrators/engagement_counts_hydrator.rs,home-mixer,S01,S01,FULL_SOURCE_REVIEW,D01;D16
home-mixer/candidate_hydrators/filtered_topics_hydrator.rs,home-mixer,S01,S01,FULL_SOURCE_REVIEW,D01;D16
home-mixer/candidate_hydrators/following_replied_users_hydrator.rs,home-mixer,S01;S02,S01,FULL_SOURCE_REVIEW,D01;D16;D07
home-mixer/candidate_hydrators/gizmoduck_hydrator.rs,home-mixer,S01,S01,FULL_SOURCE_REVIEW,D01;D16
home-mixer/candidate_hydrators/in_network_candidate_hydrator.rs,home-mixer,S01,S01,FULL_SOURCE_REVIEW,D01;D16
home-mixer/candidate_hydrators/language_code_hydrator.rs,home-mixer,S01,S01,FULL_SOURCE_REVIEW,D01;D16
home-mixer/candidate_hydrators/media_info_hydrator.rs,home-mixer,S01,S01,FULL_SOURCE_REVIEW,D01;D16
home-mixer/candidate_hydrators/mod.rs,home-mixer,S01,S01,FULL_SOURCE_REVIEW,D01;D16
home-mixer/candidate_hydrators/mutual_follow_jaccard_hydrator.rs,home-mixer,S01;S02,S01,FULL_SOURCE_REVIEW,D01;D16;D07
home-mixer/candidate_hydrators/quote_hydrator.rs,home-mixer,S01,S01,FULL_SOURCE_REVIEW,D01;D16
home-mixer/candidate_hydrators/semantic_id_hydrator.rs,home-mixer,S01,S01,FULL_SOURCE_REVIEW,D01;D16
home-mixer/candidate_hydrators/subscription_hydrator.rs,home-mixer,S01,S01,FULL_SOURCE_REVIEW,D01;D16
home-mixer/candidate_hydrators/topic_feedback_context_hydrator.rs,home-mixer,S01,S01,FULL_SOURCE_REVIEW,D01;D16
home-mixer/candidate_hydrators/tweet_type_metrics_hydrator.rs,home-mixer,S01;S18,S01,FULL_SOURCE_REVIEW,D01;D16;D18
home-mixer/candidate_hydrators/vf_candidate_hydrator.rs,home-mixer,S01;S14,S01,FULL_SOURCE_REVIEW,D01;D16;D12
home-mixer/candidate_pipeline/following_candidate_pipeline.rs,home-mixer,S01,S01,FULL_SOURCE_REVIEW,D01
home-mixer/candidate_pipeline/for_you_candidate_pipeline.rs,home-mixer,S01;S02,S01,FULL_SOURCE_REVIEW,D01;D08
home-mixer/candidate_pipeline/mod.rs,home-mixer,S01,S01,FULL_SOURCE_REVIEW,D01
home-mixer/candidate_pipeline/phoenix_candidate_pipeline.rs,home-mixer,S01;S05,S01,FULL_SOURCE_REVIEW,D01;D03;D05
home-mixer/candidate_pipeline/phoenix_scores_pipeline.rs,home-mixer,S01;S05,S01,FULL_SOURCE_REVIEW,D01;D03;D05
home-mixer/candidate_pipeline/ranked_following_candidate_pipeline.rs,home-mixer,S01,S01,FULL_SOURCE_REVIEW,D01
home-mixer/candidate_pipeline/reverse_chron_posts_pipeline.rs,home-mixer,S01,S01,FULL_SOURCE_REVIEW,D01
home-mixer/clients/ad_index_client.rs,home-mixer,S01,S01,FULL_SOURCE_REVIEW,D16;D01
home-mixer/clients/engagement_counts_client.rs,home-mixer,S01,S01,FULL_SOURCE_REVIEW,D16;D01
home-mixer/clients/engagement_signals_client.rs,home-mixer,S01,S01,FULL_SOURCE_REVIEW,D16;D01
home-mixer/clients/gizmoduck_client.rs,home-mixer,S01,S01,FULL_SOURCE_REVIEW,D16;D01
home-mixer/clients/impressed_posts_client.rs,home-mixer,S01,S01,FULL_SOURCE_REVIEW,D16;D01
home-mixer/clients/mod.rs,home-mixer,S01,S01,FULL_SOURCE_REVIEW,D16;D01
home-mixer/clients/night_owl_client.rs,home-mixer,S01,S01,FULL_SOURCE_REVIEW,D16;D01
home-mixer/clients/past_request_timestamps_client.rs,home-mixer,S01,S01,FULL_SOURCE_REVIEW,D16;D01
home-mixer/clients/prompts_client.rs,home-mixer,S01,S01,FULL_SOURCE_REVIEW,D16;D01
home-mixer/clients/resurrection_date_client.rs,home-mixer,S01,S01,FULL_SOURCE_REVIEW,D16;D01
home-mixer/clients/rotating_channel.rs,home-mixer,S01,S01,FULL_SOURCE_REVIEW,D16;D01
home-mixer/clients/s2s.rs,home-mixer,S01,S01,FULL_SOURCE_REVIEW,D16;D01
home-mixer/clients/served_history_client.rs,home-mixer,S01,S01,FULL_SOURCE_REVIEW,D16;D01
home-mixer/clients/simclusters_ann_client.rs,home-mixer,S01,S01,FULL_SOURCE_REVIEW,D16;D01
home-mixer/clients/tweet_entity_service_client.rs,home-mixer,S01,S01,FULL_SOURCE_REVIEW,D16;D01
home-mixer/clients/uas_fetcher.rs,home-mixer,S01,S01,FULL_SOURCE_REVIEW,D16;D01
home-mixer/clients/user_action_aggregation_client.rs,home-mixer,S01,S01,FULL_SOURCE_REVIEW,D16;D01
home-mixer/clients/vm_ranker_client.rs,home-mixer,S01,S01,FULL_SOURCE_REVIEW,D16;D01
home-mixer/clients/who_to_follow_client.rs,home-mixer,S01,S01,FULL_SOURCE_REVIEW,D16;D01
home-mixer/config.rs,home-mixer,S01;S17,S01,FULL_SOURCE_REVIEW,D01;D16;D17
home-mixer/dark_traffic_setup.rs,home-mixer,S01;S18,S01,FULL_SOURCE_REVIEW,D01;D16;D18
home-mixer/filters/ad_adjacent_served_filter.rs,home-mixer,S01;S02,S01,FULL_SOURCE_REVIEW,D07;D01
home-mixer/filters/age_filter.rs,home-mixer,S01;S02,S01,FULL_SOURCE_REVIEW,D07;D01
home-mixer/filters/ancillary_vf_filter.rs,home-mixer,S01;S02;S14,S01,FULL_SOURCE_REVIEW,D07;D01;D12
home-mixer/filters/author_socialgraph_filter.rs,home-mixer,S01;S02,S01,FULL_SOURCE_REVIEW,D07;D01
home-mixer/filters/brazil_2026_election_filter.rs,home-mixer,S01;S02;S14,S01,FULL_SOURCE_REVIEW,D07;D01;D12
home-mixer/filters/core_data_hydration_filter.rs,home-mixer,S01;S02,S01,FULL_SOURCE_REVIEW,D07;D01
home-mixer/filters/dedup_conversation_filter.rs,home-mixer,S01;S02,S01,FULL_SOURCE_REVIEW,D07;D01
home-mixer/filters/drop_duplicates_filter.rs,home-mixer,S01;S02,S01,FULL_SOURCE_REVIEW,D07;D01
home-mixer/filters/following_retweet_deduplication_filter.rs,home-mixer,S01;S02,S01,FULL_SOURCE_REVIEW,D07;D01
home-mixer/filters/ineligible_subscription_filter.rs,home-mixer,S01;S02,S01,FULL_SOURCE_REVIEW,D07;D01
home-mixer/filters/invalid_conversation_module_filter.rs,home-mixer,S01;S02,S01,FULL_SOURCE_REVIEW,D07;D01
home-mixer/filters/inventory_holdout_filter.rs,home-mixer,S01;S02,S01,FULL_SOURCE_REVIEW,D07;D01
home-mixer/filters/mod.rs,home-mixer,S01;S02,S01,FULL_SOURCE_REVIEW,D07;D01
home-mixer/filters/muted_keyword_filter.rs,home-mixer,S01;S02,S01,FULL_SOURCE_REVIEW,D07;D01
home-mixer/filters/new_user_min_engagement_filter.rs,home-mixer,S01;S02,S01,FULL_SOURCE_REVIEW,D07;D01
home-mixer/filters/oon_nsfw_simclusters_filter.rs,home-mixer,S01;S02,S01,FULL_SOURCE_REVIEW,D07;D01
home-mixer/filters/oon_retweet_reply_filter.rs,home-mixer,S01;S02,S01,FULL_SOURCE_REVIEW,D07;D01
home-mixer/filters/popular_topics_author_dedup_filter.rs,home-mixer,S01;S02,S01,FULL_SOURCE_REVIEW,D07;D01
home-mixer/filters/previously_seen_posts_backup_filter.rs,home-mixer,S01;S02,S01,FULL_SOURCE_REVIEW,D07;D01
home-mixer/filters/previously_seen_posts_filter.rs,home-mixer,S01;S02,S01,FULL_SOURCE_REVIEW,D07;D01
home-mixer/filters/previously_served_posts_filter.rs,home-mixer,S01;S02,S01,FULL_SOURCE_REVIEW,D07;D01
home-mixer/filters/push_to_home_dedup_filter.rs,home-mixer,S01;S02,S01,FULL_SOURCE_REVIEW,D07;D01
home-mixer/filters/result_size_filter.rs,home-mixer,S01;S02,S01,FULL_SOURCE_REVIEW,D07;D01
home-mixer/filters/retweet_deduplication_filter.rs,home-mixer,S01;S02,S01,FULL_SOURCE_REVIEW,D07;D01
home-mixer/filters/self_reply_chain_filter.rs,home-mixer,S01;S02,S01,FULL_SOURCE_REVIEW,D07;D01
home-mixer/filters/self_tweet_filter.rs,home-mixer,S01;S02,S01,FULL_SOURCE_REVIEW,D07;D01
home-mixer/filters/topic_ids_filter.rs,home-mixer,S01;S02,S01,FULL_SOURCE_REVIEW,D07;D01
home-mixer/filters/vf_filter.rs,home-mixer,S01;S02;S14,S01,FULL_SOURCE_REVIEW,D07;D01;D12
home-mixer/filters/video_filter.rs,home-mixer,S01;S02,S01,FULL_SOURCE_REVIEW,D07;D01
home-mixer/following_feed_server.rs,home-mixer,S01,S01,FULL_SOURCE_REVIEW,D01;D16
home-mixer/for_you_server.rs,home-mixer,S01,S01,FULL_SOURCE_REVIEW,D01;D16
home-mixer/frames/catalog.rs,home-mixer,S01;S02,S01,FULL_SOURCE_REVIEW,D08;D01
home-mixer/frames/mod.rs,home-mixer,S01;S02,S01,FULL_SOURCE_REVIEW,D08;D01
home-mixer/frames/placement.rs,home-mixer,S01;S02,S01,FULL_SOURCE_REVIEW,D08;D01
home-mixer/frames/plan.rs,home-mixer,S01;S02,S01,FULL_SOURCE_REVIEW,D08;D01
home-mixer/frames/served.rs,home-mixer,S01;S02,S01,FULL_SOURCE_REVIEW,D08;D01
home-mixer/lib.rs,home-mixer,S01,S01,FULL_SOURCE_REVIEW,D01;D16
home-mixer/main.rs,home-mixer,S01,S01,FULL_SOURCE_REVIEW,D01;D16
home-mixer/models/brand_safety.rs,home-mixer,S01,S01,FULL_SOURCE_REVIEW,D01;D16
home-mixer/models/candidate.rs,home-mixer,S01,S01,FULL_SOURCE_REVIEW,D01;D16
home-mixer/models/candidate_features.rs,home-mixer,S01,S01,FULL_SOURCE_REVIEW,D01;D16
home-mixer/models/engagement_signals.rs,home-mixer,S01,S01,FULL_SOURCE_REVIEW,D01;D16
home-mixer/models/in_network_reply.rs,home-mixer,S01,S01,FULL_SOURCE_REVIEW,D01;D16
home-mixer/models/mod.rs,home-mixer,S01,S01,FULL_SOURCE_REVIEW,D01;D16
home-mixer/models/query.rs,home-mixer,S01,S01,FULL_SOURCE_REVIEW,D01;D16
home-mixer/models/user_features.rs,home-mixer,S01,S01,FULL_SOURCE_REVIEW,D01;D16
home-mixer/params/config.rs,home-mixer,S01;S05;S17,S01,FULL_SOURCE_REVIEW,D17;D01;D05
home-mixer/params/mod.rs,home-mixer,S01;S05;S17,S01,FULL_SOURCE_REVIEW,D17;D01;D05
home-mixer/params/param.rs,home-mixer,S01;S05;S17,S01,FULL_SOURCE_REVIEW,D17;D01;D05
home-mixer/phoenix_scores_server.rs,home-mixer,S01,S01,FULL_SOURCE_REVIEW,D01;D16
home-mixer/query_hydrators/blocked_user_ids_query_hydrator.rs,home-mixer,S01;S02,S01,FULL_SOURCE_REVIEW,D01;D16;D07
home-mixer/query_hydrators/cached_posts_query_hydrator.rs,home-mixer,S01,S01,FULL_SOURCE_REVIEW,D01;D16
home-mixer/query_hydrators/explicit_engagement_signals_query_hydrator.rs,home-mixer,S01,S01,FULL_SOURCE_REVIEW,D01;D16
home-mixer/query_hydrators/followed_grok_topics_query_hydrator.rs,home-mixer,S01;S02,S01,FULL_SOURCE_REVIEW,D01;D16;D07
home-mixer/query_hydrators/followed_starter_packs_query_hydrator.rs,home-mixer,S01;S02,S01,FULL_SOURCE_REVIEW,D01;D16;D07
home-mixer/query_hydrators/followed_user_ids_query_hydrator.rs,home-mixer,S01;S02,S01,FULL_SOURCE_REVIEW,D01;D16;D07
home-mixer/query_hydrators/implicit_engagement_signals_query_hydrator.rs,home-mixer,S01,S01,FULL_SOURCE_REVIEW,D01;D16
home-mixer/query_hydrators/impressed_posts_query_hydrator.rs,home-mixer,S01,S01,FULL_SOURCE_REVIEW,D01;D16
home-mixer/query_hydrators/impression_bloom_filter_query_hydrator.rs,home-mixer,S01,S01,FULL_SOURCE_REVIEW,D01;D16
home-mixer/query_hydrators/ip_query_hydrator.rs,home-mixer,S01,S01,FULL_SOURCE_REVIEW,D01;D16
home-mixer/query_hydrators/mod.rs,home-mixer,S01,S01,FULL_SOURCE_REVIEW,D01;D16
home-mixer/query_hydrators/muted_user_ids_query_hydrator.rs,home-mixer,S01;S02,S01,FULL_SOURCE_REVIEW,D01;D16;D07
home-mixer/query_hydrators/mutual_follow_query_hydrator.rs,home-mixer,S01;S02,S01,FULL_SOURCE_REVIEW,D01;D16;D07
home-mixer/query_hydrators/past_request_timestamps_query_hydrator.rs,home-mixer,S01,S01,FULL_SOURCE_REVIEW,D01;D16
home-mixer/query_hydrators/retrieval_sequence_query_hydrator.rs,home-mixer,S01,S01,FULL_SOURCE_REVIEW,D01;D16
home-mixer/query_hydrators/scoring_sequence_query_hydrator.rs,home-mixer,S01,S01,FULL_SOURCE_REVIEW,D01;D16
home-mixer/query_hydrators/served_history_query_hydrator.rs,home-mixer,S01,S01,FULL_SOURCE_REVIEW,D01;D16
home-mixer/query_hydrators/subscribed_user_ids_query_hydrator.rs,home-mixer,S01,S01,FULL_SOURCE_REVIEW,D01;D16
home-mixer/query_hydrators/user_demographics_query_hydrator.rs,home-mixer,S01,S01,FULL_SOURCE_REVIEW,D01;D16
home-mixer/query_hydrators/user_inferred_gender_query_hydrator.rs,home-mixer,S01,S01,FULL_SOURCE_REVIEW,D01;D16
home-mixer/query_hydrators/user_installed_apps_query_hydrator.rs,home-mixer,S01,S01,FULL_SOURCE_REVIEW,D01;D16
home-mixer/ranked_following_feed_server.rs,home-mixer,S01,S01,FULL_SOURCE_REVIEW,D01;D16
home-mixer/scored_posts_server.rs,home-mixer,S01,S01,FULL_SOURCE_REVIEW,D01;D16
home-mixer/scorers/author_cold_start.rs,home-mixer,S01;S05,S01,FULL_SOURCE_REVIEW,D05;D01
home-mixer/scorers/mod.rs,home-mixer,S01;S05,S01,FULL_SOURCE_REVIEW,D05;D01
home-mixer/scorers/phoenix_scorer.rs,home-mixer,S01;S05,S01,FULL_SOURCE_REVIEW,D05;D01
home-mixer/scorers/phoenix_scores_ranking_scorer.rs,home-mixer,S01;S05,S01,FULL_SOURCE_REVIEW,D05;D01
home-mixer/scorers/ranking_scorer.rs,home-mixer,S01;S05,S01,FULL_SOURCE_REVIEW,D05;D01
home-mixer/scorers/value_model_gate.rs,home-mixer,S01;S05,S01,FULL_SOURCE_REVIEW,D05;D01
home-mixer/scorers/vm_ranker.rs,home-mixer,S01;S05,S01,FULL_SOURCE_REVIEW,D05;D01
home-mixer/selectors/blender_selector.rs,home-mixer,S01;S02;S08,S01,FULL_SOURCE_REVIEW,D06;D01;D08
home-mixer/selectors/following_blender_selector.rs,home-mixer,S01;S02;S08,S01,FULL_SOURCE_REVIEW,D06;D01;D08
home-mixer/selectors/mod.rs,home-mixer,S01;S02;S08,S01,FULL_SOURCE_REVIEW,D06;D01
home-mixer/selectors/passthrough_selector.rs,home-mixer,S01;S02;S08,S01,FULL_SOURCE_REVIEW,D06;D01
home-mixer/selectors/top_k_score_selector.rs,home-mixer,S01;S02;S08,S01,FULL_SOURCE_REVIEW,D06;D01
home-mixer/server.rs,home-mixer,S01,S01,FULL_SOURCE_REVIEW,D01;D16
home-mixer/side_effects/ads_injection_logging_side_effect.rs,home-mixer,S01;S18,S01,FULL_SOURCE_REVIEW,D18;D01
home-mixer/side_effects/author_served_metrics_side_effect.rs,home-mixer,S01;S18,S01,FULL_SOURCE_REVIEW,D18;D01
home-mixer/side_effects/client_events_kafka_side_effect.rs,home-mixer,S01;S18,S01,FULL_SOURCE_REVIEW,D18;D01
home-mixer/side_effects/debug_side_effect.rs,home-mixer,S01;S18,S01,FULL_SOURCE_REVIEW,D18;D01
home-mixer/side_effects/mod.rs,home-mixer,S01;S18,S01,FULL_SOURCE_REVIEW,D18;D01
home-mixer/side_effects/mutual_follow_stats_side_effect.rs,home-mixer,S01;S18,S01,FULL_SOURCE_REVIEW,D18;D01
home-mixer/side_effects/phoenix_experiments_side_effect.rs,home-mixer,S01;S18,S01,FULL_SOURCE_REVIEW,D18;D01
home-mixer/side_effects/phoenix_request_cache_side_effect.rs,home-mixer,S01;S18,S01,FULL_SOURCE_REVIEW,D18;D01
home-mixer/side_effects/publish_seen_ids_to_kafka_side_effect.rs,home-mixer,S01;S18,S01,FULL_SOURCE_REVIEW,D18;D01
home-mixer/side_effects/redis_post_candidate_cache_side_effect.rs,home-mixer,S01;S18,S01,FULL_SOURCE_REVIEW,D18;D01
home-mixer/side_effects/reranking_kafka_side_effect.rs,home-mixer,S01;S18,S01,FULL_SOURCE_REVIEW,D18;D01
home-mixer/side_effects/response_stats_side_effect.rs,home-mixer,S01;S18,S01,FULL_SOURCE_REVIEW,D18;D01
home-mixer/side_effects/scored_stats_side_effect.rs,home-mixer,S01;S18,S01,FULL_SOURCE_REVIEW,D18;D01
home-mixer/side_effects/served_ad_history_cache_side_effect.rs,home-mixer,S01;S18,S01,FULL_SOURCE_REVIEW,D18;D01
home-mixer/side_effects/served_candidates_kafka_side_effect.rs,home-mixer,S01;S18,S01,FULL_SOURCE_REVIEW,D18;D01
home-mixer/side_effects/truncate_served_history_side_effect.rs,home-mixer,S01;S18,S01,FULL_SOURCE_REVIEW,D18;D01
home-mixer/side_effects/update_past_request_timestamps_side_effect.rs,home-mixer,S01;S18,S01,FULL_SOURCE_REVIEW,D18;D01
home-mixer/side_effects/update_served_history_side_effect.rs,home-mixer,S01;S18,S01,FULL_SOURCE_REVIEW,D18;D01
home-mixer/sources/ads_source.rs,home-mixer,S01;S05,S01,FULL_SOURCE_REVIEW,D03;D01
home-mixer/sources/cached_posts_source.rs,home-mixer,S01;S05,S01,FULL_SOURCE_REVIEW,D03;D01
home-mixer/sources/feed_survey_source.rs,home-mixer,S01;S05,S01,FULL_SOURCE_REVIEW,D03;D01
home-mixer/sources/following_night_owl_source.rs,home-mixer,S01;S05,S01,FULL_SOURCE_REVIEW,D03;D01
home-mixer/sources/jetfuel_frame_source.rs,home-mixer,S01;S05,S01,FULL_SOURCE_REVIEW,D03;D01
home-mixer/sources/mod.rs,home-mixer,S01;S05,S01,FULL_SOURCE_REVIEW,D03;D01
home-mixer/sources/phoenix_moe_source.rs,home-mixer,S01;S05,S01,FULL_SOURCE_REVIEW,D03;D01
home-mixer/sources/phoenix_source.rs,home-mixer,S01;S05,S01,FULL_SOURCE_REVIEW,D03;D01
home-mixer/sources/phoenix_topics_source.rs,home-mixer,S01;S05,S01,FULL_SOURCE_REVIEW,D03;D01
home-mixer/sources/popular_topics_source.rs,home-mixer,S01;S05,S01,FULL_SOURCE_REVIEW,D03;D01
home-mixer/sources/prompts_source.rs,home-mixer,S01;S05,S01,FULL_SOURCE_REVIEW,D03;D01
home-mixer/sources/push_to_home_source.rs,home-mixer,S01;S05,S01,FULL_SOURCE_REVIEW,D03;D01
home-mixer/sources/reverse_chron_posts_source.rs,home-mixer,S01;S05,S01,FULL_SOURCE_REVIEW,D03;D01
home-mixer/sources/scored_posts_source.rs,home-mixer,S01;S05,S01,FULL_SOURCE_REVIEW,D03;D01
home-mixer/sources/seed_candidates_source.rs,home-mixer,S01;S05,S01,FULL_SOURCE_REVIEW,D03;D01
home-mixer/sources/simclusters_source.rs,home-mixer,S01;S05,S01,FULL_SOURCE_REVIEW,D03;D01
home-mixer/sources/thunder_source.rs,home-mixer,S01;S03;S05,S01,FULL_SOURCE_REVIEW,D02;D03;D01
home-mixer/sources/tweet_mixer_source.rs,home-mixer,S01;S05,S01,FULL_SOURCE_REVIEW,D03;D01
home-mixer/sources/who_to_follow_source.rs,home-mixer,S01;S05,S01,FULL_SOURCE_REVIEW,D03;D01
home-mixer/util/author_rules.rs,home-mixer,S01,S01,FULL_SOURCE_REVIEW,D01;D16
home-mixer/util/candidates_util.rs,home-mixer,S01,S01,FULL_SOURCE_REVIEW,D01;D16
home-mixer/util/conversation_grouping.rs,home-mixer,S01,S01,FULL_SOURCE_REVIEW,D01;D16
home-mixer/util/country_codes.rs,home-mixer,S01,S01,FULL_SOURCE_REVIEW,D01;D16
home-mixer/util/egress.rs,home-mixer,S01,S01,FULL_SOURCE_REVIEW,D01;D16
home-mixer/util/feed_log.rs,home-mixer,S01,S01,FULL_SOURCE_REVIEW,D01;D16
home-mixer/util/mod.rs,home-mixer,S01,S01,FULL_SOURCE_REVIEW,D01;D16
home-mixer/util/phoenix_request.rs,home-mixer,S01,S01,FULL_SOURCE_REVIEW,D01;D16
home-mixer/util/rescore.rs,home-mixer,S01,S01,FULL_SOURCE_REVIEW,D01;D16
home-mixer/util/shadow.rs,home-mixer,S01,S01,FULL_SOURCE_REVIEW,D01;D16
home-mixer/util/string_case.rs,home-mixer,S01,S01,FULL_SOURCE_REVIEW,D01;D16
home-mixer/util/tweet_type_metrics.rs,home-mixer,S01;S18,S01,FULL_SOURCE_REVIEW,D01;D16;D18
home-mixer/util/url.rs,home-mixer,S01,S01,FULL_SOURCE_REVIEW,D01;D16
home-mixer/util/urt/ad_marshaller.rs,home-mixer,S01,S01,FULL_SOURCE_REVIEW,D01;D16
home-mixer/util/urt/client_event.rs,home-mixer,S01,S01,FULL_SOURCE_REVIEW,D01;D16
home-mixer/util/urt/controller_data.rs,home-mixer,S01,S01,FULL_SOURCE_REVIEW,D01;D16
home-mixer/util/urt/convo_marshaller.rs,home-mixer,S01,S01,FULL_SOURCE_REVIEW,D01;D16
home-mixer/util/urt/cursors.rs,home-mixer,S01,S01,FULL_SOURCE_REVIEW,D01;D16
home-mixer/util/urt/feed_survey_marshaller.rs,home-mixer,S01,S01,FULL_SOURCE_REVIEW,D01;D16
home-mixer/util/urt/feedback.rs,home-mixer,S01,S01,FULL_SOURCE_REVIEW,D01;D16
home-mixer/util/urt/frame_marshaller.rs,home-mixer,S01,S01,FULL_SOURCE_REVIEW,D01;D16
home-mixer/util/urt/mod.rs,home-mixer,S01,S01,FULL_SOURCE_REVIEW,D01;D16
home-mixer/util/urt/navigation.rs,home-mixer,S01,S01,FULL_SOURCE_REVIEW,D01;D16
home-mixer/util/urt/new_tweets_pill.rs,home-mixer,S01,S01,FULL_SOURCE_REVIEW,D01;D16
home-mixer/util/urt/post_marshaller.rs,home-mixer,S01,S01,FULL_SOURCE_REVIEW,D01;D16
home-mixer/util/urt/prompt_marshaller.rs,home-mixer,S01,S01,FULL_SOURCE_REVIEW,D01;D16
home-mixer/util/urt/push_to_home_marshaller.rs,home-mixer,S01,S01,FULL_SOURCE_REVIEW,D01;D16
home-mixer/util/urt/reverse_chron_following/cursors.rs,home-mixer,S01,S01,FULL_SOURCE_REVIEW,D01;D16
home-mixer/util/urt/reverse_chron_following/mod.rs,home-mixer,S01,S01,FULL_SOURCE_REVIEW,D01;D16
home-mixer/util/urt/wtf_marshaller.rs,home-mixer,S01,S01,FULL_SOURCE_REVIEW,D01;D16
home-mixer/util/xds.rs,home-mixer,S01,S01,FULL_SOURCE_REVIEW,D01;D16
media-model-proxy/BUILD.bazel,media-model-proxy,S10;S18,S10,REPRO_BUILD_REVIEW,D09;D16;D19
media-model-proxy/README.rst,media-model-proxy,S10,S10,DOC_CONTEXT_VERIFY_AGAINST_CODE,D09;D16
media-model-proxy/config/decider.yml,media-model-proxy,S10;S17,S10,FULL_SOURCE_REVIEW,D09;D16;D17
media-model-proxy/integrationtest/scripts/local.sh,media-model-proxy,S10;S18,S10,TEST_EVIDENCE,D09;D16;D19
media-model-proxy/integrationtest/scripts/workflow.sh,media-model-proxy,S10;S18,S10,TEST_EVIDENCE,D09;D16;D19
media-model-proxy/integrationtest/src/test/resources/com/twitter/media_understanding/model_proxy/integrationtest/BUILD.bazel,media-model-proxy,S10;S18,S10,TEST_EVIDENCE,D09;D16;D19
media-model-proxy/integrationtest/src/test/resources/com/twitter/media_understanding/model_proxy/integrationtest/models.txt,media-model-proxy,S10;S18,S10,TEST_EVIDENCE,D09;D16;D19
media-model-proxy/integrationtest/src/test/scala/com/twitter/media_understanding/model_proxy/integrationtest/BUILD.bazel,media-model-proxy,S10;S18,S10,TEST_EVIDENCE,D09;D16;D19
media-model-proxy/integrationtest/src/test/scala/com/twitter/media_understanding/model_proxy/integrationtest/MediaModelProxyService.scala,media-model-proxy,S10;S18,S10,TEST_EVIDENCE,D09;D16;D19
media-model-proxy/integrationtest/src/test/scala/com/twitter/media_understanding/model_proxy/integrationtest/MediaModelProxyTest.scala,media-model-proxy,S10;S18,S10,TEST_EVIDENCE,D09;D16;D19
media-model-proxy/loadtest/BUILD,media-model-proxy,S10;S18,S10,TEST_EVIDENCE,D09;D16;D19
media-model-proxy/loadtest/config/loadtest.yaml,media-model-proxy,S10;S17;S18,S10,TEST_EVIDENCE,D09;D16;D17;D19
media-model-proxy/loadtest/launcher.sh,media-model-proxy,S10;S18,S10,TEST_EVIDENCE,D09;D16;D19
media-model-proxy/loadtest/logs/.gitignore,media-model-proxy,S10;S18,S10,TEST_EVIDENCE,D09;D16;D19
media-model-proxy/loadtest/src/scala/com/twitter/media_understanding/media_model_proxy/loadtest/BUILD,media-model-proxy,S10;S18,S10,TEST_EVIDENCE,D09;D16;D19
media-model-proxy/loadtest/src/scala/com/twitter/media_understanding/media_model_proxy/loadtest/MediaModelProxyLoadTest.scala,media-model-proxy,S10;S18,S10,TEST_EVIDENCE,D09;D16;D19
media-model-proxy/loadtest/src/scala/com/twitter/media_understanding/media_model_proxy/loadtest/MediaModelProxyLogSampler.scala,media-model-proxy,S10;S18,S10,TEST_EVIDENCE,D09;D16;D19
media-model-proxy/scripts/local.sh,media-model-proxy,S10,S10,FULL_SOURCE_REVIEW,D09;D16
media-model-proxy/src/main/resources/BUILD,media-model-proxy,S10;S18,S10,REPRO_BUILD_REVIEW,D09;D16;D19
media-model-proxy/src/main/resources/META-INF/services/com.twitter.util.tunable.ServiceLoadedTunableMap,media-model-proxy,S10;S17,S10,FULL_SOURCE_REVIEW,D09;D16;D17
media-model-proxy/src/main/resources/com/twitter/tunables/cortex_media_annotator/instances.json,media-model-proxy,S10;S17,S10,FULL_SOURCE_REVIEW,D09;D16;D17
media-model-proxy/src/main/resources/okta_features_metadata.xml,media-model-proxy,S10,S10,FULL_SOURCE_REVIEW,D09;D16
media-model-proxy/src/main/resources/okta_features_prod_metadata.xml,media-model-proxy,S10,S10,FULL_SOURCE_REVIEW,D09;D16
media-model-proxy/src/main/resources/sample-image.jpg,media-model-proxy,S10,S10,ASSET_PROVENANCE_REVIEW,D09;D16
media-model-proxy/src/main/scala/com/twitter/media_understanding/model_proxy/app/BUILD.bazel,media-model-proxy,S10;S18,S10,REPRO_BUILD_REVIEW,D09;D16;D19
media-model-proxy/src/main/scala/com/twitter/media_understanding/model_proxy/app/ModelClientValidator.scala,media-model-proxy,S10,S10,FULL_SOURCE_REVIEW,D09;D16
media-model-proxy/src/main/scala/com/twitter/media_understanding/model_proxy/app/Server.scala,media-model-proxy,S10,S10,FULL_SOURCE_REVIEW,D09;D16
media-model-proxy/src/main/scala/com/twitter/media_understanding/model_proxy/clients/BUILD.bazel,media-model-proxy,S10;S18,S10,REPRO_BUILD_REVIEW,D09;D16;D19
media-model-proxy/src/main/scala/com/twitter/media_understanding/model_proxy/clients/DeepbirdClient.scala,media-model-proxy,S10,S10,FULL_SOURCE_REVIEW,D09;D16
media-model-proxy/src/main/scala/com/twitter/media_understanding/model_proxy/clients/DummyEmbeddingsClient.scala,media-model-proxy,S10,S10,FULL_SOURCE_REVIEW,D09;D16
media-model-proxy/src/main/scala/com/twitter/media_understanding/model_proxy/clients/ModelClient.scala,media-model-proxy,S10,S10,FULL_SOURCE_REVIEW,D09;D16
media-model-proxy/src/main/scala/com/twitter/media_understanding/model_proxy/clients/SwitchingModelClient.scala,media-model-proxy,S10,S10,FULL_SOURCE_REVIEW,D09;D16
media-model-proxy/src/main/scala/com/twitter/media_understanding/model_proxy/config/BUILD,media-model-proxy,S10;S17;S18,S10,REPRO_BUILD_REVIEW,D09;D16;D17;D19
media-model-proxy/src/main/scala/com/twitter/media_understanding/model_proxy/config/Config.scala,media-model-proxy,S10;S17,S10,FULL_SOURCE_REVIEW,D09;D16;D17
media-model-proxy/src/main/scala/com/twitter/media_understanding/model_proxy/config/Deciders.scala,media-model-proxy,S10;S17,S10,FULL_SOURCE_REVIEW,D09;D16;D17
media-model-proxy/src/main/scala/com/twitter/media_understanding/model_proxy/config/Features.scala,media-model-proxy,S10;S17,S10,FULL_SOURCE_REVIEW,D09;D16;D17
media-model-proxy/src/main/scala/com/twitter/media_understanding/model_proxy/config/TunableMap.scala,media-model-proxy,S10;S17,S10,FULL_SOURCE_REVIEW,D09;D16;D17
media-model-proxy/src/main/scala/com/twitter/media_understanding/model_proxy/config/Tunables.scala,media-model-proxy,S10;S17,S10,FULL_SOURCE_REVIEW,D09;D16;D17
media-model-proxy/src/main/scala/com/twitter/media_understanding/model_proxy/controllers/BUILD.bazel,media-model-proxy,S10;S18,S10,REPRO_BUILD_REVIEW,D09;D16;D19
media-model-proxy/src/main/scala/com/twitter/media_understanding/model_proxy/controllers/ProxyController.scala,media-model-proxy,S10,S10,FULL_SOURCE_REVIEW,D09;D16
media-model-proxy/src/main/scala/com/twitter/media_understanding/model_proxy/exception/BUILD.bazel,media-model-proxy,S10;S18,S10,REPRO_BUILD_REVIEW,D09;D16;D19
media-model-proxy/src/main/scala/com/twitter/media_understanding/model_proxy/exception/Exceptions.scala,media-model-proxy,S10,S10,FULL_SOURCE_REVIEW,D09;D16
media-model-proxy/src/main/scala/com/twitter/media_understanding/model_proxy/model_descriptors/BUILD.bazel,media-model-proxy,S10;S18,S10,REPRO_BUILD_REVIEW,D09;D16;D19
media-model-proxy/src/main/scala/com/twitter/media_understanding/model_proxy/model_descriptors/CategoryClassificationEmbeddingsModelDescriptor.scala,media-model-proxy,S10,S10,FULL_SOURCE_REVIEW,D09;D16
media-model-proxy/src/main/scala/com/twitter/media_understanding/model_proxy/model_descriptors/CategoryClassificationModelDescriptor.scala,media-model-proxy,S10,S10,FULL_SOURCE_REVIEW,D09;D16
media-model-proxy/src/main/scala/com/twitter/media_understanding/model_proxy/model_descriptors/FingerprintingModelDescriptor.scala,media-model-proxy,S10,S10,FULL_SOURCE_REVIEW,D09;D16
media-model-proxy/src/main/scala/com/twitter/media_understanding/model_proxy/model_descriptors/FingerprintingV2ModelDescriptor.scala,media-model-proxy,S10,S10,FULL_SOURCE_REVIEW,D09;D16
media-model-proxy/src/main/scala/com/twitter/media_understanding/model_proxy/model_descriptors/HatefulSymbolRecognitionModelDescriptor.scala,media-model-proxy,S10,S10,FULL_SOURCE_REVIEW,D09;D16
media-model-proxy/src/main/scala/com/twitter/media_understanding/model_proxy/model_descriptors/ModelDescriptor.scala,media-model-proxy,S10,S10,FULL_SOURCE_REVIEW,D09;D16
media-model-proxy/src/main/scala/com/twitter/media_understanding/model_proxy/model_descriptors/ModelDescriptorRegistry.scala,media-model-proxy,S10,S10,FULL_SOURCE_REVIEW,D09;D16
media-model-proxy/src/main/scala/com/twitter/media_understanding/model_proxy/model_descriptors/ViolenceAndGoreModelDescriptor.scala,media-model-proxy,S10,S10,FULL_SOURCE_REVIEW,D09;D16
media-model-proxy/src/main/scala/com/twitter/media_understanding/model_proxy/model_descriptors/XXNsfwModelDescriptor.scala,media-model-proxy,S10,S10,FULL_SOURCE_REVIEW,D09;D16
media-model-proxy/src/main/scala/com/twitter/media_understanding/model_proxy/modules/BUILD.bazel,media-model-proxy,S10;S18,S10,REPRO_BUILD_REVIEW,D09;D16;D19
media-model-proxy/src/main/scala/com/twitter/media_understanding/model_proxy/modules/BlobStoreModule.scala,media-model-proxy,S10,S10,FULL_SOURCE_REVIEW,D09;D16
media-model-proxy/src/main/scala/com/twitter/media_understanding/model_proxy/modules/ConfigModule.scala,media-model-proxy,S10;S17,S10,FULL_SOURCE_REVIEW,D09;D16;D17
media-model-proxy/src/main/scala/com/twitter/media_understanding/model_proxy/modules/FeaturesModule.scala,media-model-proxy,S10,S10,FULL_SOURCE_REVIEW,D09;D16
media-model-proxy/src/main/scala/com/twitter/media_understanding/model_proxy/modules/LoadSheddingFilterModule.scala,media-model-proxy,S10,S10,FULL_SOURCE_REVIEW,D09;D16
media-model-proxy/src/main/scala/com/twitter/media_understanding/model_proxy/modules/MediaModelProxyModule.scala,media-model-proxy,S10,S10,FULL_SOURCE_REVIEW,D09;D16
media-model-proxy/src/main/scala/com/twitter/media_understanding/model_proxy/modules/ModelsModule.scala,media-model-proxy,S10,S10,FULL_SOURCE_REVIEW,D09;D16
media-model-proxy/src/main/scala/com/twitter/media_understanding/model_proxy/modules/ScribeLoggerModule.scala,media-model-proxy,S10;S18,S10,FULL_SOURCE_REVIEW,D09;D16;D18
media-model-proxy/src/main/scala/com/twitter/media_understanding/model_proxy/modules/StatsReceiverModule.scala,media-model-proxy,S10,S10,FULL_SOURCE_REVIEW,D09;D16
media-model-proxy/src/main/scala/com/twitter/media_understanding/model_proxy/modules/ThriftDiffyProxyModule.scala,media-model-proxy,S10,S10,FULL_SOURCE_REVIEW,D09;D16
media-model-proxy/src/main/scala/com/twitter/media_understanding/model_proxy/modules/package.scala,media-model-proxy,S10,S10,FULL_SOURCE_REVIEW,D09;D16
media-model-proxy/src/main/scala/com/twitter/media_understanding/model_proxy/services/BUILD.bazel,media-model-proxy,S10;S18,S10,REPRO_BUILD_REVIEW,D09;D16;D19
media-model-proxy/src/main/scala/com/twitter/media_understanding/model_proxy/services/BlobStoreService.scala,media-model-proxy,S10,S10,FULL_SOURCE_REVIEW,D09;D16
media-model-proxy/src/main/scala/com/twitter/media_understanding/model_proxy/services/ModelsService.scala,media-model-proxy,S10,S10,FULL_SOURCE_REVIEW,D09;D16
media-model-proxy/src/main/scala/com/twitter/media_understanding/model_proxy/util/BUILD.bazel,media-model-proxy,S10;S18,S10,REPRO_BUILD_REVIEW,D09;D16;D19
media-model-proxy/src/main/scala/com/twitter/media_understanding/model_proxy/util/ScribeLogger.scala,media-model-proxy,S10;S18,S10,FULL_SOURCE_REVIEW,D09;D16;D18
media-model-proxy/src/main/scala/com/twitter/media_understanding/model_proxy/util/Scriber.scala,media-model-proxy,S10,S10,FULL_SOURCE_REVIEW,D09;D16
media-model-proxy/src/main/thrift/BUILD,media-model-proxy,S10;S18,S10,REPRO_BUILD_REVIEW,D09;D16;D19
media-model-proxy/src/main/thrift/com/twitter/cortex_media_annotator/annotate.thrift,media-model-proxy,S10,S10,FULL_SOURCE_REVIEW,D09;D16
media-model-proxy/src/main/thrift/com/twitter/cortex_media_annotator/annotate_scribe.thrift,media-model-proxy,S10,S10,FULL_SOURCE_REVIEW,D09;D16
media-model-proxy/src/test/resources/BUILD.bazel,media-model-proxy,S10;S18,S10,TEST_EVIDENCE,D09;D16;D19
media-model-proxy/src/test/resources/test_decider_base.yml,media-model-proxy,S10;S17;S18,S10,SYMLINK_REFERENCE,D09;D16;D19;D17
media-model-proxy/src/test/scala/com/twitter/media_understanding/model_proxy/app/BUILD.bazel,media-model-proxy,S10;S18,S10,TEST_EVIDENCE,D09;D16;D19
media-model-proxy/src/test/scala/com/twitter/media_understanding/model_proxy/app/FeatureTest.scala,media-model-proxy,S10;S18,S10,TEST_EVIDENCE,D09;D16;D19
media-model-proxy/src/test/scala/com/twitter/media_understanding/model_proxy/app/StartupTest.scala,media-model-proxy,S10;S18,S10,TEST_EVIDENCE,D09;D16;D19
media-model-proxy/src/test/scala/com/twitter/media_understanding/model_proxy/clients/BUILD.bazel,media-model-proxy,S10;S18,S10,TEST_EVIDENCE,D09;D16;D19
media-model-proxy/src/test/scala/com/twitter/media_understanding/model_proxy/clients/DeepbirdClientSpec.scala,media-model-proxy,S10;S18,S10,TEST_EVIDENCE,D09;D16;D19
media-model-proxy/src/test/scala/com/twitter/media_understanding/model_proxy/clients/DummyEmbeddingsClientSpec.scala,media-model-proxy,S10;S18,S10,TEST_EVIDENCE,D09;D16;D19
media-model-proxy/src/test/scala/com/twitter/media_understanding/model_proxy/clients/SwitchingModelClientSpec.scala,media-model-proxy,S10;S18,S10,TEST_EVIDENCE,D09;D16;D19
media-model-proxy/src/test/scala/com/twitter/media_understanding/model_proxy/config/BUILD.bazel,media-model-proxy,S10;S17;S18,S10,TEST_EVIDENCE,D09;D16;D17;D19
media-model-proxy/src/test/scala/com/twitter/media_understanding/model_proxy/config/FeaturesSpec.scala,media-model-proxy,S10;S17;S18,S10,TEST_EVIDENCE,D09;D16;D17;D19
media-model-proxy/src/test/scala/com/twitter/media_understanding/model_proxy/model_descriptors/BUILD.bazel,media-model-proxy,S10;S18,S10,TEST_EVIDENCE,D09;D16;D19
media-model-proxy/src/test/scala/com/twitter/media_understanding/model_proxy/model_descriptors/CategoryClassificationEmbeddingsModelDescriptorSpec.scala,media-model-proxy,S10;S18,S10,TEST_EVIDENCE,D09;D16;D19
media-model-proxy/src/test/scala/com/twitter/media_understanding/model_proxy/model_descriptors/CategoryClassificationModelDescriptorSpec.scala,media-model-proxy,S10;S18,S10,TEST_EVIDENCE,D09;D16;D19
media-model-proxy/src/test/scala/com/twitter/media_understanding/model_proxy/model_descriptors/FingerprintingModelDescriptorSpec.scala,media-model-proxy,S10;S18,S10,TEST_EVIDENCE,D09;D16;D19
media-model-proxy/src/test/scala/com/twitter/media_understanding/model_proxy/model_descriptors/FingerprintingV2ModelDescriptorSpec.scala,media-model-proxy,S10;S18,S10,TEST_EVIDENCE,D09;D16;D19
media-model-proxy/src/test/scala/com/twitter/media_understanding/model_proxy/model_descriptors/HatefulSymbolRecognitionModelDescriptorSpec.scala,media-model-proxy,S10;S18,S10,TEST_EVIDENCE,D09;D16;D19
media-model-proxy/src/test/scala/com/twitter/media_understanding/model_proxy/model_descriptors/ViolenceAndGoreModelDescriptorSpec.scala,media-model-proxy,S10;S18,S10,TEST_EVIDENCE,D09;D16;D19
media-model-proxy/src/test/scala/com/twitter/media_understanding/model_proxy/model_descriptors/XXNsfwModelDescriptorSpec.scala,media-model-proxy,S10;S18,S10,TEST_EVIDENCE,D09;D16;D19
media-model-proxy/src/test/scala/com/twitter/media_understanding/model_proxy/modules/BUILD.bazel,media-model-proxy,S10;S18,S10,TEST_EVIDENCE,D09;D16;D19
media-model-proxy/src/test/scala/com/twitter/media_understanding/model_proxy/modules/TestClientModules.scala,media-model-proxy,S10;S18,S10,TEST_EVIDENCE,D09;D16;D19
media-model-proxy/src/test/scala/com/twitter/media_understanding/model_proxy/services/BUILD.bazel,media-model-proxy,S10;S18,S10,TEST_EVIDENCE,D09;D16;D19
media-model-proxy/src/test/scala/com/twitter/media_understanding/model_proxy/services/BlobStoreServiceSpec.scala,media-model-proxy,S10;S18,S10,TEST_EVIDENCE,D09;D16;D19
media-model-proxy/src/test/scala/com/twitter/media_understanding/model_proxy/services/ModelsServiceSpec.scala,media-model-proxy,S10;S18,S10,TEST_EVIDENCE,D09;D16;D19
media-model-proxy/src/test/scala/com/twitter/media_understanding/model_proxy/util/BUILD.bazel,media-model-proxy,S10;S18,S10,TEST_EVIDENCE,D09;D16;D19
media-model-proxy/src/test/scala/com/twitter/media_understanding/model_proxy/util/ScribeLoggerSpec.scala,media-model-proxy,S10;S18,S10,TEST_EVIDENCE,D09;D16;D19;D18
phoenix/Cargo.lock,phoenix,S05;S06;S18,S05,BOUNDARY_TRACE_GENERATED,D16;D15;D03;D05;D19
phoenix/Cargo.toml,phoenix,S05;S06;S17;S18,S05,REPRO_BUILD_REVIEW,D16;D15;D03;D05;D17;D19
phoenix/NOTICE,phoenix,S05;S06;S18,S05,REPRO_BUILD_REVIEW,D19;D15;D03;D05
phoenix/QUICKSTART.md,phoenix,S05;S06,S05,DOC_CONTEXT_VERIFY_AGAINST_CODE,D15;D16
phoenix/README.md,phoenix,S05;S06;S18,S05,DOC_CONTEXT_VERIFY_AGAINST_CODE,D19;D15;D03;D05
phoenix/THIRD_PARTY_NOTICES.md,phoenix,S05;S06;S18,S05,DOC_CONTEXT_VERIFY_AGAINST_CODE,D19;D15;D03;D05
phoenix/TRAINING.md,phoenix,S05;S06,S05,DOC_CONTEXT_VERIFY_AGAINST_CODE,D15;D16
phoenix/crates/common/xai-recsys/Cargo.toml,phoenix,S05;S06;S17;S18,S05,REPRO_BUILD_REVIEW,D16;D03;D05;D15;D17;D19
phoenix/crates/common/xai-recsys/build.rs,phoenix,S05;S06;S18,S05,REPRO_BUILD_REVIEW,D16;D03;D05;D15;D19
phoenix/crates/common/xai-recsys/pyproject.toml,phoenix,S05;S06;S17;S18,S05,REPRO_BUILD_REVIEW,D16;D03;D05;D15;D17;D19
phoenix/crates/common/xai-recsys/src/lib.rs,phoenix,S05;S06,S05,FULL_SOURCE_REVIEW,D16;D03;D05;D15
phoenix/crates/common/xai-recsys/src/model_config.rs,phoenix,S05;S06;S17,S05,FULL_SOURCE_REVIEW,D17;D15;D03;D05
phoenix/crates/common/xai-recsys/src/util.rs,phoenix,S05;S06,S05,FULL_SOURCE_REVIEW,D16;D03;D05;D15
phoenix/crates/serving/xai-recsys-engine/Cargo.toml,phoenix,S05;S06;S17;S18,S05,REPRO_BUILD_REVIEW,D05;D03;D16;D17;D19
phoenix/crates/serving/xai-recsys-engine/pyproject.toml,phoenix,S05;S06;S17;S18,S05,REPRO_BUILD_REVIEW,D05;D03;D16;D17;D19
phoenix/crates/serving/xai-recsys-engine/src/adler32.rs,phoenix,S05;S06,S05,FULL_SOURCE_REVIEW,D05;D03;D16
phoenix/crates/serving/xai-recsys-engine/src/admission.rs,phoenix,S05;S06,S05,FULL_SOURCE_REVIEW,D05;D03;D16
phoenix/crates/serving/xai-recsys-engine/src/bin/checkpoint_server.rs,phoenix,S05;S06,S05,FULL_SOURCE_REVIEW,D15;D16
phoenix/crates/serving/xai-recsys-engine/src/checkpoint_proxy.rs,phoenix,S05;S06,S05,FULL_SOURCE_REVIEW,D15;D16
phoenix/crates/serving/xai-recsys-engine/src/checkpoint_proxy_metrics.rs,phoenix,S05;S06;S18,S05,FULL_SOURCE_REVIEW,D15;D16;D18
phoenix/crates/serving/xai-recsys-engine/src/checkpoint_store.rs,phoenix,S05;S06,S05,FULL_SOURCE_REVIEW,D15;D16
phoenix/crates/serving/xai-recsys-engine/src/const.rs,phoenix,S05;S06,S05,FULL_SOURCE_REVIEW,D05;D03;D16
phoenix/crates/serving/xai-recsys-engine/src/copy.rs,phoenix,S05;S06,S05,FULL_SOURCE_REVIEW,D05;D03;D16
phoenix/crates/serving/xai-recsys-engine/src/copy_manifest.rs,phoenix,S05;S06,S05,FULL_SOURCE_REVIEW,D05;D03;D16
phoenix/crates/serving/xai-recsys-engine/src/copy_port_client.rs,phoenix,S05;S06,S05,FULL_SOURCE_REVIEW,D05;D03;D16
phoenix/crates/serving/xai-recsys-engine/src/emb_table.rs,phoenix,S05;S06,S05,FULL_SOURCE_REVIEW,D05;D03;D16
phoenix/crates/serving/xai-recsys-engine/src/grpc_compression.rs,phoenix,S05;S06,S05,FULL_SOURCE_REVIEW,D05;D03;D16
phoenix/crates/serving/xai-recsys-engine/src/grpc_util.rs,phoenix,S05;S06,S05,FULL_SOURCE_REVIEW,D05;D03;D16
phoenix/crates/serving/xai-recsys-engine/src/host_buffer.rs,phoenix,S05;S06,S05,FULL_SOURCE_REVIEW,D05;D03;D16
phoenix/crates/serving/xai-recsys-engine/src/ibverbs_util.rs,phoenix,S05;S06,S05,FULL_SOURCE_REVIEW,D05;D03;D16
phoenix/crates/serving/xai-recsys-engine/src/lib.rs,phoenix,S05;S06,S05,FULL_SOURCE_REVIEW,D05;D03;D16
phoenix/crates/serving/xai-recsys-engine/src/mem_util.rs,phoenix,S05;S06,S05,FULL_SOURCE_REVIEW,D05;D03;D16
phoenix/crates/serving/xai-recsys-engine/src/multimodal_retrieval.rs,phoenix,S05;S06,S05,FULL_SOURCE_REVIEW,D03;D16
phoenix/crates/serving/xai-recsys-engine/src/proto_parser.rs,phoenix,S05;S06,S05,FULL_SOURCE_REVIEW,D05;D03;D16
phoenix/crates/serving/xai-recsys-engine/src/python.rs,phoenix,S05;S06,S05,FULL_SOURCE_REVIEW,D05;D03;D16
phoenix/crates/serving/xai-recsys-engine/src/request_metrics.rs,phoenix,S05;S06;S18,S05,FULL_SOURCE_REVIEW,D05;D03;D16;D18
phoenix/crates/serving/xai-recsys-engine/src/request_queue.rs,phoenix,S05;S06,S05,FULL_SOURCE_REVIEW,D05;D03;D16
phoenix/crates/serving/xai-recsys-engine/src/sid_client.rs,phoenix,S05;S06,S05,FULL_SOURCE_REVIEW,D03;D16
phoenix/crates/serving/xai-recsys-engine/src/storage_util.rs,phoenix,S05;S06,S05,FULL_SOURCE_REVIEW,D05;D03;D16
phoenix/crates/serving/xai-recsys-engine/src/tls.rs,phoenix,S05;S06,S05,FULL_SOURCE_REVIEW,D05;D03;D16
phoenix/crates/serving/xai-recsys-engine/src/util.rs,phoenix,S05;S06,S05,FULL_SOURCE_REVIEW,D05;D03;D16
phoenix/crates/serving/xai-recsys-engine/xai_recsys_engine.pyi,phoenix,S05;S06,S05,FULL_SOURCE_REVIEW,D05;D03;D16
phoenix/crates/serving/xai-recsys-mm-server/Cargo.toml,phoenix,S05;S06;S17;S18,S05,REPRO_BUILD_REVIEW,D05;D03;D16;D17;D19
phoenix/crates/serving/xai-recsys-mm-server/src/embedding_cache.rs,phoenix,S05;S06,S05,FULL_SOURCE_REVIEW,D05;D03;D16
phoenix/crates/serving/xai-recsys-mm-server/src/events.rs,phoenix,S05;S06,S05,BOUNDARY_TRACE_GENERATED,D05;D03;D16
phoenix/crates/serving/xai-recsys-mm-server/src/lib.rs,phoenix,S05;S06,S05,FULL_SOURCE_REVIEW,D05;D03;D16
phoenix/crates/serving/xai-recsys-mm-server/src/mm_embedding_client.rs,phoenix,S05;S06,S05,FULL_SOURCE_REVIEW,D05;D03;D16
phoenix/crates/serving/xai-recsys-mm-server/src/mm_embedding_fetcher.rs,phoenix,S05;S06,S05,FULL_SOURCE_REVIEW,D05;D03;D16
phoenix/crates/serving/xai-recsys-mm-server/src/o2.rs,phoenix,S05;S06,S05,FULL_SOURCE_REVIEW,D05;D03;D16
phoenix/crates/serving/xai-recsys-mm-server/src/python.rs,phoenix,S05;S06,S05,FULL_SOURCE_REVIEW,D05;D03;D16
phoenix/crates/serving/xai-recsys-mm-server/src/snapshot.rs,phoenix,S05;S06,S05,FULL_SOURCE_REVIEW,D05;D03;D16
phoenix/crates/serving/xai-recsys-mm-server/src/snowflake.rs,phoenix,S05;S06,S05,FULL_SOURCE_REVIEW,D05;D03;D16
phoenix/crates/serving/xai-recsys-proto/Cargo.toml,phoenix,S05;S06;S17;S18,S05,REPRO_BUILD_REVIEW,D05;D03;D16;D17;D19
phoenix/crates/serving/xai-recsys-proto/build.rs,phoenix,S05;S06;S18,S05,REPRO_BUILD_REVIEW,D05;D03;D16;D19
phoenix/crates/serving/xai-recsys-proto/proto/recsys.proto,phoenix,S05;S06,S05,FULL_SOURCE_REVIEW,D05;D03;D16
phoenix/crates/serving/xai-recsys-proto/proto/recsys_features.proto,phoenix,S05;S06,S05,FULL_SOURCE_REVIEW,D05;D03;D16
phoenix/crates/serving/xai-recsys-proto/proto/served_feed.proto,phoenix,S05;S06,S05,FULL_SOURCE_REVIEW,D05;D03;D16
phoenix/crates/serving/xai-recsys-proto/src/grok_topics.rs,phoenix,S05;S06,S05,FULL_SOURCE_REVIEW,D05;D03;D16
phoenix/crates/serving/xai-recsys-proto/src/installed_apps.rs,phoenix,S05;S06,S05,FULL_SOURCE_REVIEW,D05;D03;D16
phoenix/crates/serving/xai-recsys-proto/src/lib.rs,phoenix,S05;S06,S05,FULL_SOURCE_REVIEW,D05;D03;D16
phoenix/crates/serving/xai-recsys-proto/src/starter_packs.rs,phoenix,S05;S06,S05,FULL_SOURCE_REVIEW,D05;D03;D16
phoenix/crates/serving/xai-recsys-server/Cargo.toml,phoenix,S05;S06;S17;S18,S05,REPRO_BUILD_REVIEW,D05;D03;D16;D17;D19
phoenix/crates/serving/xai-recsys-server/src/lib.rs,phoenix,S05;S06,S05,FULL_SOURCE_REVIEW,D05;D03;D16
phoenix/crates/serving/xai-recsys-server/src/load_gauge.rs,phoenix,S05;S06,S05,FULL_SOURCE_REVIEW,D05;D03;D16
phoenix/crates/serving/xai-recsys-server/src/readyz.rs,phoenix,S05;S06,S05,FULL_SOURCE_REVIEW,D05;D03;D16
phoenix/crates/serving/xai-recsys-sid-proto/Cargo.toml,phoenix,S05;S06;S17;S18,S05,REPRO_BUILD_REVIEW,D03;D16;D17;D19
phoenix/crates/serving/xai-recsys-sid-proto/build.rs,phoenix,S05;S06;S18,S05,REPRO_BUILD_REVIEW,D03;D16;D19
phoenix/crates/serving/xai-recsys-sid-proto/proto/sid_lookup.proto,phoenix,S05;S06,S05,FULL_SOURCE_REVIEW,D03;D16
phoenix/crates/serving/xai-recsys-sid-proto/src/lib.rs,phoenix,S05;S06,S05,FULL_SOURCE_REVIEW,D03;D16
phoenix/pyproject.toml,phoenix,S05;S06;S17;S18,S05,REPRO_BUILD_REVIEW,D16;D15;D03;D05;D17;D19
phoenix/python/common/xai-configlib/pyproject.toml,phoenix,S05;S06;S17;S18,S05,REPRO_BUILD_REVIEW,D17;D15;D03;D05;D19
phoenix/python/common/xai-configlib/src/xai_configlib/__init__.py,phoenix,S05;S06;S17,S05,FULL_SOURCE_REVIEW,D17;D15;D03;D05
phoenix/python/common/xai-configlib/src/xai_configlib/py.typed,phoenix,S05;S06;S17,S05,FULL_SOURCE_REVIEW,D17;D15;D03;D05
phoenix/python/common/xai-gimmick/pyproject.toml,phoenix,S05;S06;S17;S18,S05,REPRO_BUILD_REVIEW,D16;D03;D05;D15;D17;D19
phoenix/python/common/xai-gimmick/src/xai_gimmick/__init__.py,phoenix,S05;S06,S05,FULL_SOURCE_REVIEW,D16;D03;D05;D15
phoenix/python/common/xai-proto/backend_proxy.py,phoenix,S05;S06,S05,FULL_SOURCE_REVIEW,D16;D03;D05;D15
phoenix/python/common/xai-proto/hatch_build.py,phoenix,S05;S06,S05,FULL_SOURCE_REVIEW,D16;D03;D05;D15
phoenix/python/common/xai-proto/proto/copy.proto,phoenix,S05;S06,S05,FULL_SOURCE_REVIEW,D16;D03;D05;D15
phoenix/python/common/xai-proto/proto/recsys.proto,phoenix,S05;S06,S05,FULL_SOURCE_REVIEW,D16;D03;D05;D15
phoenix/python/common/xai-proto/proto/recsys_kafka.proto,phoenix,S05;S06,S05,FULL_SOURCE_REVIEW,D16;D03;D05;D15
phoenix/python/common/xai-proto/pyproject.toml,phoenix,S05;S06;S17;S18,S05,REPRO_BUILD_REVIEW,D16;D03;D05;D15;D17;D19
phoenix/python/common/xai-proto/xai_proto/__init__.py,phoenix,S05;S06,S05,FULL_SOURCE_REVIEW,D16;D03;D05;D15
phoenix/python/training/xai-checkpointing/pyproject.toml,phoenix,S05;S06;S17;S18,S05,REPRO_BUILD_REVIEW,D15;D16;D17;D19
phoenix/python/training/xai-checkpointing/xai_checkpointing/__init__.py,phoenix,S05;S06,S05,FULL_SOURCE_REVIEW,D15;D16
phoenix/python/training/xai-checkpointing/xai_checkpointing/adler32_zlib.py,phoenix,S05;S06,S05,FULL_SOURCE_REVIEW,D15;D16
phoenix/python/training/xai-checkpointing/xai_checkpointing/checksum.py,phoenix,S05;S06,S05,FULL_SOURCE_REVIEW,D15;D16
phoenix/python/training/xai-checkpointing/xai_checkpointing/common.py,phoenix,S05;S06,S05,FULL_SOURCE_REVIEW,D15;D16
phoenix/python/training/xai-checkpointing/xai_checkpointing/fix_jax.py,phoenix,S05;S06,S05,FULL_SOURCE_REVIEW,D15;D16
phoenix/python/training/xai-checkpointing/xai_checkpointing/load.py,phoenix,S05;S06,S05,FULL_SOURCE_REVIEW,D15;D16
phoenix/python/training/xai-checkpointing/xai_checkpointing/tree_util.py,phoenix,S05;S06,S05,FULL_SOURCE_REVIEW,D15;D16
phoenix/reference/README.md,phoenix,S05;S06;S18,S05,DOC_CONTEXT_VERIFY_AGAINST_CODE,D19;D15;D03;D05
phoenix/reference/_sid_proto/sid_lookup_pb2.py,phoenix,S05;S06;S18,S05,BOUNDARY_TRACE_GENERATED,D03;D16;D19
phoenix/reference/_sid_proto/sid_lookup_pb2_grpc.py,phoenix,S05;S06;S18,S05,BOUNDARY_TRACE_GENERATED,D03;D16;D19
phoenix/reference/dump_gen.py,phoenix,S05;S06;S18,S05,EXAMPLE_REFERENCE_REVIEW,D19;D15;D03;D05
phoenix/reference/example_data/example_posts.py,phoenix,S05;S06;S18,S05,EXAMPLE_REFERENCE_REVIEW,D19;D15;D03;D05
phoenix/reference/gen_recs_artifacts_gen.py,phoenix,S05;S06;S18,S05,EXAMPLE_REFERENCE_REVIEW,D05;D16;D19
phoenix/reference/mm_encoder.py,phoenix,S05;S06;S18,S05,EXAMPLE_REFERENCE_REVIEW,D19;D15;D03;D05
phoenix/reference/mm_snapshot_gen.py,phoenix,S05;S06;S18,S05,EXAMPLE_REFERENCE_REVIEW,D19;D15;D03;D05
phoenix/reference/oss_recsys_synth.py,phoenix,S05;S06;S18,S05,EXAMPLE_REFERENCE_REVIEW,D19;D15;D03;D05
phoenix/reference/repack_checkpoint.py,phoenix,S05;S06;S18,S05,EXAMPLE_REFERENCE_REVIEW,D15;D16;D19
phoenix/reference/retrieve_then_rank.py,phoenix,S05;S06;S18,S05,EXAMPLE_REFERENCE_REVIEW,D19;D15;D03;D05
phoenix/reference/sid_assign.py,phoenix,S05;S06;S18,S05,EXAMPLE_REFERENCE_REVIEW,D03;D16;D19
phoenix/reference/sid_codebook.py,phoenix,S05;S06;S18,S05,EXAMPLE_REFERENCE_REVIEW,D03;D16;D19
phoenix/reference/sid_index_server.py,phoenix,S05;S06;S18,S05,EXAMPLE_REFERENCE_REVIEW,D03;D16;D19
phoenix/reference/sid_io.py,phoenix,S05;S06;S18,S05,EXAMPLE_REFERENCE_REVIEW,D03;D16;D19
phoenix/reference/sid_mock_server.py,phoenix,S05;S06;S18,S05,FIXTURE_EVIDENCE,D03;D16;D19
phoenix/reference/sid_snapshot_gen.py,phoenix,S05;S06;S18,S05,EXAMPLE_REFERENCE_REVIEW,D03;D16;D19
phoenix/reference/train_step.py,phoenix,S05;S06;S18,S05,EXAMPLE_REFERENCE_REVIEW,D15;D16;D19
phoenix/reference/train_synth.py,phoenix,S05;S06;S18,S05,EXAMPLE_REFERENCE_REVIEW,D15;D16;D19
phoenix/reference/world.py,phoenix,S05;S06;S18,S05,EXAMPLE_REFERENCE_REVIEW,D19;D15;D03;D05
phoenix/reference/world_snapshots.py,phoenix,S05;S06;S18,S05,EXAMPLE_REFERENCE_REVIEW,D19;D15;D03;D05
phoenix/xrex/__init__.py,phoenix,S05;S06,S05,FULL_SOURCE_REVIEW,D16;D15;D03;D05
phoenix/xrex/configs/__init__.py,phoenix,S05;S06;S17,S05,FULL_SOURCE_REVIEW,D17;D15;D03;D05
phoenix/xrex/configs/config.py,phoenix,S05;S06;S17,S05,FULL_SOURCE_REVIEW,D17;D15;D03;D05
phoenix/xrex/configs/config_loader.py,phoenix,S05;S06;S17,S05,FULL_SOURCE_REVIEW,D17;D15;D03;D05
phoenix/xrex/configs/config_registry.py,phoenix,S05;S06;S17,S05,FULL_SOURCE_REVIEW,D17;D15;D03;D05
phoenix/xrex/configs/data_feeds.py,phoenix,S05;S06;S17,S05,FULL_SOURCE_REVIEW,D17;D15;D03;D05
phoenix/xrex/configs/xrecsys.py,phoenix,S05;S06;S17,S05,FULL_SOURCE_REVIEW,D17;D15;D03;D05
phoenix/xrex/configs/xrecsys_gen_recs.py,phoenix,S05;S06;S17,S05,FULL_SOURCE_REVIEW,D05;D16;D17
phoenix/xrex/configs/xrecsys_sid_retrieval.py,phoenix,S05;S06;S17,S05,FULL_SOURCE_REVIEW,D03;D16;D17
phoenix/xrex/configs/xrecsys_sid_variants.py,phoenix,S05;S06;S17,S05,FULL_SOURCE_REVIEW,D03;D16;D17
phoenix/xrex/configs/xrecsys_two_tower.py,phoenix,S05;S06;S17,S05,FULL_SOURCE_REVIEW,D03;D16;D17
phoenix/xrex/configs/xrecsys_two_tower_evals.py,phoenix,S05;S06;S17,S05,FULL_SOURCE_REVIEW,D03;D16;D17
phoenix/xrex/cuda/__init__.py,phoenix,S05;S06,S05,FULL_SOURCE_REVIEW,D16;D15;D05
phoenix/xrex/cuda/adler32/__init__.py,phoenix,S05;S06,S05,FULL_SOURCE_REVIEW,D16;D15;D05
phoenix/xrex/cuda/adler32/src/adler32_api.cc,phoenix,S05;S06,S05,FULL_SOURCE_REVIEW,D16;D15;D05
phoenix/xrex/cuda/adler32/src/adler32_api.cu,phoenix,S05;S06,S05,FULL_SOURCE_REVIEW,D16;D15;D05
phoenix/xrex/cuda/adler32/src/adler32_api.h,phoenix,S05;S06,S05,FULL_SOURCE_REVIEW,D16;D15;D05
phoenix/xrex/cuda/adler32/src/adler32_cpu.cc,phoenix,S05;S06,S05,FULL_SOURCE_REVIEW,D16;D15;D05
phoenix/xrex/cuda/adler32/src/adler32_kernel.cuh,phoenix,S05;S06,S05,FULL_SOURCE_REVIEW,D16;D15;D05
phoenix/xrex/cuda/async_emb/__init__.py,phoenix,S05;S06,S05,FULL_SOURCE_REVIEW,D16;D15;D05
phoenix/xrex/cuda/async_emb/async_emb.py,phoenix,S05;S06,S05,FULL_SOURCE_REVIEW,D16;D15;D05
phoenix/xrex/cuda/async_emb/comm_utils.py,phoenix,S05;S06,S05,FULL_SOURCE_REVIEW,D16;D15;D05
phoenix/xrex/cuda/async_emb/src/async_emb_api.cc,phoenix,S05;S06,S05,FULL_SOURCE_REVIEW,D16;D15;D05
phoenix/xrex/cuda/async_emb/src/async_emb_comm.cc,phoenix,S05;S06,S05,FULL_SOURCE_REVIEW,D16;D15;D05
phoenix/xrex/cuda/async_emb/src/async_emb_comm.hpp,phoenix,S05;S06,S05,FULL_SOURCE_REVIEW,D16;D15;D05
phoenix/xrex/cuda/async_emb/src/async_emb_kernel.cu,phoenix,S05;S06,S05,FULL_SOURCE_REVIEW,D16;D15;D05
phoenix/xrex/cuda/async_emb/src/async_emb_kernel.hpp,phoenix,S05;S06,S05,FULL_SOURCE_REVIEW,D16;D15;D05
phoenix/xrex/cuda/async_emb/src/comm_utils.cc,phoenix,S05;S06,S05,FULL_SOURCE_REVIEW,D16;D15;D05
phoenix/xrex/cuda/async_emb/src/comm_utils.h,phoenix,S05;S06,S05,FULL_SOURCE_REVIEW,D16;D15;D05
phoenix/xrex/cuda/async_emb/src/cuda_error_utils.hpp,phoenix,S05;S06,S05,FULL_SOURCE_REVIEW,D16;D15;D05
phoenix/xrex/cuda/top_k_by_key/__init__.py,phoenix,S05;S06,S05,FULL_SOURCE_REVIEW,D16;D15;D05
phoenix/xrex/cuda/top_k_by_key/src/top_k_by_key_api.cc,phoenix,S05;S06,S05,FULL_SOURCE_REVIEW,D16;D15;D05
phoenix/xrex/cuda/top_k_by_key/src/top_k_by_key_async_api.cc,phoenix,S05;S06,S05,FULL_SOURCE_REVIEW,D16;D15;D05
phoenix/xrex/cuda/top_k_by_key/src/top_k_by_key_async_kernel.cu,phoenix,S05;S06,S05,FULL_SOURCE_REVIEW,D16;D15;D05
phoenix/xrex/cuda/top_k_by_key/src/top_k_by_key_async_kernel.hpp,phoenix,S05;S06,S05,FULL_SOURCE_REVIEW,D16;D15;D05
phoenix/xrex/cuda/top_k_by_key/src/top_k_by_key_kernel.cu,phoenix,S05;S06,S05,FULL_SOURCE_REVIEW,D16;D15;D05
phoenix/xrex/cuda/top_k_by_key/src/top_k_by_key_kernel.hpp,phoenix,S05;S06,S05,FULL_SOURCE_REVIEW,D16;D15;D05
phoenix/xrex/cuda/top_k_by_key/src/top_k_by_key_radix_select_api.cc,phoenix,S05;S06,S05,FULL_SOURCE_REVIEW,D16;D15;D05
phoenix/xrex/cuda/top_k_by_key/src/top_k_by_key_radix_select_kernel.cu,phoenix,S05;S06,S05,FULL_SOURCE_REVIEW,D16;D15;D05
phoenix/xrex/cuda/top_k_by_key/src/top_k_by_key_radix_select_kernel.hpp,phoenix,S05;S06,S05,FULL_SOURCE_REVIEW,D16;D15;D05
phoenix/xrex/cuda/unique/__init__.py,phoenix,S05;S06,S05,FULL_SOURCE_REVIEW,D16;D15;D05
phoenix/xrex/cuda/unique/src/unique_api.cc,phoenix,S05;S06,S05,FULL_SOURCE_REVIEW,D16;D15;D05
phoenix/xrex/cuda/unique/src/unique_kernel.cu,phoenix,S05;S06,S05,FULL_SOURCE_REVIEW,D16;D15;D05
phoenix/xrex/cuda/unique/src/unique_kernel.hpp,phoenix,S05;S06,S05,FULL_SOURCE_REVIEW,D16;D15;D05
phoenix/xrex/cuda/xla_utils/cuda_error_utils.hpp,phoenix,S05;S06,S05,FULL_SOURCE_REVIEW,D16;D15;D05
phoenix/xrex/cuda/xla_utils/thrust_allocator.hpp,phoenix,S05;S06,S05,FULL_SOURCE_REVIEW,D16;D15;D05
phoenix/xrex/cutedsl/__init__.py,phoenix,S05;S06,S05,FULL_SOURCE_REVIEW,D16;D15;D05
phoenix/xrex/cutedsl/ranker_attention_fa4.py,phoenix,S05;S06,S05,FULL_SOURCE_REVIEW,D05;D16
phoenix/xrex/cutedsl/ranker_attention_varlen_fa4.py,phoenix,S05;S06,S05,FULL_SOURCE_REVIEW,D05;D16
phoenix/xrex/cutedsl/ranker_fa4/__init__.py,phoenix,S05;S06,S05,FULL_SOURCE_REVIEW,D05;D16
phoenix/xrex/cutedsl/ranker_fa4/barrier.py,phoenix,S05;S06,S05,FULL_SOURCE_REVIEW,D05;D16
phoenix/xrex/cutedsl/ranker_fa4/blackwell_helpers.py,phoenix,S05;S06,S05,FULL_SOURCE_REVIEW,D05;D16
phoenix/xrex/cutedsl/ranker_fa4/block_info.py,phoenix,S05;S06,S05,FULL_SOURCE_REVIEW,D05;D16
phoenix/xrex/cutedsl/ranker_fa4/block_sparse_utils.py,phoenix,S05;S06,S05,FULL_SOURCE_REVIEW,D05;D16
phoenix/xrex/cutedsl/ranker_fa4/block_sparsity.py,phoenix,S05;S06,S05,FULL_SOURCE_REVIEW,D05;D16
phoenix/xrex/cutedsl/ranker_fa4/copy_utils.py,phoenix,S05;S06,S05,FULL_SOURCE_REVIEW,D05;D16
phoenix/xrex/cutedsl/ranker_fa4/cute_dsl_utils.py,phoenix,S05;S06,S05,FULL_SOURCE_REVIEW,D05;D16
phoenix/xrex/cutedsl/ranker_fa4/fa_logging.py,phoenix,S05;S06;S18,S05,FULL_SOURCE_REVIEW,D05;D16;D18
phoenix/xrex/cutedsl/ranker_fa4/fast_math.py,phoenix,S05;S06,S05,FULL_SOURCE_REVIEW,D05;D16
phoenix/xrex/cutedsl/ranker_fa4/flash_bwd_postprocess.py,phoenix,S05;S06,S05,FULL_SOURCE_REVIEW,D05;D16
phoenix/xrex/cutedsl/ranker_fa4/flash_bwd_sm100.py,phoenix,S05;S06,S05,FULL_SOURCE_REVIEW,D05;D16
phoenix/xrex/cutedsl/ranker_fa4/flash_fwd_sm100.py,phoenix,S05;S06,S05,FULL_SOURCE_REVIEW,D05;D16
phoenix/xrex/cutedsl/ranker_fa4/mask.py,phoenix,S05;S06,S05,FULL_SOURCE_REVIEW,D05;D16
phoenix/xrex/cutedsl/ranker_fa4/mma_sm100_desc.py,phoenix,S05;S06,S05,FULL_SOURCE_REVIEW,D05;D16
phoenix/xrex/cutedsl/ranker_fa4/named_barrier.py,phoenix,S05;S06,S05,FULL_SOURCE_REVIEW,D05;D16
phoenix/xrex/cutedsl/ranker_fa4/pack_gqa.py,phoenix,S05;S06,S05,FULL_SOURCE_REVIEW,D05;D16
phoenix/xrex/cutedsl/ranker_fa4/paged_kv.py,phoenix,S05;S06,S05,FULL_SOURCE_REVIEW,D05;D16
phoenix/xrex/cutedsl/ranker_fa4/pipeline.py,phoenix,S05;S06,S05,FULL_SOURCE_REVIEW,D05;D16
phoenix/xrex/cutedsl/ranker_fa4/seqlen_info.py,phoenix,S05;S06,S05,FULL_SOURCE_REVIEW,D05;D16
phoenix/xrex/cutedsl/ranker_fa4/softmax.py,phoenix,S05;S06,S05,FULL_SOURCE_REVIEW,D05;D16
phoenix/xrex/cutedsl/ranker_fa4/tile_scheduler.py,phoenix,S05;S06,S05,FULL_SOURCE_REVIEW,D05;D16
phoenix/xrex/cutedsl/ranker_fa4/utils.py,phoenix,S05;S06,S05,FULL_SOURCE_REVIEW,D05;D16
phoenix/xrex/data/__init__.py,phoenix,S05;S06,S05,FULL_SOURCE_REVIEW,D15;D16;D03;D05
phoenix/xrex/data/conversion_labels.py,phoenix,S05;S06,S05,FULL_SOURCE_REVIEW,D15;D16;D03;D05
phoenix/xrex/data/grpc_recsys.py,phoenix,S05;S06,S05,FULL_SOURCE_REVIEW,D15;D16;D03;D05
phoenix/xrex/data/parquet_recsys.py,phoenix,S05;S06,S05,FULL_SOURCE_REVIEW,D15;D16;D03;D05
phoenix/xrex/data/parquet_recsys_metadata.py,phoenix,S05;S06,S05,FULL_SOURCE_REVIEW,D15;D16;D03;D05
phoenix/xrex/data/recsys/__init__.py,phoenix,S05;S06,S05,FULL_SOURCE_REVIEW,D15;D16;D03;D05
phoenix/xrex/data/recsys/constants.py,phoenix,S05;S06,S05,FULL_SOURCE_REVIEW,D15;D16;D03;D05
phoenix/xrex/data/recsys/feature_config.py,phoenix,S05;S06;S17,S05,FULL_SOURCE_REVIEW,D15;D16;D03;D05;D17
phoenix/xrex/data/recsys/gen_recs_semantics.py,phoenix,S05;S06,S05,FULL_SOURCE_REVIEW,D05;D16
phoenix/xrex/data/recsys/recsys_batch.py,phoenix,S05;S06,S05,FULL_SOURCE_REVIEW,D15;D16;D03;D05
phoenix/xrex/data/recsys/safety_filter.py,phoenix,S05;S06,S05,FULL_SOURCE_REVIEW,D15;D16;D03;D05
phoenix/xrex/data/recsys/sequence_packing.py,phoenix,S05;S06,S05,FULL_SOURCE_REVIEW,D15;D16;D03;D05
phoenix/xrex/data/retrieval_dataset.py,phoenix,S05;S06,S05,FULL_SOURCE_REVIEW,D15;D16;D03
phoenix/xrex/data/rust_ext.py,phoenix,S05;S06,S05,FULL_SOURCE_REVIEW,D15;D16;D03;D05
phoenix/xrex/data/rust_kafka_recsys.py,phoenix,S05;S06,S05,FULL_SOURCE_REVIEW,D15;D16;D03;D05
phoenix/xrex/data/rust_parquet_recsys.py,phoenix,S05;S06,S05,FULL_SOURCE_REVIEW,D15;D16;D03;D05
phoenix/xrex/data/streaming/__init__.py,phoenix,S05;S06,S05,FULL_SOURCE_REVIEW,D15;D16;D03;D05
phoenix/xrex/data/streaming/kafkaconsumer.py,phoenix,S05;S06,S05,FULL_SOURCE_REVIEW,D15;D16;D03;D05
phoenix/xrex/data/streaming/kafkadispatcherloader.py,phoenix,S05;S06,S05,FULL_SOURCE_REVIEW,D15;D16;D03;D05
phoenix/xrex/data/streaming/kafkaloader.py,phoenix,S05;S06,S05,FULL_SOURCE_REVIEW,D15;D16;D03;D05
phoenix/xrex/driver/__init__.py,phoenix,S05;S06,S05,FULL_SOURCE_REVIEW,D16;D15;D03;D05
phoenix/xrex/driver/config_factory.py,phoenix,S05;S06;S17,S05,FULL_SOURCE_REVIEW,D17;D15;D03;D05
phoenix/xrex/driver/driver.py,phoenix,S05;S06,S05,FULL_SOURCE_REVIEW,D16;D15;D03;D05
phoenix/xrex/driver/driver_local.py,phoenix,S05;S06,S05,FULL_SOURCE_REVIEW,D16;D15;D03;D05
phoenix/xrex/driver/hooks.py,phoenix,S05;S06,S05,FULL_SOURCE_REVIEW,D16;D15;D03;D05
phoenix/xrex/driver/run.py,phoenix,S05;S06,S05,FULL_SOURCE_REVIEW,D16;D15;D03;D05
phoenix/xrex/eval/eval_utils.py,phoenix,S05;S06,S05,FULL_SOURCE_REVIEW,D15;D16
phoenix/xrex/eval/evaluator_recsys.py,phoenix,S05;S06,S05,FULL_SOURCE_REVIEW,D15;D16
phoenix/xrex/eval/metrics.py,phoenix,S05;S06;S18,S05,FULL_SOURCE_REVIEW,D15;D16;D18
phoenix/xrex/eval/metrics_recsys.py,phoenix,S05;S06;S18,S05,FULL_SOURCE_REVIEW,D15;D16;D18
phoenix/xrex/eval/recsys_eval.py,phoenix,S05;S06,S05,FULL_SOURCE_REVIEW,D15;D16
phoenix/xrex/inference/__init__.py,phoenix,S05;S06,S05,FULL_SOURCE_REVIEW,D05;D03;D16
phoenix/xrex/inference/checkpoint_storage.py,phoenix,S05;S06,S05,FULL_SOURCE_REVIEW,D15;D16
phoenix/xrex/inference/debug_logger.py,phoenix,S05;S06;S18,S05,FULL_SOURCE_REVIEW,D05;D03;D16;D18
phoenix/xrex/inference/gen_recs_runner.py,phoenix,S05;S06,S05,FULL_SOURCE_REVIEW,D05;D16
phoenix/xrex/inference/gen_recs_services.py,phoenix,S05;S06,S05,FULL_SOURCE_REVIEW,D05;D16
phoenix/xrex/inference/h2d.py,phoenix,S05;S06,S05,FULL_SOURCE_REVIEW,D05;D03;D16
phoenix/xrex/inference/launch_inference.py,phoenix,S05;S06,S05,FULL_SOURCE_REVIEW,D05;D03;D16
phoenix/xrex/inference/metrics.py,phoenix,S05;S06;S18,S05,FULL_SOURCE_REVIEW,D05;D03;D16;D18
phoenix/xrex/inference/model_runner.py,phoenix,S05;S06,S05,FULL_SOURCE_REVIEW,D05;D03;D16
phoenix/xrex/inference/oss_bench/__init__.py,phoenix,S05;S06,S05,FULL_SOURCE_REVIEW,D05;D03;D16
phoenix/xrex/inference/oss_bench/bench.py,phoenix,S05;S06,S05,FULL_SOURCE_REVIEW,D05;D03;D16
phoenix/xrex/inference/pinned_d2h.py,phoenix,S05;S06,S05,FULL_SOURCE_REVIEW,D05;D03;D16
phoenix/xrex/inference/service_registry.py,phoenix,S05;S06,S05,FULL_SOURCE_REVIEW,D05;D03;D16
phoenix/xrex/inference/serving_filters_runner.py,phoenix,S05;S06,S05,FULL_SOURCE_REVIEW,D05;D03;D16
phoenix/xrex/inference/serving_services.py,phoenix,S05;S06,S05,FULL_SOURCE_REVIEW,D05;D03;D16
phoenix/xrex/inference/sid_post_index.py,phoenix,S05;S06,S05,FULL_SOURCE_REVIEW,D03;D16
phoenix/xrex/inference/sid_retrieval_runner.py,phoenix,S05;S06,S05,FULL_SOURCE_REVIEW,D03;D16
phoenix/xrex/inference/sid_services.py,phoenix,S05;S06,S05,FULL_SOURCE_REVIEW,D03;D16
phoenix/xrex/inference/status_server.py,phoenix,S05;S06,S05,FULL_SOURCE_REVIEW,D05;D03;D16
phoenix/xrex/models/__init__.py,phoenix,S05;S06,S05,FULL_SOURCE_REVIEW,D05;D03;D16
phoenix/xrex/models/attention.py,phoenix,S05;S06,S05,FULL_SOURCE_REVIEW,D05;D03;D16
phoenix/xrex/models/collective_policy.py,phoenix,S05;S06,S05,FULL_SOURCE_REVIEW,D05;D03;D16
phoenix/xrex/models/compress_token_ids.py,phoenix,S05;S06,S05,FULL_SOURCE_REVIEW,D05;D03;D16
phoenix/xrex/models/layers.py,phoenix,S05;S06,S05,FULL_SOURCE_REVIEW,D05;D03;D16
phoenix/xrex/models/linear_layer.py,phoenix,S05;S06,S05,FULL_SOURCE_REVIEW,D05;D03;D16
phoenix/xrex/models/loss_recsys.py,phoenix,S05;S06,S05,FULL_SOURCE_REVIEW,D05;D16
phoenix/xrex/models/model_utils.py,phoenix,S05;S06,S05,FULL_SOURCE_REVIEW,D05;D03;D16
phoenix/xrex/models/normalization.py,phoenix,S05;S06,S05,FULL_SOURCE_REVIEW,D05;D03;D16
phoenix/xrex/models/recsys_attention.py,phoenix,S05;S06,S05,FULL_SOURCE_REVIEW,D05;D16
phoenix/xrex/models/recsys_embedding.py,phoenix,S05;S06,S05,FULL_SOURCE_REVIEW,D05;D03;D16
phoenix/xrex/models/recsys_feature_prep.py,phoenix,S05;S06,S05,FULL_SOURCE_REVIEW,D05;D03;D16
phoenix/xrex/models/recsys_gen_recs_model.py,phoenix,S05;S06,S05,FULL_SOURCE_REVIEW,D05;D16
phoenix/xrex/models/recsys_model.py,phoenix,S05;S06,S05,FULL_SOURCE_REVIEW,D05;D16
phoenix/xrex/models/recsys_sid_retrieval_model.py,phoenix,S05;S06,S05,FULL_SOURCE_REVIEW,D03;D16
phoenix/xrex/models/recsys_two_tower_model.py,phoenix,S05;S06,S05,FULL_SOURCE_REVIEW,D03;D16
phoenix/xrex/models/recsys_two_tower_serving_filters.py,phoenix,S05;S06,S05,FULL_SOURCE_REVIEW,D03;D16
phoenix/xrex/models/recsys_user_features.py,phoenix,S05;S06,S05,FULL_SOURCE_REVIEW,D05;D03;D16
phoenix/xrex/models/remat.py,phoenix,S05;S06,S05,FULL_SOURCE_REVIEW,D05;D03;D16
phoenix/xrex/models/scaling.py,phoenix,S05;S06,S05,FULL_SOURCE_REVIEW,D05;D03;D16
phoenix/xrex/models/sharding_context.py,phoenix,S05;S06,S05,FULL_SOURCE_REVIEW,D05;D03;D16
phoenix/xrex/models/topic_categories.py,phoenix,S05;S06,S05,FULL_SOURCE_REVIEW,D05;D03;D16
phoenix/xrex/models/transformer.py,phoenix,S05;S06,S05,FULL_SOURCE_REVIEW,D05;D03;D16
phoenix/xrex/optimizers/__init__.py,phoenix,S05;S06,S05,FULL_SOURCE_REVIEW,D15;D16
phoenix/xrex/optimizers/optim.py,phoenix,S05;S06,S05,FULL_SOURCE_REVIEW,D15;D16
phoenix/xrex/optimizers/recsys/__init__.py,phoenix,S05;S06,S05,FULL_SOURCE_REVIEW,D15;D16
phoenix/xrex/optimizers/recsys/async_emb_gradient_update.py,phoenix,S05;S06,S05,FULL_SOURCE_REVIEW,D15;D16
phoenix/xrex/optimizers/recsys/config.py,phoenix,S05;S06;S17,S05,FULL_SOURCE_REVIEW,D15;D16;D17
phoenix/xrex/optimizers/recsys/protocol.py,phoenix,S05;S06,S05,FULL_SOURCE_REVIEW,D15;D16
phoenix/xrex/optimizers/recsys/rowwise_adagrad.py,phoenix,S05;S06,S05,FULL_SOURCE_REVIEW,D15;D16
phoenix/xrex/optimizers/schedule.py,phoenix,S05;S06,S05,FULL_SOURCE_REVIEW,D15;D16
phoenix/xrex/pallas/__init__.py,phoenix,S05;S06,S05,FULL_SOURCE_REVIEW,D16;D15;D05
phoenix/xrex/pallas/attention.py,phoenix,S05;S06,S05,FULL_SOURCE_REVIEW,D16;D15;D05
phoenix/xrex/pallas/ranker_attention.py,phoenix,S05;S06,S05,FULL_SOURCE_REVIEW,D05;D16
phoenix/xrex/pallas/ranker_attention_fa3.py,phoenix,S05;S06,S05,FULL_SOURCE_REVIEW,D05;D16
phoenix/xrex/pallas/ranker_attention_utils.py,phoenix,S05;S06,S05,FULL_SOURCE_REVIEW,D05;D16
phoenix/xrex/pallas/ranker_attention_v2.py,phoenix,S05;S06,S05,FULL_SOURCE_REVIEW,D05;D16
phoenix/xrex/pallas/ranker_attention_varlen.py,phoenix,S05;S06,S05,FULL_SOURCE_REVIEW,D05;D16
phoenix/xrex/settings.py,phoenix,S05;S06;S17,S05,FULL_SOURCE_REVIEW,D17;D15;D03;D05
phoenix/xrex/train/__init__.py,phoenix,S05;S06,S05,FULL_SOURCE_REVIEW,D15;D16
phoenix/xrex/train/checkpoint_write.py,phoenix,S05;S06,S05,FULL_SOURCE_REVIEW,D15;D16
phoenix/xrex/train/embedding_loader.py,phoenix,S05;S06,S05,FULL_SOURCE_REVIEW,D15;D16
phoenix/xrex/train/misc.py,phoenix,S05;S06,S05,FULL_SOURCE_REVIEW,D15;D16
phoenix/xrex/train/parallel_config.py,phoenix,S05;S06;S17,S05,FULL_SOURCE_REVIEW,D15;D16;D17
phoenix/xrex/train/trainer.py,phoenix,S05;S06,S05,FULL_SOURCE_REVIEW,D15;D16
phoenix/xrex/train/trainer_gen_recs.py,phoenix,S05;S06,S05,FULL_SOURCE_REVIEW,D15;D16;D05
phoenix/xrex/train/trainer_recsys.py,phoenix,S05;S06,S05,FULL_SOURCE_REVIEW,D15;D16
phoenix/xrex/train/trainer_sid_retrieval.py,phoenix,S05;S06,S05,FULL_SOURCE_REVIEW,D15;D16;D03
phoenix/xrex/utils/__init__.py,phoenix,S05;S06,S05,FULL_SOURCE_REVIEW,D16;D15;D05
phoenix/xrex/utils/aot.py,phoenix,S05;S06,S05,FULL_SOURCE_REVIEW,D16;D15;D05
phoenix/xrex/utils/checkpoint_cloud.py,phoenix,S05;S06,S05,FULL_SOURCE_REVIEW,D15;D16
phoenix/xrex/utils/checkpointing.py,phoenix,S05;S06,S05,FULL_SOURCE_REVIEW,D15;D16
phoenix/xrex/utils/cluster.py,phoenix,S05;S06,S05,FULL_SOURCE_REVIEW,D16;D15;D05
phoenix/xrex/utils/gpu.py,phoenix,S05;S06,S05,FULL_SOURCE_REVIEW,D16;D15;D05
phoenix/xrex/utils/jax_extensions.py,phoenix,S05;S06,S05,FULL_SOURCE_REVIEW,D16;D15;D05
phoenix/xrex/utils/launch_env.py,phoenix,S05;S06,S05,FULL_SOURCE_REVIEW,D16;D15;D05
phoenix/xrex/utils/layer_stack.py,phoenix,S05;S06,S05,FULL_SOURCE_REVIEW,D16;D15;D05
phoenix/xrex/utils/log_timer.py,phoenix,S05;S06,S05,FULL_SOURCE_REVIEW,D16;D15;D05
phoenix/xrex/utils/log_util.py,phoenix,S05;S06,S05,FULL_SOURCE_REVIEW,D16;D15;D05
phoenix/xrex/utils/metadata.py,phoenix,S05;S06,S05,FULL_SOURCE_REVIEW,D16;D15;D05
phoenix/xrex/utils/metrics.py,phoenix,S05;S06;S18,S05,FULL_SOURCE_REVIEW,D16;D15;D05;D18
phoenix/xrex/utils/model.py,phoenix,S05;S06,S05,FULL_SOURCE_REVIEW,D16;D15;D05
phoenix/xrex/utils/nsys.py,phoenix,S05;S06,S05,FULL_SOURCE_REVIEW,D16;D15;D05
phoenix/xrex/utils/ocdbt.py,phoenix,S05;S06,S05,FULL_SOURCE_REVIEW,D16;D15;D05
phoenix/xrex/utils/profiler.py,phoenix,S05;S06,S05,FULL_SOURCE_REVIEW,D16;D15;D05
phoenix/xrex/utils/pyspy_profiler.py,phoenix,S05;S06,S05,FULL_SOURCE_REVIEW,D16;D15;D05
phoenix/xrex/utils/recsys_async_emb_lookup.py,phoenix,S05;S06,S05,FULL_SOURCE_REVIEW,D16;D15;D05
phoenix/xrex/utils/toolbox_notify.py,phoenix,S05;S06,S05,FULL_SOURCE_REVIEW,D16;D15;D05
phoenix/xrex/utils/tracer.py,phoenix,S05;S06;S18,S05,FULL_SOURCE_REVIEW,D16;D15;D05;D18
phoenix/xrex/utils/utils.py,phoenix,S05;S06,S05,FULL_SOURCE_REVIEW,D16;D15;D05
phoenix-rankall/build.rs,phoenix-rankall,S07;S18,S07,REPRO_BUILD_REVIEW,D04;D16;D19
phoenix-rankall/proto/sid_lookup.proto,phoenix-rankall,S07,S07,FULL_SOURCE_REVIEW,D04;D16
phoenix-rankall/src/config/mod.rs,phoenix-rankall,S07;S17,S07,FULL_SOURCE_REVIEW,D04;D16;D17
phoenix-rankall/src/consumer/kafka.rs,phoenix-rankall,S07,S07,FULL_SOURCE_REVIEW,D04;D16
phoenix-rankall/src/consumer/mod.rs,phoenix-rankall,S07,S07,FULL_SOURCE_REVIEW,D04;D16
phoenix-rankall/src/lib.rs,phoenix-rankall,S07,S07,FULL_SOURCE_REVIEW,D04;D16
phoenix-rankall/src/main.rs,phoenix-rankall,S07,S07,FULL_SOURCE_REVIEW,D04;D16
phoenix-rankall/src/metrics/mod.rs,phoenix-rankall,S07;S18,S07,FULL_SOURCE_REVIEW,D04;D16;D18
phoenix-rankall/src/pipeline/mod.rs,phoenix-rankall,S07,S07,FULL_SOURCE_REVIEW,D04;D16
phoenix-rankall/src/processor/analysis_processor.rs,phoenix-rankall,S07,S07,FULL_SOURCE_REVIEW,D04;D16
phoenix-rankall/src/processor/blacklist.rs,phoenix-rankall,S07,S07,FULL_SOURCE_REVIEW,D04;D16
phoenix-rankall/src/processor/gen/hydra.rs,phoenix-rankall,S07,S07,BOUNDARY_TRACE_GENERATED,D04;D16
phoenix-rankall/src/processor/gen/mod.rs,phoenix-rankall,S07,S07,BOUNDARY_TRACE_GENERATED,D04;D16
phoenix-rankall/src/processor/gen/scored_candidate.rs,phoenix-rankall,S07,S07,BOUNDARY_TRACE_GENERATED,D04;D16
phoenix-rankall/src/processor/main_processor.rs,phoenix-rankall,S07,S07,FULL_SOURCE_REVIEW,D04;D16
phoenix-rankall/src/processor/metadata_processor.rs,phoenix-rankall,S07,S07,FULL_SOURCE_REVIEW,D04;D16
phoenix-rankall/src/processor/mod.rs,phoenix-rankall,S07,S07,FULL_SOURCE_REVIEW,D04;D16
phoenix-rankall/src/processor/record.rs,phoenix-rankall,S07,S07,FULL_SOURCE_REVIEW,D04;D16
phoenix-rankall/src/processor/sid_processor.rs,phoenix-rankall,S07,S07,FULL_SOURCE_REVIEW,D04;D16
phoenix-rankall/src/processor/sid_tail_processor.rs,phoenix-rankall,S07,S07,FULL_SOURCE_REVIEW,D04;D16
phoenix-rankall/src/processor/thrift_types.rs,phoenix-rankall,S07,S07,FULL_SOURCE_REVIEW,D04;D16
phoenix-rankall/src/processor/topic_names.rs,phoenix-rankall,S07,S07,FULL_SOURCE_REVIEW,D04;D16
phoenix-rankall/src/processor/topic_processor.rs,phoenix-rankall,S07,S07,FULL_SOURCE_REVIEW,D04;D16
phoenix-rankall/src/sid/backfill.rs,phoenix-rankall,S07,S07,FULL_SOURCE_REVIEW,D04;D16
phoenix-rankall/src/sid/client.rs,phoenix-rankall,S07,S07,FULL_SOURCE_REVIEW,D04;D16
phoenix-rankall/src/sid/metrics.rs,phoenix-rankall,S07;S18,S07,FULL_SOURCE_REVIEW,D04;D16;D18
phoenix-rankall/src/sid/mod.rs,phoenix-rankall,S07,S07,FULL_SOURCE_REVIEW,D04;D16
phoenix-rankall/src/store/analysis.rs,phoenix-rankall,S07,S07,FULL_SOURCE_REVIEW,D04;D16
phoenix-rankall/src/store/base.rs,phoenix-rankall,S07,S07,FULL_SOURCE_REVIEW,D04;D16
phoenix-rankall/src/store/mod.rs,phoenix-rankall,S07,S07,FULL_SOURCE_REVIEW,D04;D16
phoenix-rankall/src/store/snowflake.rs,phoenix-rankall,S07,S07,FULL_SOURCE_REVIEW,D04;D16
phoenix-rankall/src/store/writer.rs,phoenix-rankall,S07,S07,FULL_SOURCE_REVIEW,D04;D16
phoenix-rankall/tests/integration_test.rs,phoenix-rankall,S07,S07,TEST_EVIDENCE,D04;D16
phoenix-rankall/thrift/hydra.thrift,phoenix-rankall,S07,S07,FULL_SOURCE_REVIEW,D04;D16
phoenix-rankall/thrift/scored_candidate.thrift,phoenix-rankall,S07,S07,FULL_SOURCE_REVIEW,D04;D16
phoenix-rankall-strato/columns/favoriteEventProcessor.strato,phoenix-rankall-strato,S07,S07,FULL_SOURCE_REVIEW,D04;D12;D16
phoenix-rankall-strato/columns/kafka/favIndexingEventKafkaTopic.strato,phoenix-rankall-strato,S07,S07,FULL_SOURCE_REVIEW,D04;D12;D16
phoenix-rankall-strato/columns/kafka/indexingEventKafkaBackupTopic.strato,phoenix-rankall-strato,S07,S07,FULL_SOURCE_REVIEW,D04;D12;D16
phoenix-rankall-strato/columns/kafka/indexingEventKafkaTopic.strato,phoenix-rankall-strato,S07,S07,FULL_SOURCE_REVIEW,D04;D12;D16
phoenix-rankall-strato/columns/kafka/metadataEventKafkaTopic.strato,phoenix-rankall-strato,S07,S07,FULL_SOURCE_REVIEW,D04;D12;D16
phoenix-rankall-strato/columns/mh/filteredTopicsByExperiment.strato,phoenix-rankall-strato,S07,S07,FULL_SOURCE_REVIEW,D04;D12;D16
phoenix-rankall-strato/columns/mh/phoenixRankAllPostAuthorMetadata.strato,phoenix-rankall-strato,S07,S07,FULL_SOURCE_REVIEW,D04;D12;D16
phoenix-rankall-strato/columns/phoenix_rank_all/getPostPhoenixRankAllMetadata.strato,phoenix-rankall-strato,S07,S07,FULL_SOURCE_REVIEW,D04;D12;D16
phoenix-rankall-strato/columns/phoenix_rank_all/phoenixRankAllCandidateProcessor.strato,phoenix-rankall-strato,S07,S07,FULL_SOURCE_REVIEW,D04;D12;D16
phoenix-rankall-strato/columns/phoenix_rank_all/postCreationEventProcessor.strato,phoenix-rankall-strato,S07,S07,FULL_SOURCE_REVIEW,D04;D12;D16
phoenix-rankall-strato/columns/scribeEvents.strato,phoenix-rankall-strato,S07,S07,FULL_SOURCE_REVIEW,D04;D12;D16
phoenix-rankall-strato/columns/tweetUpdateThresholdsCache.strato,phoenix-rankall-strato,S07,S07,FULL_SOURCE_REVIEW,D04;D12;D16
phoenix-rankall-strato/lib/eventProcessing.strato,phoenix-rankall-strato,S07,S07,FULL_SOURCE_REVIEW,D04;D12;D16
phoenix-rankall-strato/lib/sharedConfig.strato,phoenix-rankall-strato,S07;S17,S07,FULL_SOURCE_REVIEW,D04;D12;D16;D17
phoenix-rankall-strato/stream_forwarders/favoriteEventForwarder.strato,phoenix-rankall-strato,S07,S07,FULL_SOURCE_REVIEW,D04;D12;D16
phoenix-rankall-strato/stream_forwarders/favoritePhoenixIndexingEventForwarder.strato,phoenix-rankall-strato,S07,S07,FULL_SOURCE_REVIEW,D04;D12;D16
phoenix-rankall-strato/stream_forwarders/postCreationEventForwarder.strato,phoenix-rankall-strato,S07,S07,FULL_SOURCE_REVIEW,D04;D12;D16
pnsfwmedia/model_experimental.py,pnsfwmedia,S10,S10,FULL_SOURCE_REVIEW,D09
safety-label-user-agg/postToUserLabelRules.strato,safety-label-user-agg,S13,S13,FULL_SOURCE_REVIEW,D11;D16
safety-label-user-agg/safetyLabelToUserLevelAggregationV2Forwarder.strato,safety-label-user-agg,S13,S13,FULL_SOURCE_REVIEW,D11;D16
safety-label-user-agg/safetyLabelToUserLevelAggregationV2Processor.strato,safety-label-user-agg,S13,S13,FULL_SOURCE_REVIEW,D11;D16
scarecrow/BotmakerInitializer.scala,scarecrow,S13,S13,FULL_SOURCE_REVIEW,D11;D16
scarecrow/GuiceNamedConstants.scala,scarecrow,S13,S13,FULL_SOURCE_REVIEW,D11;D16
scarecrow/Module.scala,scarecrow,S13,S13,FULL_SOURCE_REVIEW,D11;D16
scarecrow/ScarecrowBotMaker.scala,scarecrow,S13,S13,FULL_SOURCE_REVIEW,D11;D16
scarecrow/ScarecrowRuntime.scala,scarecrow,S13,S13,FULL_SOURCE_REVIEW,D11;D16
scarecrow/Server.scala,scarecrow,S13,S13,FULL_SOURCE_REVIEW,D11;D16
scarecrow/function/ActionIntakeServiceRegistry.scala,scarecrow,S13,S13,FULL_SOURCE_REVIEW,D11;D16
scarecrow/function/JsonRegistry.scala,scarecrow,S13,S13,FULL_SOURCE_REVIEW,D11;D16
scarecrow/function/ListRegistry.scala,scarecrow,S13,S13,FULL_SOURCE_REVIEW,D11;D16
scarecrow/legacy/ActionerRegistry.scala,scarecrow,S13,S13,FULL_SOURCE_REVIEW,D11;D16
scarecrow/legacy/DownstreamServices.scala,scarecrow,S13,S13,FULL_SOURCE_REVIEW,D11;D16
scarecrow/legacy/Fetcher10Functions.scala,scarecrow,S13,S13,FULL_SOURCE_REVIEW,D11;D16
scarecrow/legacy/FlockRegistry.scala,scarecrow,S13,S13,FULL_SOURCE_REVIEW,D11;D16
scarecrow/legacy/FunctionsWithoutDownstreams.scala,scarecrow,S13,S13,FULL_SOURCE_REVIEW,D11;D16
scarecrow/legacy/GizmoduckRegistry.scala,scarecrow,S13,S13,FULL_SOURCE_REVIEW,D11;D16
scarecrow/legacy/GuanoRegistry.scala,scarecrow,S13,S13,FULL_SOURCE_REVIEW,D11;D16
scarecrow/legacy/HllCounterStoreRegistry.scala,scarecrow,S13,S13,FULL_SOURCE_REVIEW,D11;D16
scarecrow/legacy/LimiterRegistry.scala,scarecrow,S13,S13,FULL_SOURCE_REVIEW,D11;D16
scarecrow/legacy/ModelRegistry.scala,scarecrow,S13,S13,FULL_SOURCE_REVIEW,D11;D16
scarecrow/legacy/ReportServiceRegistry.scala,scarecrow,S13,S13,FULL_SOURCE_REVIEW,D11;D16
scarecrow/legacy/SlugToTweetIdStoreRegistry.scala,scarecrow,S13,S13,FULL_SOURCE_REVIEW,D11;D16
scarecrow/legacy/SpamLabelStoreRegistry.scala,scarecrow,S13,S13,FULL_SOURCE_REVIEW,D11;D16
scarecrow/legacy/StratoRegistry.scala,scarecrow,S13,S13,FULL_SOURCE_REVIEW,D11;D16
scarecrow/legacy/TweetServiceRegistry.scala,scarecrow,S13,S13,FULL_SOURCE_REVIEW,D11;D16
scarecrow/legacy/UrlPartsRegistry.scala,scarecrow,S13,S13,FULL_SOURCE_REVIEW,D11;D16
scarecrow/legacy/UrlResolutionRegistry.scala,scarecrow,S13,S13,FULL_SOURCE_REVIEW,D11;D16
scarecrow/legacy/UrlToSlugStoreRegistry.scala,scarecrow,S13,S13,FULL_SOURCE_REVIEW,D11;D16
scarecrow/legacy/UrlVerdictRegistry.scala,scarecrow,S13,S13,FULL_SOURCE_REVIEW,D11;D16
scarecrow/legacy/function/Log.scala,scarecrow,S13,S13,FULL_SOURCE_REVIEW,D11;D16
scarecrow/legacy/function/RateLimited.scala,scarecrow,S13,S13,FULL_SOURCE_REVIEW,D11;D16
scarecrow/sys/FixBotMakerLog.scala,scarecrow,S13,S13,FULL_SOURCE_REVIEW,D11;D16
scarecrow/util/RegexUtils.scala,scarecrow,S13,S13,FULL_SOURCE_REVIEW,D11;D16
simclusters/simclusters_v2/candidate_source/ClusterRanker.scala,simclusters,S04,S04,FULL_SOURCE_REVIEW,D03;D16
simclusters/simclusters_v2/candidate_source/HeavyRanker.scala,simclusters,S04,S04,FULL_SOURCE_REVIEW,D03;D16
simclusters/simclusters_v2/candidate_source/SimClustersANNCandidateSource.scala,simclusters,S04,S04,FULL_SOURCE_REVIEW,D03;D16
simclusters/simclusters_v2/candidate_source/SimClustersANNWrapperCandidateSource.scala,simclusters,S04,S04,FULL_SOURCE_REVIEW,D03;D16
simclusters/simclusters_v2/common/CosineSimilarityUtil.scala,simclusters,S04,S04,FULL_SOURCE_REVIEW,D03;D16
simclusters/simclusters_v2/common/DeciderGateBuilderWithIdHashing.scala,simclusters,S04,S04,FULL_SOURCE_REVIEW,D03;D16
simclusters/simclusters_v2/common/ModelVersions.scala,simclusters,S04,S04,FULL_SOURCE_REVIEW,D03;D16
simclusters/simclusters_v2/common/SeqStandardDeviation.scala,simclusters,S04,S04,FULL_SOURCE_REVIEW,D03;D16
simclusters/simclusters_v2/common/SimClustersEmbedding.scala,simclusters,S04,S04,FULL_SOURCE_REVIEW,D03;D16
simclusters/simclusters_v2/common/SimClustersEmbeddingAttentionUtil.scala,simclusters,S04,S04,FULL_SOURCE_REVIEW,D03;D16
simclusters/simclusters_v2/common/SimClustersEmbeddingId.scala,simclusters,S04,S04,FULL_SOURCE_REVIEW,D03;D16
simclusters/simclusters_v2/common/SimClustersEmbeddingIdCacheKeyBuilder.scala,simclusters,S04,S04,FULL_SOURCE_REVIEW,D03;D16
simclusters/simclusters_v2/common/SimClustersEmbeddingMonoid.scala,simclusters,S04,S04,FULL_SOURCE_REVIEW,D03;D16
simclusters/simclusters_v2/common/SimClustersMultiEmbedding.scala,simclusters,S04,S04,FULL_SOURCE_REVIEW,D03;D16
simclusters/simclusters_v2/common/SimClustersMultiEmbeddingId.scala,simclusters,S04,S04,FULL_SOURCE_REVIEW,D03;D16
simclusters/simclusters_v2/common/clustering/ClusterRepresentativeSelectionMethod.scala,simclusters,S04,S04,FULL_SOURCE_REVIEW,D03;D16
simclusters/simclusters_v2/common/clustering/ClusteringMethod.scala,simclusters,S04,S04,FULL_SOURCE_REVIEW,D03;D16
simclusters/simclusters_v2/common/clustering/ConnectedComponentsClusteringMethod.scala,simclusters,S04,S04,FULL_SOURCE_REVIEW,D03;D16
simclusters/simclusters_v2/common/clustering/LargestDimensionClusteringMethod.scala,simclusters,S04,S04,FULL_SOURCE_REVIEW,D03;D16
simclusters/simclusters_v2/common/clustering/LouvainClusteringMethod.scala,simclusters,S04,S04,FULL_SOURCE_REVIEW,D03;D16
simclusters/simclusters_v2/common/clustering/MaxFavScoreRepresentativeSelectionMethod.scala,simclusters,S04,S04,FULL_SOURCE_REVIEW,D03;D16
simclusters/simclusters_v2/common/clustering/MedoidRepresentativeSelectionMethod.scala,simclusters,S04,S04,FULL_SOURCE_REVIEW,D03;D16
simclusters/simclusters_v2/common/clustering/SimilarityFunctions.scala,simclusters,S04,S04,FULL_SOURCE_REVIEW,D03;D16
simclusters/simclusters_v2/common/ml/SimClustersEmbeddingAdapter.scala,simclusters,S04,S04,FULL_SOURCE_REVIEW,D03;D16
simclusters/simclusters_v2/common/package.scala,simclusters,S04,S04,FULL_SOURCE_REVIEW,D03;D16
simclusters/simclusters_v2/scalding/BipartiteClusterEvaluation.scala,simclusters,S04,S04,FULL_SOURCE_REVIEW,D03;D16
simclusters/simclusters_v2/scalding/BipartiteClusterEvaluationClasses.scala,simclusters,S04,S04,FULL_SOURCE_REVIEW,D03;D16
simclusters/simclusters_v2/scalding/ClusterDetailsJob.scala,simclusters,S04,S04,FULL_SOURCE_REVIEW,D03;D16
simclusters/simclusters_v2/scalding/ClusterEvaluation.scala,simclusters,S04,S04,FULL_SOURCE_REVIEW,D03;D16
simclusters/simclusters_v2/scalding/CompareClusters.scala,simclusters,S04,S04,FULL_SOURCE_REVIEW,D03;D16
simclusters/simclusters_v2/scalding/EigenVectorsForSparseSymmetric.scala,simclusters,S04,S04,FULL_SOURCE_REVIEW,D03;D16
simclusters/simclusters_v2/scalding/InterestedInFromAggregatableProducerEmbeddings.scala,simclusters,S04,S04,FULL_SOURCE_REVIEW,D03;D16
simclusters/simclusters_v2/scalding/InterestedInFromKnownFor.scala,simclusters,S04,S04,FULL_SOURCE_REVIEW,D03;D16
simclusters/simclusters_v2/scalding/InterestedInFromKnownForLite.scala,simclusters,S04,S04,FULL_SOURCE_REVIEW,D03;D16
simclusters/simclusters_v2/scalding/InterestedInFromProducerEmbeddingsAdhocApp.scala,simclusters,S04,S04,FULL_SOURCE_REVIEW,D03;D16
simclusters/simclusters_v2/scalding/KnownForSources.scala,simclusters,S04,S04,FULL_SOURCE_REVIEW,D03;D16
simclusters/simclusters_v2/scalding/LabeledSimclusters.scala,simclusters,S04,S04,FULL_SOURCE_REVIEW,D03;D16
simclusters/simclusters_v2/scalding/ProducerNormsAndCounts.scala,simclusters,S04,S04,FULL_SOURCE_REVIEW,D03;D16
simclusters/simclusters_v2/scalding/TopUsersSimilarityGraph.scala,simclusters,S04,S04,FULL_SOURCE_REVIEW,D03;D16
simclusters/simclusters_v2/scalding/UpdateKnownFor.scala,simclusters,S04,S04,FULL_SOURCE_REVIEW,D03;D16
simclusters/simclusters_v2/scalding/UpdateKnownForApps.scala,simclusters,S04,S04,FULL_SOURCE_REVIEW,D03;D16
simclusters/simclusters_v2/scalding/UserUserFavGraph.scala,simclusters,S04,S04,FULL_SOURCE_REVIEW,D03;D16
simclusters/simclusters_v2/scalding/UserUserGraph.scala,simclusters,S04,S04,FULL_SOURCE_REVIEW,D03;D16
simclusters/simclusters_v2/scalding/UserUserNormalizedGraph.scala,simclusters,S04,S04,FULL_SOURCE_REVIEW,D03;D16
simclusters/simclusters_v2/scalding/common/PersistentTweetEmbeddingSource.scala,simclusters,S04,S04,FULL_SOURCE_REVIEW,D03;D16
simclusters/simclusters_v2/scalding/common/QTreeMultiAggregator.scala,simclusters,S04,S04,FULL_SOURCE_REVIEW,D03;D16
simclusters/simclusters_v2/scalding/common/TypedRichPipe.scala,simclusters,S04,S04,FULL_SOURCE_REVIEW,D03;D16
simclusters/simclusters_v2/scalding/common/Util.scala,simclusters,S04,S04,FULL_SOURCE_REVIEW,D03;D16
simclusters/simclusters_v2/scalding/common/matrix/DenseRowMatrix.scala,simclusters,S04,S04,FULL_SOURCE_REVIEW,D03;D16
simclusters/simclusters_v2/scalding/common/matrix/SparseMatrix.scala,simclusters,S04,S04,FULL_SOURCE_REVIEW,D03;D16
simclusters/simclusters_v2/scalding/common/matrix/SparseRowMatrix.scala,simclusters,S04,S04,FULL_SOURCE_REVIEW,D03;D16
simclusters/simclusters_v2/scalding/common/matrix/TypedPipeMatrix.scala,simclusters,S04,S04,FULL_SOURCE_REVIEW,D03;D16
simclusters/simclusters_v2/scalding/embedding/EntityEmbeddingFromProducerEmbeddingJob.scala,simclusters,S04,S04,FULL_SOURCE_REVIEW,D03;D16
simclusters/simclusters_v2/scalding/embedding/EntityToSimClustersEmbeddingsJob.scala,simclusters,S04,S04,FULL_SOURCE_REVIEW,D03;D16
simclusters/simclusters_v2/scalding/embedding/GlobalSimClustersLanguageEmbedding.scala,simclusters,S04,S04,FULL_SOURCE_REVIEW,D03;D16
simclusters/simclusters_v2/scalding/embedding/LocaleEntitySimClustersEmbeddingV2Job.scala,simclusters,S04,S04,FULL_SOURCE_REVIEW,D03;D16
simclusters/simclusters_v2/scalding/embedding/LocaleEntitySimClustersEmbeddingsJob.scala,simclusters,S04,S04,FULL_SOURCE_REVIEW,D03;D16
simclusters/simclusters_v2/scalding/embedding/ProducerEmbeddingsFromInterestedIn.scala,simclusters,S04,S04,FULL_SOURCE_REVIEW,D03;D16
simclusters/simclusters_v2/scalding/embedding/SimilarUsersBySimClustersEmbedding.scala,simclusters,S04,S04,FULL_SOURCE_REVIEW,D03;D16
simclusters/simclusters_v2/scalding/embedding/abuse/AbuseSimclusterFeaturesScaldingJob.scala,simclusters,S04,S04,FULL_SOURCE_REVIEW,D03;D16
simclusters/simclusters_v2/scalding/embedding/abuse/AdhocAbuseSimClusterFeaturesScaldingJob.scala,simclusters,S04,S04,FULL_SOURCE_REVIEW,D03;D16
simclusters/simclusters_v2/scalding/embedding/abuse/CrossSimClusterFeaturesScaldingJob.scala,simclusters,S04,S04,FULL_SOURCE_REVIEW,D03;D16
simclusters/simclusters_v2/scalding/embedding/abuse/DataSources.scala,simclusters,S04,S04,FULL_SOURCE_REVIEW,D03;D16
simclusters/simclusters_v2/scalding/embedding/abuse/PairedinteractionFeatures.scala,simclusters,S04,S04,FULL_SOURCE_REVIEW,D03;D16
simclusters/simclusters_v2/scalding/embedding/abuse/SingleSideInteractionTransformation.scala,simclusters,S04,S04,FULL_SOURCE_REVIEW,D03;D16
simclusters/simclusters_v2/scalding/embedding/common/EmbeddingUtil.scala,simclusters,S04,S04,FULL_SOURCE_REVIEW,D03;D16
simclusters/simclusters_v2/scalding/embedding/common/EntityEmbeddingUtil.scala,simclusters,S04,S04,FULL_SOURCE_REVIEW,D03;D16
simclusters/simclusters_v2/scalding/embedding/common/ExternalDataSources.scala,simclusters,S04,S04,FULL_SOURCE_REVIEW,D03;D16
simclusters/simclusters_v2/scalding/embedding/common/SimClustersEmbeddingJob.scala,simclusters,S04,S04,FULL_SOURCE_REVIEW,D03;D16
simclusters/simclusters_v2/scalding/embedding/producer/AggregatableFavBasedProducerEmbeddings.scala,simclusters,S04,S04,FULL_SOURCE_REVIEW,D03;D16
simclusters/simclusters_v2/scalding/embedding/producer/AggregatableFollowBasedProducerEmbeddings.scala,simclusters,S04,S04,FULL_SOURCE_REVIEW,D03;D16
simclusters/simclusters_v2/scalding/embedding/producer/AggregatableLogFavBasedProducerEmbeddings.scala,simclusters,S04,S04,FULL_SOURCE_REVIEW,D03;D16
simclusters/simclusters_v2/scalding/embedding/producer/AggregatableProducerEmbeddings.scala,simclusters,S04,S04,FULL_SOURCE_REVIEW,D03;D16
simclusters/simclusters_v2/scalding/embedding/tfg/EngagementWeightedTfgBasedTopicEmbeddingsJob.scala,simclusters,S04,S04,FULL_SOURCE_REVIEW,D03;D16
simclusters/simclusters_v2/scalding/embedding/tfg/FavInferredLanguageTfgBasedTopicEmbeddings.scala,simclusters,S04,S04,FULL_SOURCE_REVIEW,D03;D16
simclusters/simclusters_v2/scalding/embedding/tfg/FavTfgBasedTopicEmbeddings.scala,simclusters,S04,S04,FULL_SOURCE_REVIEW,D03;D16
simclusters/simclusters_v2/scalding/embedding/tfg/InferredLanguageTfgBasedTopicEmbeddingsBaseApp.scala,simclusters,S04,S04,FULL_SOURCE_REVIEW,D03;D16
simclusters/simclusters_v2/scalding/embedding/tfg/LogFavTfgBasedTopicEmbeddings.scala,simclusters,S04,S04,FULL_SOURCE_REVIEW,D03;D16
simclusters/simclusters_v2/scalding/embedding/tfg/TfgBasedTopicEmbeddingsBaseApp.scala,simclusters,S04,S04,FULL_SOURCE_REVIEW,D03;D16
simclusters/simclusters_v2/scalding/embedding/twice/InterestedInTwice.scala,simclusters,S04,S04,FULL_SOURCE_REVIEW,D03;D16
simclusters/simclusters_v2/scalding/embedding/twice/InterestedInTwiceBaseApp.scala,simclusters,S04,S04,FULL_SOURCE_REVIEW,D03;D16
simclusters/simclusters_v2/scalding/evaluation/CandidateEvaluationBase.scala,simclusters,S04,S04,FULL_SOURCE_REVIEW,D03;D16;D15
simclusters/simclusters_v2/scalding/evaluation/EvaluationMetricHelper.scala,simclusters,S04,S04,FULL_SOURCE_REVIEW,D03;D16;D15
simclusters/simclusters_v2/scalding/evaluation/EvaluationReferenceDataExtraction.scala,simclusters,S04,S04,FULL_SOURCE_REVIEW,D03;D16;D15
simclusters/simclusters_v2/scalding/evaluation/LabelCorrelationsHelper.scala,simclusters,S04,S04,FULL_SOURCE_REVIEW,D03;D16;D15
simclusters/simclusters_v2/scalding/evaluation/SimClustersEvaluationAdhocApp.scala,simclusters,S04,S04,FULL_SOURCE_REVIEW,D03;D16;D15
simclusters/simclusters_v2/scalding/inferred_entities/InferredEntities.scala,simclusters,S04,S04,FULL_SOURCE_REVIEW,D03;D16
simclusters/simclusters_v2/scalding/inferred_entities/InferredEntitiesFromInterestedIn.scala,simclusters,S04,S04,FULL_SOURCE_REVIEW,D03;D16
simclusters/simclusters_v2/scalding/inferred_entities/InferredSemanticCoreEntitiesFromKnownFor.scala,simclusters,S04,S04,FULL_SOURCE_REVIEW,D03;D16
simclusters/simclusters_v2/scalding/inferred_entities/ProdSources.scala,simclusters,S04,S04,FULL_SOURCE_REVIEW,D03;D16
simclusters/simclusters_v2/scalding/mbcg/AllFeatures.scala,simclusters,S04,S04,FULL_SOURCE_REVIEW,D03;D16
simclusters/simclusters_v2/scalding/mbcg/RecordAdapters.scala,simclusters,S04,S04,FULL_SOURCE_REVIEW,D03;D16
simclusters/simclusters_v2/scalding/mbcg/TweetEmbeddingGenerationJob.scala,simclusters,S04,S04,FULL_SOURCE_REVIEW,D03;D16
simclusters/simclusters_v2/scalding/mbcg/UserEmbeddingGenerationJob.scala,simclusters,S04,S04,FULL_SOURCE_REVIEW,D03;D16
simclusters/simclusters_v2/scalding/multi_type_graph/assemble_multi_type_graph/AssembleMultiTypeGraph.scala,simclusters,S04,S04,FULL_SOURCE_REVIEW,D03;D16
simclusters/simclusters_v2/scalding/multi_type_graph/assemble_multi_type_graph/AssembleMultiTypeGraphApp.scala,simclusters,S04,S04,FULL_SOURCE_REVIEW,D03;D16
simclusters/simclusters_v2/scalding/multi_type_graph/assemble_multi_type_graph/AssembleMultiTypeGraphBaseApp.scala,simclusters,S04,S04,FULL_SOURCE_REVIEW,D03;D16
simclusters/simclusters_v2/scalding/multi_type_graph/assemble_multi_type_graph/Config.scala,simclusters,S04;S17,S04,FULL_SOURCE_REVIEW,D03;D16;D17
simclusters/simclusters_v2/scalding/offline_data_conversion/AsyncMeterLimiter.scala,simclusters,S04,S04,FULL_SOURCE_REVIEW,D03;D16
simclusters/simclusters_v2/scalding/offline_data_conversion/ClusterDetails20M145K2020FlattenJob.scala,simclusters,S04,S04,FULL_SOURCE_REVIEW,D03;D16
simclusters/simclusters_v2/scalding/offline_data_conversion/HydrationHelper.scala,simclusters,S04,S04,FULL_SOURCE_REVIEW,D03;D16
simclusters/simclusters_v2/scalding/offline_data_conversion/InterestedIn20M145K2020FlattenJob.scala,simclusters,S04,S04,FULL_SOURCE_REVIEW,D03;D16
simclusters/simclusters_v2/scalding/offline_data_conversion/InterestedIn20M145K2020FlattenTransform.scala,simclusters,S04,S04,FULL_SOURCE_REVIEW,D03;D16
simclusters/simclusters_v2/scalding/offline_data_conversion/KnownFor20M145K2020FlattenJob.scala,simclusters,S04,S04,FULL_SOURCE_REVIEW,D03;D16
simclusters/simclusters_v2/scalding/offline_data_conversion/KnownFor20M145K2020FlattenTransform.scala,simclusters,S04,S04,FULL_SOURCE_REVIEW,D03;D16
simclusters/simclusters_v2/scalding/offline_job/OfflineTweetRecommendation.scala,simclusters,S04,S04,FULL_SOURCE_REVIEW,D03;D16
simclusters/simclusters_v2/scalding/offline_job/SimClustersOfflineJob.scala,simclusters,S04,S04,FULL_SOURCE_REVIEW,D03;D16
simclusters/simclusters_v2/scalding/offline_job/SimClustersOfflineJobAdhocApp.scala,simclusters,S04,S04,FULL_SOURCE_REVIEW,D03;D16
simclusters/simclusters_v2/scalding/offline_job/SimClustersOfflineJobScheduledApp.scala,simclusters,S04,S04,FULL_SOURCE_REVIEW,D03;D16
simclusters/simclusters_v2/scalding/offline_job/SimClustersOfflineJobUtil.scala,simclusters,S04,S04,FULL_SOURCE_REVIEW,D03;D16
simclusters/simclusters_v2/scalding/offline_job/adhoc/SimClustersTweetEmbeddingAdhocApp.scala,simclusters,S04,S04,FULL_SOURCE_REVIEW,D03;D16
simclusters/simclusters_v2/scalding/offline_job/adhoc/TweetSimilarityEvaluationAdhocApp.scala,simclusters,S04,S04,FULL_SOURCE_REVIEW,D03;D16
simclusters/simclusters_v2/scalding/offline_tweets/ClusterTopMediaTweetsJob.scala,simclusters,S04,S04,FULL_SOURCE_REVIEW,D03;D16
simclusters/simclusters_v2/scalding/optout/InterestedInOptOut.scala,simclusters,S04,S04,FULL_SOURCE_REVIEW,D03;D16
simclusters/simclusters_v2/scalding/optout/KnownForOptOut.scala,simclusters,S04,S04,FULL_SOURCE_REVIEW,D03;D16
simclusters/simclusters_v2/scalding/optout/SimClustersOptOutUtil.scala,simclusters,S04,S04,FULL_SOURCE_REVIEW,D03;D16
simclusters/simclusters_v2/scalding/topic_recommendations/GeoPopularTopicsApp.scala,simclusters,S04,S04,FULL_SOURCE_REVIEW,D03;D16
simclusters/simclusters_v2/scalding/topic_recommendations/ProducersForTopicsFromTopicFollowGraph.scala,simclusters,S04,S04,FULL_SOURCE_REVIEW,D03;D16
simclusters/simclusters_v2/scalding/topic_recommendations/SimilarTopicsFromTopicFollowGraphApp.scala,simclusters,S04,S04,FULL_SOURCE_REVIEW,D03;D16
simclusters/simclusters_v2/scalding/topic_recommendations/TopicsForProducersFromEM.scala,simclusters,S04,S04,FULL_SOURCE_REVIEW,D03;D16
simclusters/simclusters_v2/scalding/topic_recommendations/TopicsForProducersUtils.scala,simclusters,S04,S04,FULL_SOURCE_REVIEW,D03;D16
simclusters/simclusters_v2/scalding/topic_recommendations/model_based_topic_recommendations/DataSources.scala,simclusters,S04,S04,FULL_SOURCE_REVIEW,D03;D16
simclusters/simclusters_v2/scalding/topic_recommendations/model_based_topic_recommendations/UserFeatures.scala,simclusters,S04,S04,FULL_SOURCE_REVIEW,D03;D16
simclusters/simclusters_v2/scalding/topic_recommendations/model_based_topic_recommendations/UserTopicDataRecordAdapter.scala,simclusters,S04,S04,FULL_SOURCE_REVIEW,D03;D16
simclusters/simclusters_v2/scalding/topic_recommendations/model_based_topic_recommendations/UserTopicModellingTrainingDataCollectionJob.scala,simclusters,S04,S04,FULL_SOURCE_REVIEW,D03;D16;D15
simclusters/simclusters_v2/scalding/tweet_similarity/DatasetTopKAnalysisJob.scala,simclusters,S04,S04,FULL_SOURCE_REVIEW,D03;D16
simclusters/simclusters_v2/scalding/tweet_similarity/TrainingDataCollectionJob.scala,simclusters,S04,S04,FULL_SOURCE_REVIEW,D03;D16;D15
simclusters/simclusters_v2/scalding/tweet_similarity/TrainingDataCollectionUtil.scala,simclusters,S04,S04,FULL_SOURCE_REVIEW,D03;D16;D15
simclusters/simclusters_v2/scalding/tweet_similarity/TweetPairFeatureHydrationUtil.scala,simclusters,S04,S04,FULL_SOURCE_REVIEW,D03;D16
simclusters/simclusters_v2/scalding/tweet_similarity/TweetPairLabelCollectionUtil.scala,simclusters,S04,S04,FULL_SOURCE_REVIEW,D03;D16
simclusters/simclusters_v2/scalding/tweet_similarity/UnhydratedPairsCollectionJob.scala,simclusters,S04,S04,FULL_SOURCE_REVIEW,D03;D16
simclusters/simclusters_v2/scalding/tweet_similarity/evaluation/ModelEvalAdhocApp.scala,simclusters,S04,S04,FULL_SOURCE_REVIEW,D03;D16;D15
simclusters/simclusters_v2/scalding/tweet_similarity/evaluation/RUXLandingDdgAnalysisAdhocApp.scala,simclusters,S04,S04,FULL_SOURCE_REVIEW,D03;D16;D15
simclusters/simclusters_v2/scalding/update_known_for/UpdateKnownFor20M145K2020.scala,simclusters,S04,S04,FULL_SOURCE_REVIEW,D03;D16
simclusters/simclusters_v2/scalding/update_known_for/UpdateKnownForSBFRunner.scala,simclusters,S04,S04,FULL_SOURCE_REVIEW,D03;D16
simclusters/simclusters_v2/score/AggregatedScoreStore.scala,simclusters,S04,S04,FULL_SOURCE_REVIEW,D03;D16
simclusters/simclusters_v2/score/Score.scala,simclusters,S04,S04,FULL_SOURCE_REVIEW,D03;D16
simclusters/simclusters_v2/score/ScoreFacadeStore.scala,simclusters,S04,S04,FULL_SOURCE_REVIEW,D03;D16
simclusters/simclusters_v2/score/ScoreId.scala,simclusters,S04,S04,FULL_SOURCE_REVIEW,D03;D16
simclusters/simclusters_v2/score/ScoreStore.scala,simclusters,S04,S04,FULL_SOURCE_REVIEW,D03;D16
simclusters/simclusters_v2/score/SimClustersEmbeddingPairScoreStore.scala,simclusters,S04,S04,FULL_SOURCE_REVIEW,D03;D16
simclusters/simclusters_v2/score/WeightedSumAggregatedScoreStore.scala,simclusters,S04,S04,FULL_SOURCE_REVIEW,D03;D16
simclusters/simclusters_v2/stores/LanguageFilteredLocaleEntityEmbeddingStore.scala,simclusters,S04,S04,FULL_SOURCE_REVIEW,D03;D16
simclusters/simclusters_v2/stores/MultiTypeGraphStore.scala,simclusters,S04,S04,FULL_SOURCE_REVIEW,D03;D16
simclusters/simclusters_v2/stores/SimClustersEmbeddingStore.scala,simclusters,S04,S04,FULL_SOURCE_REVIEW,D03;D16
simclusters/simclusters_v2/stores/SimClustersMultiEmbeddingStore.scala,simclusters,S04,S04,FULL_SOURCE_REVIEW,D03;D16
simclusters/simclusters_v2/stores/TopicTopProducersStore.scala,simclusters,S04,S04,FULL_SOURCE_REVIEW,D03;D16
simclusters/simclusters_v2/stores/WtfMbcgStore.scala,simclusters,S04,S04,FULL_SOURCE_REVIEW,D03;D16
simclusters/simclusters_v2/summingbird/common/ClientConfigs.scala,simclusters,S04;S17,S04,FULL_SOURCE_REVIEW,D03;D16;D17
simclusters/simclusters_v2/summingbird/common/Configs.scala,simclusters,S04;S17,S04,FULL_SOURCE_REVIEW,D03;D16;D17
simclusters/simclusters_v2/summingbird/common/EntityUtil.scala,simclusters,S04,S04,FULL_SOURCE_REVIEW,D03;D16
simclusters/simclusters_v2/summingbird/common/Implicits.scala,simclusters,S04,S04,FULL_SOURCE_REVIEW,D03;D16
simclusters/simclusters_v2/summingbird/common/ModelVersionProfile.scala,simclusters,S04,S04,FULL_SOURCE_REVIEW,D03;D16
simclusters/simclusters_v2/summingbird/common/Monoids.scala,simclusters,S04,S04,FULL_SOURCE_REVIEW,D03;D16
simclusters/simclusters_v2/summingbird/common/SimClustersEmbeddingWithMetadataMonoid.scala,simclusters,S04,S04,FULL_SOURCE_REVIEW,D03;D16
simclusters/simclusters_v2/summingbird/common/SimClustersHashUtil.scala,simclusters,S04,S04,FULL_SOURCE_REVIEW,D03;D16
simclusters/simclusters_v2/summingbird/common/SimClustersInterestedInUtil.scala,simclusters,S04,S04,FULL_SOURCE_REVIEW,D03;D16
simclusters/simclusters_v2/summingbird/common/SimClustersProfile.scala,simclusters,S04,S04,FULL_SOURCE_REVIEW,D03;D16
simclusters/simclusters_v2/summingbird/common/StatsUtil.scala,simclusters,S04,S04,FULL_SOURCE_REVIEW,D03;D16
simclusters/simclusters_v2/summingbird/common/SummerWithSumValues.scala,simclusters,S04,S04,FULL_SOURCE_REVIEW,D03;D16
simclusters/simclusters_v2/summingbird/common/ThriftDecayedValueMonoid.scala,simclusters,S04,S04,FULL_SOURCE_REVIEW,D03;D16
simclusters/simclusters_v2/summingbird/common/TweetEntityExtractor.scala,simclusters,S04,S04,FULL_SOURCE_REVIEW,D03;D16
simclusters/simclusters_v2/summingbird/stores/AdsTwhinTweetEmbeddingStore.scala,simclusters,S04,S04,FULL_SOURCE_REVIEW,D03;D16
simclusters/simclusters_v2/summingbird/stores/AdsTwhinUserEmbeddingStore.scala,simclusters,S04,S04,FULL_SOURCE_REVIEW,D03;D16
simclusters/simclusters_v2/summingbird/stores/ApeTopicEmbeddingStore.scala,simclusters,S04,S04,FULL_SOURCE_REVIEW,D03;D16
simclusters/simclusters_v2/summingbird/stores/ClusterDetailsReadableStore.scala,simclusters,S04,S04,FULL_SOURCE_REVIEW,D03;D16
simclusters/simclusters_v2/summingbird/stores/EntityClusterScoreReadableStore.scala,simclusters,S04,S04,FULL_SOURCE_REVIEW,D03;D16
simclusters/simclusters_v2/summingbird/stores/GizmoduckUserStore.scala,simclusters,S04,S04,FULL_SOURCE_REVIEW,D03;D16
simclusters/simclusters_v2/summingbird/stores/ManhattanFromStratoStore.scala,simclusters,S04,S04,FULL_SOURCE_REVIEW,D03;D16
simclusters/simclusters_v2/summingbird/stores/PersistentTweetEmbeddingStore.scala,simclusters,S04,S04,FULL_SOURCE_REVIEW,D03;D16
simclusters/simclusters_v2/summingbird/stores/ProducerClusterEmbeddingReadableStores.scala,simclusters,S04,S04,FULL_SOURCE_REVIEW,D03;D16
simclusters/simclusters_v2/summingbird/stores/SemanticCoreEntityEmbeddingStore.scala,simclusters,S04,S04,FULL_SOURCE_REVIEW,D03;D16
simclusters/simclusters_v2/summingbird/stores/SimClustersManhattanReadableStoreForReadWriteDataset.scala,simclusters,S04,S04,FULL_SOURCE_REVIEW,D03;D16
simclusters/simclusters_v2/summingbird/stores/TfgTopicEmbeddingsStore.scala,simclusters,S04,S04,FULL_SOURCE_REVIEW,D03;D16
simclusters/simclusters_v2/summingbird/stores/TopKClustersForEntityReadableStore.scala,simclusters,S04,S04,FULL_SOURCE_REVIEW,D03;D16
simclusters/simclusters_v2/summingbird/stores/TopKClustersForTweetReadableStore.scala,simclusters,S04,S04,FULL_SOURCE_REVIEW,D03;D16
simclusters/simclusters_v2/summingbird/stores/TopKHydratedTweetsForClusterReadableStore.scala,simclusters,S04,S04,FULL_SOURCE_REVIEW,D03;D16
simclusters/simclusters_v2/summingbird/stores/TopKTweetsForClusterReadableStore.scala,simclusters,S04,S04,FULL_SOURCE_REVIEW,D03;D16
simclusters/simclusters_v2/summingbird/stores/TweetMetadataStore.scala,simclusters,S04,S04,FULL_SOURCE_REVIEW,D03;D16
simclusters/simclusters_v2/summingbird/stores/TweetSquaredL2NormWritableStore.scala,simclusters,S04,S04,FULL_SOURCE_REVIEW,D03;D16
simclusters/simclusters_v2/summingbird/stores/TweetStatusCountsStore.scala,simclusters,S04,S04,FULL_SOURCE_REVIEW,D03;D16
simclusters/simclusters_v2/summingbird/stores/TweetStatusCountsTesStore.scala,simclusters,S04,S04,FULL_SOURCE_REVIEW,D03;D16
simclusters/simclusters_v2/summingbird/stores/TwhinTweetEmbeddingStore.scala,simclusters,S04,S04,FULL_SOURCE_REVIEW,D03;D16
simclusters/simclusters_v2/summingbird/stores/TwhinUserEmbeddingStore.scala,simclusters,S04,S04,FULL_SOURCE_REVIEW,D03;D16
simclusters/simclusters_v2/summingbird/stores/UserInterestedInReadableStore.scala,simclusters,S04,S04,FULL_SOURCE_REVIEW,D03;D16
simclusters/simclusters_v2/summingbird/stores/UserKnownForReadableStore.scala,simclusters,S04,S04,FULL_SOURCE_REVIEW,D03;D16
simclusters/simclusters_v2/summingbird/storm/AdsTwhinRebuildTweetJob.scala,simclusters,S04,S04,FULL_SOURCE_REVIEW,D03;D16
simclusters/simclusters_v2/summingbird/storm/AdsTwhinRebuildTweetJobRunner.scala,simclusters,S04,S04,FULL_SOURCE_REVIEW,D03;D16
simclusters/simclusters_v2/summingbird/storm/AdsTwhinRebuildUserJob.scala,simclusters,S04,S04,FULL_SOURCE_REVIEW,D03;D16
simclusters/simclusters_v2/summingbird/storm/AdsTwhinRebuildUserJobRunner.scala,simclusters,S04,S04,FULL_SOURCE_REVIEW,D03;D16
simclusters/simclusters_v2/summingbird/storm/PersistentTweetJob.scala,simclusters,S04,S04,FULL_SOURCE_REVIEW,D03;D16
simclusters/simclusters_v2/summingbird/storm/PersistentTweetJobRunner.scala,simclusters,S04,S04,FULL_SOURCE_REVIEW,D03;D16
simclusters/simclusters_v2/summingbird/storm/TweetJob.scala,simclusters,S04,S04,FULL_SOURCE_REVIEW,D03;D16
simclusters/simclusters_v2/summingbird/storm/TweetJobRunner.scala,simclusters,S04,S04,FULL_SOURCE_REVIEW,D03;D16
simclusters/simclusters_v2/summingbird/storm/TwhinRebuildTweetJob.scala,simclusters,S04,S04,FULL_SOURCE_REVIEW,D03;D16
simclusters/simclusters_v2/summingbird/storm/TwhinRebuildTweetJobRunner.scala,simclusters,S04,S04,FULL_SOURCE_REVIEW,D03;D16
simclusters/simclusters_v2/summingbird/storm/TwhinRebuildUserJob.scala,simclusters,S04,S04,FULL_SOURCE_REVIEW,D03;D16
simclusters/simclusters_v2/summingbird/storm/TwhinRebuildUserJobRunner.scala,simclusters,S04,S04,FULL_SOURCE_REVIEW,D03;D16
simclusters/simclusters_v2/summingbird/storm/TwhinTweetJob.scala,simclusters,S04,S04,FULL_SOURCE_REVIEW,D03;D16
simclusters/simclusters_v2/summingbird/storm/TwhinTweetJobRunner.scala,simclusters,S04,S04,FULL_SOURCE_REVIEW,D03;D16
simclusters/simclusters_v2/summingbird/storm/TwhinUserJob.scala,simclusters,S04,S04,FULL_SOURCE_REVIEW,D03;D16
simclusters/simclusters_v2/summingbird/storm/TwhinUserJobRunner.scala,simclusters,S04,S04,FULL_SOURCE_REVIEW,D03;D16
simclusters/simclusters_v2/tweet_similarity/ModelBasedTweetSimilaritySimClustersEmbeddingAdapter.scala,simclusters,S04,S04,FULL_SOURCE_REVIEW,D03;D16
simclusters/simclusters_v2/tweet_similarity/TweetSimilarityFeatures.scala,simclusters,S04,S04,FULL_SOURCE_REVIEW,D03;D16
simclusters/simclustersann/SimclustersAnnServer.scala,simclusters,S04,S04,FULL_SOURCE_REVIEW,D03;D16
simclusters/simclustersann/SimclustersAnnWarmupHandler.scala,simclusters,S04,S04,FULL_SOURCE_REVIEW,D03;D16
simclusters/simclustersann/candidate_source/ApproximateCosineSimilarity.scala,simclusters,S04,S04,FULL_SOURCE_REVIEW,D03;D16
simclusters/simclustersann/candidate_source/ExperimentalApproximateCosineSimilarity.scala,simclusters,S04,S04,FULL_SOURCE_REVIEW,D03;D16
simclusters/simclustersann/candidate_source/OptimizedApproximateCosineSimilarity.scala,simclusters,S04,S04,FULL_SOURCE_REVIEW,D03;D16
simclusters/simclustersann/candidate_source/SimClustersANNCandidateSource.scala,simclusters,S04,S04,FULL_SOURCE_REVIEW,D03;D16
simclusters/simclustersann/common/FlagNames.scala,simclusters,S04,S04,FULL_SOURCE_REVIEW,D03;D16
simclusters/simclustersann/controllers/GetTweetCandidatesGrpcController.scala,simclusters,S04,S04,FULL_SOURCE_REVIEW,D03;D16
simclusters/simclustersann/controllers/SimClustersANNController.scala,simclusters,S04,S04,FULL_SOURCE_REVIEW,D03;D16
simclusters/simclustersann/exceptions/InvalidRequestForSimClustersAnnVariantException.scala,simclusters,S04,S04,FULL_SOURCE_REVIEW,D03;D16
simclusters/simclustersann/exceptions/InvalidRequestForSimClustersAnnVariantExceptionMapper.scala,simclusters,S04,S04,FULL_SOURCE_REVIEW,D03;D16
simclusters/simclustersann/exceptions/MissingClusterConfigForSimClustersAnnVariantException.scala,simclusters,S04;S17,S04,FULL_SOURCE_REVIEW,D03;D16;D17
simclusters/simclustersann/filters/GetTweetCandidatesResponseStatsFilter.scala,simclusters,S04,S04,FULL_SOURCE_REVIEW,D03;D16
simclusters/simclustersann/filters/SimClustersAnnVariantFilter.scala,simclusters,S04,S04,FULL_SOURCE_REVIEW,D03;D16
simclusters/simclustersann/modules/CacheModule.scala,simclusters,S04,S04,FULL_SOURCE_REVIEW,D03;D16
simclusters/simclustersann/modules/ClusterConfigMapperModule.scala,simclusters,S04;S17,S04,FULL_SOURCE_REVIEW,D03;D16;D17
simclusters/simclustersann/modules/ClusterConfigModule.scala,simclusters,S04;S17,S04,FULL_SOURCE_REVIEW,D03;D16;D17
simclusters/simclustersann/modules/ClusterDetailsModule.scala,simclusters,S04,S04,FULL_SOURCE_REVIEW,D03;D16
simclusters/simclustersann/modules/ClusterTweetIndexProviderModule.scala,simclusters,S04,S04,FULL_SOURCE_REVIEW,D03;D16
simclusters/simclustersann/modules/CustomMtlsThriftWebFormsModule.scala,simclusters,S04,S04,FULL_SOURCE_REVIEW,D03;D16
simclusters/simclustersann/modules/EmbeddingStoreModule.scala,simclusters,S04,S04,FULL_SOURCE_REVIEW,D03;D16
simclusters/simclustersann/modules/FlagsModule.scala,simclusters,S04,S04,FULL_SOURCE_REVIEW,D03;D16
simclusters/simclustersann/modules/FuturePoolProvider.scala,simclusters,S04,S04,FULL_SOURCE_REVIEW,D03;D16
simclusters/simclustersann/modules/RateLimiterModule.scala,simclusters,S04,S04,FULL_SOURCE_REVIEW,D03;D16
simclusters/simclustersann/modules/ServiceNameMapperModule.scala,simclusters,S04,S04,FULL_SOURCE_REVIEW,D03;D16
simclusters/simclustersann/modules/SimClustersANNCandidateSourceModule.scala,simclusters,S04,S04,FULL_SOURCE_REVIEW,D03;D16
simclusters/simclustersann/modules/SquaredL2NormStoreModule.scala,simclusters,S04,S04,FULL_SOURCE_REVIEW,D03;D16
simclusters/simclustersann/modules/StratoClientProviderModule.scala,simclusters,S04,S04,FULL_SOURCE_REVIEW,D03;D16
thunder/args.rs,thunder,S03,S03,FULL_SOURCE_REVIEW,D02
thunder/config.rs,thunder,S03;S17,S03,FULL_SOURCE_REVIEW,D02;D16;D17
thunder/deserializer.rs,thunder,S03,S03,FULL_SOURCE_REVIEW,D02;D16
thunder/kafka/mod.rs,thunder,S03,S03,FULL_SOURCE_REVIEW,D02;D16
thunder/kafka/tweet_events_listener.rs,thunder,S03,S03,FULL_SOURCE_REVIEW,D02;D16
thunder/kafka/tweet_events_listener_v2.rs,thunder,S03,S03,FULL_SOURCE_REVIEW,D02;D16
thunder/kafka/utils.rs,thunder,S03,S03,FULL_SOURCE_REVIEW,D02;D16
thunder/kafka_utils.rs,thunder,S03,S03,FULL_SOURCE_REVIEW,D02;D16
thunder/lib.rs,thunder,S03,S03,FULL_SOURCE_REVIEW,D02
thunder/main.rs,thunder,S03,S03,FULL_SOURCE_REVIEW,D02
thunder/metrics.rs,thunder,S03;S18,S03,FULL_SOURCE_REVIEW,D02;D18
thunder/o2/mod.rs,thunder,S03,S03,FULL_SOURCE_REVIEW,D02
thunder/posts/mod.rs,thunder,S03,S03,FULL_SOURCE_REVIEW,D02
thunder/posts/post_store.rs,thunder,S03,S03,FULL_SOURCE_REVIEW,D02
thunder/schema/events.rs,thunder,S03,S03,BOUNDARY_TRACE_GENERATED,D02;D16
thunder/schema/media_common.rs,thunder,S03,S03,BOUNDARY_TRACE_GENERATED,D02;D16
thunder/schema/media_entity.rs,thunder,S03,S03,BOUNDARY_TRACE_GENERATED,D02;D16
thunder/schema/mod.rs,thunder,S03,S03,FULL_SOURCE_REVIEW,D02;D16
thunder/schema/tweet.rs,thunder,S03,S03,BOUNDARY_TRACE_GENERATED,D02;D16
thunder/schema/tweet_events.rs,thunder,S03,S03,BOUNDARY_TRACE_GENERATED,D02;D16
thunder/schema/tweet_media.rs,thunder,S03,S03,BOUNDARY_TRACE_GENERATED,D02;D16
thunder/schema/user.rs,thunder,S03,S03,BOUNDARY_TRACE_GENERATED,D02;D16
thunder/strato_client.rs,thunder,S03,S03,FULL_SOURCE_REVIEW,D02;D16
thunder/thunder_service.rs,thunder,S03,S03,FULL_SOURCE_REVIEW,D02;D16
under-the-hood/scalding/AccountLabelEvents.scala,under-the-hood,S16,S16,FULL_SOURCE_REVIEW,D14;D16
under-the-hood/scalding/GizmoduckLabelDiff.scala,under-the-hood,S16,S16,FULL_SOURCE_REVIEW,D14;D16
under-the-hood/scalding/GizmoduckSafetyFlags.scala,under-the-hood,S16,S16,FULL_SOURCE_REVIEW,D14;D16
under-the-hood/scalding/UnderTheHoodCommon.scala,under-the-hood,S16,S16,FULL_SOURCE_REVIEW,D14;D16
under-the-hood/scalding/UnderTheHoodDates.scala,under-the-hood,S16,S16,FULL_SOURCE_REVIEW,D14;D16
under-the-hood/scalding/UthDailyAccountLabelsJob.scala,under-the-hood,S16,S16,FULL_SOURCE_REVIEW,D14;D16
under-the-hood/scalding/UthDailyPostsBackfillJob.scala,under-the-hood,S16,S16,FULL_SOURCE_REVIEW,D14;D16
under-the-hood/scalding/UthDailyPostsJob.scala,under-the-hood,S16,S16,FULL_SOURCE_REVIEW,D14;D16
under-the-hood/scalding/UthMhInjections.scala,under-the-hood,S16,S16,FULL_SOURCE_REVIEW,D14;D16
under-the-hood/scalding/UthReferenceMonthMhPublisherJob.scala,under-the-hood,S16,S16,FULL_SOURCE_REVIEW,D14;D16
under-the-hood/scalding/UthUserMonthMhPublisherJob.scala,under-the-hood,S16,S16,FULL_SOURCE_REVIEW,D14;D16
under-the-hood/scalding/legacy_experimental_adhoc/UnderTheHoodAccountLabelsJob.scala,under-the-hood,S16,S16,FULL_SOURCE_REVIEW,D14;D16
under-the-hood/scalding/legacy_experimental_adhoc/UnderTheHoodPostLabelsJob.scala,under-the-hood,S16,S16,FULL_SOURCE_REVIEW,D14;D16
under-the-hood/scalding/legacy_experimental_adhoc/UthFilterTweetSafetyLabelsByDateJob.scala,under-the-hood,S16,S16,FULL_SOURCE_REVIEW,D14;D16
under-the-hood/scalding/legacy_experimental_adhoc/UthGizmoduckSafetyFlagDailyBackfillJob.scala,under-the-hood,S16,S16,FULL_SOURCE_REVIEW,D14;D16
under-the-hood/strato/columns/featureSwitches.strato,under-the-hood,S16,S16,FULL_SOURCE_REVIEW,D14;D16
under-the-hood/strato/columns/graphql/userUnderTheHoodReport.GraphQlQuery.strato,under-the-hood,S16,S16,FULL_SOURCE_REVIEW,D14;D16
under-the-hood/strato/columns/mh/referenceMonthAggregates.strato,under-the-hood,S16,S16,FULL_SOURCE_REVIEW,D14;D16
under-the-hood/strato/columns/mh/userMonthAggregates.strato,under-the-hood,S16,S16,FULL_SOURCE_REVIEW,D14;D16
under-the-hood/strato/columns/underTheHoodReport.User.strato,under-the-hood,S16,S16,FULL_SOURCE_REVIEW,D14;D16
under-the-hood/strato/columns/underTheHoodReport.strato,under-the-hood,S16,S16,FULL_SOURCE_REVIEW,D14;D16
under-the-hood/strato/graphql/under_the_hood.thrift,under-the-hood,S16,S16,FULL_SOURCE_REVIEW,D14;D16
under-the-hood/strato/lib/params.strato,under-the-hood,S16;S17,S16,FULL_SOURCE_REVIEW,D14;D16;D17
under-the-hood/strato/lib/sharedConfig.strato,under-the-hood,S16;S17,S16,FULL_SOURCE_REVIEW,D14;D16;D17
under-the-hood/strato/lib/underTheHoodLabels.strato,under-the-hood,S16,S16,FULL_SOURCE_REVIEW,D14;D16
under-the-hood/thrift/uth_serving.thrift,under-the-hood,S16,S16,FULL_SOURCE_REVIEW,D14;D16
user-cred-v2/Edge.scala,user-cred-v2,S11,S11,FULL_SOURCE_REVIEW,D10;D16
user-cred-v2/SnapshotSafeguard.scala,user-cred-v2,S11,S11,FULL_SOURCE_REVIEW,D10;D16
user-cred-v2/UserCredV2.scala,user-cred-v2,S11,S11,FULL_SOURCE_REVIEW,D10;D16
user-cred-v2/UserCredV2App.scala,user-cred-v2,S11,S11,FULL_SOURCE_REVIEW,D10;D16
user-cred-v2/UserCredV2Config.scala,user-cred-v2,S11;S17,S11,FULL_SOURCE_REVIEW,D10;D16;D17
user-cred-v2/UserCredV2Injection.scala,user-cred-v2,S11,S11,FULL_SOURCE_REVIEW,D10;D16
user-cred-v2/UserMass.scala,user-cred-v2,S11,S11,FULL_SOURCE_REVIEW,D10;D16
user-cred-v2/UserNode.scala,user-cred-v2,S11,S11,FULL_SOURCE_REVIEW,D10;D16
user-cred-v2/ValidUserInfo.scala,user-cred-v2,S11,S11,FULL_SOURCE_REVIEW,D10;D16
visibility-filtering/clients/gizmoduck_client.rs,visibility-filtering,S14,S14,FULL_SOURCE_REVIEW,D12;D16
visibility-filtering/clients/mod.rs,visibility-filtering,S14,S14,FULL_SOURCE_REVIEW,D12;D16
visibility-filtering/clients/socialgraph_client.rs,visibility-filtering,S14,S14,FULL_SOURCE_REVIEW,D12;D16
visibility-filtering/config.rs,visibility-filtering,S14;S17,S14,FULL_SOURCE_REVIEW,D12;D17
visibility-filtering/filter.rs,visibility-filtering,S14,S14,FULL_SOURCE_REVIEW,D12
visibility-filtering/filter_tweets.rs,visibility-filtering,S14,S14,FULL_SOURCE_REVIEW,D12
visibility-filtering/get_safety_labels.rs,visibility-filtering,S14,S14,FULL_SOURCE_REVIEW,D12
visibility-filtering/hydration/batch.rs,visibility-filtering,S14,S14,FULL_SOURCE_REVIEW,D12;D16
visibility-filtering/hydration/exclusive_content_hydrator.rs,visibility-filtering,S14,S14,FULL_SOURCE_REVIEW,D12;D16
visibility-filtering/hydration/fallback_cache.rs,visibility-filtering,S14,S14,FULL_SOURCE_REVIEW,D12;D16
visibility-filtering/hydration/gizmoduck_hydrator.rs,visibility-filtering,S14,S14,FULL_SOURCE_REVIEW,D12;D16
visibility-filtering/hydration/metrics.rs,visibility-filtering,S14;S18,S14,FULL_SOURCE_REVIEW,D12;D16;D18
visibility-filtering/hydration/mod.rs,visibility-filtering,S14,S14,FULL_SOURCE_REVIEW,D12;D16
visibility-filtering/hydration/safety_label_hydrator.rs,visibility-filtering,S14,S14,FULL_SOURCE_REVIEW,D12;D16
visibility-filtering/hydration/socialgraph_hydrator.rs,visibility-filtering,S14,S14,FULL_SOURCE_REVIEW,D12;D16
visibility-filtering/hydration/tes_hydrator.rs,visibility-filtering,S14,S14,FULL_SOURCE_REVIEW,D12;D16
visibility-filtering/hydration/viewer_hydrator.rs,visibility-filtering,S14,S14,FULL_SOURCE_REVIEW,D12;D16
visibility-filtering/lib.rs,visibility-filtering,S14,S14,FULL_SOURCE_REVIEW,D12
visibility-filtering/main.rs,visibility-filtering,S14,S14,FULL_SOURCE_REVIEW,D12
visibility-filtering/models/author.rs,visibility-filtering,S14,S14,FULL_SOURCE_REVIEW,D12;D16
visibility-filtering/models/exclusive_content.rs,visibility-filtering,S14,S14,FULL_SOURCE_REVIEW,D12;D16
visibility-filtering/models/mod.rs,visibility-filtering,S14,S14,FULL_SOURCE_REVIEW,D12;D16
visibility-filtering/models/relationship.rs,visibility-filtering,S14,S14,FULL_SOURCE_REVIEW,D12;D16
visibility-filtering/models/safety_labels.rs,visibility-filtering,S14,S14,FULL_SOURCE_REVIEW,D12;D16
visibility-filtering/models/tweet.rs,visibility-filtering,S14,S14,FULL_SOURCE_REVIEW,D12;D16
visibility-filtering/models/viewer.rs,visibility-filtering,S14,S14,FULL_SOURCE_REVIEW,D12;D16
visibility-filtering/rules/metrics.rs,visibility-filtering,S14;S17;S18,S14,FULL_SOURCE_REVIEW,D12;D17;D18
visibility-filtering/rules/mod.rs,visibility-filtering,S14;S17,S14,FULL_SOURCE_REVIEW,D12;D17
visibility-filtering/rules/nsfw_age_gating.rs,visibility-filtering,S14;S17,S14,FULL_SOURCE_REVIEW,D12;D17
visibility-filtering/rules/nsfw_interstitial.rs,visibility-filtering,S14;S17,S14,FULL_SOURCE_REVIEW,D12;D17
visibility-filtering/rules/nullcast_rule.rs,visibility-filtering,S14;S17,S14,FULL_SOURCE_REVIEW,D12;D17
visibility-filtering/rules/registry.rs,visibility-filtering,S14;S17,S14,FULL_SOURCE_REVIEW,D12;D17
visibility-filtering/rules/socialgraph_rules.rs,visibility-filtering,S14;S17,S14,FULL_SOURCE_REVIEW,D12;D17
visibility-filtering/rules/tes_rules.rs,visibility-filtering,S14;S17,S14,FULL_SOURCE_REVIEW,D12;D17
visibility-filtering/rules/tweet_flag_rules.rs,visibility-filtering,S14;S17,S14,FULL_SOURCE_REVIEW,D12;D17
visibility-filtering/rules/tweet_label_drops.rs,visibility-filtering,S14;S17,S14,FULL_SOURCE_REVIEW,D12;D17
visibility-filtering/rules/user_label_drops.rs,visibility-filtering,S14;S17,S14,FULL_SOURCE_REVIEW,D12;D17
visibility-filtering/rules/user_rules.rs,visibility-filtering,S14;S17,S14,FULL_SOURCE_REVIEW,D12;D17
visibility-filtering/safety_label_source/cached_value.rs,visibility-filtering,S14,S14,FULL_SOURCE_REVIEW,D12;D16
visibility-filtering/safety_label_source/codec.rs,visibility-filtering,S14,S14,FULL_SOURCE_REVIEW,D12;D16
visibility-filtering/safety_label_source/expiring_cache.rs,visibility-filtering,S14,S14,FULL_SOURCE_REVIEW,D12;D16
visibility-filtering/safety_label_source/lookup.rs,visibility-filtering,S14,S14,FULL_SOURCE_REVIEW,D12;D16
visibility-filtering/safety_label_source/manhattan.rs,visibility-filtering,S14,S14,FULL_SOURCE_REVIEW,D12;D16
visibility-filtering/safety_label_source/metrics.rs,visibility-filtering,S14;S18,S14,FULL_SOURCE_REVIEW,D12;D16;D18
visibility-filtering/safety_label_source/mh_client.rs,visibility-filtering,S14,S14,FULL_SOURCE_REVIEW,D12;D16
visibility-filtering/safety_label_source/mod.rs,visibility-filtering,S14,S14,FULL_SOURCE_REVIEW,D12;D16
visibility-filtering/safety_label_source/proto.rs,visibility-filtering,S14,S14,FULL_SOURCE_REVIEW,D12;D16
visibility-filtering/safety_label_source/source.rs,visibility-filtering,S14,S14,FULL_SOURCE_REVIEW,D12;D16
visibility-filtering/safety_label_source/twemcache.rs,visibility-filtering,S14,S14,FULL_SOURCE_REVIEW,D12;D16
visibility-filtering/safety_label_source/types.rs,visibility-filtering,S14,S14,FULL_SOURCE_REVIEW,D12;D16
visibility-filtering/server.rs,visibility-filtering,S14,S14,FULL_SOURCE_REVIEW,D12
visibility-filtering/server_deps.rs,visibility-filtering,S14,S14,FULL_SOURCE_REVIEW,D12
visibility-filtering/twemcache/accrual.rs,visibility-filtering,S14,S14,FULL_SOURCE_REVIEW,D12;D16
visibility-filtering/twemcache/client.rs,visibility-filtering,S14,S14,FULL_SOURCE_REVIEW,D12;D16
visibility-filtering/twemcache/connection.rs,visibility-filtering,S14,S14,FULL_SOURCE_REVIEW,D12;D16
visibility-filtering/twemcache/discovery.rs,visibility-filtering,S14,S14,FULL_SOURCE_REVIEW,D12;D16
visibility-filtering/twemcache/error.rs,visibility-filtering,S14,S14,FULL_SOURCE_REVIEW,D12;D16
visibility-filtering/twemcache/host_pool.rs,visibility-filtering,S14,S14,FULL_SOURCE_REVIEW,D12;D16
visibility-filtering/twemcache/host_pool_tests.rs,visibility-filtering,S14,S14,FULL_SOURCE_REVIEW,D12;D16
visibility-filtering/twemcache/key.rs,visibility-filtering,S14,S14,FULL_SOURCE_REVIEW,D12;D16
visibility-filtering/twemcache/metrics.rs,visibility-filtering,S14;S18,S14,FULL_SOURCE_REVIEW,D12;D16;D18
visibility-filtering/twemcache/mod.rs,visibility-filtering,S14,S14,FULL_SOURCE_REVIEW,D12;D16
visibility-filtering/twemcache/ring.rs,visibility-filtering,S14,S14,FULL_SOURCE_REVIEW,D12;D16
visibility-filtering-client/discovery.rs,visibility-filtering-client,S14,S14,FULL_SOURCE_REVIEW,D12;D16
visibility-filtering-client/graphql_results.rs,visibility-filtering-client,S14,S14,FULL_SOURCE_REVIEW,D12;D16
visibility-filtering-client/lib.rs,visibility-filtering-client,S14,S14,FULL_SOURCE_REVIEW,D12;D16
visibility-filtering-client/links.rs,visibility-filtering-client,S14,S14,FULL_SOURCE_REVIEW,D12;D16
visibility-filtering-client/models.rs,visibility-filtering-client,S14,S14,FULL_SOURCE_REVIEW,D12;D16
visibility-filtering-client/tweet_safety_label.rs,visibility-filtering-client,S14,S14,FULL_SOURCE_REVIEW,D12;D16
visibility-filtering-client/vf_client.rs,visibility-filtering-client,S14,S14,FULL_SOURCE_REVIEW,D12;D16
vm-ranker/args.rs,vm-ranker,S08,S08,FULL_SOURCE_REVIEW,D06;D16
vm-ranker/dpp.rs,vm-ranker,S08,S08,FULL_SOURCE_REVIEW,D06;D16
vm-ranker/embedding_store.rs,vm-ranker,S08,S08,FULL_SOURCE_REVIEW,D06;D16
vm-ranker/helpers.rs,vm-ranker,S08,S08,FULL_SOURCE_REVIEW,D06;D16
vm-ranker/lib.rs,vm-ranker,S08,S08,FULL_SOURCE_REVIEW,D06;D16
vm-ranker/main.rs,vm-ranker,S08,S08,FULL_SOURCE_REVIEW,D06;D16
vm-ranker/metrics.rs,vm-ranker,S08;S18,S08,FULL_SOURCE_REVIEW,D06;D16;D18
vm-ranker/ranker_service.rs,vm-ranker,S08,S08,FULL_SOURCE_REVIEW,D06;D16
vm-ranker/scoring/dpp_model.rs,vm-ranker,S08,S08,FULL_SOURCE_REVIEW,D06;D16
vm-ranker/scoring/mod.rs,vm-ranker,S08,S08,FULL_SOURCE_REVIEW,D06;D16
