path,top_component,kind_hint,extension,bytes,lines,utf8_text,sha256,git_blob_sha1,is_test_hint,is_doc_hint,is_config_hint,generated_hint,is_symlink
CODE_OF_CONDUCT.md,[root],documentation,.md,28,1,True,d5ba112a67de435d35ff876d45e68fd67aa33f285e74b4623f2a380374167bba,d715425a26df1fa0d49f333408339f103ca6d8f1,False,True,False,False,False
LICENSE,[root],other,[no extension],11357,201,True,c71d239df91726fc519c6eb72d318ec65820627232b2f796219e87dcf35d0ab4,261eeb9e9f8b2b4b0d119366dda99c6fd7d35c64,False,False,False,False,False
README.md,[root],documentation,.md,45489,482,True,d4da80db7fdfc1823d0e4f1fbc60dd690fea7a3755544ad8e3d94dec85342fa9,fb83f9ca5fba376e0919c457781bd8f64d6d8c6e,False,True,False,False,False
abuse-enforcement-service/server/src/main.rs,abuse-enforcement-service,source,.rs,3536,104,True,c75658933d25cd954132c8112704abec892ed6f4ccd0e4f0f7d47067a4c4b42b,d37f9b49543ab5817ee1740fb0d860b77c4d7c75,False,False,False,False,False
abuse-enforcement-service/service-lib/rules/enforcement_post.yaml,abuse-enforcement-service,config_or_build,.yaml,2132,82,True,ea2d503b781c365a706e9c9923b693128ae3d6004bcd851a2f1800001b463000,bf4de586489a41351870669de78a3b71287cb36d,False,False,True,False,False
abuse-enforcement-service/service-lib/rules/enforcement_user.yaml,abuse-enforcement-service,config_or_build,.yaml,6384,210,True,4e697de7383ecc0c46a6c814fe817b74fd8bac7f44e069cb24cc917bffebdd59,96327641e51c5822b272f2581510ea2b94cd485d,False,False,True,False,False
abuse-enforcement-service/service-lib/src/ais_client.rs,abuse-enforcement-service,source,.rs,18452,595,True,1bba0d7a6e2fc45283eb4a3c38edf7786d08abc863edadf1ee8881fdcffef30b,63d842953e6d6537cca3ef4c95212666841dc630,False,False,False,False,False
abuse-enforcement-service/service-lib/src/allowlist.rs,abuse-enforcement-service,source,.rs,5273,172,True,4fcbabbd7e1ba812af826d3071d2b5a888c8e50f547c87eeaf213e2603d60132,bef3e83ad7e2af1ccda45937686d20e2dd202925,False,False,False,False,False
abuse-enforcement-service/service-lib/src/api_doc.rs,abuse-enforcement-service,source,.rs,8391,212,True,0152dab67c10375d48ef36f6fd86c09a8b4aa2ea1d8dc807467f8585167719eb,6abd1c429b270b5ada90d448a37b56fc847c75f8,False,False,False,False,False
abuse-enforcement-service/service-lib/src/auth.rs,abuse-enforcement-service,source,.rs,6979,227,True,62aedd76575cab4b6e59809fcdaf67e3cf0aadbd243a7cc05bb4b5e0154981dc,dfd0681049b2c3126e934e60b7a84164246a097f,False,False,False,False,False
abuse-enforcement-service/service-lib/src/bin/validate_rules_yaml.rs,abuse-enforcement-service,source,.rs,969,33,True,463f38a5cd2ba7219f815a4e1bed60c78b2ad8845d2de565b8fb337539d65a4f,9de97f43a57ba29cbb15429188c49f79232c26e5,False,False,False,False,False
abuse-enforcement-service/service-lib/src/config.rs,abuse-enforcement-service,source,.rs,10097,336,True,3562ba3b772bdfeeb5827131df11861977265f1b4797f6ad05896e2ce07c4b4b,2825f2fc4d4df236f945ce49336c3b527f10559d,False,False,False,False,False
abuse-enforcement-service/service-lib/src/decision.rs,abuse-enforcement-service,source,.rs,947,38,True,108c3803f80454241ed6620e85f291cc5760e69a017bfbf313210e1f0ad537eb,a64a3c8427b852c4deba2f76f6979e90a9be8c92,False,False,False,False,False
abuse-enforcement-service/service-lib/src/dedup_cache.rs,abuse-enforcement-service,source,.rs,26180,791,True,3260b6381097d083347c43b24499a297c7b65c8b69b4c1912346f7f3593fc5b2,86c41d8cd7114d152b016fa2d293788ec3d53a47,False,False,False,False,False
abuse-enforcement-service/service-lib/src/entities.rs,abuse-enforcement-service,source,.rs,1885,62,True,cc741e247888abbeaebf6bc70d43e1d1c1f8f0a64f9b0f1281771b0652638e10,35e09aa527a910c29bc68739d62ef2d8cec263ce,False,False,False,False,False
abuse-enforcement-service/service-lib/src/facts.rs,abuse-enforcement-service,source,.rs,35914,1008,True,e3d2fbbed3895634bc4ea6045cf3b6dc88dc7ddff36bc74b803f5a8e1e6e686b,f06de07933aaff23d694106fb4b0231ea39339a3,False,False,False,False,False
abuse-enforcement-service/service-lib/src/fixtures/mock_rules_post.yaml,abuse-enforcement-service,config_or_build,.yaml,484,14,True,88c7c74d0ac871ef4a78f398a15287e670ebf1652eaa7c0d51ab3d8a5aa0c2f2,eb9b524ba1ad1a7f128f10349b7accf40fb8972b,False,False,True,False,False
abuse-enforcement-service/service-lib/src/fixtures/mock_rules_user.yaml,abuse-enforcement-service,config_or_build,.yaml,828,24,True,e6e137e38cb95f7d3c79a343dfa09b20395a1abcde6f1112daa9f4ce9b7e50fd,cea4a20ae482ad0531115083e67030ff73f67508,False,False,True,False,False
abuse-enforcement-service/service-lib/src/gizmoduck.rs,abuse-enforcement-service,source,.rs,6302,175,True,44c5353187fd9226321137fcd2e0f6e6eaf144df28db0a43bc35ed888f863498,c1c49eeed8fb023cb2cf538b2633afc2296c9260,False,False,False,False,False
abuse-enforcement-service/service-lib/src/gizmoduck_labels.rs,abuse-enforcement-service,source,.rs,177,6,True,988d4c3623f7ab8af9c24bea52d8873551e1190a56548d8d88e3bc36939d0ff3,9b95d81599e471d01e97e53dcfeda0c9470347db,False,False,False,False,False
abuse-enforcement-service/service-lib/src/growthbook.rs,abuse-enforcement-service,source,.rs,15543,473,True,5254b8eb378a50665be740d9870552558c28e8b97ade56f7d27a4616ceb6e9ff,8a7a9e254c44094cd001cc15299a55c16b717919,False,False,False,False,False
abuse-enforcement-service/service-lib/src/growthbook_writer.rs,abuse-enforcement-service,source,.rs,8466,257,True,507e7085a47860d4aaec7700fa0de7abca5e0772ba904f81656c9ea0e0009e32,415c22fec67d4bf56161efd97ff79cdce4bd76a5,False,False,False,False,False
abuse-enforcement-service/service-lib/src/lib.rs,abuse-enforcement-service,source,.rs,67593,1955,True,c0e836ce60ce62edecd3c793df4aae6e821648cbd0a6c68e75d31f2969466849,244ab59e75b1f8e9cd9c7782c992fe3a87a16ada,False,False,False,False,False
abuse-enforcement-service/service-lib/src/limiter.rs,abuse-enforcement-service,source,.rs,4517,145,True,5d91b49941c6462464fec032df3e33d006942e6c00ddb7ed97b8e7bd0b970341,a7eb72d93030f8faa6e9bfc1c37f4a51e2d8b048,False,False,False,False,False
abuse-enforcement-service/service-lib/src/manhattan.rs,abuse-enforcement-service,source,.rs,3072,103,True,d77d464003ba6df4621a68c13d445632fe017497353feb3d0d84e0369a72b207,61e04de0ed4e7a1129a6cc455567197411de1aab,False,False,False,False,False
abuse-enforcement-service/service-lib/src/metrics.rs,abuse-enforcement-service,source,.rs,16186,445,True,b639eb554f97777e8cd7be270eef5634f387db356a637340ee793432f6283263,96e3a5397817801c7d541e6f5fefb65bec24590c,False,False,False,False,False
abuse-enforcement-service/service-lib/src/rules.rs,abuse-enforcement-service,source,.rs,38647,1202,True,b34596226d9c3eca19e6ad5f17537dee10b1ac0ade589e3b8a19f7df1691d406,3ebcdebffd0af2eab9de8ef1e7cda1b48a82a626,False,False,False,False,False
abuse-enforcement-service/service-lib/src/service.rs,abuse-enforcement-service,source,.rs,88259,2598,True,b88089336c6934f3711548fc52105bca5e22b47deb3c59f7644461825fb0cfee,fd63db9d5ffb16b0647a4c0d0116f38f49a76dcd,False,False,False,False,False
abuse-enforcement-service/service-lib/src/sliding_window.rs,abuse-enforcement-service,source,.rs,21267,672,True,91290437f9f25abf18bad16b9d7f75e4dcf2f76d4e8bf9da13511533d40c1713,ad3611debe08264089667313074d6399a4f558ff,False,False,False,False,False
abuse-enforcement-service/service-lib/src/strato.rs,abuse-enforcement-service,source,.rs,8813,283,True,8781afcbab3158a1fea30a62507afd8f4909e04a8d0fcc4575089745c5aa6c65,6b21b2ad9479a5f21843740118a1c1b94c59a031,False,False,False,False,False
abuse-enforcement-service/service-lib/src/test_user.rs,abuse-enforcement-service,test,.rs,2335,75,True,2db9b3074e655d3286a5a9f5d3ecfb844fa350a7bc629e52b21df743765e7ba4,5cbce3424941bb13efb8d9349cce78f53a616aeb,True,False,False,False,False
abuse-enforcement-service/types/src/allowlist.rs,abuse-enforcement-service,source,.rs,9267,315,True,86bbcd9d379301dc116127a51f9ed9127b77aa0684004bdba984de8981bc546c,fab6a8beac84ce79a16eb08a80336354a0274c0e,False,False,False,False,False
abuse-enforcement-service/types/src/config.rs,abuse-enforcement-service,source,.rs,235,8,True,3328b49b05b16332feb6ca528144f49d67f43c70bd03586195555dda66054cca,0fda09fb578a2d112ee2ec4d6e372b3d448f3e7e,False,False,False,False,False
abuse-enforcement-service/types/src/lib.rs,abuse-enforcement-service,source,.rs,35,2,True,5ca12cdcb2d2d186db305363ed0219263b87cedec1216f0f6847487bc6fa498d,719aea4b72b3e367635b603ee3e180736fccfc2c,False,False,False,False,False
adult-content/BUILD,adult-content,config_or_build,[no extension],170,11,True,83d6f5571866e04c7c36e3906a225758af4019fa82fc13a6e914eddc7fea008b,0ab7fa4a866a2ded0d272a908eb1e80dadefc534,False,False,True,False,False
adult-content/calibration.py,adult-content,source,.py,3209,97,True,cf89f8a1cec0a023bfd90c99df43051fa6aea826841a012938044484f2d22752,2de7d9df4dad6b44da851f5aef9215b2a4d91111,False,False,False,False,False
adult-content/config.py,adult-content,source,.py,1202,44,True,e35a7c0b36904b319fecc4536e340e2dbba33aed769f3f4bc4468a0e2d0229d7,403779b616c255094a5858710fb3ab7b1266f8ce,False,False,False,False,False
adult-content/dataset_utils.py,adult-content,source,.py,1661,66,True,49e7dbdd3f0446368fdeeae538a39113d1d4bacf559105628ac2f870963a5496,450a3a390a27fe2f40329813e1cd04428d126b54,False,False,False,False,False
adult-content/scripts/BUILD,adult-content,config_or_build,[no extension],898,28,True,00b1963954a4971ff445d3138fea70cde0cf5c790a1b7af7a36896789132c61d,c7d6c538bc3089f3a660386d5cce0d818068af84,False,False,True,False,False
adult-content/scripts/calibrate_model_scores.py,adult-content,source,.py,1392,54,True,ca5c3122023beaa6fccdbfc40338c6ba41dc48685a1d701ad36ac1ab9f00570c,704d0479504d81fe5dc8748af2c9382cc34b57ce,False,False,False,False,False
adult-content/scripts/train_model.py,adult-content,source,.py,2501,97,True,9032c20accd02a969b9e74efb8e492fffb63fe7ede60a4fabe6725044fdd7619,e6e3da9aed0c4ef65646ffce5e058fd8c572d40a,False,False,False,False,False
adult-content/training.py,adult-content,source,.py,2242,85,True,2d0119cf5f14510d32561442326199cee443959c52acd1b58a394887d54ea521,2fad6b4a7808b5f48cfb3b988271ebd97f0c94b8,False,False,False,False,False
agatha/hub/agatha/BUILD,agatha,config_or_build,[no extension],468,13,True,76236b59976dd8119de68539a852546d33d2208dde5f0d465eaf101397690119,bddfb9ad3438af558f453f55b74fe2fc7fc57b2f,False,False,True,False,False
agatha/hub/agatha/Bijections.scala,agatha,source,.scala,375,10,True,ba7f077330f61fd501797bde53d9fb7017947469e3f256f2ee59599bea764cc7,538720360ac8583da9c738f1188fe9eed25b96bd,False,False,False,False,False
agatha/hub/agatha/builder/BUILD,agatha,config_or_build,[no extension],955,31,True,1eac620e99a1c7b5283bf41bcee119ef67f64485108b5633656fdf775fd2d9d7,37af1c27ae39bb67e8e3e6838f160e9daa06584a,False,False,True,False,False
agatha/hub/agatha/builder/Builder.scala,agatha,source,.scala,2411,65,True,92fe27b76d70ee82e977fa75e395cdaef0e2780ee581bbf82c98870f91130d82,576f8ebf5ab2ceb872f123904e2dd35f5b88eda1,False,False,False,False,False
agatha/hub/agatha/job/AgathaJobTemplates.scala,agatha,source,.scala,6062,180,True,84deb357d35b59ee2e3d34e3f54cc98a1500cb6cd92651f6df13d43d035e02bd,ec25d3e80e108125acc6184aa46d774e2070efbb,False,False,False,False,False
agatha/hub/agatha/job/BUILD.bazel,agatha,config_or_build,.bazel,825,27,True,9b79be4a9c06ef58017a807dc811296c53daf68cd8df13a06a26467f9ce6da9c,7048ae7823ee1d171a1131aac359b31f6e901419,False,False,True,False,False
agatha/hub/agatha/labels/BUILD,agatha,config_or_build,[no extension],1126,38,True,ff2b8db52c87f62d1176c845ee4fc924dd4483bff314e3f4a26da461128adde1,6270fdf744301c8cc387458e2beffe9c82d2a360,False,False,True,False,False
agatha/hub/agatha/labels/LabelGenerator.scala,agatha,source,.scala,272,10,True,c1e29d003060ff14df0f4dee4f97e42cab452e8f7c278bf2c4b86a767c817c01,00e9255bcfd6b15d3b9e4e6d05345ae10c4f36bd,False,False,False,False,False
agatha/hub/agatha/labels/LabelManager.scala,agatha,source,.scala,712,21,True,f093330d1e423047ad841e81445d039fe1b78cc2afa693e6e021b6fd30134226,a0e5a1364fc7b23574ed3b79583ae8726cf8b51f,False,False,False,False,False
agatha/hub/agatha/predict/Aggregators.scala,agatha,source,.scala,1810,54,True,dca516707b85a865c37bb6f3259a0bc29c3e6c58c6890f5f6016c1941056b225,79d369cacabc9a151a950c3f085c4dbeda061b17,False,False,False,False,False
agatha/hub/agatha/predict/BUILD,agatha,config_or_build,[no extension],539,14,True,fa3df3f0cfaf9a94ed259410a82337b7e1e689a62e41014b6171404deb2ff25e,944c51662a412e1c88188aaefa2c1868271ea4b2,False,False,True,False,False
agatha/hub/agatha/predict/Predict.scala,agatha,source,.scala,2910,84,True,c0e07744dbdf202a953a3adbbc4a7ba4d6736780291b5b9f2d769a37b69f041c,ad7cbdee9e2702deba39238debb185d9bcb6c01b,False,False,False,False,False
agatha/hub/agatha/predict/package.scala,agatha,source,.scala,163,7,True,1fa96495c4a7a204b1b1e803f8eca557f0dcd653d773fc4ddabfd1eba413ccfb,92c9f2a57456ebcfd370f6c7e26841d4c31166ec,False,False,False,False,False
agatha/hub/agatha/thrift/BUILD,agatha,config_or_build,[no extension],319,14,True,0582a79f0cf92db205bf3aba8e3d1b2433941ae309b13e104157aedffcc3afe9,57bb3570152aba73f1dc0769516cccd777bab778,False,False,True,True,False
agatha/hub/agatha/thrift/agatha.thrift,agatha,schema_or_dsl,.thrift,1450,52,True,1646e66073370187936025bb434ee6e9ce1653136db8c544bbb6e5880a1e4c85,39ed37768c266023ec864bffb0bd61ff64db9140,False,False,False,True,False
agatha/hub/agatha/thrift/featureSource.thrift,agatha,schema_or_dsl,.thrift,580,29,True,e9b5562cf60374bddb08c4b6ae201bb41c5894d186e2a8f7bb4effc964082e6d,f3ffc81f1b084e7ff578411e531a1f1b936e50c2,False,False,False,True,False
agatha/hub/agatha/util/BUILD,agatha,config_or_build,[no extension],282,10,True,3755099e57507243a24bfb031defc8d2d7f17041a3d10f07eedd389d0a21cf06,92766445b1ea68a5ac6ab4159bdf88fba8a38639,False,False,True,False,False
agatha/hub/agatha/util/CrossedPMIStatToModelledFeature.scala,agatha,source,.scala,875,31,True,085e076722f8f568c18cc25a119641474aae38efa06368bab565a3c9f843c01e,80440660e0b09c1638417a7f2f88010410db0c29,False,False,False,False,False
agatha/hub/pmi/BUILD,agatha,config_or_build,[no extension],285,11,True,a78a4f5628e7ce484da2e561f739287b60c08d8be05fc0c4fdc600e395def5e5,c514280c0e42a16078118363f46304aa678483e6,False,False,True,False,False
agatha/hub/pmi/ModelCommon.scala,agatha,source,.scala,2344,85,True,54463a5311f4ddc3fc283528dc9e9d55777a5b310dfa7681815d0543fa8abfae,9b2b46b6fbe9e435babbfcb7fa87e220c6480f1d,False,False,False,False,False
agatha/hub/pmi/PMI.scala,agatha,source,.scala,10025,353,True,5f06e71415d7a32fcf63d8bd6f6d54a25e29d2a99ac7ebbcaa2f5fc03c511dd4,2b0fd14a4281cf6397503df78180251d29b47dee,False,False,False,False,False
agatha/hub/pmi/PMISetExtractors.scala,agatha,source,.scala,3380,106,True,ce4a5d11596d45a5193806f9569296ac6c821c9ed899ed189a5b3d421643533a,cd1bfb3ca33d7e91ad5b62573acf0655b508e9f6,False,False,False,False,False
agatha/hub/pmi/PMITypes.scala,agatha,source,.scala,3910,115,True,869997bbdf1a84aa5fc6c7f8f284fc9cf0c0839b91c1e4e8241b721669e6c606,bb5df1035ed4b8f545753b14a7fd6230c5543a5f,False,False,False,False,False
agatha/hub/pmi/PreProcessors.scala,agatha,source,.scala,1251,50,True,56b470c0b7ceef3ecb13e77ac3d802d746ca017995172e510f30ff1f5be57f7b,42334f4a7f5d9632ab06a0ec06dfc358e1843db4,False,False,False,False,False
agatha/hub/pmi/examples/BUILD.bazel,agatha,config_or_build,.bazel,1070,33,True,ec50d96c6eb89a74d25660233e97d380786a4226ef11608285f0e0e6ff258fb1,cced6851218c74e5ee73d8aa0c4afe069fb8033b,False,False,True,False,False
agatha/hub/pmi/examples/TopFollowPmi.scala,agatha,source,.scala,3760,128,True,5c11cc7f3c615364df488a341f7c1ef191b723dca68f7c956a00ef2b6e4b48ae,20a11f976ced36fdac9abe9d5c80df17ada7ffa6,False,False,False,False,False
agatha/hub/pmi/math/BUILD,agatha,config_or_build,[no extension],149,7,True,de381d2c86a750b2c9825dc5998fcea5f9922f8d969b1e081c9661b52aa0d9a4,b06c19f0e2cc36e8915532323d845b09fa95ec6e,False,False,True,False,False
agatha/hub/pmi/math/Math.scala,agatha,source,.scala,2649,103,True,25fa1115d67eb4378119804eafc1b58af0aa01d4475effcbfb36a4557b0b9500,64b2ae7688b72f821a50bd356b6ed6d12424ffb5,False,False,False,False,False
agatha/hub/pmi/math/aggregators/BUILD,agatha,config_or_build,[no extension],262,10,True,35b653b006acfebb32bda708b9e0b9666408758076a0b2eecbf2bb29764cebda,91c4b4c55e6b7f163658ea11d3f058997cf2d71d,False,False,True,False,False
agatha/hub/pmi/math/aggregators/Moments.scala,agatha,source,.scala,4717,160,True,d236f8904b3540442ac4e5c564d22f245b0499f3fa1a092c7f47a6044185ba6f,496cefe0d162f8f189b504232410a1807bba6050,False,False,False,False,False
agatha/hub/pmi/math/aggregators/Percentiles.scala,agatha,source,.scala,843,30,True,4cede3661f4fd3c2c7495bf140caa6c57c388af418d8be4e405d6480319e8a58,9aca35f1d466779289dd766219b555f3b27d30d1,False,False,False,False,False
agatha/scalding/AgathaFeaturesPredictJob.scala,agatha,source,.scala,3372,88,True,ca7ff8ea5644e901266d832cd24f10e55dda5b244a248cadaf305927f1f95ac0,24668721fb7c2c4737ff13ba605bf438371faae3,False,False,False,False,False
agatha/scalding/NSFWBuildJob.scala,agatha,source,.scala,2106,57,True,965f55186ed46fedc059ce01fb0da796b4ec8862887f30be7c2d94966fbd82a6,94416fddcebb80a0d6f72300b9372f0d3f099588,False,False,False,False,False
agatha/scalding/RateBasedBuildJob.scala,agatha,source,.scala,2365,60,True,7127b8ebfcccb0d682f6e6889affa9cf9cf2d54ad871797f9b985d257b034442,ca2183beefad1cb5f7d31c0874a74f63458904f9,False,False,False,False,False
agatha/scalding/SpagathaBuildJob.scala,agatha,source,.scala,2133,56,True,0242a6cb8e2baad767ad040eee03fe4372eca9404b1c775d2abfad98d472a00b,b141a9433a5c17a5daf929e35fc9fa02259b16e9,False,False,False,False,False
agatha/scalding/blink/BlinkScoreJobTemplate.scala,agatha,source,.scala,13339,338,True,6fe2716a723d0410546112b4b6314bb5a4d8f497ed0b795a424c4ed2ed61c75b,c3bc351803ebba69160d466b9b9402f0d4341f5a,False,False,False,False,False
agatha/scalding/blink/ManhattanImportInjection.scala,agatha,source,.scala,692,14,True,3ea8d5935d3879235836d05821be4345bb768f4ed8c932f8550890e49e9fadaf,7a0571ed31bd9a6e154396656be866a736eb680f,False,False,False,False,False
agatha/scalding/data/ActiveUserFeaturesJob.scala,agatha,source,.scala,2272,64,True,0aab21a23c2ae1ca615f88b3b1976c11e886de6097a6aec812372ae241164d71,17773adcbcb294f4a610848dc25867fc3574f4d1,False,False,False,False,False
agatha/scalding/data/BUILD.bazel,agatha,config_or_build,.bazel,3664,112,True,4296470022fd2410f5d759d1aad5f929ed7a6518b9fd855a62e325941cd2e3d0,f67b41c89112d437cac56258b6f964f8742966fd,False,False,True,False,False
agatha/scalding/data/DataLoader.scala,agatha,source,.scala,410,15,True,af1ff7120e24aec4be0f0e7fcaeb7dd5547f4a7a67649e2681cb0e2ab4e73bff,ba61a4eb51b345ad4ce80ab2f1d0f1f7ab3f75d4,False,False,False,False,False
agatha/scalding/data/DataLoaderUtil.scala,agatha,source,.scala,1474,53,True,6f71b69242992ae78d031a1a59e0a1ab21d282c6f3dcb007ee92e39c4bca6549,1078c7d56551c448c093cdb9b09ca6fea22c128e,False,False,False,False,False
agatha/scalding/data/FeatureExtractionTemplate.scala,agatha,source,.scala,2465,57,True,36484b125bf3abe415ef892d6b771bad99ba3b9a6de3f41f2065d93193b466a4,5cae626ce87b05255d3cc6ab6ff67d485999057d,False,False,False,False,False
agatha/scalding/data/loaders/AbuseReportGraphDataLoader.scala,agatha,source,.scala,538,12,True,e688e495f01f92f29cdf51b5569cbd703100d24f4b3daad9c6e698abaad455b3,6df5975fdd56eb8783c035ae8e9bf2761c6b9dd6,False,False,False,False,False
agatha/scalding/data/loaders/BUILD.bazel,agatha,config_or_build,.bazel,8010,287,True,72abcc10b34873c1e95af3fa20e658f544b855e6c861ae56e721150c0354e80a,1c1e5a0bb56d77567842b186e85773d7ff770fa2,False,False,True,False,False
agatha/scalding/data/loaders/BlockGraphDataLoader.scala,agatha,source,.scala,512,12,True,2358c4c1fbfd5bde70b8a4494ab0bde0f7b73d4729b8b5448d1d0d6f1e6f2c02,fb2b0c60cfec1c47f6fd9e36eeee65af6f0a1621,False,False,False,False,False
agatha/scalding/data/loaders/CombinedUserDataLoader.scala,agatha,source,.scala,6461,192,True,71ea571a14054a7e4eaeed1114050d1d51da98f3004709f423f26c19bf7564a6,04de52a5685d0036c9c238629935fa0134523cf5,False,False,False,False,False
agatha/scalding/data/loaders/ContributorGraphDataLoader.scala,agatha,source,.scala,536,12,True,44a2c2dce8ae7abde04295da7b7f97b4421a3bd32b3cfee6400f2a9a2b30ec67,113583b365e1de95acc97a20be38e06bd1fd2789,False,False,False,False,False
agatha/scalding/data/loaders/DirectMessageGraphDataLoader.scala,agatha,source,.scala,1331,34,True,0f002a4e15561dd6e8bacfea21de11cc62f6b16d7db08bbdacf80d1d6295a8f0,c4751fb677f48b7a7c85fe2c46c76536488a6cb4,False,False,False,False,False
agatha/scalding/data/loaders/FavGraphDataLoader.scala,agatha,source,.scala,1575,41,True,42d2c22670943552fdce745ff03e2e055eff3f7f59ae04dcf48111d7a65061d0,cbe831ddd14e82eec6f68974c2a99b10bf652382,False,False,False,False,False
agatha/scalding/data/loaders/FavedTweetsDataLoader.scala,agatha,source,.scala,1547,38,True,dea20d93be0e7948a9e7c7a32730d1a97f61efae493481ae1928951c86031c28,b65d3bfbab6516baabb854395a026ec486794977,False,False,False,False,False
agatha/scalding/data/loaders/FollowGraphDataLoader.scala,agatha,source,.scala,516,12,True,e73553df816f351e389943e73bc6e70228f62901a23936b5923a5c5248536d83,9c1cbe482e7d0059d2c951b7d94c06242252d418,False,False,False,False,False
agatha/scalding/data/loaders/HashtagTweetsDataLoader.scala,agatha,source,.scala,2018,64,True,29d82649505df438993b5fc3455e771bde935cf954185b76d7d8acfd74058e11,368b2dbe476813311268f41579c84b8d092e2513,False,False,False,False,False
agatha/scalding/data/loaders/LegitTattleGraphDataLoader.scala,agatha,source,.scala,1497,39,True,380935a0e53b2f1c4b685e23e0958f4f044b4f84b526b36eac0c7a801cfe8ed8,41bc26e8b4d4b4591802388a8ab183a0d470481c,False,False,False,False,False
agatha/scalding/data/loaders/ListFollowerGraphDataLoader.scala,agatha,source,.scala,559,13,True,62f9dc07faf21d5011cb02112c360a08326b9392286f580a22d3d30eae59532f,530bcdfb59b962626ebf17c730e72965798d7af0,False,False,False,False,False
agatha/scalding/data/loaders/ListMembershipGraphDataLoader.scala,agatha,source,.scala,556,13,True,9c8c972f6b97624e706383c03203c5cedd83f3ad2ead6031d2da6d86c1c75435,9d086c1a8a0ac6d46996056bb830fb04b8cb69a0,False,False,False,False,False
agatha/scalding/data/loaders/MostRecentEdgeSourceDataLoader.scala,agatha,source,.scala,1703,49,True,7bb3f7d065beb196d052410e0aa82a9d44159e00983f5cf0a3151d429c2d1369,55ab0a219abd7d0b8fbd6287da33ef8f79f65981,False,False,False,False,False
agatha/scalding/data/loaders/MuteGraphDataLoader.scala,agatha,source,.scala,506,12,True,0064c448cf5f04b800dea603d1095b822c0cff093f71aa9a14946ca0a05f8388,b13d8c2122372e5b4cd3196066cf61567c61e913,False,False,False,False,False
agatha/scalding/data/loaders/NonLegitTattlesNoBlocksGraphDataLoader.scala,agatha,source,.scala,1613,41,True,497eec998905a45947347068ae4706542632eaf78dd13dd0261686a3a1d7e27a,70863ac3535c428e151404109e965ff6fde4300c,False,False,False,False,False
agatha/scalding/data/loaders/RetweetedTweetsDataLoader.scala,agatha,source,.scala,1583,43,True,7dd7e21e80e18520401ae67e222d7133aa2439ced3c1162c448d274ee76e3825,207e1035a320b26c7a6c7508d99b05657a21af7c,False,False,False,False,False
agatha/scalding/data/loaders/TweetAuthorEngagementGraph.scala,agatha,source,.scala,2964,83,True,15bfaaeed3aa7a1e2bc5eb8ac5f202f250ed7144ace482fde04808d56fcf287a,5b58426b43a86c466d44ed73fafd908b8cbba393,False,False,False,False,False
agatha/scalding/labels/AgathaLabelManager.scala,agatha,source,.scala,828,21,True,e7596d5d76758d27cb77f208d61eb30b3ddb75c409a8abace9d73ddcfbf0b97c,b6fab0d07ecf993b278a0a9ab31006651d850616,False,False,False,False,False
agatha/scalding/labels/BUILD.bazel,agatha,config_or_build,.bazel,1604,43,True,9a8b226d952586a888644b126a07d0c094647883e9a5ffc1f5a6158655805bd9,6de4be543c39915d91967fb6b1319c2e6da73722,False,False,True,False,False
agatha/scalding/labels/LabelExtractionTemplate.scala,agatha,source,.scala,2891,72,True,410798686d61b14dab5c7219513e66cb5a6440431347e02c480266735ba3a992,a78b3b8138b6f4779e0c60d1d7b380287a829af2,False,False,False,False,False
agatha/scalding/labels/LabelUtil.scala,agatha,source,.scala,1948,62,True,ec72fff85b49850106c631f2b923ef0b382b75f7c935c97134b630347c4a6cc3,70126201074b42b0cbc493f596a721efb2b260e0,False,False,False,False,False
agatha/scalding/labels/blocks_per_fav/BUILD.bazel,agatha,config_or_build,.bazel,1961,55,True,65f540a0fc1eef0494d464f20cb1edc271df25281df3fef378d7c78f9720f22d,420cf0ef7edde54bc6e69b1d434e3343cbc7b181,False,False,True,False,False
agatha/scalding/labels/blocks_per_fav/BlocksPerFav.scala,agatha,source,.scala,1155,34,True,b7b6487cc458851a4010b2d7c6a9d4aa5424e95dadf89a633d496acb1a89ecd1,6b4e2c9734a07f1389d72dcdbc152ed9db17b721,False,False,False,False,False
agatha/scalding/labels/favs/BUILD.bazel,agatha,config_or_build,.bazel,1342,33,True,397888b0887f6f51af2ef42e1d4c169037fa1021714cb6e6240b964542e9c88f,ffe36ab59befe733c0ddc8757f973ca9ad616061,False,False,True,False,False
agatha/scalding/labels/favs/Favs.scala,agatha,source,.scala,2325,69,True,d6e134ec893466e470e75eb54ea5f489b54eccd4c60ed423744461d6d35e0b1e,5a07bc181ee2e578dfadcb5c2d020022b5fee768,False,False,False,False,False
agatha/scalding/labels/nsfw/BUILD.bazel,agatha,config_or_build,.bazel,2999,79,True,5e3d5405e2fce50184889ac91a7c90dd4b8a3e9408bf104e529690afb949dca6,a60f95fb24b0a5ac807ff2388174cc394303f605,False,False,True,False,False
agatha/scalding/labels/nsfw/NSFWLabel.scala,agatha,source,.scala,517,15,True,ccaf94028bb0e767658b5deb4b95193fe785deb337699a2f3fd37b5a1191be19,f562fbc2a9f8c1f48c45e7c645032f7f8308a558,False,False,False,False,False
agatha/scalding/labels/nsfw/NSFWLabelExtraction.scala,agatha,source,.scala,1788,50,True,bddcde2f38656ca9f03b4f43af2f2a5cfa60b7ae335050cdf9eeab72dda54b80,576bc473843b237b4668a35203794d162f4d7c94,False,False,False,False,False
agatha/scalding/labels/nsfw/NsfwAgathaLabelManager.scala,agatha,source,.scala,278,8,True,04657b72ceec71ce02910e930b3aece0b75cdad92c4309154d97cd1ad1cfb234,03bcb7d990e3e27940126909708a3dc50ce5b682,False,False,False,False,False
agatha/scalding/labels/rate_based_labels/BUILD.bazel,agatha,config_or_build,.bazel,4246,89,True,3d0a19f61702835935eaf28e41947a32b53af14d12645d20bfe5187157f68aba,df7ce7376623b69d5bb35c25256da14f6d61040a,False,False,True,False,False
agatha/scalding/labels/rate_based_labels/RateBasedLabels.scala,agatha,source,.scala,8126,230,True,08908332faaa9deeb2e40045afe7d0aee5d4a0e9cc3a0f13d8a15eb91bf93995,56295fc59bdb1e3c8dc6b2b79d85b8e825f00e07,False,False,False,False,False
agatha/scalding/labels/rate_based_labels/RateBasedLabelsExtraction.scala,agatha,source,.scala,988,23,True,1e4f3c87048a221888ede7786e254328034ba1402eeada450b5652699a7299f5,d4e75cc973ad071234e2f2d8eb79117b4c3f4089,False,False,False,False,False
agatha/scalding/labels/reports_per_fav/BUILD.bazel,agatha,config_or_build,.bazel,2079,57,True,c45bce1a8216994a64f4303892f6027fc2e6cf11baafec6c67159fe4b23207c0,0f85bfd8c85294cabd78924b1077dcf5fdce2db6,False,False,True,False,False
agatha/scalding/labels/reports_per_fav/ReportsPerFav.scala,agatha,source,.scala,1302,38,True,09767e013db10299fe6b26ab51dbc50dcdf4f3f7c5e10fe78973ce49bae003d8,8e8843f76abf8280d812f5c9c733701f8a06c032,False,False,False,False,False
agatha/scalding/labels/spam_reports_per_fav/BUILD.bazel,agatha,config_or_build,.bazel,2097,57,True,74596037c137c2e40b150edcbd14fb89249291c5a26c84a6f2b66dab15f8efe7,158129afdb6f5b6ed2cbce1181a5aa4bc6e6c32d,False,False,True,False,False
agatha/scalding/labels/spam_reports_per_fav/SpamReportsPerFav.scala,agatha,source,.scala,1271,35,True,232d2117e7e400697566b1660a65751ced89ac76b1b5cb1137ea1e2895cd7a4b,e697ab091667c9bbc58b7f905d7eac858c0666d3,False,False,False,False,False
agatha/scalding/labels/spam_suspended/BUILD.bazel,agatha,config_or_build,.bazel,2895,74,True,90e725b6237af279a3260510540a669b174fef63e546407115ba2adcc006d59a,5e0fbadf14ad842b792014e4938bb159ad517459,False,False,True,False,False
agatha/scalding/labels/spam_suspended/SpamSuspendedLabel.scala,agatha,source,.scala,764,20,True,cb34f66bc687065903ab8b1e5cdc397d94c3cbb74398000fce25d4ea87644ef9,f6de946c81f24ad178077cfcae5f9502b7cbf15e,False,False,False,False,False
agatha/scalding/labels/spam_suspended/SpamSuspendedLabelExtraction.scala,agatha,source,.scala,1489,35,True,80c9d422855e945232a0b106deac322d0abf0fb7b80d75aa8994857f8b979ea7,4f3f9e78b8acc6b0d3d442520fd32f880d961a34,False,False,False,False,False
agatha/scalding/quantile/BUILD.bazel,agatha,config_or_build,.bazel,2507,69,True,30089efc88fa7097647b842a59ca087784c037f5912b11b55a9e14b7fb07d6b3,ac6f29c4be1bb2fbc397e4272ab8e6d199c9395d,False,False,True,False,False
agatha/scalding/quantile/QuantileFeatureExport.scala,agatha,source,.scala,8161,210,True,d81a243bc867ec022eaa985555109fca955151e7c29a4f64eaa1117aaa6c789d,a3b45a6c4b62ab479ad6d5a8b48a786b154af8a0,False,False,False,False,False
agatha/scalding/util/BUILD.bazel,agatha,config_or_build,.bazel,1425,38,True,80bfb8043b3ddb910c5faed4aa2119c95fed10c0f7950a0a0263fc9fe8d395c7,2f01a269f2be478764e45f40cd6b6a62bbee71ac,False,False,True,False,False
agatha/scalding/util/FeaturesToLabels.scala,agatha,source,.scala,4160,120,True,031cc8439ad25004738c2fe9c184e386f24fe4dca5cbcc148e3ef6716355cae0,3029d2cb059c3a65d89f0984b1ed143420a2b448,False,False,False,False,False
agatha/scalding/util/GetActiveUsers.scala,agatha,source,.scala,944,27,True,e9a2accc9172f175610c90637c81085863475448f7ebfe2cfd1a9cb13c6650b5,617a378e03e13732f9a51753f125f9dae4c9e70c,False,False,False,False,False
agatha/scalding/util/GetSuspendedUsers.scala,agatha,source,.scala,997,28,True,724efeae8c95860c4e78f6c03d7f8229647216ea04b4b2d8584a9f4a1b12903a,22e112ed3a9dfda6a61f34df247aebccc2ef6dfc,False,False,False,False,False
agatha/scalding/util/PredictionsToDataSetPipe.scala,agatha,source,.scala,4855,123,True,f2d375e6a5c9c10bfb268e8dc94c4e3f197e30c26bdbf52a938cee6b9bbc9631,fbb7039b745fc0df18c777ee6ab95d48c1734a3c,False,False,False,False,False
agatha/thrift/agatha.thrift,agatha,schema_or_dsl,.thrift,696,23,True,6d2e5d23c5641e1f74dafef9498f616398d77e995d2d2869998c75147db8e57d,30f60be36951d0de59828b90b0c2e54f2845903f,False,False,False,True,False
bdsm/README.md,bdsm,documentation,.md,6706,122,True,92c2bd395cdca48770ce877f9caf2aac47483830e51bbd418db9b8af6ca8f0d8,8f072412eb6571bd3c88171c80598b6b49a0a2b4,False,True,False,False,False
bdsm/proto/abuse_inference.proto,bdsm,schema_or_dsl,.proto,3469,133,True,c6266cfcaecd740ca4ef74bfab986ad26689b0437b24160c1bd5f18b413e867f,62937bb1b619c8a01c028f62d86526122eacba40,False,False,False,False,False
bdsm/pyproject.toml,bdsm,config_or_build,.toml,813,44,True,e912aad73781fb33ec72a7c537167bb69ef736de78d46dbe7ce43b5495324899,f30b526d7088424c0586038b844902822bff0c12,False,False,True,False,False
bdsm/runtime/__init__.py,bdsm,source,.py,0,0,True,e3b0c44298fc1c149afbf4c8996fb92427ae41e4649b934ca495991b7852b855,e69de29bb2d1d6434b8b29ae775ad8c2e48c5391,False,False,False,False,False
bdsm/runtime/action_names.json,bdsm,config_or_build,.json,7853,198,True,78299a23f7d008d116a1a39d233ba3a612c15b8cc825b8a705b8a00104bd1ee1,62a5a4d6f8312e3b20857331c879195c38f1b8f5,False,False,True,False,False
bdsm/runtime/batch_prefetcher.py,bdsm,source,.py,39891,1029,True,2794441fdfeb06f3dbb72a4877bb208b0f4fce73008091ea8260d5fdd2bca747,5d343ccdaaba3871a5ff4e67467bde64a378782d,False,False,False,False,False
bdsm/runtime/feature_norm.py,bdsm,source,.py,1325,70,True,09b97692bb0c8957fca170698d24f8f9818d2404ae5d44338bddf80e79db2f75,b9f415c268c2599984f7139f7ce496a58cfdd782,False,False,False,False,False
bdsm/runtime/gizmoduck_age.py,bdsm,source,.py,2550,90,True,e68abae52e5ea361888cf7987a5bbf41f62236012d8f330394db1be5eb36bd4e,9065110a342e69273b03970d89e47f7bb74a4d4c,False,False,False,False,False
bdsm/runtime/gpu_scorer.py,bdsm,source,.py,8858,250,True,f0963feaccfb43027c04a31c622985a99eca1a84a7a7d0db157f04ccba2a1412,5064ec52a633bf61a6ba6d27475d6b74e8b01804,False,False,False,False,False
bdsm/runtime/heads.py,bdsm,source,.py,3026,130,True,43f589eed5e02618a8dfe338ae4a102674d2cb02e6ef19aa3f57a4559b521b64,331bd3adea3520198ed27bf220c5ca77fa446e0f,False,False,False,False,False
bdsm/runtime/labels.py,bdsm,source,.py,665,24,True,7dcf1467c53d270706f434582479dab5e22f8f965733368c48be116d26fa044c,aeec2cbc4e3c08a1681617280148d801976214f6,False,False,False,False,False
bdsm/runtime/load_backbone.py,bdsm,source,.py,1409,39,True,ecd5fe9752f0f5be5ce7926377c547d1a462b02c80739a2611d4031572664e7e,25eaac247ecd78e5983868cd7d5cb162f91ada5e,False,False,False,False,False
bdsm/runtime/login_starter_pack_counter.py,bdsm,source,.py,3250,110,True,45db6cec0b46994d8d110395ff29f158110b25421873a756856898bccc40040f,2cd258b68f3a7a3ef7f3f5a9dbbd0c1f2e2de5ac,False,False,False,False,False
bdsm/runtime/loss.py,bdsm,source,.py,1751,50,True,402dfa27826de14884841e1885178598ed5f0aca2307db2918d88abdeeec2c07,0bf3b7b8d16259dd1913e4476857052d671d6341,False,False,False,False,False
bdsm/runtime/manhattan_arrow_adapter.py,bdsm,source,.py,8905,255,True,8c6b081a745dbc491aca42d341a304298f77b2bbe727853b7eeb04bcbbb66be6,5a2948bbf46dbdf4fcb31b4da0a40758b7e90ee0,False,False,False,False,False
bdsm/runtime/manhattan_scorer.py,bdsm,source,.py,3212,85,True,936a2ae322e6389dfc2aae5709bc02b0362a3a4c0d7c8bcb4089ba09da981b76,e7099ec6584b9c6d9099e9c44bd48dc77aa85b1b,False,False,False,False,False
bdsm/runtime/metrics.py,bdsm,source,.py,400,14,True,02be6e6c972e7bbd75dd391db2780a8ecac0b4b2cbba6496b8e65ac347ba4d47,7f0bb849a99fd1b628ce4990234a0a2e3a9d7ca4,False,False,False,False,False
bdsm/runtime/model.py,bdsm,source,.py,12998,334,True,409424493909398c3debd82d1ccd8aa673d29cbea9d45a2ddfe122463938714a,d4fae1a09e2f1d83eeb916e40accb23ed8f9c8da,False,False,False,False,False
bdsm/runtime/pipeline_security.py,bdsm,source,.py,1284,41,True,46fbed8e9f1210f3779bd8ba7d027c02d920cdedf0a2257a45f24a24de8069f4,0700040f1bcf3f73821d6f1be0ee358b8a31457e,False,False,False,False,False
bdsm/runtime/proto_gen/__init__.py,bdsm,source,.py,0,0,True,e3b0c44298fc1c149afbf4c8996fb92427ae41e4649b934ca495991b7852b855,e69de29bb2d1d6434b8b29ae775ad8c2e48c5391,False,False,False,False,False
bdsm/runtime/proto_gen/abuse_inference_pb2.py,bdsm,source,.py,6699,40,True,eeae521c2d1d0dc9373bb2d58a06c27f76c0e2e56a4253ded319a17b1c7fa187,761af7d38448071efe0ace8cffaaad798d6da436,False,False,False,False,False
bdsm/runtime/score_layout.py,bdsm,source,.py,2344,70,True,9f0d07ffb4156958e128722ae1be961ac810d68391c018ff4c9a203b2b4dbdb1,37f1db21e12e9368fc0d19fc91f2b958e3e7dff1,False,False,False,False,False
bdsm/runtime/score_results_sink_focal.py,bdsm,source,.py,65056,1689,True,0ba73b113022875b5e1505e8d792bf27c2b6f3d3e7ed88169f78ab8942069282,818d6103d2728690cc66a0a245c7f5410ec67fd0,False,False,False,False,False
bdsm/runtime/sequence_cache.py,bdsm,source,.py,9289,274,True,f59006598c707ff3fdad2c9e9dac39efb5f40cb8fb1686ad16671fdf28e9002e,35708cc995ee12c61847590ae2c0628ff37c30a6,False,False,False,False,False
bdsm/runtime/sink_policy.yaml,bdsm,config_or_build,.yaml,1209,41,True,46533bee8952e8f2576c3bfb4e16885d389fa44b40259f55126280c4f282b5f4,c87e9be7355f0808e55225e1af56b3ff6e37cdc8,False,False,True,False,False
bdsm/runtime/starter_pack_follows.py,bdsm,source,.py,3002,103,True,60da766c83ba822b47e2c2f6a9f96c03dc257f338b25c85c8d91afc1bc51a4b8,ab91c158d53cdeda5bcad993b03cadc6d63a67d9,False,False,False,False,False
bdsm/runtime/task_heads.py,bdsm,source,.py,1296,46,True,8e97904b5dd2d75ee48d7ce8175d4e1a5763b094a288a6b81e0d9259cd3636fd,747dcb29a49faaa8bb57e2e7bdf200cc8eb837bb,False,False,False,False,False
bdsm/rust/abuse-v3-features/Cargo.toml,bdsm,config_or_build,.toml,793,30,True,a27b3cf99f542c21a5883332573e1a7ff9e1b61fe5a39f649d0efbc46c250abb,5c20319011032577c8ef57d40ce3cc352c2079c5,False,False,True,False,False
bdsm/rust/abuse-v3-features/src/derived.rs,bdsm,source,.rs,4320,149,True,b2117ab8a72f4d8594442f35a060d4faf5d6da9c8e8ec4967e851e44d57979c7,d0c4c31628aa9f719bf869cff5beddbdede59088,False,False,False,False,False
bdsm/rust/abuse-v3-features/src/lib.rs,bdsm,source,.rs,22837,646,True,8837486f98edf09817a26dec7113acf438deb406ef0453436a4f262c776d475b,14bc2b9f726b4a310a78a2cf422a608380c27a05,False,False,False,False,False
bdsm/rust/accumulator/Cargo.lock,bdsm,config_or_build,.lock,49603,1953,True,2dd21b4a71cbe2157eeaaaea21705142f93f185cbcfee3ca915569779b8c24ac,ca74ba96c71ee9f5e31033189f9825c84569d534,False,False,True,False,False
bdsm/rust/accumulator/Cargo.toml,bdsm,config_or_build,.toml,704,24,True,5479e4e57577c5423a21c37f02f4c7018c18e4e5c68ce13541e918cd02241b44,49a22df554410233d8fb4237bf83da65392b7ea0,False,False,True,False,False
bdsm/rust/accumulator/Dockerfile,bdsm,other,[no extension],617,31,True,17dc1b28c374f6ac0677053635b978d80ff10ca43a44cba564468af71cc935b0,9b6cbb1c0a739330b993a6a23a3f79192521c467,False,False,False,False,False
bdsm/rust/accumulator/src/main.rs,bdsm,source,.rs,27097,776,True,6a6c70c561ea216cb1bd9f437c1e2a3dcce59ae7b329a2e0daf4dad04f1867a8,2774340821c497ff148ee6d40314e6a9c1ae181b,False,False,False,False,False
bdsm/rust/accumulator/src/trace.rs,bdsm,source,.rs,12928,379,True,7780e417bb6ac8a703907e09d252d0f87e04743e41ebcc7425f819db445e941c,586d07787cf03ed16e9257a470b06833c93d263e,False,False,False,False,False
bdsm/tests/conftest.py,bdsm,test,.py,219,7,True,4b8d5f3d92ae8a2ad3833f7732ce1efe9f3ef20d1e0ed6e1a55f39d80de70c1b,d8bc4befca099be1a0666f16dfd409139e5eb053,True,False,False,False,False
bdsm/tests/test_feature_norm.py,bdsm,test,.py,1190,35,True,820f14a0bce4d692851f42c240c628d3156256520bb93c66a85039f5e41be2c6,90cd094aa7371d9bea0d174bdc2b9e23db4c9d09,True,False,False,False,False
bdsm/tests/test_heads.py,bdsm,test,.py,884,33,True,b397fd05ea700dcfa71bb664312f4023fcc401c56ea2282a90eadab4ca9ab803,f9243690f0bdf475cf83af3b6d8cb43ab4cfe739,True,False,False,False,False
bdsm/tests/test_labels.py,bdsm,test,.py,1598,50,True,785b3d737bcb137ead2f583ce78ee84ade8edf0d64c69b170d475a443cc64a13,fadbfb10519b8dc4bce072677bc08fe3aaabb8d3,True,False,False,False,False
bdsm/tests/test_loss.py,bdsm,test,.py,2070,56,True,d08c9fd577fe912f4a7622371f1c4743bfdc32b9cb339e17b9365212176bc774,a228daa4fa5fe08313ea2a283c6f3768601372fb,True,False,False,False,False
bdsm/tests/test_pipeline_security.py,bdsm,test,.py,766,26,True,8b41efce0de80c9f5c1318edda688ff4d7c413dd39e5b35c74ccfdeb1b786640,60b7a895fd70dae9356c40affa20a6ff5ecd80ad,True,False,False,False,False
bdsm/tests/test_score_layout.py,bdsm,test,.py,2578,74,True,9259f21d259abdac274e46c86ac3d52a2e9639abd84ec2f753834480c73545f7,62a6dbccdfebaf67d840f89608d0a5c63f4ae00d,True,False,False,False,False
bdsm/tests/test_sink_policy.py,bdsm,test,.py,2631,86,True,b56125bffa838c807dacd57d93118a178b3555445e45fbdeeddc1c1bd2e36cc5,475346d9c355f25d5794f73a40821b4d106fd044,True,False,False,False,False
bdsm/tests/test_train_head.py,bdsm,test,.py,2483,82,True,8bc3b3ade80af725af0b31acaaa8841e851c33e1252a4a091e4e561875d96ca5,e81aa30bc7b7dd02cb64f7f8483d69ad9840251a,True,False,False,False,False
bdsm/training/__init__.py,bdsm,source,.py,0,0,True,e3b0c44298fc1c149afbf4c8996fb92427ae41e4649b934ca495991b7852b855,e69de29bb2d1d6434b8b29ae775ad8c2e48c5391,False,False,False,False,False
bdsm/training/train_head.py,bdsm,source,.py,10931,286,True,54576ea288c8741bc943db913ff1fd3f6bb6edaa979e91588961b995f96d2f3a,27850f4015e100ba63941ffaf955b27f3e99db12,False,False,False,False,False
botmaker/BUILD.bazel,botmaker,config_or_build,.bazel,0,0,True,e3b0c44298fc1c149afbf4c8996fb92427ae41e4649b934ca495991b7852b855,e69de29bb2d1d6434b8b29ae775ad8c2e48c5391,False,False,True,False,False
botmaker/CONFIG.ini,botmaker,config_or_build,.ini,21,3,True,fbd76ab6d0209661e01a944b782ce4cb536365528061cda3d4094cd4e22265f3,8157003e7e39c0f35e0e349d870fa25ace52f321,False,False,True,False,False
botmaker/botmaker_aggregator/src/main/scala/com/twitter/botmaker/BUILD,botmaker,config_or_build,[no extension],660,17,True,cf8c4bb7999cdb4855144f2b0ec8a1b28a4e18d5082da45387bd9474262f3d3c,4162f0471a27f945ec39cd7fec747983a15d1163,False,False,True,False,False
botmaker/botmaker_aggregator/src/main/scala/com/twitter/botmaker/runtime/LocalAggregator.scala,botmaker,source,.scala,6979,228,True,3fa0d7ed9ab66abcb8fe98823db473997c57c2b455efb07d10d599d27678967f,2cd4ba3f4bbc52fc57f7026e926b8130efbc0c75,False,False,False,False,False
botmaker/botmaker_aggregator/src/main/scala/com/twitter/botmaker/runtime/MoniodAggregator.scala,botmaker,source,.scala,3946,132,True,ee57f76e332bbcd224aca8571de66cae3c9a97cf36538ea226afee6d81a47bdd,bef1b64e516d501deb33cb322ba0ecc5307ffd56,False,False,False,False,False
botmaker/botmaker_aggregator/src/main/scala/com/twitter/botmaker/runtime/config/BloomFilterAggregator.scala,botmaker,config_or_build,.scala,1833,67,True,6a0a3f79cc42259b2c3272dba0dda4deadb39dec5fa454b2a02b396b757ff354,625ca9b6f9d0b370f7f980bf7ba0a16551ff99e9,False,False,True,False,False
botmaker/botmaker_aggregator/src/main/scala/com/twitter/botmaker/runtime/config/ComboAggregator.scala,botmaker,config_or_build,.scala,3304,101,True,a262f9e2ed188bfc1e6ce8a3e6d6dfe44f8ac74a7058563e710b53c10141fbd5,6853e5406c8d9723b423c530c6ddf07b595d1ed7,False,False,True,False,False
botmaker/botmaker_aggregator/src/main/scala/com/twitter/botmaker/runtime/config/CounterAggregator.scala,botmaker,config_or_build,.scala,971,34,True,2eb63bdbcf469e1896fe56db4a043b8c7a7415508a2c2f327b2969e3b0fcaf59,d7006ae2e5ef938bb5329009bc9b89bcafb930cd,False,False,True,False,False
botmaker/botmaker_aggregator/src/main/scala/com/twitter/botmaker/runtime/config/HllAggregator.scala,botmaker,config_or_build,.scala,1743,64,True,9d86d59adacb3c6389108a09ce456267a2afd4f60337e76b28d04396c64eaed2,45dbe8a3ca147081587ddea9e6a8cf5ad931a3ff,False,False,True,False,False
botmaker/botmaker_aggregator/src/main/scala/com/twitter/botmaker/runtime/config/LocalAggregatorConfigs.scala,botmaker,config_or_build,.scala,3349,112,True,8562c52a26b1d26457dec1bfecac3793da8edcc4b95d448a73a1b320c612683e,f1fd2b556a5ecb9e1bed5c0cef3c5b76f7732a9e,False,False,True,False,False
botmaker/botmaker_aggregator/src/main/scala/com/twitter/botmaker/runtime/config/QTreeAggregator.scala,botmaker,config_or_build,.scala,1698,63,True,e05228389f379debc28823df5e6f787b60ed0021c05974d89232fc6758fdb578,6eed8504507cfa9dcb46af1df3e931cf63471373,False,False,True,False,False
botmaker/botmaker_aggregator/src/main/scala/com/twitter/botmaker/runtime/config/SetAggregator.scala,botmaker,config_or_build,.scala,1198,50,True,3cc06cccaaaf8e69e438411e2aa021f7d295d057e4fe9b6d1474e98a34c31b47,07b007706509fb75557fc3e8eb28d2e13522ffcb,False,False,True,False,False
botmaker/botmaker_aggregator/src/main/scala/com/twitter/botmaker/runtime/config/SimpleStatsAggregator.scala,botmaker,config_or_build,.scala,1544,60,True,a8f9d1fea7d552c35a3395c715166c502554c1af0f9d9bef0ecad623d0be5d16,8927f2b7c4b1f4bd90bcdb9247a9b03b0147e5a8,False,False,True,False,False
botmaker/botmaker_aggregator/src/main/scala/com/twitter/botmaker/runtime/config/SketchMapAggregator.scala,botmaker,config_or_build,.scala,2336,83,True,f1f8afb3f4faf116fd494763b07b19f220c3d8c7950c18032692932d8cc2e43a,c77e56f2c49d8e2e59d88489c0358104f1474f6d,False,False,True,False,False
botmaker/botmaker_aggregator/src/main/scala/com/twitter/botmaker/runtime/function/BloomFilterFunctions.scala,botmaker,source,.scala,1619,47,True,54f9c4757c983479b287f8155ae8f74a02895d5b841494298130e31c97f7874c,cfc8ac4a58a46e9df677188e9b97c4a5d47325f7,False,False,False,False,False
botmaker/botmaker_aggregator/src/main/scala/com/twitter/botmaker/runtime/function/HllFunctions.scala,botmaker,source,.scala,1533,46,True,ddc05954d94bc8510c370ee5f0409dad99fc791b54bb99e2322e0ed7153f5f6b,3665b7b522163dce4993a8dae3647cfa52630f55,False,False,False,False,False
botmaker/botmaker_aggregator/src/main/scala/com/twitter/botmaker/runtime/function/QTreeFunctions.scala,botmaker,source,.scala,2706,68,True,f030703b3985b775d0c1631eb9cde3e5e23abc22fa56a508732b0223d85410a4,a9d214b0150fe0c508ffdea14aa6822c2730f4f5,False,False,False,False,False
botmaker/botmaker_aggregator/src/main/scala/com/twitter/botmaker/runtime/function/SketchMapFunctions.scala,botmaker,source,.scala,2330,69,True,197d0c0d3b86417d8d4462e1723450f52c0b5357b4d3d5b038fcfd3d4ec96c2e,d42582c09717331ce69a0486a43cd1ae23fd5f15,False,False,False,False,False
botmaker/botmaker_app/src/main/resources/BUILD,botmaker,config_or_build,[no extension],38,3,True,5bc5ca29906ae59e0cc6de233c82bad4884fb32b7acf3a6d52ec9a666c869d65,ae9e66388820f2d61f5d4678876fa721dfe1d935,False,False,True,False,False
botmaker/botmaker_app/src/main/resources/logback.xml,botmaker,config_or_build,.xml,4176,111,True,09dd4a87c09861ab2e283425cd2fdb79e60711beaeb0d5708b1b61ecf6cd8361,21242d78fda147fef6613bb8c289bc39d320d357,False,False,True,False,False
botmaker/botmaker_app/src/main/scala/com/twitter/botmaker/app/client/AppClient.scala,botmaker,source,.scala,14403,469,True,4da547514fb1bd4667101cc993d9f63d6050e702cf86a73a1829653c5b0113b5,b471ac51abe3306e92a9dc94e56926be893f3938,False,False,False,False,False
botmaker/botmaker_app/src/main/scala/com/twitter/botmaker/app/client/BUILD.bazel,botmaker,config_or_build,.bazel,258,10,True,27789bc829dc385ed8d529c3a5f21486751fc2bb6d024151e60afa0916229a36,495051fc8860122838e0ddc124561e82928958b5,False,False,True,False,False
botmaker/botmaker_app/src/main/scala/com/twitter/botmaker/app/client/BotMakerAppClient.scala,botmaker,source,.scala,7422,237,True,8b8996ba87f2196fedbea26552dadbb0d5f593ec1c3aec4d7ec8cfac9abebcd0,83b201d52f6cad94f9ce1746c18288a471fc843e,False,False,False,False,False
botmaker/botmaker_app/src/main/scala/com/twitter/botmaker/app/module/AppBotMaker.scala,botmaker,source,.scala,2915,85,True,4b07c0eac916ff13747002c15686eb8f075ded544e9275d5a40ce9becdf2b957,40f7c08cd2961067eb19eb1d2de91a3e319d4e18,False,False,False,False,False
botmaker/botmaker_app/src/main/scala/com/twitter/botmaker/app/module/BUILD,botmaker,config_or_build,[no extension],1208,25,True,8a069e0f434414da26728af3d2a827dfd27d5992d3da544b0ef686496b2cc1fa,48ebc39d9e7436ccde589b87428fcfb1378ed9ea,False,False,True,False,False
botmaker/botmaker_app/src/main/scala/com/twitter/botmaker/app/module/BotMakerApp.scala,botmaker,source,.scala,4406,153,True,b2a04a25ea86b874f65ccf95af1a2d4727cf1b0173e712b65bbf88edcecadc53,8ad5ad9dbe392a617daf45e0697c03693fd6f80d,False,False,False,False,False
botmaker/botmaker_app/src/main/scala/com/twitter/botmaker/app/module/BotMakerAppController.scala,botmaker,source,.scala,9261,252,True,2cb876cbe328f45de841b8bf6b248dd119f076c7515ae4e4d64cbb4392d16786,7c947e9d6cb4322e2ac620c934878e809abfcc32,False,False,False,False,False
botmaker/botmaker_app/src/main/scala/com/twitter/botmaker/app/module/BotMakerAppModule.scala,botmaker,source,.scala,6792,215,True,1033467e504e68ec0ffa59db80bbe65027326037967e54cb094a15839e6798a9,025640c0f4275f617a70e5ad16bb14a3f023fa47,False,False,False,False,False
botmaker/botmaker_app/src/main/scala/com/twitter/botmaker/app/module/InjectionNamedConstants.scala,botmaker,source,.scala,867,16,True,ae96816380ab32966bda94d2be005c49ab384d797a9da2ba6581356b6dfec3b2,3772ea446c95a2f8923cb9ad647dd3df7643af4b,False,False,False,False,False
botmaker/botmaker_app/src/main/scala/com/twitter/botmaker/app/publisher/function/Arguments.scala,botmaker,source,.scala,1498,50,True,cca60a010acb0883b90e2a7fed06738368a6581de51fa9c5cca8a0308c3f8b43,d2603b808e1d16f571e99098cd909bfbe9c427e4,False,False,False,False,False
botmaker/botmaker_app/src/main/scala/com/twitter/botmaker/app/publisher/function/WriteToConfigBus.scala,botmaker,source,.scala,2592,76,True,e00bfcc46f703764927b6cee7b4ee2a473125d9908577a0f2e90f7764d7fb81a,c8b8b4432474f7bf0b6df5de482be40063172f23,False,False,False,False,False
botmaker/botmaker_app/src/main/scala/com/twitter/botmaker/app/publisher/function/WriteToFile.scala,botmaker,source,.scala,2539,81,True,687b95a591e72b88bd653e657257a296c36baf6b121b63b7cf9eaeee30897b3d,2f6eac21ca3f321d455b4d10a75325118f2df894,False,False,False,False,False
botmaker/botmaker_app/src/main/scala/com/twitter/botmaker/app/runtime/BUILD.bazel,botmaker,config_or_build,.bazel,738,17,True,bfe5a6a53421c6f2b437bf1572c9964271c4679558a05c88a35b697591b63838,5987365c5a1233bbfc6e86dd6ce27d07b30a1784,False,False,True,False,False
botmaker/botmaker_app/src/main/scala/com/twitter/botmaker/app/runtime/StdBotMakerAppRuntime.scala,botmaker,source,.scala,1254,40,True,0e520a98de95824176d58b558c357038eda3f8f0afbe6860ba0d349ea99dc2b5,e61df1e4ee310c6d28b1bc69caece8a101440bb1,False,False,False,False,False
botmaker/botmaker_app/src/main/scala/com/twitter/botmaker/app/server/BUILD.bazel,botmaker,config_or_build,.bazel,3859,68,True,460d69f9299e54684aa7d7050fef98cba096e72ef5f9395e27beb2b7b2cd919e,456e837a88b9e7a6cac487886efd879a9baabb4c,False,False,True,False,False
botmaker/botmaker_app/src/main/scala/com/twitter/botmaker/app/server/BotMakerAppServer.scala,botmaker,source,.scala,2700,80,True,90bac46f32104d44660221ffea0244b5d7663533b2f925e80bd9e33520fa789d,94fc95275eb2d33b1c1671cd796f42511a835347,False,False,False,False,False
botmaker/botmaker_app/src/main/scala/com/twitter/botmaker/app/server/BotMakerAppThriftController.scala,botmaker,source,.scala,407,12,True,f62a196bfc483a56fda0177801debf61e8252966ef2a9cab64699833aff5f0ff,15fe79f92b48a82cebb862ca82be6a98e9dd4ced,False,False,False,False,False
botmaker/botmaker_app/src/main/scala/com/twitter/botmaker/app/util/BUILD,botmaker,config_or_build,[no extension],227,9,True,20b8cc773b5f0dc300d429e4853f9a236e5a2a85ca7adea304541f27c175915e,c811c10c7f52a48f1652c02906a81f3be30d5b6d,False,False,True,False,False
botmaker/botmaker_app/src/main/scala/com/twitter/botmaker/app/util/JsonUtils.scala,botmaker,source,.scala,1477,53,True,6b1472cafc5681252bbdbb86d1f4bb9d78d6aca2aa873d4cb08609a8e9ebb49a,044deb5798f9fc26fb2e5bb36038b1650132f741,False,False,False,False,False
botmaker/botmaker_common/src/main/scala/com/twitter/botmaker/common/BUILD,botmaker,config_or_build,[no extension],359,11,True,02a628302e300e3cf1b60f3bbc134a1021397c8dcb5de0c294662b35dd7a3bad,3084328f24a6fda8cefb023dc75d6c4948f0abba,False,False,True,False,False
botmaker/botmaker_common/src/main/scala/com/twitter/botmaker/common/UserAgent.scala,botmaker,source,.scala,3735,87,True,06ef44fdc98f70e3ff1be45926cbe79ea5eb327bd51c31fa90ebc30cd15b12cf,f33decfb75fe164a5c2a56ff1c30f68421467e06,False,False,False,False,False
botmaker/botmaker_common/src/main/scala/com/twitter/botmaker/common/UserAgentProperties.scala,botmaker,source,.scala,2574,81,True,0dbf4203a724848786ac3ac379db11492e705fe8680f46852787d17bee7b8258,1db54d8fbf82ac48b03a91d3826de2c08300abc8,False,False,False,False,False
botmaker/botmaker_eventbus/src/main/scala/com/twitter/botmaker/BUILD.bazel,botmaker,config_or_build,.bazel,670,16,True,e506f10b7a4d5bd0cade7e1d4f95928ef0532d9d5d77b7ba42501a47be0880cf,3e851a10fd0899a85265f43222a1b5cece8e4ace,False,False,True,False,False
botmaker/botmaker_eventbus/src/main/scala/com/twitter/botmaker/runtime/EventBusContainer.scala,botmaker,source,.scala,310,12,True,820a4a9ab01465b2b74483bda5dbfda78639cee5e4ff03d6514e448c0b482a58,a56034e374ff15f782f6fcf42a3c1bda25004ce0,False,False,False,False,False
botmaker/botmaker_eventbus/src/main/scala/com/twitter/botmaker/runtime/EventPublisher.scala,botmaker,source,.scala,5746,170,True,53900f7bec6cb897b8359259f567cf82bebb9d6901b04eddadcb2be19bcbcc25,aee5f64ffab7349e21da1cac033e738520234523,False,False,False,False,False
botmaker/botmaker_eventbus/src/main/scala/com/twitter/botmaker/runtime/EventSubscriber.scala,botmaker,source,.scala,4579,129,True,12d226fa87b97d11361245e89b2f0c1b86b0f59282c01a8bbfc651b805f9d8f0,870d29da4d2302739c6596defad1de3f80168de2,False,False,False,False,False
botmaker/botmaker_eventbus/src/main/scala/com/twitter/botmaker/runtime/KafkaConsumer.scala,botmaker,source,.scala,5573,143,True,9b96b7f4204cfcc3fd4d81bc44c8ff4ca79e7492f4f532e0df227fb6ab4eb3f1,db5a82c40a0c0427dd953b00b87689b31b5e7dea,False,False,False,False,False
botmaker/botmaker_eventbus/src/main/scala/com/twitter/botmaker/runtime/KafkaProducer.scala,botmaker,source,.scala,9181,247,True,9253e510a7f106ccb27ef478846f993cea50ad23ea93829793826db0358ed77c,3d05df3e5f05eae568d12bdc708ba5aafa3a4958,False,False,False,False,False
botmaker/botmaker_eventbus/src/main/scala/com/twitter/botmaker/runtime/KafkaSerdes.scala,botmaker,source,.scala,4119,121,True,4a20f0faf30a3459cead2e7337e6478a1cd737d2339e71c2bfaf87eee171bb4f,2fdb673230a6ff2602498553bbbfcf7edcaee7ea,False,False,False,False,False
botmaker/botmaker_eventbus/src/main/scala/com/twitter/botmaker/runtime/TwitterKafkaUtil.scala,botmaker,source,.scala,782,28,True,a7021e6cc910c7657dcc25a7f5c055c5aeb7b1064c3fc6ec056b05faca300fee,67f9b4f7a8e521d4f850aea168aa13a3da2a5156,False,False,False,False,False
botmaker/botmaker_eventbus/src/main/scala/com/twitter/botmaker/runtime/config/EventBusConfigs.scala,botmaker,config_or_build,.scala,193,7,True,cef522f69209cf5ea723ba710917446abb7a85d2f10a540c49f5f504c8fbd5af,67a853e7c14b209e8444b544b78309577764b222,False,False,True,False,False
botmaker/botmaker_eventbus/src/main/scala/com/twitter/botmaker/runtime/config/EventPublisherConfigs.scala,botmaker,config_or_build,.scala,1752,59,True,052e4f093235d9a62384a30c4beb35fa5e6b3d4ce95591a82bbd31ff3054f000,68f9fdd3106832da33f05b7099afd45d28ce7b16,False,False,True,False,False
botmaker/botmaker_eventbus/src/main/scala/com/twitter/botmaker/runtime/config/EventSubscriberConfigs.scala,botmaker,config_or_build,.scala,3792,118,True,00094630dffa27236c18d9b2041c884b2e9bd64d18e636c5ecb909d81c1fde26,29963f721536c6cf1700c7bfd0712be858da75a4,False,False,True,False,False
botmaker/botmaker_eventbus/src/main/scala/com/twitter/botmaker/runtime/config/KafkaConsumerConfigs.scala,botmaker,config_or_build,.scala,3418,114,True,2a4843d01fc08477d1781b28410a8512e9bab6fd2ace3c10b111dfcd90d8512a,551bcfafc630124aaf39798d995705e08120acec,False,False,True,False,False
botmaker/botmaker_eventbus/src/main/scala/com/twitter/botmaker/runtime/config/KafkaProducerConfigs.scala,botmaker,config_or_build,.scala,2684,86,True,be2ab338998f658657dfd71c51ff64f65b8071d1fd99b89459ab03d458b81af1,b62f71ff5ac6329c83bb0aee81fa2cdd768eebda,False,False,True,False,False
botmaker/botmaker_http/src/main/scala/com/twitter/botmaker/BUILD,botmaker,config_or_build,[no extension],463,14,True,1c544215f249774351202fdbad8a728d36415f868576ff8840e93608a253f8b2,af5e38e739273b681582cd636883997c2550ccfe,False,False,True,False,False
botmaker/botmaker_http/src/main/scala/com/twitter/botmaker/runtime/HttpEndpoint.scala,botmaker,source,.scala,6689,190,True,22fc8dd57de8b9c3573dbf42dd95dc6537de47ca9ae09a6cc56d693f49f6f72c,2cb50f13dbe7c221c96d2fe3225ecf82c8568e12,False,False,False,False,False
botmaker/botmaker_http/src/main/scala/com/twitter/botmaker/runtime/config/HttpEndpointConfigs.scala,botmaker,config_or_build,.scala,1819,61,True,9cdf87f606cca75471e68f44b5b16a912672b9879a2a531b7ed217201c9838c8,a9b711b960dde75e83bd8aff54fe936edabb5b36,False,False,True,False,False
botmaker/botmaker_loader/src/main/scala/com/twitter/botmaker/loader/BUILD,botmaker,config_or_build,[no extension],298,11,True,0e3ca97337c168141c32067d066c48d1436c2ed216487360e9359631cc5fa5b5,7d9c35bfbc34ce1da88e58a9a8ccf677d8840182,False,False,True,False,False
botmaker/botmaker_loader/src/main/scala/com/twitter/botmaker/loader/BotmakerRulesConfigbusLoader.scala,botmaker,source,.scala,1476,46,True,09af4088e4b71679837aea1027f45bee8d8701bc10633cdfef1bd56a450c71e0,c4f284dd09d346e7443aea381bd2f2463820e114,False,False,False,False,False
botmaker/botmaker_loader/src/main/scala/com/twitter/botmaker/loader/ConfigbusLoader.scala,botmaker,source,.scala,4622,134,True,f7df4ef60d2ab1232e4a3ecf151a1086dfba435e46771a23dede346e8fb38ab3,1cb86a84f9bbafd9ee944be44eb2c27d5276a493,False,False,False,False,False
botmaker/botmaker_manhattan/src/main/scala/com/twitter/botmaker/BUILD,botmaker,config_or_build,[no extension],510,15,True,2694bd41384f05a144743743c2caa2ae32fb84b13a8928f75b3c52fdc017302f,c6a86a25f5b911655ada77eae3b0ffb0bda45b55,False,False,True,False,False
botmaker/botmaker_manhattan/src/main/scala/com/twitter/botmaker/runtime/ManhattanClient.scala,botmaker,source,.scala,14089,459,True,430f0ac1ad1427bf142765f8983909464015a09b3c1b69023d4c95b44474e514,34bf066eb03b76a59860ec66506cce4deb509b5b,False,False,False,False,False
botmaker/botmaker_manhattan/src/main/scala/com/twitter/botmaker/runtime/ManhattanContainer.scala,botmaker,source,.scala,98,3,True,7cb17691aa5b945e5807620d464297990039061ce3e636dbf875eee2874f428c,7a58cf6b9f1bb4b857a01fd100403c2dc7008bca,False,False,False,False,False
botmaker/botmaker_manhattan/src/main/scala/com/twitter/botmaker/runtime/ManhattanEndpoint.scala,botmaker,source,.scala,2609,70,True,cd9bac232d62a002c3a29646a4331585effd1ca1a9b3471498ac2baee761d2f7,a0a08b8fe1ba4337cb3fdc7645e398dd58df4a36,False,False,False,False,False
botmaker/botmaker_manhattan/src/main/scala/com/twitter/botmaker/runtime/config/ManhattanClientConfigs.scala,botmaker,config_or_build,.scala,2341,76,True,b8a5978ddefe98b39f4c90653b4d0dfc6d7146e3ed49373ee28a9fb04e76084b,60ba37cda5f28c90d4456d659fed20365ab21a2a,False,False,True,False,False
botmaker/botmaker_manhattan/src/main/scala/com/twitter/botmaker/runtime/config/ManhattanConfigs.scala,botmaker,config_or_build,.scala,129,3,True,10e1a090bf9404bcfbdb61699bf79f37f8e20da9209f1e2c105bb245b630c3f7,f21c4dbf48da4854d5480e5773ba6f0205b27dbe,False,False,True,False,False
botmaker/botmaker_manhattan/src/main/scala/com/twitter/botmaker/runtime/config/ManhattanEndpointConfigs.scala,botmaker,config_or_build,.scala,1462,49,True,e2df6bb9e9da79b83be3ff86601831ce59e3c5fe9d3ead265d50c863efff6b81,4d79eb1feed0865bd1ed8b47650e1fda22c2ebec,False,False,True,False,False
botmaker/botmaker_memcached/src/main/scala/com/twitter/botmaker/BUILD,botmaker,config_or_build,[no extension],422,13,True,9e264765547e0251968900e9deca104fdd15befbce81bfb4a7157357f93b667f,be34d70d31a0f8adbc82cc0a50c0557ce3c6d6f1,False,False,True,False,False
botmaker/botmaker_memcached/src/main/scala/com/twitter/botmaker/runtime/MemCachedClient.scala,botmaker,source,.scala,5256,158,True,ad3e864d05f9306f76da695434dcdc836d0fa30aaeff42b1a4b7aaa328b8762e,f15c93ba0abe8d4d976b1ebaa142cedf81214293,False,False,False,False,False
botmaker/botmaker_memcached/src/main/scala/com/twitter/botmaker/runtime/MemCachedContainer.scala,botmaker,source,.scala,98,3,True,ba69b9d261c889d7533f1e2f3d387534aac4c16fc363ddc5e4173603b6ec0069,23c0a5ed041f51abb81cd66d731937a1f438168c,False,False,False,False,False
botmaker/botmaker_memcached/src/main/scala/com/twitter/botmaker/runtime/MemCachedCounter.scala,botmaker,source,.scala,8277,260,True,165ce0cd492e6b11ffedd43a80be8cfe39b2cbb2b4367302803234101706bac9,10527cca99e9260a7cdb9de2c8baeedc6a9a362f,False,False,False,False,False
botmaker/botmaker_memcached/src/main/scala/com/twitter/botmaker/runtime/MemCachedEndpoint.scala,botmaker,source,.scala,2831,72,True,7dc68597420e8629ed5ebf6bd245116cc0cec1bcb30d3dc1b1aa3dd999269afc,a5348711b4578eb818a3c2bdf2246cb7780e2f80,False,False,False,False,False
botmaker/botmaker_memcached/src/main/scala/com/twitter/botmaker/runtime/config/MemCachedClientConfigs.scala,botmaker,config_or_build,.scala,2248,74,True,dfe6da375dd3de381305a475cb0e3b364f8c68b1114c1bbf87a513e66d6a351d,b81f368470fdc240d4cc498ff81f688ee78a795d,False,False,True,False,False
botmaker/botmaker_memcached/src/main/scala/com/twitter/botmaker/runtime/config/MemCachedConfigs.scala,botmaker,config_or_build,.scala,170,6,True,b4b78a688aef153eb079a4f3e8b7bc677dc55460677ec5d490fe78e3b3b073c2,9bb48f7f8fc11e50e61e94958b1710a5f520e43a,False,False,True,False,False
botmaker/botmaker_memcached/src/main/scala/com/twitter/botmaker/runtime/config/MemCachedCounterConfigs.scala,botmaker,config_or_build,.scala,2256,72,True,232a8c2305cbe111799b88b77cab971bb474a6f77e94a4edd82f269d91713e08,8acfee522cc8354f9ea63c3de23f478bb0b25bda,False,False,True,False,False
botmaker/botmaker_memcached/src/main/scala/com/twitter/botmaker/runtime/config/MemCachedEndpointConfigs.scala,botmaker,config_or_build,.scala,1608,52,True,30a0eca1743b9a710555c7b4244ae9c4dad01a1b19100a50598dbc8105bb0d28,44f875a4bd0eec2ea9c689cb0ab747493d42b22d,False,False,True,False,False
botmaker/botmaker_package/src/main/scala/com/twitter/botmaker/botmaker_package/BUILD.bazel,botmaker,config_or_build,.bazel,299,11,True,690620a2f9d5fa0698611999a702a7322257bbca63afc8a775187802937fe449,0415f34c926da04d4e3260451156a5d2ba84a446,False,False,True,False,False
botmaker/botmaker_package/src/main/scala/com/twitter/botmaker/botmaker_package/BotMakerPackageDetails.scala,botmaker,source,.scala,1519,49,True,b7f3c1b5a870b7748c9d5683676019f6c7f629bdcce8673cafa9f472d84bf989,79e8570fdd7789b416c88d03c33a331c47d06531,False,False,False,False,False
botmaker/botmaker_thrift/src/main/scala/com/twitter/botmaker/BUILD,botmaker,config_or_build,[no extension],813,19,True,0a81ce5a28c84daaf13e937d26cd6d85a198b6885210c9c4135e4d2e606e2388,40a6fb55adb3afe84ffa886b1f5f0a00a744c2e4,False,False,True,False,False
botmaker/botmaker_thrift/src/main/scala/com/twitter/botmaker/runtime/ScribePublisher.scala,botmaker,source,.scala,3810,118,True,aaeb7fe73140ba25b3a5d7233bb3008ec2d65c3f09709a4d33c9b2292fa1bb00,243416856ef3912c5b081f6cca799bb32504d85e,False,False,False,False,False
botmaker/botmaker_thrift/src/main/scala/com/twitter/botmaker/runtime/ThriftEndpoint.scala,botmaker,source,.scala,11133,339,True,6753710caa692214e0e24ee3685bcf6c8c2d7b2765bd90c1557c07e02e635fc9,3172cd4cade9af2d7de6c4d9e5f17cb00f6ca9b9,False,False,False,False,False
botmaker/botmaker_thrift/src/main/scala/com/twitter/botmaker/runtime/config/ScribePublisherConfigs.scala,botmaker,config_or_build,.scala,2398,83,True,f50eeb33cafe932f5a2f0028fd2a358d81e2843a33f93e0ecfc8df551cf197f1,38b2190c93283d3a4840573d983cef231ba25d01,False,False,True,False,False
botmaker/botmaker_thrift/src/main/scala/com/twitter/botmaker/runtime/config/ThriftEndpointConfigs.scala,botmaker,config_or_build,.scala,3544,114,True,f33b4fa19a33a7083cfbe6d0a68667e05e008673908bb6ccb212974ec87d0761,240c7610e6729b2b1e93b3d4b094a5d6eabcf765,False,False,True,False,False
botmaker/scarecrow_features/src/main/java/com/twitter/scarecrow/features/BUILD,botmaker,config_or_build,[no extension],4435,68,True,95810abe21df26c56c57c88875cd412cd6bb39470fe68b82c754037ec0d73a0a,9cf70614c28dbcb37038d2bd9662e3d51bca4f10,False,False,True,False,False
botmaker/scarecrow_features/src/main/java/com/twitter/scarecrow/features/FeaturesOfArkoseVerifyEvent.java,botmaker,source,.java,1217,31,True,dbe8e2dd757a49dfdf08d38bd7af2b9ff8961091a9739db579eac3f847680262,24e1700b918e5aa059fa09a0e76773649102c1da,False,False,False,False,False
botmaker/scarecrow_features/src/main/java/com/twitter/scarecrow/features/FeaturesOfAudioSpaceBaseEvent.java,botmaker,source,.java,852,24,True,7f19236802bd47a575a8f35b6eae4ea0b0d5a480a8c25d8c810cd8be3d00ee2f,b3bb6b1a05ad517f05142605df6e0efaf94687e5,False,False,False,False,False
botmaker/scarecrow_features/src/main/java/com/twitter/scarecrow/features/FeaturesOfAudioSpaceCoHostJoinEvent.java,botmaker,source,.java,1130,29,True,4bf633ab08d57fdd780e49a68123e605f0a21491f3eb530b1521e0433a586fd2,d358c7579cc1de13cbc6d4963b10e20e328bb332,False,False,False,False,False
botmaker/scarecrow_features/src/main/java/com/twitter/scarecrow/features/FeaturesOfAudioSpaceCoHostLeaveEvent.java,botmaker,source,.java,1142,29,True,527d028834cd6e0c23ffee4f6110e0e9c6768819fe593d80e8021607d3f6e2eb,62bf567c492f239b81a812ff4dac450d06bbb3cf,False,False,False,False,False
botmaker/scarecrow_features/src/main/java/com/twitter/scarecrow/features/FeaturesOfAudioSpaceEndEvent.java,botmaker,source,.java,1091,29,True,cd1cf887b365f6a721ae09201c796f8149b361f68f03ab3f88d521067d470abe,2dbe63bca3d09f018ed92704c6a8911dfa8abe34,False,False,False,False,False
botmaker/scarecrow_features/src/main/java/com/twitter/scarecrow/features/FeaturesOfAudioSpaceListenerJoinEvent.java,botmaker,source,.java,1154,29,True,a9ea1bbbfb12862ae65d8b2254c31022723ebe1d6230270b32f638b7da527430,f86e8b8869e043dece276be045ff0a24152c00c6,False,False,False,False,False
botmaker/scarecrow_features/src/main/java/com/twitter/scarecrow/features/FeaturesOfAudioSpaceListenerLeaveEvent.java,botmaker,source,.java,1166,29,True,3c6e9c6c5046b4a4d8f44ded5def67409df1e73c20a2fb0a38baa8f19da12f41,c2d467a4eb534fecc83060abc31da4f8a04725d9,False,False,False,False,False
botmaker/scarecrow_features/src/main/java/com/twitter/scarecrow/features/FeaturesOfAudioSpacePublishEvent.java,botmaker,source,.java,1139,29,True,47cc3bf81dc4d3885c4d0574ecee28725648e0c9edcb767df9629657d64881fb,d604288ac3a6dbb9b7863ec966c8256bc9cfc219,False,False,False,False,False
botmaker/scarecrow_features/src/main/java/com/twitter/scarecrow/features/FeaturesOfAudioSpaceReplayToggleOffEvent.java,botmaker,source,.java,1209,29,True,b78bcabdfab5ca783773d587d9ccfbd2db02ddf2ca9c01649298d913f8e0fa31,f79c141b6734fd031c4c9f2ab363fe4b200a250e,False,False,False,False,False
botmaker/scarecrow_features/src/main/java/com/twitter/scarecrow/features/FeaturesOfAudioSpaceScheduledEvent.java,botmaker,source,.java,1394,33,True,f3779b09ff24fcab38a8cd816aad734fd88b83c6a59fc8a547e98fc6c4ea13b5,8d9d8f2d894f475ffb8d8479af71d001182e3396,False,False,False,False,False
botmaker/scarecrow_features/src/main/java/com/twitter/scarecrow/features/FeaturesOfAudioSpaceSpeakerPublishEvent.java,botmaker,source,.java,1508,35,True,1d4ce18729df1a71acab2902147f7041f33965d9c97628b30ca57c8294376fd7,bd627e7d5be3890c437b1fa0fdabf9f15e60101d,False,False,False,False,False
botmaker/scarecrow_features/src/main/java/com/twitter/scarecrow/features/FeaturesOfAudioSpaceTopicsUpdatedEvent.java,botmaker,source,.java,1385,37,True,d17cbab09d0c56086a8e6066c8ddd897c5b4fed6bfb3e5b09750545ab40dc5d6,ae1ede146d83c14235cc8f358e71b1a445c32ce3,False,False,False,False,False
botmaker/scarecrow_features/src/main/java/com/twitter/scarecrow/features/FeaturesOfAudioSpaceTranscriptionEvent.java,botmaker,source,.java,1267,33,True,75cc2e3826c55ef436a0b65724b1a7c5985aeea026f12cbfb30dc4dd1802caca,b35d92fd4a4961323661a25f7b60b14209d55f60,False,False,False,False,False
botmaker/scarecrow_features/src/main/java/com/twitter/scarecrow/features/FeaturesOfAudioSpaceUserBannedEvent.java,botmaker,source,.java,2470,53,True,99daf91d82ba12ab19fd85c70704324c53784d367a126682a6fc648614a565ee,f3693e12f545601753ce8bdcf1218bdd612c94a2,False,False,False,False,False
botmaker/scarecrow_features/src/main/java/com/twitter/scarecrow/features/FeaturesOfAudioSpaceUserUnbannedEvent.java,botmaker,source,.java,2323,50,True,a9e03fdfa65f25bb526b7c4933812d0d4a6d575399b0969b8614db0eb88d52e1,6408a4cb1f1dee6345b19c56a9a2fc3d39c67c73,False,False,False,False,False
botmaker/scarecrow_features/src/main/java/com/twitter/scarecrow/features/FeaturesOfAuthCompletion.java,botmaker,source,.java,22010,498,True,3551c65094becee5a89a96b14f913b574ff2dbb6692c0c81f73061289833ec9f,b95b6f1ab6f3592853bca56abd98377e3be6f924,False,False,False,False,False
botmaker/scarecrow_features/src/main/java/com/twitter/scarecrow/features/FeaturesOfAuthTransactionLog.java,botmaker,source,.java,3965,74,True,9bcfe6cd894248f7bf9f058dba7e1318fd2a022077ebb7c94cddc84c31d07b03,f23b3ebfd45076fd0361f3b738eab6ff6aafe60e,False,False,False,False,False
botmaker/scarecrow_features/src/main/java/com/twitter/scarecrow/features/FeaturesOfBirdwatchStatusChangeEvent.java,botmaker,source,.java,2159,44,True,416ec7f08b4df7d04e385f035465a15032d0b40fb0e5b396335aefa1d6e180e5,c3637dc6a86fae50c9425fdae0dd6fa16847bc4b,False,False,False,False,False
botmaker/scarecrow_features/src/main/java/com/twitter/scarecrow/features/FeaturesOfBookmarkEvent.java,botmaker,source,.java,944,27,True,def0e91bce3cc34a33529c11dff85065a32c21819b65b280b834771f65181851,690bd024ad499d3b957f08804578676411043487,False,False,False,False,False
botmaker/scarecrow_features/src/main/java/com/twitter/scarecrow/features/FeaturesOfBotSmyterLabel.java,botmaker,source,.java,1422,30,True,051599817009a4877c0b0944edbce218011bf2c8834a1fdc0180cdf044ac16a1,9baae7cf5a625a37f103483f01bdcbe2120ab62e,False,False,False,False,False
botmaker/scarecrow_features/src/main/java/com/twitter/scarecrow/features/FeaturesOfBouncerEvent.java,botmaker,source,.java,3370,115,True,04e48ced8bb5be92cea10682e1b4bc2b8da25863c5601ed2eda1f77a41775d4c,89b956ee8914a0d7080aa49e55b1db8421ad90aa,False,False,False,False,False
botmaker/scarecrow_features/src/main/java/com/twitter/scarecrow/features/FeaturesOfCastleEvent.java,botmaker,source,.java,1340,33,True,8cf46e2c122e317d93e5d29a2d06ac795a8690830dabc708052452d39c3a4dbd,27678d66e9b9f6bdffe2763393074dc40a0546a0,False,False,False,False,False
botmaker/scarecrow_features/src/main/java/com/twitter/scarecrow/features/FeaturesOfClientApplicationEvent.java,botmaker,source,.java,1768,42,True,487516be4c0d489e526cd661f3098f106247811a0e269559319a59a01b5f3b7c,5cae4419cc11e61af818ee90e97828cebfcfd8c4,False,False,False,False,False
botmaker/scarecrow_features/src/main/java/com/twitter/scarecrow/features/FeaturesOfClientEventTcoResolution.java,botmaker,source,.java,1575,42,True,a4100e13dd0ea2532330f2c60627d24abbb3586baa0f58463d1f2d63b1d5f319,83200749a3e3641fe93c967dd1fac96e66e17dda,False,False,False,False,False
botmaker/scarecrow_features/src/main/java/com/twitter/scarecrow/features/FeaturesOfCommunityEvent.java,botmaker,source,.java,1055,30,True,f3d2be9bf5add7e91d690cb058aef770584cb0420bc1c96011157f19ce5404e1,16ffef42771c2827c1c25d0cd99851640a789eaa,False,False,False,False,False
botmaker/scarecrow_features/src/main/java/com/twitter/scarecrow/features/FeaturesOfCommunityJoinEvent.java,botmaker,source,.java,1235,30,True,b74cb91747bcdb5563f6956f5c7bf0d5b8ed89654b36999ddefeb6bb369d084a,2f3a442375e8da663c1f625a7c61c26d37b36832,False,False,False,False,False
botmaker/scarecrow_features/src/main/java/com/twitter/scarecrow/features/FeaturesOfCommunityJoinRequestsAutoEnrollData.java,botmaker,source,.java,1187,30,True,32e3882db4745bb3c80be7069980c231eb2bfbda87e106b624c287d505859e10,833cac00fa65d0789d835daa0b0db32a8349ada1,False,False,False,False,False
botmaker/scarecrow_features/src/main/java/com/twitter/scarecrow/features/FeaturesOfCommunityPinEntryData.java,botmaker,source,.java,1540,38,True,ca4273d38b9c83661ff62d86ffa5d5ae7f4208f41a7baca8d738123a41491aa3,15b6b8130820d1fc126c467bc563bfa3f5d56cf4,False,False,False,False,False
botmaker/scarecrow_features/src/main/java/com/twitter/scarecrow/features/FeaturesOfCommunityRuleCreateData.java,botmaker,source,.java,1408,35,True,f1b4e76b039cb03583499e4824853aaac03ac03446b60a855eb5bf98cd6818ab,f19995788fb7eca24d9fda9e178a6bf136d07e5d,False,False,False,False,False
botmaker/scarecrow_features/src/main/java/com/twitter/scarecrow/features/FeaturesOfCommunityRuleRemoveData.java,botmaker,source,.java,1063,28,True,f0697f402d03de61f62f23d4e289536d8f5832d221a513c5051ae57665a3d635,4fa6104b38207aa132c8b7cbaa2af3b37a91073d,False,False,False,False,False
botmaker/scarecrow_features/src/main/java/com/twitter/scarecrow/features/FeaturesOfCommunityRuleUpdateData.java,botmaker,source,.java,1636,45,True,8ac9e4eb6d1b72a36abab1d7acbbec267dc770408bad33d536078b49e6da049b,97dc6673239ab0d349ac70cc086f6a106b1130bd,False,False,False,False,False
botmaker/scarecrow_features/src/main/java/com/twitter/scarecrow/features/FeaturesOfCommunityTweetHideData.java,botmaker,source,.java,1060,28,True,13c0dbcbd0ab7bf20c79c61781c1db03ce9a3b9819295364fead1584d9b7e7a8,573919886d9d8a68fcb792a5dbc3b777c16702cf,False,False,False,False,False
botmaker/scarecrow_features/src/main/java/com/twitter/scarecrow/features/FeaturesOfCommunityTweetReportData.java,botmaker,source,.java,1346,35,True,6bab352280384f439070f3851c017ac87adce1ea2c1cbcfe8118a00e8d47529d,9499b2565ee2b57b9b3016ac2fc54be85a0d83c8,False,False,False,False,False
botmaker/scarecrow_features/src/main/java/com/twitter/scarecrow/features/FeaturesOfCommunityUnpinEntryData.java,botmaker,source,.java,1555,39,True,bad9c28305d879df56769d6454a0879bf15553f380226c36d7023f58ad1a20cb,9a0a76876d4ccdee93a88cdb1d40b1c27f9c7d91,False,False,False,False,False
botmaker/scarecrow_features/src/main/java/com/twitter/scarecrow/features/FeaturesOfDMConversationReport.java,botmaker,source,.java,1065,32,True,ae095ecf0334cc1985e94eee3e1192567664f42d8bc81e39d6682d53c782a81d,413aef645552e50b1b13dfa2b7c67d7f8b37f88e,False,False,False,False,False
botmaker/scarecrow_features/src/main/java/com/twitter/scarecrow/features/FeaturesOfDMReport.java,botmaker,source,.java,1403,39,True,b00288f6586dd2366076e99895d9482e4e1fde7f5ac1370012063f88ac2f74db,e3d9aab989deaa0153c76d4ca499a75777985aba,False,False,False,False,False
botmaker/scarecrow_features/src/main/java/com/twitter/scarecrow/features/FeaturesOfDestroyStatus.java,botmaker,source,.java,1815,36,True,8237768fe4dd0cbd6d92d07bc2fbc69b4efecf38e06278c173b14a943464efdd,8f10be39bae4ea672725d022b870801266efc7e2,False,False,False,False,False
botmaker/scarecrow_features/src/main/java/com/twitter/scarecrow/features/FeaturesOfEmailChange.java,botmaker,source,.java,1746,38,True,b3c8d54935394e75dd4853b941f82e6e7b8fadbf202f8272acc1a9971a858a3f,227f6e8d62abe59d80ab3c49d36fba24e4ff8fbb,False,False,False,False,False
botmaker/scarecrow_features/src/main/java/com/twitter/scarecrow/features/FeaturesOfEventBusFanoutEvent.java,botmaker,source,.java,13690,285,True,08878016f53f830d64569ae939831a3d03510e21972ffc20da3f2e67b218d66c,acad268279aae60be162fe1a4e2c67673b6af5cc,False,False,False,False,False
botmaker/scarecrow_features/src/main/java/com/twitter/scarecrow/features/FeaturesOfExploreClientEvent.java,botmaker,source,.java,3075,93,True,a2518f1dd18af5ed1d37dc4c64f170015cc7bd292f16e878c2e2d1b7b0a29694,366a3bac92cc9a484d2aaf2a0f044637ada72838,False,False,False,False,False
botmaker/scarecrow_features/src/main/java/com/twitter/scarecrow/features/FeaturesOfFavorite.java,botmaker,source,.java,1683,41,True,4d44fa069eb4ed5553c34d507664b2f399482f5b647c4a61693545c3e9445119,d05cf03cb81338bdcc875ee19df339ea2372d67f,False,False,False,False,False
botmaker/scarecrow_features/src/main/java/com/twitter/scarecrow/features/FeaturesOfFilteredAuthRequest.java,botmaker,source,.java,2037,49,True,cc56431484bd7a574196e35f4442778bbcf3af07cb98cfb6a740998109f58bd4,e212771f857b6bd8e25a1f5c41d8d802943e6c85,False,False,False,False,False
botmaker/scarecrow_features/src/main/java/com/twitter/scarecrow/features/FeaturesOfGrokShareEvent.java,botmaker,source,.java,1723,35,True,e41329f6b028a596d01f546a4ca09727a6bd4d48b378640f32aec75406cdff37,ffb242071621d0d51bd16336444b1e079a062da1,False,False,False,False,False
botmaker/scarecrow_features/src/main/java/com/twitter/scarecrow/features/FeaturesOfHealthGenericEntityEvent.java,botmaker,source,.java,990,29,True,fdc88377882a834710a01299d60860ba03cf816163620ffff10d8125827e6a17,f692798756fe9a6a4f78ad14049f5a6c6694619d,False,False,False,False,False
botmaker/scarecrow_features/src/main/java/com/twitter/scarecrow/features/FeaturesOfHealthSideEffectEvent.java,botmaker,source,.java,12171,255,True,2f2f506e0e2e4b01f3ef07ca31ec19cd7941e69870a617a3cd8785b8dba0d0ee,0638b78fd99fd01f8e106f6eb4945cd6b8c44eaa,False,False,False,False,False
botmaker/scarecrow_features/src/main/java/com/twitter/scarecrow/features/FeaturesOfHmlSignupPredictionEvent.java,botmaker,source,.java,1068,25,True,2a7cd9f85783668a48de8438f0cee9df48a7c5ce0824c8779563187bcbe3f672,5d616993e1940304be36399a7985a458081910e6,False,False,False,False,False
botmaker/scarecrow_features/src/main/java/com/twitter/scarecrow/features/FeaturesOfInAppReport.java,botmaker,source,.java,14685,331,True,09603f8b319a1a72fc5823fffd97d3665dd4f8d8655e04edad4101ed27b555bf,919895a17bb8823227a980694988fd7a76310953,False,False,False,False,False
botmaker/scarecrow_features/src/main/java/com/twitter/scarecrow/features/FeaturesOfListReport.java,botmaker,source,.java,822,28,True,407dcd2f472b3eb7795a138132b0d4d9da6f77eb1fbefd7f4e06302a5ad41f2e,1469d2274c2db42494c62bb85d4c8a8703857ccf,False,False,False,False,False
botmaker/scarecrow_features/src/main/java/com/twitter/scarecrow/features/FeaturesOfLoginChallengeAction.java,botmaker,source,.java,2457,57,True,e47ed309d4b806bbd6975e0304ac66b734147a4a4d6faa3fbda5149e72563d02,3a28e280e3b0d3b2467d0c352b46d09184731341,False,False,False,False,False
botmaker/scarecrow_features/src/main/java/com/twitter/scarecrow/features/FeaturesOfMediaUpdate.java,botmaker,source,.java,8978,184,True,1f96c0e74af1db3db9278646a08005dd5644a178d23e275a2cdb500df3576972,4029b9a1bd08082430105ed629529e7368013222,False,False,False,False,False
botmaker/scarecrow_features/src/main/java/com/twitter/scarecrow/features/FeaturesOfNsfwFlag.java,botmaker,source,.java,1971,56,True,9f43bef78dcbaa2f35012a1c9cfbb2b05cd1b7f1200d5cfc7d9a67af90639ecb,41ddb5569b593a8be451b9e6387d427deceaf9de,False,False,False,False,False
botmaker/scarecrow_features/src/main/java/com/twitter/scarecrow/features/FeaturesOfPeriscopePublishBroadcastEvent.java,botmaker,source,.java,2290,59,True,e22fd495baf70ee32c19d9ca5ec56e9d1e993e7587b6edd44d80a566f689eb1c,2a6ee7fcb02464ebe3b919a9774b8ac46732fb6c,False,False,False,False,False
botmaker/scarecrow_features/src/main/java/com/twitter/scarecrow/features/FeaturesOfPinkStealthResolutionsNotification.java,botmaker,source,.java,5866,157,True,407f352719ae85266488b66e954c5bd5c846c929ebb50b4448aa55498b51d9e7,c3ac7e64e6086deab00118c3845cef2896ba0487,False,False,False,False,False
botmaker/scarecrow_features/src/main/java/com/twitter/scarecrow/features/FeaturesOfPromotedTweet.java,botmaker,source,.java,2997,74,True,6fec4444ef50df15e4d50873893f58c330cd22f07a8a8d1f409dbd389d3ab52c,2b31ef4c9470df728296769b3534d933afa9e5b6,False,False,False,False,False
botmaker/scarecrow_features/src/main/java/com/twitter/scarecrow/features/FeaturesOfPublishedTicket.java,botmaker,source,.java,2145,59,True,17cea9a02b3b95cf978b3dd7e6e6c3d6cd3ba4078b03725205f77d3474003104,7608fc0b7a9ad8118f716bdcabc9fb86adba687d,False,False,False,False,False
botmaker/scarecrow_features/src/main/java/com/twitter/scarecrow/features/FeaturesOfReportAsSpam.java,botmaker,source,.java,1466,35,True,80ab98feead0ade8f42025e989f6a3f8103a566e944a9a3ea650ba088800fc8c,30032371426d2fb34c534672a564166feef0dd9c,False,False,False,False,False
botmaker/scarecrow_features/src/main/java/com/twitter/scarecrow/features/FeaturesOfRtpCaseUpdateEvent.java,botmaker,source,.java,18912,446,True,ae75de6a942675bb9cdd6d4f6c4d5be7f047a916cf3952374a9c51bb224dc7a3,6154064efca8a6d935561f46b7a0abc3d0e1362c,False,False,False,False,False
botmaker/scarecrow_features/src/main/java/com/twitter/scarecrow/features/FeaturesOfSgsBlockGraphEvent.java,botmaker,source,.java,2478,64,True,88d57b3b23e19e97d8dfda60f3912880bf09a31711000fa92e2678890fcd13f5,f0692ba1ff4c135ed38f714d89bb86e504fca776,False,False,False,False,False
botmaker/scarecrow_features/src/main/java/com/twitter/scarecrow/features/FeaturesOfSgsFollowGraphEvent.java,botmaker,source,.java,2787,69,True,206b987045860cedf712803d7c893f065f41d77c037560e0ddc8e5e50214193c,a5a147bf4364f6a57f129ed5c14c39a9dce74037,False,False,False,False,False
botmaker/scarecrow_features/src/main/java/com/twitter/scarecrow/features/FeaturesOfSgsListCreateRequestResult.java,botmaker,source,.java,2037,48,True,1bb2e09325d24a7f9af7124228f8eed597a7387e7359831b38bdd0d97e07067e,63eee698aadf4dab043adb4d441f2d9d0a7874af,False,False,False,False,False
botmaker/scarecrow_features/src/main/java/com/twitter/scarecrow/features/FeaturesOfSgsListMemberAddRequestResult.java,botmaker,source,.java,1962,49,True,2b703a422f263e6a4cd02381206f630d20d8749b2c6803346d92e5adcdce640c,5adf5f4b237df8669d8c894489093c8161aaca6a,False,False,False,False,False
botmaker/scarecrow_features/src/main/java/com/twitter/scarecrow/features/FeaturesOfSgsListMemberRemoveRequestResult.java,botmaker,source,.java,1980,49,True,7314187bdd3d5996f8b5bdc90d5ffb582eb02d0e1aeee57686894787fe6b3f67,94575a6de53fee09cbf43f735281cadede87014c,False,False,False,False,False
botmaker/scarecrow_features/src/main/java/com/twitter/scarecrow/features/FeaturesOfSgsListRemoveRequestResult.java,botmaker,source,.java,1862,47,True,20b2ffff7a061a106b791794472b7238577d5ef06dc672f405366fbc4d635ba5,f5eb27e9973a79209495f777dd68d457157d6232,False,False,False,False,False
botmaker/scarecrow_features/src/main/java/com/twitter/scarecrow/features/FeaturesOfSgsListSubscribeRequestResult.java,botmaker,source,.java,1966,49,True,ba0a7ea7a43bafbf65feb60f116e8ac5666c6a272030cd394d513842576c4854,a687efe3099d5b45e8a28c6b68d98e875eec9402,False,False,False,False,False
botmaker/scarecrow_features/src/main/java/com/twitter/scarecrow/features/FeaturesOfSgsListUnsubscribeRequestResult.java,botmaker,source,.java,1978,49,True,8c577ddb67842c4a63e73de6e011a2d54a2963c73423da6a4c66a6caf3402518,806d6ba76267e275150ee20e51f2feadcf717a0e,False,False,False,False,False
botmaker/scarecrow_features/src/main/java/com/twitter/scarecrow/features/FeaturesOfSgsListUpdateRequestResult.java,botmaker,source,.java,2540,58,True,b4933fbf574aca9a96c3e8b292b15b658b2c6dda1e658043aefb91ffc9b4bfb6,8cc61ddafd1732a63124fbb8d2a79634bf8b035a,False,False,False,False,False
botmaker/scarecrow_features/src/main/java/com/twitter/scarecrow/features/FeaturesOfSgsMuteGraphEvent.java,botmaker,source,.java,2393,64,True,f6f1938d9309ccb9d45190e20829c4afc702af4f1f744bd7f8833d93c039455f,7927c96798a1c10a3b11e597c8ca0ecd16d31d7e,False,False,False,False,False
botmaker/scarecrow_features/src/main/java/com/twitter/scarecrow/features/FeaturesOfSgsWriteRequestResult.java,botmaker,source,.java,2230,53,True,f22b846c92ff8156d047e601c28a8d206a5af0ae465e84e7269a77b62b8c723d,d43b3e667517039243f0750f6a171e89d3092083,False,False,False,False,False
botmaker/scarecrow_features/src/main/java/com/twitter/scarecrow/features/FeaturesOfSoftFollowEvent.java,botmaker,source,.java,1456,37,True,b08fe58c996385a7a7da5597838b220419b1013da194524244130b78302b54a7,82895bbe429fc37d31ed1baaf698dd27af0dc52f,False,False,False,False,False
botmaker/scarecrow_features/src/main/java/com/twitter/scarecrow/features/FeaturesOfSqrlEvent.java,botmaker,source,.java,1142,29,True,5b4c1a8255f91a58abfae1027f80c32585c7a497c1bfd6257fe1f71872ec6fc3,858a9ff3e4fe96e654192f1a49ac74ca25a386d4,False,False,False,False,False
botmaker/scarecrow_features/src/main/java/com/twitter/scarecrow/features/FeaturesOfThornInfo.java,botmaker,source,.java,4254,97,True,c32928744f85f7864f5c37fff0451bb026cf1c195c70a9d42b456fff31b16738,4b4c3ed30aef132130e16a35bf6bce5b91f59f8d,False,False,False,False,False
botmaker/scarecrow_features/src/main/java/com/twitter/scarecrow/features/FeaturesOfTitleUpdatedEvent.java,botmaker,source,.java,1071,27,True,b258a9f5dd31dad0b97b73c63b5d5a37ae6b70167d136fe7a1992d55ab16f0e3,31effb054dfd2dc11b84aa73d59335a86f927082,False,False,False,False,False
botmaker/scarecrow_features/src/main/java/com/twitter/scarecrow/features/FeaturesOfTweet.java,botmaker,source,.java,12478,318,True,b27f9935ca6e7035530647c9906f95acab4be4c241368b405b510c20f3517508,5dd4e0f3dacc97892308b2feab199eb4fe56db46,False,False,False,False,False
botmaker/scarecrow_features/src/main/java/com/twitter/scarecrow/features/FeaturesOfTweetCreate.java,botmaker,source,.java,2252,65,True,8e307ae6e01bec7d927f8f92a9c0fb6f3bf79a9259885e250b7b9c2e72b319be,2110adb3c862899a7317a94c1eca9b4ff6c6fee2,False,False,False,False,False
botmaker/scarecrow_features/src/main/java/com/twitter/scarecrow/features/FeaturesOfTweetDelete.java,botmaker,source,.java,1354,40,True,e8821e8b08c70e82263b7035d70f60dd9130ca2aa75174cfead1717c98bbc9a7,30cd3e902cffa52fd7f14795e2b7a7a8111ca412,False,False,False,False,False
botmaker/scarecrow_features/src/main/java/com/twitter/scarecrow/features/FeaturesOfTweetReport.java,botmaker,source,.java,3839,106,True,402c32002e22138da4fab9e27150bf58b329723fd27d54167559f2ed9f3b86bc,2fc69a6b8173e1ec7a12546fd50fde2428288957,False,False,False,False,False
botmaker/scarecrow_features/src/main/java/com/twitter/scarecrow/features/FeaturesOfTweetSafetyLabelEvent.java,botmaker,source,.java,3602,82,True,6902ce793771ed740ca5e8c41047d6eafe151e7a203bfc68202491beb67ba406,9b72b374108979c2202344e8d4a43263b559113f,False,False,False,False,False
botmaker/scarecrow_features/src/main/java/com/twitter/scarecrow/features/FeaturesOfTweetUndelete.java,botmaker,source,.java,2161,59,True,455438b927882881f553bd6b521e7bb25f4f269ab15162c2df369efcf1f06e05,c58c5cca3c7c97a164583c5c5723d1b2d01218bd,False,False,False,False,False
botmaker/scarecrow_features/src/main/java/com/twitter/scarecrow/features/FeaturesOfTwitterContext.java,botmaker,source,.java,1999,62,True,f34feb114020dbb2cc2efc911771c4a3aa4935c2f2aae8ba2954a5b8e3664d48,84393c4bad35fbd74296b4a54d78a0275a532534,False,False,False,False,False
botmaker/scarecrow_features/src/main/java/com/twitter/scarecrow/features/FeaturesOfUnbookmarkEvent.java,botmaker,source,.java,954,27,True,bcf199f80a483dfe961ff19fdbfab46611f028a19a4b249d834fed470cd68ebd,fb9a8b4d2f209e8198a7b644b4a6de3dab00fb58,False,False,False,False,False
botmaker/scarecrow_features/src/main/java/com/twitter/scarecrow/features/FeaturesOfUnfavorite.java,botmaker,source,.java,1711,41,True,ea62424079f7c887f7e24ef96276d2e635828051a6295f22497853c62e87865f,ade3bf2ed43685e56f6ff1d66701e62fff14ec3a,False,False,False,False,False
botmaker/scarecrow_features/src/main/java/com/twitter/scarecrow/features/FeaturesOfUnifiedPostAnnotationsEvent.java,botmaker,source,.java,3791,73,True,6f47302269ed6e827a6479b80105974625d69ea3bd5fbea8b3159dfe7e941cb9,3a393c22b7fd20b809aa07bf2997db7dae8c9061,False,False,False,False,False
botmaker/scarecrow_features/src/main/java/com/twitter/scarecrow/features/FeaturesOfUrlEvent.java,botmaker,source,.java,6316,157,True,a77f7486d4f90296c699c017870226404288addc65dcc1b7eacdf63ca8fd098a,f677818374e4cd4cbc7fe1b232fb3829d5b66e92,False,False,False,False,False
botmaker/scarecrow_features/src/main/java/com/twitter/scarecrow/features/FeaturesOfUrlReputationChange.java,botmaker,source,.java,2079,45,True,6cbfbae0a93695f7120765d380ae379264068ad6c8ad692347a7f17b495cdebe,53753f6ec9989eb948aae21513b16228685ba1da,False,False,False,False,False
botmaker/scarecrow_features/src/main/java/com/twitter/scarecrow/features/FeaturesOfUserCreate.java,botmaker,source,.java,2450,57,True,347c3a726b60c5491f9d39ce3abb6cf5963fb5ec30b5b7976496d3c211d34cb1,568b5a658a12aa4fe87b96529479e951132f0e4f,False,False,False,False,False
botmaker/scarecrow_features/src/main/java/com/twitter/scarecrow/features/FeaturesOfUserModification.java,botmaker,source,.java,3143,74,True,81600340a0ec1cef8d411a6ba9f012936644f30b84d7adb15f4be7e734c43709,30c6d9d1292409934a5d5b9427780ea8abd92383,False,False,False,False,False
botmaker/scarecrow_features/src/main/java/com/twitter/scarecrow/features/FeaturesOfUserReport.java,botmaker,source,.java,3345,85,True,e71b329a6175888f3d6f15b9da5837691e9eff5036095d9a09907324baead306,63428dd878dbbcf9e4e200f7e34742272b66901a,False,False,False,False,False
botmaker/scarecrow_features/src/main/java/com/twitter/scarecrow/features/FeaturesOfXchatMessageCreateEvent.java,botmaker,source,.java,1832,53,True,a2f47e88ecc1ad02d52435d1428922201034111a584b172dddc3bee9aefb3a32,541d2fad66af0540b38bd933a5003d41a29677c1,False,False,False,False,False
botmaker/scarecrow_features/src/main/java/com/twitter/scarecrow/features/FeaturesOfXchatMessageEvent.java,botmaker,source,.java,4171,111,True,f0ea598efb951d7e2ac4b62b8991e08952bb8694628891c20b3e589b37a375e9,997d1c952658584d095e2be7b801b57d317c67a6,False,False,False,False,False
botmaker/scarecrow_features/src/main/java/com/twitter/scarecrow/features/SqrlEventThriftSimpleJSONProtocol.java,botmaker,source,.java,992,33,True,cac43fa13cf482d8c6c9565de6be04eb5889505bc1a4e1ac95446c5aa68510c0,aa92bbf34bdd747bc876d186e7e12d3ecde73dc6,False,False,False,False,False
botmaker/src/antlr/com/twitter/botmaker/BUILD,botmaker,config_or_build,[no extension],169,7,True,676fe04e264a00b3239ee92b0610df8c0402e8492e8f88659ace52ddc179a2a4,622e20ac70de1a342bd06285dc7a0714c7edebc6,False,False,True,False,False
botmaker/src/antlr/com/twitter/botmaker/CONFIG.ini,botmaker,config_or_build,.ini,21,3,True,fbd76ab6d0209661e01a944b782ce4cb536365528061cda3d4094cd4e22265f3,8157003e7e39c0f35e0e349d870fa25ace52f321,False,False,True,False,False
botmaker/src/antlr/com/twitter/botmaker/antlr/BotMaker.g,botmaker,other,.g,5773,248,True,5c3cdb38d0ab5b270bac609a90a89439ca86e08ab804925eb6ccfacbe9a473fb,15dadb253726ec416a2b1b9635d2f2997102f664,False,False,False,False,False
botmaker/src/java/com/twitter/botmaker/ASTNode.java,botmaker,source,.java,13869,462,True,ed528ddbc802b1ab94e8849022a4b269a9124e475de723ac20e7c0b98f28d717,88556d3bb1c28dcd90acdc8bb599eaf3e38f1ba4,False,False,False,False,False
botmaker/src/java/com/twitter/botmaker/BUILD,botmaker,config_or_build,[no extension],567,16,True,2717e2dc285def020acf9d937ea05db2643cae4522900b61bb3e6364ffc29254,b26f00a5c34a80f9268e35f7a2913b11c1ea29fc,False,False,True,False,False
botmaker/src/java/com/twitter/botmaker/CONFIG.ini,botmaker,config_or_build,.ini,21,3,True,fbd76ab6d0209661e01a944b782ce4cb536365528061cda3d4094cd4e22265f3,8157003e7e39c0f35e0e349d870fa25ace52f321,False,False,True,False,False
botmaker/src/java/com/twitter/botmaker/Context.java,botmaker,source,.java,10931,378,True,022ac39368001b59d0ea870d4356443a49e8b98ac8de12360263da7c8d807de9,8ff5cd0f0b3999b48c68314178dbe157fedf579f,False,False,False,False,False
botmaker/src/java/com/twitter/botmaker/ContextBuilder.java,botmaker,source,.java,2793,107,True,ef07bf0f9016652ff34f347b6d47467ed7f0abf86e791f49e8854d9feb668d3a,b6cf238c3ff8a9896691ced77467fff0b10486ee,False,False,False,False,False
botmaker/src/java/com/twitter/botmaker/Extractor.java,botmaker,source,.java,4917,174,True,08fa7a0de75bce694e5c911b9512e8cade3f86cd1be7a94ca4897cdae0ab4f84,228171c2639f9aaebecb71aa9313b4494bb845a7,False,False,False,False,False
botmaker/src/java/com/twitter/botmaker/compiler/ActionLevel.java,botmaker,source,.java,284,12,True,715066221504f3225775fbbcb7d747d317eba48676cc4749357077f1da174e63,c23564534f5ab24cb8b5b60f4197a24f7e2819fc,False,False,False,False,False
botmaker/src/java/com/twitter/botmaker/compiler/BotMakerDoc.java,botmaker,source,.java,5416,286,True,8ccdb609595d856054fd021c23f7897ecf02cb490faec64b0ed7567915c8be37,5374985cbe34acbdaaacce0c03a5fbb01fb52ae6,False,False,False,False,False
botmaker/src/java/com/twitter/botmaker/compiler/BotMakerFunction.java,botmaker,source,.java,616,28,True,937181e70fdea3d0f55e01b00bce671bec679761610478b7d3e1f4e8ba6386c3,c358138e10284ac9549e9cbfa4e19672bcf4aab6,False,False,False,False,False
botmaker/src/java/com/twitter/botmaker/compiler/ClassCache.java,botmaker,source,.java,2776,79,True,050cad0ffdb9f98e8ba38b3cf3525e88f326edca162ffb0a3075091f5a492081,f5b93a64b0eee41c9150a151290269131834a9bc,False,False,False,False,False
botmaker/src/java/com/twitter/botmaker/compiler/Compiler.java,botmaker,source,.java,59766,1617,True,966bae6d27b3e4fcff4241bc1e0002f8b97bc2909916b7c1c09cd8a8c0d1a0b5,b45c0eadd83b06266503461333d7a6062a3ce8db,False,False,False,False,False
botmaker/src/java/com/twitter/botmaker/compiler/CompilerBuilder.java,botmaker,source,.java,8981,261,True,1509ce0abb348c5b47a7b408758822ad9d2582acba29df25117951b405598de0,950eb63252ca15fe938d3d667e23083b50d369d6,False,False,False,False,False
botmaker/src/java/com/twitter/botmaker/compiler/CompilerContext.java,botmaker,source,.java,15653,478,True,facf81796f91719dd101a46603f0ea5cf496e640d6e6522c4fb347dd441117a6,0afd0533b3c74775cde26434f21c1414bda861c3,False,False,False,False,False
botmaker/src/java/com/twitter/botmaker/compiler/CompilerScope.java,botmaker,source,.java,4470,140,True,f97ccbc6d641e260e3c04712a75f488358e835cf6273d17c8a8ec8c784ff3763,c38698c15224dda04789a833bb656ded1252c146,False,False,False,False,False
botmaker/src/java/com/twitter/botmaker/compiler/CompilerUnit.java,botmaker,source,.java,8688,299,True,1257a6c34de0c0d3b5951e3437f19dc7b8e83081450a5485a7e4e8e8b45befef,9bfa7c603ffee953ba03c298a207bb48a41d69c8,False,False,False,False,False
botmaker/src/java/com/twitter/botmaker/compiler/DerivedFeature.java,botmaker,source,.java,4071,168,True,9a92f49a289d07ac98a1bc074f418b3afb6b746623ee07491a88c140985d1dcd,6d106b3392dceff6893d18954c246702b0b02a45,False,False,False,False,False
botmaker/src/java/com/twitter/botmaker/compiler/DerivedFeatureProvider.java,botmaker,source,.java,2589,91,True,f550b0474759421755d75eedb353f4082d689e446da56278d0907bbae89b85a3,167af59184e2fb45f5a6847de2098109ca662d29,False,False,False,False,False
botmaker/src/java/com/twitter/botmaker/compiler/Fingerprint.java,botmaker,source,.java,2183,91,True,c432ea2f686860daa8624a34cd745211033fc4690db91cc28fe52c30aa0d9c98,c4b6aa1f8b4a9a33736b8c9547eeeaea988e1bc2,False,False,False,False,False
botmaker/src/java/com/twitter/botmaker/compiler/InterruptibleCharSequence.java,botmaker,source,.java,1206,48,True,525f2d0389097de936f5ffca282f4ab81c6f76cd061f32f3d7971ee8e99ffe98,a98876e66e0d40926abac9f5f39296bb9fb7719e,False,False,False,False,False
botmaker/src/java/com/twitter/botmaker/compiler/Mock.java,botmaker,source,.java,5162,163,True,12614a456a48f1353c8f1059181e31d8bc5a5b62d429e4a34ee8203a5a615e2e,af0d0a0d56072d15b7c584506c41e560b695ac11,False,False,False,False,False
botmaker/src/java/com/twitter/botmaker/compiler/Parameter.java,botmaker,source,.java,2901,95,True,5623a3fb032985ea4eb1b47db46fe36da805a7e78e6882201127835e168531fa,d7266d1deefcc3c53bed2e32cead47f31ce4dc78,False,False,False,False,False
botmaker/src/java/com/twitter/botmaker/compiler/Parser.java,botmaker,source,.java,9212,244,True,9b60d52efb2ffa7ec0b727734e87f6d2dda4d3824f2eafe57c9cd44a322d3b7b,345c6886e06eb60f44a8d0a6efbb3921d283460d,False,False,False,False,False
botmaker/src/java/com/twitter/botmaker/compiler/RegexCache.java,botmaker,source,.java,5224,162,True,edc442c28b1875064f5333cd9892be1b5be998c4893adf1949aab60aa2e7caea,c467b3d5666d4eeb44ab7632e4696e6b18b4b411,False,False,False,False,False
botmaker/src/java/com/twitter/botmaker/compiler/Serializer.java,botmaker,source,.java,60814,1903,True,9eb7f728c3840d5ee6894eac7333d9348d8df8204b44c4a32c2f455fc4629865,acf6eb9d9b4c6c7bcdc5de98d8d81597993c7218,False,False,False,False,False
botmaker/src/java/com/twitter/botmaker/compiler/Timeout.java,botmaker,source,.java,90,6,True,2839aeb891123aadfa2f08e2d67b0e76d7105fc545ac5001b8ce690230338428,cd7791769e5391b9735457f48eba75f9cfb9c0eb,False,False,False,False,False
botmaker/src/java/com/twitter/botmaker/compiler/UsageUnit.java,botmaker,source,.java,2767,103,True,0a22b051c70e1d5c7315cd2e78dd216674da87af74a2a3d55065a252fc00718b,694995794ffd654d701d581b5b9a754343535ece,False,False,False,False,False
botmaker/src/java/com/twitter/botmaker/compiler/exceptions/BadFetchedDataException.java,botmaker,source,.java,207,10,True,d9dd09001d5a9be6cb0857577735838157db2badd06d6790ba4b6170a9b75fc3,8cd46b62bd632fe4d14eabd1177d8f98773f9483,False,False,False,False,False
botmaker/src/java/com/twitter/botmaker/compiler/exceptions/ContextCancelledException.java,botmaker,source,.java,205,9,True,cc2f109dabf8e9f7d9fa7801c8107c45d6abac3c8d3ced0dc5a18eba51d7680e,476ebf451cbf6eef3420d04cec350522ce06a249,False,False,False,False,False
botmaker/src/java/com/twitter/botmaker/compiler/exceptions/FunctionFailure.java,botmaker,source,.java,1443,58,True,8210c4792605751f54bece697903963f899090987bbd257d815c0a6e00b78327,882c2aaf7803416e805d36342cf3536d7da0e4f2,False,False,False,False,False
botmaker/src/java/com/twitter/botmaker/compiler/exceptions/MissingFeatureException.java,botmaker,source,.java,190,9,True,f4b33ecacbfc28f07b2dbc358e23ec53e3cb86ab68b5e2ca89a9fcfad3004127,be520ea4e77b8b7fecd01611fdef148e464f05e0,False,False,False,False,False
botmaker/src/java/com/twitter/botmaker/compiler/exceptions/ParseFailure.java,botmaker,source,.java,234,11,True,2b5d05e7b209b0be3875b119b449fd983f7125e4948c67d26ed5964ba47588e8,a1f0f29cb36a322a54d339171ff5302d75231b83,False,False,False,False,False
botmaker/src/java/com/twitter/botmaker/compiler/exceptions/RegexTimeoutException.java,botmaker,source,.java,203,10,True,7f603afc8fa36251482767511d63b9f7f2f3ffac0ba0e05248c3159801c79afd,4f64301feaa9b371072302147ba22d5562c89229,False,False,False,False,False
botmaker/src/java/com/twitter/botmaker/compiler/exceptions/RuntimeFailure.java,botmaker,source,.java,316,17,True,4109a81d0c0a7fc4bc554c8be1bf0ce27436903683b0d284cde8f71f30754940,871a0220d7521aa0aacb4bfdf50a68a6f8df9228,False,False,False,False,False
botmaker/src/java/com/twitter/botmaker/compiler/exceptions/SemanticCheckFailure.java,botmaker,source,.java,236,12,True,574266f4f13c5730dcbbcb2ba7167539f03bc9942fac64604a55591da5213c43,790f2c8103b23dd8ec8e0048e092c8c8ce32d162,False,False,False,False,False
botmaker/src/java/com/twitter/botmaker/compiler/thrift/FieldMetaData.java,botmaker,source,.java,493,18,True,34fc101bdb55de832e6cbb15b29d51282d6d4d892509592b30644bea9b23c563,aa9b0225fc76fdcedb0d644de0b462df41d0fd46,False,False,False,True,False
botmaker/src/java/com/twitter/botmaker/compiler/thrift/FieldValueMetaData.java,botmaker,source,.java,1120,51,True,584a9586320f42a33dbdfc4b618696f4964f55eea9fd7aca02d1a01f89d39337,f378925bbc9170a48ad26f740f17a5b6238ffed4,False,False,False,True,False
botmaker/src/java/com/twitter/botmaker/compiler/thrift/ListMetaData.java,botmaker,source,.java,608,28,True,ebf1437cf069e409a801e62c729b7987a7dc09713bda8489423205464a1f1614,b25d493c9e60d96b1f504f6eeba19cc88b1a750d,False,False,False,True,False
botmaker/src/java/com/twitter/botmaker/compiler/thrift/MapMetaData.java,botmaker,source,.java,762,31,True,492c9909d2fe68140d18b5aa7bf86d35234b75ae76b3f9ff644c2f8c46859d77,24f088cc7d3215ec6ac53e8917ad3e6627a439aa,False,False,False,True,False
botmaker/src/java/com/twitter/botmaker/compiler/thrift/PrimitiveValueMetaData.java,botmaker,source,.java,1437,70,True,11f53875f23df4417025043f62fc7940085516adc455e912c2b6aa4ac0868955,88ce95fc840eee9495603b2c9ed3e8c3c8bdb4e3,False,False,False,True,False
botmaker/src/java/com/twitter/botmaker/compiler/thrift/SetMetaData.java,botmaker,source,.java,603,28,True,ec337604b916cc7fbe0af3af00228c6724a389299852e8513b9d8f041c8aac67,a97e86c22c1e7c277b9166062549d8350383e00e,False,False,False,True,False
botmaker/src/java/com/twitter/botmaker/compiler/thrift/TBaseStructMetaData.java,botmaker,source,.java,720,28,True,051c4bc930dbfadadcd25218e9b0636ce5a0bd3182ef5b6a8929f6448e3d995b,5d6d37e862672b9e6906dd61daff56d12f27de87,False,False,False,True,False
botmaker/src/java/com/twitter/botmaker/compiler/thrift/TEnumMetaData.java,botmaker,source,.java,528,26,True,1c4a3bfbe394c6e69a10637395b491cd2cf592e4a2ee81f54f2526155138eb95,e69a0a16cf1381cbb4f20280ffe24cc3c7e90527,False,False,False,True,False
botmaker/src/java/com/twitter/botmaker/compiler/thrift/TFieldRequirementType.java,botmaker,source,.java,401,12,True,a999b0fcf31c3a1ac282fd1eccb6e5ee9bd65f5a80cd2ef778cd64eb147bf34f,2d0b0303f1aa10249a2e64e6d6f6653e50a5614b,False,False,False,True,False
botmaker/src/java/com/twitter/botmaker/compiler/thrift/TType.java,botmaker,source,.java,1181,24,True,627ef8a8d61141f49d48d89c9c756ecbe20d4aa452244809173fabb224d3263f,fa56754ba47a0bb73dcfa88cfa48414239cad88a,False,False,False,True,False
botmaker/src/java/com/twitter/botmaker/compiler/thrift/ThriftEnumMetaData.java,botmaker,source,.java,554,25,True,2c9da42857aeafe799861e85b6910580636fa2ff9d119263d2258e4491d71c7c,8bfb70fd78e0353617dd4eee8acffafee4f252ea,False,False,False,True,False
botmaker/src/java/com/twitter/botmaker/compiler/thrift/ThriftStructMetaData.java,botmaker,source,.java,762,27,True,4f36e41e388be22c2eef600dd51e4b2b108a604631e16a55f23b6a703bc1ceb0,def782189abb9f6aa9c3bf34a18d929870245b05,False,False,False,True,False
botmaker/src/java/com/twitter/botmaker/compiler/tuples/OutputKey.java,botmaker,source,.java,437,19,True,8d2ed37d9283df38e0860ed0a7d9313c87efde7fa2c2588ded0d64ec0cc659a3,b2d285a08584a711087479f059c6900631f1fe64,False,False,False,False,False
botmaker/src/java/com/twitter/botmaker/compiler/tuples/Pair.java,botmaker,source,.java,891,56,True,3d167ba7804a7540b04cd56fe21c38bb496c9d799851a0272ce879f5f8ddfa85,4da08aeb42a110849351c9dcfe0b886c00e8e0a3,False,False,False,False,False
botmaker/src/java/com/twitter/botmaker/compiler/tuples/StackFrame.java,botmaker,source,.java,701,32,True,4264c16d3d8244158277e8a77203e881ecc45e3a4e48e9c7affca305db294bfd,d9a028f2f326bc438b4e569e9779d224a8f193e7,False,False,False,False,False
botmaker/src/java/com/twitter/botmaker/compiler/tuples/StructTuple.java,botmaker,source,.java,1885,80,True,8fd90a85331fd88c7fb34c399a9126fc3d468347ec36f8653b5b54ef5bcc7c66,35d3f24f06c1b5d6f1ac3cdb61264dfb057980aa,False,False,False,False,False
botmaker/src/java/com/twitter/botmaker/compiler/tuples/Symbol.java,botmaker,source,.java,639,30,True,9009317f0b1d403e1573eb4688d802d5ec5ace6091cc9fc7a895d76168c2c187,c0c28522472f5e72a69df52f5d9a3801a7934bf0,False,False,False,False,False
botmaker/src/java/com/twitter/botmaker/compiler/tuples/Try.java,botmaker,source,.java,718,34,True,4b4b86f88b0f3f6dc916c5feb7fe7e0d2ab055d4a4ed679c15bd89326eca2fbc,52d6259b540fd504cf60dfbd57a3af84acaa3e4b,False,False,False,False,False
botmaker/src/java/com/twitter/botmaker/compiler/tuples/TryWithStack.java,botmaker,source,.java,996,47,True,0c2568384ea70ba93faa6dcce8e5e4b30a58a598e054bc667cfe8b723a3a4725,84b2b49f98e543998c8e1163d110067f7e3de855,False,False,False,False,False
botmaker/src/java/com/twitter/botmaker/compiler/tuples/Tuple.java,botmaker,source,.java,2372,111,True,fbc826d427bc97bddfe469b1ba87cfcb3d43891e8b7dde9a4cbb0dd853919833,63bc53eee144d5feadaf3e9a481a2c945ac893cd,False,False,False,False,False
botmaker/src/java/com/twitter/botmaker/compiler/tuples/Tuple3.java,botmaker,source,.java,946,61,True,18d76fe278447c78e4466ea3f94dfd6a6bfac3ef446439b166987da5bd7c81e1,48582702520d1c160836ee2c592f6a5dbb024924,False,False,False,False,False
botmaker/src/java/com/twitter/botmaker/compiler/tuples/Tuple4.java,botmaker,source,.java,1089,68,True,a48cb519c50d2694b0d2352fe54afed7a144feff2ba7a17b20643d9a9c55f227,99a933e7515157445078b1eadee946aa4df5a146,False,False,False,False,False
botmaker/src/java/com/twitter/botmaker/compiler/types/FieldAccessibleType.java,botmaker,source,.java,382,16,True,bbac2b04c9e31a13c4cf749e8bad186c8140daa0999399ff8e77f68068f227a4,d53ec79314406d67ef9778e0cb435f408beefb5e,False,False,False,False,False
botmaker/src/java/com/twitter/botmaker/compiler/types/StructTupleType.java,botmaker,source,.java,6118,201,True,08759726e2a7cb1f90ec7a2438fa851bae2d30f78d0bf37c70b7f6485d142f83,0c20bf2b3679ea5470bf19ff3396b41bae91e75a,False,False,False,False,False
botmaker/src/java/com/twitter/botmaker/compiler/types/Symbol.java,botmaker,source,.java,657,34,True,4ccfcaef907bcef807cb2862c2f7ba47c49a993534ad5809ca837f6449ec13ae,25c5bbd9b3a115a0eae14c797f1d25f5fe47d8e9,False,False,False,False,False
botmaker/src/java/com/twitter/botmaker/compiler/types/ThriftEnumType.java,botmaker,source,.java,546,21,True,959d52cd2ea932f2928908cc2ed7f7c370bb758257f660ac8fc76fe10906aab4,7bdaaeb790324a6571ea926f61c9bf5e3269ce4f,False,False,False,False,False
botmaker/src/java/com/twitter/botmaker/compiler/types/ThriftStructType.java,botmaker,source,.java,27076,838,True,a13ab57c39576a6c1cd757202efcec16cbc415c3ded023c842d247efbf283dd9,986cc9b09dda9f654612d4054df3475f06437d88,False,False,False,False,False
botmaker/src/java/com/twitter/botmaker/compiler/types/ThriftType.java,botmaker,source,.java,17170,464,True,5b6af6cf8a967016c0ab1598a26797874a85d8920376eacf340b75b05f05ebd4,0406deb12f2856fd9bdc99a9b06f4b8fa6cc7841,False,False,False,False,False
botmaker/src/java/com/twitter/botmaker/compiler/types/TupleType.java,botmaker,source,.java,2526,85,True,f0f7eca34999343b9b0a1fe76c97d1dc4123cd869e443302de687e572d853be5,ebaaf92f075a6699d9e20f5cb0a834ca41844d7a,False,False,False,False,False
botmaker/src/java/com/twitter/botmaker/compiler/types/Type.java,botmaker,source,.java,22685,692,True,b940895cad798e1774c0376366c7d743c2f0a20359fea0bff250d729d40d92eb,d58c44cd0a626eafe4685702e06a6d1c51908cff,False,False,False,False,False
botmaker/src/java/com/twitter/botmaker/compiler/types/TypeCompiler.java,botmaker,source,.java,3997,114,True,e991d64f6afd7c11457bb94f948a1071591f2bc765ccdd2e0adb5de115eb3c1f,5c36ec05104d47612d10ec4f0b2e9e0bb79ce094,False,False,False,False,False
botmaker/src/java/com/twitter/botmaker/compiler/types/TypeContext.java,botmaker,source,.java,334,16,True,2e1089d6f4a0f77d95e0bc4b75ac00b8109f9b4f712c678949fe0849ca51f3cf,3fb88c11160e21916151641b5350026764bde0e8,False,False,False,False,False
botmaker/src/java/com/twitter/botmaker/config/ConfigContainer.java,botmaker,config_or_build,.java,719,27,True,f884cd14d26f29eac41878465bde0e638d947c4879412a12b630c4f6b9402709,221177b02d50b55721a15672109d8219bbe9310a,False,False,True,False,False
botmaker/src/java/com/twitter/botmaker/config/ConfigNode.java,botmaker,config_or_build,.java,1757,59,True,959cf8f1dda67e0f33e9497a22f9e5948a03abbb8f8c04ba8a747a4c25a0ec4b,3cbc1c4b1a34640a6675a19b1094d8ac701a2d5a,False,False,True,False,False
botmaker/src/java/com/twitter/botmaker/function/Block.java,botmaker,source,.java,5443,157,True,942b9786294b448a8c5c01269bea54e8d42424f8abc860fb73e4de2e8a0ac1c0,eada62b5c6d68d4423ca75efa6f5272a86eedf33,False,False,False,False,False
botmaker/src/java/com/twitter/botmaker/function/Constant.java,botmaker,source,.java,5407,181,True,097ed8306c3908cfa3a227657f4943b730f80b1f2f89c0e6d91a247441a0990b,4c6eabacf7b365455f171ac18295df257a07a814,False,False,False,False,False
botmaker/src/java/com/twitter/botmaker/function/DerivedFeatureCall.java,botmaker,source,.java,7609,238,True,05d8bd56866fec526c6052e2685b5de6a9d3dfd56ecc4cdd42bb35e947543343,b28d8349db972ecbe539187d91f9c1475d831f69,False,False,False,False,False
botmaker/src/java/com/twitter/botmaker/function/Do.java,botmaker,source,.java,1200,49,True,0619b9e9084a946861fd175cda86bc84d26f9dd92032037581b9148d9e7f8563,06f9256b76fe420a831f4516235a48155ddf90f4,False,False,False,False,False
botmaker/src/java/com/twitter/botmaker/function/DoAsync.java,botmaker,source,.java,1718,63,True,0b883a4361f8719ae1f7971cf39d7cc651828107dee645990f20dcdf6a76a1fe,4cf2662424be7629d764f1ae70885767723b31f4,False,False,False,False,False
botmaker/src/java/com/twitter/botmaker/function/DoSequential.java,botmaker,source,.java,2568,89,True,062f376c30196826751f954cd9db278234a4ac94ddd36919c6c5637939efa08d,e858eba77f7d4d327469c98d7733b51c644a540e,False,False,False,False,False
botmaker/src/java/com/twitter/botmaker/function/FunctionNode.java,botmaker,source,.java,2528,79,True,3f30d73555484cbc29edd5ab7b6bbf33404c87dad3860f6398ca0e1018458c27,d138c7afa1243c509f8678d228160b1664751402,False,False,False,False,False
botmaker/src/java/com/twitter/botmaker/function/FunctionNode0.java,botmaker,source,.java,2209,72,True,c916cbc51491c2386607125ab4a4251f1844c0ad762814a255d52159ffbb2f74,3f5ccb474e5b0086ab616bd299b40b676201c6a0,False,False,False,False,False
botmaker/src/java/com/twitter/botmaker/function/FunctionNode1.java,botmaker,source,.java,2429,74,True,6f7c0463dc2dc0c9a3aa0fc6491c4007849d5ebb396dd70e4984bafa0fca13cd,e5c38e0167fe8aa3c63bf27c38ee6da8a745e0df,False,False,False,False,False
botmaker/src/java/com/twitter/botmaker/function/FunctionNode1O1.java,botmaker,source,.java,3639,110,True,938f37c59313b41264e14089f4e300a92c8f4d8d6e8d5dd22ff862da866a6985,20f316dc5bf54b5dfa35d0d751e31e40598414af,False,False,False,False,False
botmaker/src/java/com/twitter/botmaker/function/FunctionNode1O3.java,botmaker,source,.java,4152,119,True,e421834760ea07873b1607bb399a2608b9a4b2ba24e063314ca5796c7088e28b,7ec9b4f9af815d26a39347b1d377e7a72c3af584,False,False,False,False,False
botmaker/src/java/com/twitter/botmaker/function/FunctionNode2.java,botmaker,source,.java,2549,77,True,8f27ae792b561bb129a6bdae6df48fd73b7b26ac1022ea7a22de36288f002b7c,1baa214a4ea25b5c89a6f2bac45eb92e7e5de1c6,False,False,False,False,False
botmaker/src/java/com/twitter/botmaker/function/FunctionNode2O1.java,botmaker,source,.java,3828,108,True,63ffa35cd63a731e66dbb13c3b2b4bb6db54b966eddd43050948c8fb9bb07484,d996518f8113afd01f617a8211f14bbe382f679b,False,False,False,False,False
botmaker/src/java/com/twitter/botmaker/function/FunctionNode3.java,botmaker,source,.java,2728,79,True,05fa00818fc58f8a1bf5d99f66f8ae01f27479002da6013522e8fcf484fbb72e,151958ec5bffa2096ba3c2e8b4675c71fe36360f,False,False,False,False,False
botmaker/src/java/com/twitter/botmaker/function/FunctionNode6O5.java,botmaker,source,.java,6748,169,True,b4a4e222eaf1842ce9d52e9967442ea5fb8c09fb3027996da5b7fb8d81ff76c1,7339a564c13870a77f3856e61936f140b9060eba,False,False,False,False,False
botmaker/src/java/com/twitter/botmaker/function/GeneralNode.java,botmaker,source,.java,2139,68,True,dd42c9c06b69eac4097eea379a13cdea214c9bd23b640b36a41b767aa6cc14c0,a17bdda3de5c22a51bc8de0d499b27e1bea0cf5b,False,False,False,False,False
botmaker/src/java/com/twitter/botmaker/function/IfThenElse.java,botmaker,source,.java,3679,121,True,8029cc173dedb744ecb3f22ca4b21223a4bb3b8ccbc266f87878862febe3d6e2,0cec93f073eba4b3d555ae720c39cbd782181cd2,False,False,False,False,False
botmaker/src/java/com/twitter/botmaker/function/Val.java,botmaker,source,.java,2009,68,True,d9834c6acbb8f9b25300f9a641ec9e5e454da68afcd6357a4f2739782df90745,6439cc14e9039880a7ffdbf2c4e4a2e3cb3527df,False,False,False,False,False
botmaker/src/java/com/twitter/botmaker/function/Variable.java,botmaker,source,.java,1403,56,True,240e192f2b4dcdeb183f36607e3d5a970c4370c4f123c2ee94b04ccf538136ec,d6780fc7ba610ec561f580118399fa923bc28d82,False,False,False,False,False
botmaker/src/java/com/twitter/botmaker/function/With.java,botmaker,source,.java,5067,149,True,e5b61647f199e59b2911e0bb8ebf3ab381a92f2f324859ba0e6da0ebd56023ab,b7be53eff2f7f7a19ee58a8d701546371b14ad0c,False,False,False,False,False
botmaker/src/java/com/twitter/botmaker/function/bitwise/BitwiseAnd.java,botmaker,source,.java,855,36,True,ada31a94d917c435068183ca9fa89d5a6e212fa0e7bc9bc4a04e61a92098c9d6,0999cf65ae911879aebfbb72b2c1d5421c39021c,False,False,False,False,False
botmaker/src/java/com/twitter/botmaker/function/bitwise/BitwiseInvert.java,botmaker,source,.java,1368,53,True,3c39054c16c257fb034ca0eb4ef16beca2030cf71e81313fb119ad2bd8c94044,e0d6086cd45dc817768b069a6296672b572f0359,False,False,False,False,False
botmaker/src/java/com/twitter/botmaker/function/bitwise/BitwiseOp.java,botmaker,source,.java,1056,39,True,b46618503a3e340467396c7868b38deba94d9b488f2f7fe2d194142a2e32499c,e4b041a67242e5f8d306e066dae07557b18bebdd,False,False,False,False,False
botmaker/src/java/com/twitter/botmaker/function/bitwise/BitwiseOr.java,botmaker,source,.java,940,41,True,434f1ce90dd630b63fcc185a536523a9b2b23ed1781510c7be4418a1f1afe269,2b24d66c7f52270d944bad69c77e3e6cc99f26fd,False,False,False,False,False
botmaker/src/java/com/twitter/botmaker/function/bitwise/BitwiseSignedLeftShift.java,botmaker,source,.java,900,36,True,71cdfaec6a360460c608fc04f4fd1938f09ac2ae13aae1c56cd64c963d9ccc78,4a4f6081697be7a27100f7137d9861d5fa41aa50,False,False,False,False,False
botmaker/src/java/com/twitter/botmaker/function/bitwise/BitwiseSignedRightShift.java,botmaker,source,.java,903,36,True,833d5877e2830954741cbf0926e4c475df9ce12cba2f3a219f5117034a3ee583,0d9cb1680f3212035320f42d34406635ce94589b,False,False,False,False,False
botmaker/src/java/com/twitter/botmaker/function/bitwise/BitwiseUnsignedRightShift.java,botmaker,source,.java,913,36,True,241d235ba2f9b2701fd9926a9db0819f445957ae412a8407b4ac2847e5d8d59d,d6dd211e5eaa48a298245b8179414cdf1dda2cc2,False,False,False,False,False
botmaker/src/java/com/twitter/botmaker/function/bitwise/BitwiseXor.java,botmaker,source,.java,855,36,True,61c3cea1a6aa11e175ad0a6102c385101e9d3a7a2f7e99c31d83745a1e0cf3ff,739e70dc3b63053e58ca4a67bfd943605f959028,False,False,False,False,False
botmaker/src/java/com/twitter/botmaker/function/bitwise/ReverseBits.java,botmaker,source,.java,1419,54,True,b6e108b148ff8ebbf98f905667aca9b2f1fde1118f4b2f0112d284f6ff62ef38,4943f2f1296a8ae26d90c4f8e78b1ef45569e0ec,False,False,False,False,False
botmaker/src/java/com/twitter/botmaker/function/collection/Any.java,botmaker,source,.java,7073,175,True,2426e058c56b71ce158fbbc22071d68f628fcfc716ae8413c5d357060b1c05d7,b8a43a765327055063ae98cf228f3689c9fda58f,False,False,False,False,False
botmaker/src/java/com/twitter/botmaker/function/collection/Contains.java,botmaker,source,.java,2850,92,True,fef6ce42e07889b4812b5a143563f53cae42a623d8984409390dc6bd6f21071d,afe157b066ecfded361bff380b07991a27ffec94,False,False,False,False,False
botmaker/src/java/com/twitter/botmaker/function/collection/Copy.java,botmaker,source,.java,5769,181,True,dbf887ac2ebfeea9adcf881b1c315db3e759b9a100740bd077c75b8fad85d20c,b98e9bfac6acbe0f0b472aa6de0a81eff0cf2ff5,False,False,False,False,False
botmaker/src/java/com/twitter/botmaker/function/collection/Count.java,botmaker,source,.java,2219,73,True,121a5673bb454a520f978aa1be8498966fe2a51173366880d839c2342e77f546,4c4fe21888434c33191a8001461fda2196376ee7,False,False,False,False,False
botmaker/src/java/com/twitter/botmaker/function/collection/Distinct.java,botmaker,source,.java,1682,55,True,276436f9eec9922a116bd833f8d5ab09e745d85b691b5a4e9a394134a20a087c,c85c58da37dea2515d570d17a868fe4581ab52e7,False,False,False,False,False
botmaker/src/java/com/twitter/botmaker/function/collection/ElementAtIndex.java,botmaker,source,.java,1592,61,True,a155aa7a80cef77985f57be2f5d44940986fdcaa320620a5fd0ed1a84f485358,450d3768c81af47a6dc9dc5d38c592c60640f45e,False,False,False,False,False
botmaker/src/java/com/twitter/botmaker/function/collection/Filter.java,botmaker,source,.java,8101,218,True,808bc461824358375be883ce6205aa493631e0f738611c3e6c019feda08c7768,43d2de3990505bd2cae65a339803c0b7dc323eaf,False,False,False,False,False
botmaker/src/java/com/twitter/botmaker/function/collection/First.java,botmaker,source,.java,1425,51,True,4c6e12fc276d627bb6ee3f2189b147292b201627f4a83dcca2f0879c7bcdc081,5831dd25ad8dfbcb7e5fa5d4141d79439df0eca3,False,False,False,False,False
botmaker/src/java/com/twitter/botmaker/function/collection/FirstN.java,botmaker,source,.java,1651,59,True,7d885264c566679563c9d7b47e9d6de79429a04dc0c7e1a3bf03cb445534745b,a06e9d1404ed0d26e93111ecef45ab68ee946da4,False,False,False,False,False
botmaker/src/java/com/twitter/botmaker/function/collection/Flatten.java,botmaker,source,.java,1976,63,True,ec4f10c941a7097accbd5155347989ffcc45eca3f44bfdaf5b5a363bddff6a58,aa4216184fc1d5dbc89fce58186b4e05e9157dd8,False,False,False,False,False
botmaker/src/java/com/twitter/botmaker/function/collection/Fold.java,botmaker,source,.java,6575,190,True,df00f6c7d8b59d3d1c99a758cea5824d3762a40d8da35b89a902356438072a03,93529b363b58323fbc231ecc3bdba4ddfcdd933e,False,False,False,False,False
botmaker/src/java/com/twitter/botmaker/function/collection/ForEach.java,botmaker,source,.java,6853,183,True,54ad792e4787b2d89e92f140a933e75c28b733bfd4d556bdabc97aa0d1ef91b9,a2ca85d28cb6f685c7639ef146e666ebbe3a423f,False,False,False,False,False
botmaker/src/java/com/twitter/botmaker/function/collection/IndexAccessor.java,botmaker,source,.java,5087,160,True,c912cc4197c820aa6287e30efad1fdeb90f931032e898fd3ede54ce0ad643ece,c183db78218e50aca85ddc98938635e1412a3a0c,False,False,False,False,False
botmaker/src/java/com/twitter/botmaker/function/collection/IsCollection.java,botmaker,source,.java,1481,56,True,9a82845ddd61129413554957b0d2c8b46c84896f308b0ef9d9d137ec30cb9988,6f52d60884601359b7a177b8e636c73f2a366d77,False,False,False,False,False
botmaker/src/java/com/twitter/botmaker/function/collection/Last.java,botmaker,source,.java,1435,51,True,6e85fbcd2f6c1fb07c2bc32d01e1696778ad95d8a596c9e25878172aec35df42,3d979c7126642a0299eead5033c6c406962d6b3e,False,False,False,False,False
botmaker/src/java/com/twitter/botmaker/function/collection/LastN.java,botmaker,source,.java,1787,55,True,9e8af2f952c88ee51d0d53bc2e551f618f48c7cef0b82951f9b92431cae2683e,459b58ce62acffc77a007279287be7c012f32ddf,False,False,False,False,False
botmaker/src/java/com/twitter/botmaker/function/collection/ListAppend.java,botmaker,source,.java,1960,73,True,328c8d8010114c9989e180a6329b64f048b6efaa35dd6aa267a77c4088ebbb69,f4745adca4dba3218aff8624fdda8d3ef9dcbb3b,False,False,False,False,False
botmaker/src/java/com/twitter/botmaker/function/collection/ListConcat.java,botmaker,source,.java,1954,64,True,d6d0dd4cd3e50c58559197f0a2c1494ff263528e796f391f6bd5ac7515aeca0f,b5565cafa10e1324fbbc74e5dbdd92184461e065,False,False,False,False,False
botmaker/src/java/com/twitter/botmaker/function/collection/ListJoin.java,botmaker,source,.java,1913,69,True,c8100ea8dfeb3bb222dd47cfbefe2a980c47f731567e459c936e88af72a74d34,5464713e462635019c1b425da376821b568db773,False,False,False,False,False
botmaker/src/java/com/twitter/botmaker/function/collection/ListOperator.java,botmaker,source,.java,1561,57,True,d6f086549f2b6dbea8d38319a771ca4f03a1cd82dcdd25711958a865e860b3c7,bdd6b343142bfd8fd95a1795990c921bcdd4214e,False,False,False,False,False
botmaker/src/java/com/twitter/botmaker/function/collection/ListPrepend.java,botmaker,source,.java,1971,73,True,a17ad44897290edad681ee2d81954a5b398a5007c9a24d44f7d4595c091b1932,6620f33e1a2615cb27654dfd47d1995c038b967c,False,False,False,False,False
botmaker/src/java/com/twitter/botmaker/function/collection/MapContains.java,botmaker,source,.java,1759,63,True,a87b1c4c45c305570da5bb848775f89ef4df174f1bc41fc71404d7ff46db5582,eb1ce28d7b2b294dfc9de73cb8c8b591f1bd5565,False,False,False,False,False
botmaker/src/java/com/twitter/botmaker/function/collection/MapEntries.java,botmaker,source,.java,1951,62,True,d2eb1f4ed7295f7c03a08fd7489eac707322db3665d275c7fb58696b10ffdef0,12ab837f2b06cd3cc6b0ed13e509959f024e683f,False,False,False,False,False
botmaker/src/java/com/twitter/botmaker/function/collection/MapGet.java,botmaker,source,.java,2049,76,True,4c0a81db73a8588de791fa9605f2f07ae7924f7c189bb99ebc0e4eb7ae81fae1,9c0c1f95fdabebd07bbbec1524ae6e523cc16cbd,False,False,False,False,False
botmaker/src/java/com/twitter/botmaker/function/collection/MapKeys.java,botmaker,source,.java,1675,55,True,090e107cbe53a9ce502e6f448232408096ae179e14db3762250089c05d50aa0d,0bd1e5764c5bc54a1746c449bfc5cb9df7b89c37,False,False,False,False,False
botmaker/src/java/com/twitter/botmaker/function/collection/MapMerge.java,botmaker,source,.java,2088,70,True,4ba2a3f14a3dca70dbeae4767205e29f8cf35732eddd4a8389076121844a5b16,2943abb1ee0601ab72964fafb761f904faa08c04,False,False,False,False,False
botmaker/src/java/com/twitter/botmaker/function/collection/MapOperator.java,botmaker,source,.java,2103,72,True,3a30d5399fb1bc16fea4cf30eeeee390dc5844eb55730c6c9f00ad6f504d3e83,d4d9a5de5184d96154d1966fd4d0548ae9b2e1b2,False,False,False,False,False
botmaker/src/java/com/twitter/botmaker/function/collection/MapRemove.java,botmaker,source,.java,2221,78,True,e215f4478a1fa71c11143774c42c160d1b6e8f52a588609f77b4a338f3e1cec9,6066a51d3d68cbbb63494053b105a4158621ea15,False,False,False,False,False
botmaker/src/java/com/twitter/botmaker/function/collection/MapValues.java,botmaker,source,.java,1576,53,True,70f8bf04588a72f383c3694870fbd25400a7cc29dd9425048130fbc7d775912b,e1bd3b4644081d1099cdc49a5a23b2513ec95fa1,False,False,False,False,False
botmaker/src/java/com/twitter/botmaker/function/collection/PairFirst.java,botmaker,source,.java,1522,53,True,c416201a2f2a23b47f18c8ba00d070da789fc4c338d2f18a146c2b22ae261e58,ca61e281fc2e38842bb457e14d7cfbb911ca524f,False,False,False,False,False
botmaker/src/java/com/twitter/botmaker/function/collection/PairSecond.java,botmaker,source,.java,1562,54,True,975a44d0ee38787a86013ba74db0da1efabea158d5dbe91fdfdd33b48b74ea99,53868cc5aa524e3041e6ca0876abec0c5add4e9f,False,False,False,False,False
botmaker/src/java/com/twitter/botmaker/function/collection/Range.java,botmaker,source,.java,2033,83,True,13b5da0c75f4adba35b81dfab92ef7f3e0bcc6ffcdda93549643865ef7a338c7,b2607f4afe51f17ad13945455f71d0b4b59233f2,False,False,False,False,False
botmaker/src/java/com/twitter/botmaker/function/collection/SetDiff.java,botmaker,source,.java,1637,61,True,6f65a4c771364945f6d10e2b75499091e4d80be7a3f8c47f7a2b15c34cfa7659,0f7577fae123c0bddb765cec0f6d7af8e1cef83d,False,False,False,False,False
botmaker/src/java/com/twitter/botmaker/function/collection/SetIntersect.java,botmaker,source,.java,2173,70,True,78196d06d26287d1e20233cb0d09707ca87f82299bad670586973831c91045c5,7b896d9d10aca4d8604c1f127ba4507b0409ad57,False,False,False,False,False
botmaker/src/java/com/twitter/botmaker/function/collection/SetOperator.java,botmaker,source,.java,1561,57,True,e2c0b62540866dec04cfb89088445ee20ba89c86aa65f3144a091874a6165843,0333dda8cc77e2e35e9ba48bcc546f7b2fcfc984,False,False,False,False,False
botmaker/src/java/com/twitter/botmaker/function/collection/SetSymmetricDiff.java,botmaker,source,.java,1690,61,True,a5a72ac127c994808ce5331d17864b8a5034bb5acb85b586daf9c4aef095444f,28efdc19d8997f985d6125416d31071180078535,False,False,False,False,False
botmaker/src/java/com/twitter/botmaker/function/collection/SetUnion.java,botmaker,source,.java,1731,62,True,f69e6209621fbdc7ae4e348d49365791a3021d108ff816d40656c440addecf34,704b395839a33e373f84ee07d49bdfcc24dc104a,False,False,False,False,False
botmaker/src/java/com/twitter/botmaker/function/collection/Slice.java,botmaker,source,.java,3434,105,True,eeda87ed88b57b4f8e0c037a83d32f4cd3dd270b0bac25a44498aa9e8cb32138,1d6965aa56159ab21d34f5f8709b838d099195b5,False,False,False,False,False
botmaker/src/java/com/twitter/botmaker/function/collection/Sort.java,botmaker,source,.java,5888,171,True,d85586a0517b5cd14b645c3ad88f78d73536f81291c7f181c894228f3e186789,3cf9b2124c66b8c14fa930901063a386e9d92860,False,False,False,False,False
botmaker/src/java/com/twitter/botmaker/function/collection/ToStructTuple.java,botmaker,source,.java,2511,76,True,191121fa3679c619a1060f540f0c4577143eecb74e038d487a27b7fd0a49c068,ed88c0d28688b932f9347a2e0814c4257e13b8d1,False,False,False,False,False
botmaker/src/java/com/twitter/botmaker/function/collection/ToTuple.java,botmaker,source,.java,1496,53,True,5e30afb808af911788e49b40acb235b2b45547f3c7062bc5078e58a2fbe183ed,832c56de1f7329cfc0331cb92dab156b52ce48ee,False,False,False,False,False
botmaker/src/java/com/twitter/botmaker/function/conversion/Cast.java,botmaker,source,.java,5442,163,True,3e11cb7b050a9a6bce21db3e514f820627a42c15c87cff8839209ff32de5a98e,125ffb6f568f57695f41c84aa7aff4103c1b2b25,False,False,False,False,False
botmaker/src/java/com/twitter/botmaker/function/conversion/FromBase64.java,botmaker,source,.java,1497,53,True,4de9bcc6d249f337de5d4c8d8b6cd439d01ab6b411db9979768163e9319e690f,daa82224273cbef5ca3d28d049f6dab6e8f6d3c9,False,False,False,False,False
botmaker/src/java/com/twitter/botmaker/function/conversion/FromHex.java,botmaker,source,.java,1347,47,True,0f22c2c798ed0a40d1a74529d8d346e2e6189f7c14de7860a5495a6c42f8031d,8df26a770d31faa804a2672f25558e941584fd11,False,False,False,False,False
botmaker/src/java/com/twitter/botmaker/function/conversion/StringFromBase64.java,botmaker,source,.java,1376,49,True,d86cb95c210792ce49d47b51a4427804aad39f2bbd2334e8372c2b34b988425f,c96c3dbc9974e138a0fef83d7bc2917761710a90,False,False,False,False,False
botmaker/src/java/com/twitter/botmaker/function/conversion/StringToBase64.java,botmaker,source,.java,1381,49,True,e0103d160e9a966fbd8631761706abf09e30d3ee78a8530a305ccd8d45e21d99,6a50509f2c6ce950238ea8a2e32922d7b865a1fb,False,False,False,False,False
botmaker/src/java/com/twitter/botmaker/function/conversion/ThriftFromDict.java,botmaker,source,.java,2338,83,True,de1f0c93c68fe6679598a0b5d6d94d110baf069d3f2e5b7980e6d7a3e3f91b71,a6e2c4e7b5237907fc367aec697b493d4bee4ddd,False,False,False,False,False
botmaker/src/java/com/twitter/botmaker/function/conversion/ToBase64.java,botmaker,source,.java,1698,57,True,1052810fc197108a49465f50f604df6001f4c787fdbb299ae7a6573c56816739,54acf1335b62a5e87493bf9ec19c215bc2672358,False,False,False,False,False
botmaker/src/java/com/twitter/botmaker/function/conversion/ToBinary.java,botmaker,source,.java,1561,54,True,2250165725f82067abd3aa3bcd02994624ee227355ba39b74b037ca62eb0138e,2ed5930f6fd39b6236e6a845a60e6b025b5c4f94,False,False,False,False,False
botmaker/src/java/com/twitter/botmaker/function/conversion/ToDouble.java,botmaker,source,.java,1474,55,True,36b6a6c8760365ae36bfaa117ed49836d5306335e4dce11b8a7ff29e0407d3d8,9016e2e9257c6a876e4c08be1d3d91c343f0b6b6,False,False,False,False,False
botmaker/src/java/com/twitter/botmaker/function/conversion/ToHex.java,botmaker,source,.java,1498,50,True,40b9010d0b9e09c01d738b76d6523f667d3d6772e041bdc8db744afc097ba3c0,7393a0f4cd0d388179cffbfa8a3495b8067bd97d,False,False,False,False,False
botmaker/src/java/com/twitter/botmaker/function/conversion/ToList.java,botmaker,source,.java,1740,60,True,d88cec05189384086c05c230c9dd87b065580a47d73d8a3c9ae06ae05a742d9b,90d151ccbe5fa2e8cd488b30f5eb9c7258ab4199,False,False,False,False,False
botmaker/src/java/com/twitter/botmaker/function/conversion/ToLong.java,botmaker,source,.java,1456,55,True,b9c41d7842169266142a194d5e0acc89eaea43a835cd7b2ccd9303c9a6a0b9f6,bc6de1c6fa97bb6ac08a64da6e9db1fd775604c9,False,False,False,False,False
botmaker/src/java/com/twitter/botmaker/function/conversion/ToMap.java,botmaker,source,.java,2699,83,True,3ff9721ad9833f4fbc1bc989f500044a896339e500d17531481dec3646f85308,99e4e9a0528786f3fa0d5d0d094b65c4bd6cf2cd,False,False,False,False,False
botmaker/src/java/com/twitter/botmaker/function/conversion/ToPair.java,botmaker,source,.java,2832,95,True,15a51c8511b45d2b38f7624bbbd6a0815cb859e5abf89239fdc75e232a3819d4,78ad5596f715e29f60e7b59efd427e3c495d0dec,False,False,False,False,False
botmaker/src/java/com/twitter/botmaker/function/conversion/ToScript.java,botmaker,source,.java,1384,47,True,ab7b3290c1369d19ec63e921fcf5b483c3d24f0ba2a869a8a7ba96d7bb56e817,6ca8e88ef891a56fe2120519eb2bcbf652f43d65,False,False,False,False,False
botmaker/src/java/com/twitter/botmaker/function/conversion/ToSet.java,botmaker,source,.java,1823,60,True,7a8e0d6a1a01a598f8051ddfdc063afbc50bd0118ca0bd23e3e7ea1d56bf773a,3d93a00735f571200449729e1a91cf1d1e765a43,False,False,False,False,False
botmaker/src/java/com/twitter/botmaker/function/conversion/ToString.java,botmaker,source,.java,1312,47,True,cdb61069270bd49bd33c9b20ff274d115551c7b06f8fe61f60df620a186ec112,e871fdfb930e3f607efe153400e90e8fbdf7f70b,False,False,False,False,False
botmaker/src/java/com/twitter/botmaker/function/conversion/ToThrift.java,botmaker,source,.java,2195,78,True,b546286d68608fb1a1651490d8dfd213ed37247f6c0ddf09a0f65b7ab8e77d52,d344850e4ba36bb58b42343673da1e93f4f6cf5b,False,False,False,False,False
botmaker/src/java/com/twitter/botmaker/function/datetime/CurrentTimeMs.java,botmaker,source,.java,1305,48,True,85860ee551ab21fb81a1e1fde2ed861cc2375ac618240dac08b22b282b10201c,40e0ed98089e81e0f78da6ee9ce6abd2d5f357c8,False,False,False,False,False
botmaker/src/java/com/twitter/botmaker/function/datetime/StringToTimeMs.java,botmaker,source,.java,2590,84,True,a0d74fbc1158b14e719cda12aebe8bb4d9f4b598653770e8d8f25e8352f521f8,0959a638c41f1e8605b1d2d288e6878388743ebf,False,False,False,False,False
botmaker/src/java/com/twitter/botmaker/function/datetime/TimeMsToString.java,botmaker,source,.java,2604,87,True,2dbcdce1ee5b8777ebf05dfb5161cc4f46be98cf562154cc66fa301621278a19,b3d369a21a5dc9a6b7cf4baab039928ec1e905f7,False,False,False,False,False
botmaker/src/java/com/twitter/botmaker/function/exception/Assert.java,botmaker,source,.java,1939,70,True,19af8ef8c600d72f66ee3a53e114b6402f542cc81b22131680c7adaa20981839,82a742d344c699d40d261494d7f4b40d7294dee7,False,False,False,False,False
botmaker/src/java/com/twitter/botmaker/function/exception/Try.java,botmaker,source,.java,4146,128,True,c42519774ef8c3688771407780e05d87873625106e8c80cbff281c03bfbbe844,5fe73e504a3ad4e58e3b9e2035a58f31833b083b,False,False,False,False,False
botmaker/src/java/com/twitter/botmaker/function/exception/TryOrElse.java,botmaker,source,.java,3105,107,True,41814e51deea5f7711a9404442b7230d98c7c0f06b202c94cdc425bb9dc3a1d8,a4684f0fbaf570f5b78b8f2dcff73c4ff151e35c,False,False,False,False,False
botmaker/src/java/com/twitter/botmaker/function/exception/TryWithStack.java,botmaker,source,.java,4903,139,True,eb8cb54663150f2d07aee3cae5c48cc7ee46539295b8fd98f8cb9ee4a8cc485c,4215cb5da0bf98d6327ecce8b57d3fe7e29bf775,False,False,False,False,False
botmaker/src/java/com/twitter/botmaker/function/feature/Exists.java,botmaker,source,.java,1864,64,True,7c3ad872c6fba9f92dca72610addcc040644d5bad2b96312cb5b159aa546e094,2ceac4f6e5c525d3f9ea13f4e23e6943e7b9fb00,False,False,False,False,False
botmaker/src/java/com/twitter/botmaker/function/feature/GetOrElse.java,botmaker,source,.java,2873,96,True,4be079baa57feffa5649c866db430e78a904caf08b281e6ab84fa8ac05af7c51,e385c77c0c2d05226e168b309ef5a2a59ee2abe6,False,False,False,False,False
botmaker/src/java/com/twitter/botmaker/function/feature/InputFeature.java,botmaker,source,.java,2038,61,True,7547eaa7b5b2e6ee9074302d0a10fca1585844aafd8b82cf42d39e242be780aa,673f6dcbe7cf6e3170a660f4db76ef89d13dc992,False,False,False,False,False
botmaker/src/java/com/twitter/botmaker/function/feature/OutputFeature.java,botmaker,source,.java,1684,61,True,39e9b739b55cce6d5505345fd17f97c41eed55ddd81964e7efc429d9ae902584,c626ea85011806003b941b5a6011fbe2db11a01a,False,False,False,False,False
botmaker/src/java/com/twitter/botmaker/function/logic/BatchedOr.java,botmaker,source,.java,5121,149,True,7ecc77fe2b5304a70c04de15b77050116692ea2bf1c6aa08303d432fc626bc57,b64905ed42a4526cee0ac387c4691341bd2c4cd5,False,False,False,False,False
botmaker/src/java/com/twitter/botmaker/function/logic/Conjunction.java,botmaker,source,.java,5022,158,True,22c1d0327357921cad892620d0182f807b5b08f827d7866fe14b1155eda14919,ca6b08f7b60ebacc42ff6cf5bcb404008f5ef3aa,False,False,False,False,False
botmaker/src/java/com/twitter/botmaker/function/logic/Disjunction.java,botmaker,source,.java,5009,160,True,45d6a01bf25027a5637072f8a0f31f760ab4a6e7c60b4d0c5b1aae61efe73348,36ded48da285b1416285d1f16dbb2fddbc780c09,False,False,False,False,False
botmaker/src/java/com/twitter/botmaker/function/logic/Equals.java,botmaker,source,.java,1391,48,True,df3681a1db5fcb4dfe8c1e0b0412fb3b87aba2f532b5675129eae533ddce79e4,944f8f42f8555fb613693695aaeff05d578ec2e5,False,False,False,False,False
botmaker/src/java/com/twitter/botmaker/function/logic/GreaterThan.java,botmaker,source,.java,1520,54,True,28e8255e18d591612c2f5f2884f3fe456b6752ec69155e3bccbb17e6c2140573,99b234b7e9172954f86c4a3f73ac5ba0287619d3,False,False,False,False,False
botmaker/src/java/com/twitter/botmaker/function/logic/GreaterThanOrEquals.java,botmaker,source,.java,1539,54,True,844a62242837f8b2c1b8ce0863e2799bdc9f5ae61c9725cc2f02ac0668f7f9c3,19844f4f2ba3f76a080a14cc85d2e3389f5f3daf,False,False,False,False,False
botmaker/src/java/com/twitter/botmaker/function/logic/LessThan.java,botmaker,source,.java,1514,54,True,597c8f33f61de7f019c02f4eb4b804c3206be2fdb9c6834bdc11f060ab26b5a4,28e19ccc5ce6ede6b5490fb102fc4e93f9f2b111,False,False,False,False,False
botmaker/src/java/com/twitter/botmaker/function/logic/LessThanOrEquals.java,botmaker,source,.java,1533,54,True,979ed9df9e6c0f9df8e0e26d0663d6a96c9eee3deb1e49c5fa2bc365e6079626,84c7a9b26c3a0588f23fd34884d8745a21cd9346,False,False,False,False,False
botmaker/src/java/com/twitter/botmaker/function/logic/NotEquals.java,botmaker,source,.java,1745,63,True,2e89fb1f78f1a975c895497efa297c7c84f40d17c5caab5c2593c9838426aad4,b80e1a8d00081314c2659dd658b9af77d88accbc,False,False,False,False,False
botmaker/src/java/com/twitter/botmaker/function/math/Abs.java,botmaker,source,.java,1548,55,True,f745a4fed21ecaaf88c65ac52dd9c7526d52784bbfb12c25fa824a3b5ca76012,b6480d46f65b97d3c9397027b948783695cdaae1,False,False,False,False,False
botmaker/src/java/com/twitter/botmaker/function/math/ArithmeticOperation.java,botmaker,source,.java,7204,194,True,7cd0749174a709c6e6b692f5a6a4465ca91f64da641263de4370181cca032f50,295b6e5e2f502e64e9aaa83793c08bfee66f3202,False,False,False,False,False
botmaker/src/java/com/twitter/botmaker/function/math/Ceil.java,botmaker,source,.java,1340,48,True,1a77564167d18829bd1eee9ac9fab893a054ff8c7e7a11384985e73ad3d18925,37d18e353d4848755e3cda4c33bd6818c732b018,False,False,False,False,False
botmaker/src/java/com/twitter/botmaker/function/math/Exp.java,botmaker,source,.java,1343,49,True,ef4d5dee1cc8ba7fb6025cb543c487cdc6703b736ba451022abf3acdb77ac043,a1ddba3a702bf71cde5854dd5c63b65808d9483e,False,False,False,False,False
botmaker/src/java/com/twitter/botmaker/function/math/Floor.java,botmaker,source,.java,1347,49,True,2eb601d1d276ae9c2976b36bb4f3ed75922a14a60d804b33bfbb45a7d9170a64,515539d8b896a2215b1cdffc34b43de4e6961f7e,False,False,False,False,False
botmaker/src/java/com/twitter/botmaker/function/math/Ln.java,botmaker,source,.java,1426,49,True,8cfb7d4914a808c23d49dd57ca8c64b5a7cbff55641896b65ef15410e9bc0e9c,fad70be9e5c5392186d84609d16444ddd9b973f6,False,False,False,False,False
botmaker/src/java/com/twitter/botmaker/function/math/Max.java,botmaker,source,.java,1710,62,True,5edc071efcaa87716428dea1416b15db064d209721576394b933544f681b217c,57dd6c914e9f32025a0fe707654fb291505751d8,False,False,False,False,False
botmaker/src/java/com/twitter/botmaker/function/math/Min.java,botmaker,source,.java,1713,62,True,3824d6801d970bf57705dee2686197369f0b807bc725e750b0e2d48952dbc0d3,9a126403921ea8da57e1137e6e195d036f481077,False,False,False,False,False
botmaker/src/java/com/twitter/botmaker/function/math/Mod.java,botmaker,source,.java,1410,58,True,a3580be8e75b2c5a4028ffe038826e9960cd433f43f34b4bdb5230164fcc0c32,f87c85eba36ca08308a227bf0e433ff081548ec3,False,False,False,False,False
botmaker/src/java/com/twitter/botmaker/function/math/Negate.java,botmaker,source,.java,1358,54,True,b0773a10af4b78c263d9734c337bf6344047aad2c702ba48c0fa4b4104e47bd7,7ef54ba2827d6ebe4700a16d3cb3802c0b798e26,False,False,False,False,False
botmaker/src/java/com/twitter/botmaker/function/math/Pow.java,botmaker,source,.java,1566,59,True,40473926ccf94ef98b8df690b32dd072632621379ef5e1ae17fdca378911d7d1,20676d0e8c5bb0f81ae40ae651345c8945874ceb,False,False,False,False,False
botmaker/src/java/com/twitter/botmaker/function/math/Random.java,botmaker,source,.java,1262,46,True,99ae046bde01b7b41cd6e2ce808ab0673541f31187a3940decc82f42ab33ba77,9fdfc2126b14ab34cc9f7b0c1da631299f819c5b,False,False,False,False,False
botmaker/src/java/com/twitter/botmaker/function/math/Round.java,botmaker,source,.java,1358,50,True,48b9b3514119fa5de7ccec2b6d814c9d8c4f675475f1d2e47a1b083e04a04a85,acf198cead04477c000fa38d280af85b34e0830a,False,False,False,False,False
botmaker/src/java/com/twitter/botmaker/function/math/Sqrt.java,botmaker,source,.java,1628,57,True,16945836ed2c6c91271294e94664d06801c293a20d3fbf2d5ff978b0b05d30a4,16803d02a7c46148bb83e236a4f0e40c8c155a72,False,False,False,False,False
botmaker/src/java/com/twitter/botmaker/function/misc/DebugOutput.java,botmaker,source,.java,1673,60,True,11b4f3d85ae8ce701b1fb89e218566e243cfd1321ed68aa28cdd32afecebab3a,f95e3a656e6e2f73f91042d8cde03fe672cdff4d,False,False,False,False,False
botmaker/src/java/com/twitter/botmaker/function/misc/FarmFingerprintAsLong.java,botmaker,source,.java,1535,49,True,253a3bb77a86ab743175789fa6a5c8c3bb650549c49ea0ccefcdcbabda910069,073b4f781f84043864a139070f2baa494d285a34,False,False,False,False,False
botmaker/src/java/com/twitter/botmaker/function/misc/GetMurmur3Hashes.java,botmaker,source,.java,1813,56,True,def0d25acdf7c316961beb8487fe1488fa1d833289f80480b6315ad42571a7ef,a40732311156f4ba0bd1ca3ea36dcc93fb6ae19c,False,False,False,False,False
botmaker/src/java/com/twitter/botmaker/function/misc/GetStackTrace.java,botmaker,source,.java,1414,49,True,e07e3c51b5e316972464ec4177182d988d29ce04832cd2dcaf08f94ba1a63d70,7c28de5c55fc50ba5ba4b72058d9d732a172eadb,False,False,False,False,False
botmaker/src/java/com/twitter/botmaker/function/misc/InstanceOf.java,botmaker,source,.java,1719,53,True,83e4c2be8475f3ac1e7cc55cb309eddefd2f44fa981610d0d0f2ec7918008288,60df60c68638007f03e5b0227d90156e06246a57,False,False,False,False,False
botmaker/src/java/com/twitter/botmaker/function/misc/Nop.java,botmaker,source,.java,1197,47,True,6b233b6e3bea8fb09f1c4c33ccc7e681790a51931c4445cb0ddf91495c1b7475,5281bc8c9368105c02bfc6c220631b5e20311a6a,False,False,False,False,False
botmaker/src/java/com/twitter/botmaker/function/misc/Print.java,botmaker,source,.java,1510,54,True,3d6ea692145a51a7f27f7c9e4e412d38a5380ca985ef027222eb38a3c58375e6,b58bd80c6b1d3200f9d05228f8533c8e4632a302,False,False,False,False,False
botmaker/src/java/com/twitter/botmaker/function/misc/SHA256.java,botmaker,source,.java,1560,51,True,74fd916885d1b9c2fbeb596dc6225ffdfaf3891dcb5613f63f5bba36f6b064e6,21fd99ce9f082890aab3f7e77cc33dc9e060d857,False,False,False,False,False
botmaker/src/java/com/twitter/botmaker/function/misc/TestRun.java,botmaker,source,.java,2515,89,True,5b07c175ee897a41c3dcb5868569f8ce615c98074a6fa1bf95fb5e2ca32003ad,ad144abce43d160f927f34e5218b72b307bbd7e5,False,False,False,False,False
botmaker/src/java/com/twitter/botmaker/function/misc/TypeName.java,botmaker,source,.java,1448,54,True,dbf9e89a9a4ecbbdb276e637db651e1f9037db2ccbb00e97d05c7122decc290d,16136e79001cbc07e51c2cdf7af6a48e00b98288,False,False,False,False,False
botmaker/src/java/com/twitter/botmaker/function/misc/UUID.java,botmaker,source,.java,1259,47,True,3f3d0ef73d68e764cc6596fd9c5e8a5148fb2817ade44051523414ad0134f96d,92ebac46083bf1de9c91276d9796a3cf43724123,False,False,False,False,False
botmaker/src/java/com/twitter/botmaker/function/string/Chr.java,botmaker,source,.java,1380,47,True,03a714240f34a7afd58f1080bda7a1d6e6927c540bc5c4d04e8865193eb61985,315e0672fe8e643d328e23689b14e0065ce86662,False,False,False,False,False
botmaker/src/java/com/twitter/botmaker/function/string/Concat.java,botmaker,source,.java,1598,56,True,b126b7f178fba267126e1a5050c7035fe1ea5cb2c781e0745918b3b6458d953d,3028a98b530ac52913821a9c0b2e2fc1fc3eb351,False,False,False,False,False
botmaker/src/java/com/twitter/botmaker/function/string/CosineDist.java,botmaker,source,.java,2215,63,True,8c37614a988d3711d4c91702b1a0a2e97adde88522155603f7796f2f392ad233,207009b720674db0725fd95b54533afedd4d4ae4,False,False,False,False,False
botmaker/src/java/com/twitter/botmaker/function/string/EndsWith.java,botmaker,source,.java,1484,54,True,8691d2aae53306db38a75c4357558ee3756ef1b963e79a62edc6885c2cabfc40,297e8cedb812dc2dbc49d42b9138d5542dfb7a2a,False,False,False,False,False
botmaker/src/java/com/twitter/botmaker/function/string/HammingDist.java,botmaker,source,.java,2246,70,True,0cb7473ae063ca09d776dfd7565b97795e645f2aea08ac65b109d75766f02325,46b195a82bf09aac00121d025357ae0528b180dd,False,False,False,False,False
botmaker/src/java/com/twitter/botmaker/function/string/IndexOf.java,botmaker,source,.java,1888,71,True,ab76b88dab1866fef4f26d122571bd9e1bf11f75e38b23a1c8bb101ee88d01ba,775e509ebc6a2afc2407f60ed2b394b5c8412fe8,False,False,False,False,False
botmaker/src/java/com/twitter/botmaker/function/string/Join.java,botmaker,source,.java,1644,60,True,09f6fc646cd5de5b9bbc5c46a46b87be9f8b520d29fea52da2ee366f69f8984a,6970e7c467019d3569ef5c1ea66c279ecbc72ab9,False,False,False,False,False
botmaker/src/java/com/twitter/botmaker/function/string/LastIndexOf.java,botmaker,source,.java,1903,71,True,c86d0492f00eccd80be2295f9861902586c485d2dc111cd0d598a391e3cab4b6,f7c2dbcf18462073fc63c43d54f43c9dbc7b56ae,False,False,False,False,False
botmaker/src/java/com/twitter/botmaker/function/string/Quotes.java,botmaker,source,.java,1384,51,True,4802d3dcf17754c99d1ded832a5c81c66d0a5e284488a877cca2b6921531a660,b3bd460e4aa92f17faf622ffd08bb7422a8571d9,False,False,False,False,False
botmaker/src/java/com/twitter/botmaker/function/string/RegexExtract.java,botmaker,source,.java,2018,70,True,78b3559c1fa0fd1c73cd3debc01b03225370467fe02121c0c5094b7f669a2518,0ad71ab24cb04209c0a38e41f2a9147d8fa9cd84,False,False,False,False,False
botmaker/src/java/com/twitter/botmaker/function/string/RegexMatch.java,botmaker,source,.java,1299,47,True,a0df3eb0108f39858ca75bd95db06206003aa9fb5a4b05b11029dfb737b11f1f,19909eef1b05dc1b3ac5988b4d70e46e134cf7df,False,False,False,False,False
botmaker/src/java/com/twitter/botmaker/function/string/Replace.java,botmaker,source,.java,1905,70,True,f9706b93a8f068019460a0cc909786ef2aecb889a3004441f3e8e7835e53a8b5,70f806748a4c228781700056a29fd7fb9329508b,False,False,False,False,False
botmaker/src/java/com/twitter/botmaker/function/string/SplitString.java,botmaker,source,.java,1790,66,True,63c6133d864cee1fe39cabb6b688fd6ccb959f6b7045546a05e1219649743216,8cbee6e06720e1936047a7fdadfe0eaff5191ef7,False,False,False,False,False
botmaker/src/java/com/twitter/botmaker/function/string/StartsWith.java,botmaker,source,.java,1860,65,True,172119b08b452218a102502ef6b520714d942f9b1d35f8d0c65898e3d8aa8286,c251744621c7d01118d8ce51f62f43959b47f6c5,False,False,False,False,False
botmaker/src/java/com/twitter/botmaker/function/string/StrLen.java,botmaker,source,.java,1370,51,True,feb63aeab2a79a0cc5ce8de850774d6722d06cf99937fe3e27946b9205ae6752,3c9d08f45135f3ca21edb7b257a30f63a5983332,False,False,False,False,False
botmaker/src/java/com/twitter/botmaker/function/string/StringFormat.java,botmaker,source,.java,1658,55,True,aeb791f2f3c8e0c59ef3ecb4b091a51ab65a5ebb8857851bbef50b724200c14e,f78dd464a86adc7eda19cf79214ce44ee34a54ae,False,False,False,False,False
botmaker/src/java/com/twitter/botmaker/function/string/ToLower.java,botmaker,source,.java,1361,49,True,1925b2345b31eb3cb0964f08d69eeb1155e58af799d14cab72b2ed77f25331cc,471dcc7e184ea12ca4675fff4952dccf3c53aec0,False,False,False,False,False
botmaker/src/java/com/twitter/botmaker/function/string/ToUpper.java,botmaker,source,.java,1363,50,True,4a0c07d9e208848daec6e3012052b44e6fa0531b5e8b0b01cd3bbc0b538ea6ad,9b9558bd614f1e5a9a2498cbe2ac12b80fd71893,False,False,False,False,False
botmaker/src/java/com/twitter/botmaker/function/string/Trim.java,botmaker,source,.java,1426,52,True,512b5a8d60248ec64e9feaafc9e31005cd79ba3822d7b8d34b25153bbd855a0f,aa68ada587b92dbba604257e7986b84defb94899,False,False,False,False,False
botmaker/src/java/com/twitter/botmaker/function/thrift/FieldAccessor.java,botmaker,source,.java,4121,123,True,4caf6dd1542af64eb2b25038c7d4bdc4677e6e49ee56ddde7f67f80bd8f862a4,c67bf905f9b09140abc5f1423ef76195a40bb051,False,False,False,True,False
botmaker/src/java/com/twitter/botmaker/function/thrift/ThriftOperator.java,botmaker,source,.java,4428,140,True,6f4552d84526c3eb4105c45db3a4122b7f1967dfad0647d5bc8ef2ce76c76896,5a7009845be50a15089170d62dbff4aa92cb46d3,False,False,False,True,False
botmaker/src/java/com/twitter/botmaker/function/thrift/ThriftStructOperator.java,botmaker,source,.java,4491,139,True,c72e5c0b30e45d6418988ec4ee41f1037bbf7425d1a7f5e8294ab77ce02a9a23,18a9fc2df8a77ee610863de450f046dffe84d3f5,False,False,False,True,False
botmaker/src/java/com/twitter/botmaker/runtime/Runtime.java,botmaker,source,.java,69,5,True,4cea088605d3d7668e7b050abe5bfe15fbb24f734061dbc4b1c27cd3b53969b6,6c01dc2771b06d358617a24f672125a5eb85c259,False,False,False,False,False
botmaker/src/java/com/twitter/botmaker/util/TriConsumer.java,botmaker,source,.java,415,18,True,ba99f37168ea5195288e92258c763d14741403eb5cd69f12bca89858ec846918,0ea5bfa9d4b4fecf52b2c6555dae27da46e242dc,False,False,False,False,False
botmaker/src/scala/com/twitter/botmaker/BUILD,botmaker,config_or_build,[no extension],1030,23,True,b55154b6d46ac959201756688e4e6fa13e390f7d4b57f8ae95f2647c9913f8be,cd9ddc763ab69127939e52484e1b5d5ae14d006f,False,False,True,False,False
botmaker/src/scala/com/twitter/botmaker/CONFIG.ini,botmaker,config_or_build,.ini,21,3,True,fbd76ab6d0209661e01a944b782ce4cb536365528061cda3d4094cd4e22265f3,8157003e7e39c0f35e0e349d870fa25ace52f321,False,False,True,False,False
botmaker/src/scala/com/twitter/botmaker/FunctionUnit.scala,botmaker,source,.scala,13470,403,True,403ff5e6b5970335b0d6d4a82ed12396968d7f7727b30351e6426928efdac5fd,915fbbddbf26bea279bd640b19d5e7cd36a7bf8a,False,False,False,False,False
botmaker/src/scala/com/twitter/botmaker/FunctionUnitGen.scala,botmaker,source,.scala,554425,12644,True,34faf107073ba3b36f6857ebaf071ceb4c36ebd996e0980bff4556850c70f08a,0811dd924516c812f1ee94f4b819679ef03b71fb,False,False,False,False,False
botmaker/src/scala/com/twitter/botmaker/common/AsyncRateLimiter.scala,botmaker,source,.scala,3535,131,True,6a1020b55fb67ffee50a0a4cb0e1081d0cff42207a014fc4f2f0a0335846b572,4e4da6fe134c96984ca3c97e6ea6054850e73afa,False,False,False,False,False
botmaker/src/scala/com/twitter/botmaker/common/BatchDispatcher.scala,botmaker,source,.scala,3553,133,True,3995a4cb7d3b1af831356f5862b1599c5c5e1fd5f448710230694fe4b11ddc14,4bb3b06e19bb2e5ca49f5056a9e1621afecf7d89,False,False,False,False,False
botmaker/src/scala/com/twitter/botmaker/common/FeatureDataConverter.scala,botmaker,source,.scala,23313,568,True,c5da923f236ddf5c7fd3e1610cedbd6d47aa8fe5ba18391efd1b41a7590899f5,7cbcf62de1b5a1198ec7076c3a8e0c3014e6fb9a,False,False,False,False,False
botmaker/src/scala/com/twitter/botmaker/common/RatelimitedLogger.scala,botmaker,source,.scala,3421,115,True,adad2dc6ea8b56e5bb4c0021457ec118823bdf8c79764f6efc2c976130b038b0,f5d1b2479693d38c7b0a2a910bb5d294011f9cfc,False,False,False,False,False
botmaker/src/scala/com/twitter/botmaker/common/TypedFeatureDataInjection.scala,botmaker,source,.scala,15406,452,True,47ea398a5795da9b13d88ea4eb8a133ed2cf157fad466e7ab6dbbf484b4869db,0b7207c64bf198ff31e4c61b586f586bebb6f8d6,False,False,False,False,False
botmaker/src/scala/com/twitter/botmaker/common/Using.scala,botmaker,source,.scala,4123,160,True,00daadb7db5a4e82ffab2022b0ff9bbf144814c19f243454780a732793f8084c,6d09379801661b1b4c68c9187951c79a9f4961e7,False,False,False,False,False
botmaker/src/scala/com/twitter/botmaker/compiler/types/ScalaType.scala,botmaker,source,.scala,9634,251,True,4ed928240a9d85ae6175c51b00f58feaea172a96ec4ae4f89b0414227d8d7c90,2aa1dd5aec1ecc728b2b6f8f6f9b044fb028d2ba,False,False,False,False,False
botmaker/src/scala/com/twitter/botmaker/loader/Loader.scala,botmaker,source,.scala,2077,70,True,b22df0c7077357aa7c56e0cbf37853b36470af3f62717f0b7c195caa952313b4,cf98b7bdfaabd9183b16d5ce1e1f5b103d7c3ca1,False,False,False,False,False
botmaker/src/scala/com/twitter/botmaker/loader/Scheduler.scala,botmaker,source,.scala,4110,141,True,5b322027628b8f6ad28ba2d7f17f3edfd81ccdbdc6c163658a5a4751a36c387b,d8fc5835506c607220971858f0f2d4a3faec2d82,False,False,False,False,False
botmaker/src/scala/com/twitter/botmaker/rule/ActionRateLimiter.scala,botmaker,source,.scala,886,32,True,2c6f181d569eef8311c28d0853851a4c2ac8f2bac08ae0f650c03dfd8751795d,5fc514297c8570f0f24cecf2ae946d2df4f16ed3,False,False,False,False,False
botmaker/src/scala/com/twitter/botmaker/rule/BotMaker.scala,botmaker,source,.scala,36991,1072,True,d4060455756e3bcb4eadb13e99a9a2ee9aa4ac39c9a07fa792621bb1deac9e86,aff8c40a6ada9875ad9c4bdc6fe759dacf4aaa05,False,False,False,False,False
botmaker/src/scala/com/twitter/botmaker/rule/ConfigContainer.scala,botmaker,source,.scala,7382,206,True,0cea0b53f749c42312889568fdcc5ae55c5494a784afc2ce63fa80e9756b8566,1b672c765ffec113774ebbfa517f8ed1b2772f97,False,False,False,False,False
botmaker/src/scala/com/twitter/botmaker/rule/DerivedFeatureContainer.scala,botmaker,source,.scala,3994,116,True,556c48f6712c5ed3129dac664af4014f42e58ca97059acb033ee69b331058f9a,7be9e2584533171338971bd22218808234d0fcb4,False,False,False,False,False
botmaker/src/scala/com/twitter/botmaker/rule/EventContext.scala,botmaker,source,.scala,4360,146,True,23d3302a98430883245b8be683d2c3362bc08884f428a3aae5b499a3818f103d,dfcd16256a7377b0b3101e7bcce0b3e2ba6c16fa,False,False,False,False,False
botmaker/src/scala/com/twitter/botmaker/rule/EventEvaluator.scala,botmaker,source,.scala,951,32,True,fa9546ced254d10eb3776ba95c424b5cb809140fe90af48866b7baccb012ba60,3219890ac86e20e703e0aa2c9ba4af9241900df1,False,False,False,False,False
botmaker/src/scala/com/twitter/botmaker/rule/EventOutput.scala,botmaker,source,.scala,14201,462,True,6340758fe32853ce07d6797df0a018b1dcb1a37fe6f32379cd42430f8f48d19f,57e36596c8886c92cd244f0aa8e13c61c3f39951,False,False,False,False,False
botmaker/src/scala/com/twitter/botmaker/rule/EventProcessor.scala,botmaker,source,.scala,434,18,True,169c0a481d2357b9f054a5907e9013e9bc4234ba76b87eda9b1fbac9a6e5fbcd,ce9347d6ee6a99d1d0a6f94c42adccb4d8af89b6,False,False,False,False,False
botmaker/src/scala/com/twitter/botmaker/rule/ExceptionCategory.scala,botmaker,source,.scala,222,9,True,0163027e631cac56ca4d1a8cff2762123eab4444c45a2c7ec527995146b169a7,8014ca7a6e8efbd594e89fee5f1cb17f9333a6d3,False,False,False,False,False
botmaker/src/scala/com/twitter/botmaker/rule/ExprCache.scala,botmaker,source,.scala,3240,107,True,c2626e3b9b191d9de37e51b1162286a8ca6161735e79716b2d677ceeacb725d8,d9fa7a1b7d902672d1827aefd4648c9896f08abf,False,False,False,False,False
botmaker/src/scala/com/twitter/botmaker/rule/ExtractorVisitorUnit.scala,botmaker,source,.scala,309,11,True,9ad99aeec76345e32bbb117fa5fc9f508b6feb0498586cd55abf9dbd67b53ff1,052621d54b9d305594bedcfd6cc5c2ebb97f2e97,False,False,False,False,False
botmaker/src/scala/com/twitter/botmaker/rule/FailureCollector.scala,botmaker,source,.scala,454,23,True,ba2181ac0807311afbb1c0e93bcc780080652c1386507fa8b35d48b0dc59a5a2,c83c9f6471e564562e4c7ddaf014857e0bfed2cd,False,False,False,False,False
botmaker/src/scala/com/twitter/botmaker/rule/InputProvider.scala,botmaker,source,.scala,3088,96,True,8c88f03b89224315d97f50a7af532aa21fde156ef766693cd420fe1d17c3ca69,1ce94efe128c1d1dc24adb8fb0db5e760da2778e,False,False,False,False,False
botmaker/src/scala/com/twitter/botmaker/rule/OutputCollector.scala,botmaker,source,.scala,511,27,True,9eea4a93ca0cf78bc6af4cd2dab324da765c69d661c2353470be4687a02e3f90,ca3020c3d8fc76f8621c77a1908c07431cdc3a2f,False,False,False,False,False
botmaker/src/scala/com/twitter/botmaker/rule/Package.scala,botmaker,source,.scala,602,26,True,f4d19025a6ccaae4dd4b20c01e48a6cbd46c149189c8c02f6a5342eadcff8cd8,65453099c4ef4bbdb3086eecbaa8b17b2a482f97,False,False,False,False,False
botmaker/src/scala/com/twitter/botmaker/rule/ProfilingCollector.scala,botmaker,source,.scala,506,24,True,103bfbe8df0ca845adad6b904d66d9b64a84bb1ce2e46d8d774790a58eb964c9,b037f6212da26f019ed34ee50a403386417bd03f,False,False,False,False,False
botmaker/src/scala/com/twitter/botmaker/rule/RuleAst.scala,botmaker,source,.scala,14593,411,True,17e6457cab2db55f7c736a09f55d986527d9fc53fccb7d92cdca196e23cd7827,a1033a170f5cd761926387475b8ec633f6443418,False,False,False,False,False
botmaker/src/scala/com/twitter/botmaker/rule/RuleAstExtractorForAnalysis.scala,botmaker,source,.scala,3274,91,True,c90cd045f7cbe1d60a090254284bbe6f1c9a06c75f7f18c63a30e26db5df8f71,98edf3df561d186d74c39b61cf1a99583879e051,False,False,False,False,False
botmaker/src/scala/com/twitter/botmaker/rule/RuleContainer.scala,botmaker,source,.scala,12754,349,True,551a3e646e4954f048ed67463ec5af264ddb8649a9f9c8cbf3d24beb85fc6996,10d73f6bd5977bad4bba56f13b6b5c494e0eac63,False,False,False,False,False
botmaker/src/scala/com/twitter/botmaker/rule/RuleContext.scala,botmaker,source,.scala,5055,160,True,cde4fef86efc8c56ac91aed4bf645174ee18a891d35be17baaec196ea7190821,7a916032cc354d9b7a658a5139cba445ac1bbae8,False,False,False,False,False
botmaker/src/scala/com/twitter/botmaker/rule/RuleEvaluator.scala,botmaker,source,.scala,9400,299,True,2064d0f9908b8cc43b6f8e7789e68356450b31b5ddfae9358583d7b5dc1dde68,8f259c0c90aa3a3a8853d52c0b9841d271cf4a3c,False,False,False,False,False
botmaker/src/scala/com/twitter/botmaker/rule/RuleResult.scala,botmaker,source,.scala,218,7,True,b5315449fbd07cfb026e24320f44a44b08c0fe02ba5281dbb5153811cb137cc3,af298a8dffe10fcc5db6384c05568f541d6f1fd2,False,False,False,False,False
botmaker/src/scala/com/twitter/botmaker/rule/StatCollector.scala,botmaker,source,.scala,426,23,True,0a9c226234f27e7173f993ac5809bfbffc5005462e049da0a2b04973103ce59f,e371c78846f88a3ff74a9d9f6c7902792b98cde7,False,False,False,False,False
botmaker/src/scala/com/twitter/botmaker/rule/config/SystemConfigs.scala,botmaker,config_or_build,.scala,4108,133,True,15afe3bb88ba975cca2e49f1f4e371efc0d55ba1606ca2a4cd4941d662fe2805,b99d136e390a51a003fbba4e061ffc4ae50b2123,False,False,True,False,False
botmaker/src/scala/com/twitter/botmaker/rule/function/CacheGet.scala,botmaker,source,.scala,3524,90,True,3b95f4f633d6bf72c5c4e61a5a9de402a2b5cbac13d2d6fcff721472c2eca2b0,93a0871fecab7680e522807ef67a220726f67773,False,False,False,False,False
botmaker/src/scala/com/twitter/botmaker/rule/function/CacheSet.scala,botmaker,source,.scala,2386,56,True,49079bd97e43ff365d59e68470f94b6c94bcda06f5b9288ccb89499e812c221c,e3c846a758d87d6fc2c0bcba4c734da4bb130e7e,False,False,False,False,False
botmaker/src/scala/com/twitter/botmaker/rule/function/FeatureDataMapToInputFeatures.scala,botmaker,source,.scala,1246,31,True,948a8d4d1f19a9e76dbc925016e78d9a8872dd17a4ecced40a3fbe51c2492ca5,d83424f2510a19ea918abddd478bc985458164c5,False,False,False,False,False
botmaker/src/scala/com/twitter/botmaker/rule/function/GetFunctionOrFeatureDirectUsages.scala,botmaker,source,.scala,1673,39,True,03a7e937e096f58693773ea57f391bc2053671de8f9545320149200c9195a8ec,75650ae04cba4b162d549aa08ec5f75b9c5b7f7e,False,False,False,False,False
botmaker/src/scala/com/twitter/botmaker/rule/function/GetRule.scala,botmaker,source,.scala,1129,25,True,577d47a1bb95251c61337ed899b3917315ec220baabe5a6f6e76f3f12c941ab9,5bc155c91315da963a5a68ccf46cfc8d2a69cb62,False,False,False,False,False
botmaker/src/scala/com/twitter/botmaker/rule/function/InputFeatures.scala,botmaker,source,.scala,3941,108,True,4d7ad3528495870c68d05c8de2de65a98c9212fe45a874a345934ca3f935ddba,883eb31e97dd4a9ee00ee4bbfd7a21fe17e9dcb2,False,False,False,False,False
botmaker/src/scala/com/twitter/botmaker/rule/function/IsFunctionOrFeatureUsed.scala,botmaker,source,.scala,1179,29,True,9d480c82968a766bfbf1146bc84d806906d34cbab5ba4fdeefb8040fd73f82f1,da8eadc7347c1b725281438ac644d5460167d782,False,False,False,False,False
botmaker/src/scala/com/twitter/botmaker/rule/function/ResponseCodes.scala,botmaker,source,.scala,16878,422,True,a35b01ad071f780aeb3222422ebc8a357f68ff17decbdaf263a23a9544ed6789,820d74788d5521e50a21a9a8eb47e309164065c9,False,False,False,False,False
botmaker/src/scala/com/twitter/botmaker/rule/sys/PreEventOutput.scala,botmaker,source,.scala,3489,119,True,7074b9e10e62812d4811c10c1f949286b94899092efe58269c2687ec5bb2c2c3,a519b2d39d6b33f201c79e2a895ce600c0cfdfca,False,False,False,False,False
botmaker/src/scala/com/twitter/botmaker/runtime/BatchQueue.scala,botmaker,source,.scala,14963,474,True,0842ea79ac2a28413c91af6fd9594056a41f17e29854fa28f59a8943d1c16b28,04d046420d296a0b23bbd32b4e1c0c80343e74ec,False,False,False,False,False
botmaker/src/scala/com/twitter/botmaker/runtime/LocalCounter.scala,botmaker,source,.scala,14904,457,True,40dc1ee29379b61d54afb559e2102441247c9360ebecbbc8e7332b6b1a518140,01c56bf1fd0f80d93bb690624637744e84d6fee5,False,False,False,False,False
botmaker/src/scala/com/twitter/botmaker/runtime/LocalStore.scala,botmaker,source,.scala,11784,375,True,9486e57418b7946da7fe8a8a7452bf01507a8b637a0288d4387f75e4da84593a,ab45189543bc07fe9f85f3443653f6153a64e187,False,False,False,False,False
botmaker/src/scala/com/twitter/botmaker/runtime/LogWriter.scala,botmaker,source,.scala,4751,172,True,d470982ac535a03d2852aad710063cfbb9b8179906703299d57bb862fbab127d,85ad35e89ebc660ed15024967f387cde5226a2b9,False,False,False,False,False
botmaker/src/scala/com/twitter/botmaker/runtime/RegexOptions.scala,botmaker,source,.scala,5163,153,True,0237ffee59c56c0f6e2f28336c8053ec36613d41a2ef54838d9790970d483e62,31ad369993707ac3d82122ce2dd3e9b6eb2b59fc,False,False,False,False,False
botmaker/src/scala/com/twitter/botmaker/runtime/RuntimeDebugger.scala,botmaker,source,.scala,1728,73,True,672a3922964b9b73f3d43d681be52b9561ab2fc46cb4737596986d693ccde4c0,a8705dc4d17bbd2244c10b0a03cd6e3ff9ffddea,False,False,False,False,False
botmaker/src/scala/com/twitter/botmaker/runtime/RuntimeFailures.scala,botmaker,source,.scala,99,3,True,7e0de1d428bef717d9f0da3fe0cab95db40257264008bc77dc424fb79d52c56f,4b9c952dfc0c7a983cbc62b03b646413578bad41,False,False,False,False,False
botmaker/src/scala/com/twitter/botmaker/runtime/ScheduledEvent.scala,botmaker,source,.scala,2201,70,True,43f89b6cd8f50cb5f29be8f996a2cc94cbd0931fa3a7f416b52c642160e75b0e,0d6c5a877e480e36ed90ff083792b63d379716eb,False,False,False,False,False
botmaker/src/scala/com/twitter/botmaker/runtime/ServiceContainer.scala,botmaker,source,.scala,1532,55,True,cd924d695992b82bba09e30ebfb0967bcf9b8de46349f7d184a517f681344e92,315c709a2f2838d183baafbff06dfbfe99bd562d,False,False,False,False,False
botmaker/src/scala/com/twitter/botmaker/runtime/TwitterRuntime.scala,botmaker,source,.scala,3870,144,True,c5dc569a66f80829d6b0ade75b7dbdfde27bd4cfeb2f46fb3c06ec12b300916d,882e9ed151d0fc0cdc985583a7fe5cdf41ceb234,False,False,False,False,False
botmaker/src/scala/com/twitter/botmaker/runtime/config/BatchQueueConfigs.scala,botmaker,config_or_build,.scala,3730,112,True,d6edfc33383315244fed390a69478fa00f657d4fa09795b1caf101ae58e79d78,7e78d0aa95cd0015ccba81fdd9f1030e49f69a0e,False,False,True,False,False
botmaker/src/scala/com/twitter/botmaker/runtime/config/EventTypeConfigs.scala,botmaker,config_or_build,.scala,2844,91,True,c82101506c632394c3a672dc702c695f5e4c4247e1d20a9b3201cf44678af5de,29974c735b2d247e8901ca3d8e23256b23f0db9e,False,False,True,False,False
botmaker/src/scala/com/twitter/botmaker/runtime/config/LocalCounterConfigs.scala,botmaker,config_or_build,.scala,2248,72,True,bfc9888b81b140e23cd026bb5ec0324c95caa03a23a73096c116816e64b503eb,8ae48610399fd118d6d226f6a2a27fee0de47b34,False,False,True,False,False
botmaker/src/scala/com/twitter/botmaker/runtime/config/LocalStoreConfigs.scala,botmaker,config_or_build,.scala,2209,72,True,6189aaaf249a763d7c7e0400d67a986ccebb4111b3ff64b1093b63008fd31138,5a000d716948f0b29fa47c8f666361ac55efd282,False,False,True,False,False
botmaker/src/scala/com/twitter/botmaker/runtime/config/LogWriterConfigs.scala,botmaker,config_or_build,.scala,1335,43,True,d4b5eadfb8e1c43a46d2fcd78f77247db262a1e7ec97ba25139b919a2d302802,66e7699a1c23dad9733c18d9f3dd21e1ef9787df,False,False,True,False,False
botmaker/src/scala/com/twitter/botmaker/runtime/config/PackageConfigs.scala,botmaker,config_or_build,.scala,2062,57,True,f97351af4faa65298d15b93687df8ef10f9e80e7df19ba0a353e21f1db23686f,6e758fccd3b90adcd35c2717fde68bcdee2a7ec6,False,False,True,False,False
botmaker/src/scala/com/twitter/botmaker/runtime/config/RegexConfigs.scala,botmaker,config_or_build,.scala,1422,54,True,a3db60292cda0e399b9a2a5eefb1d14e6e54f1a7da53ed3b5260b3951e177362,0136bd402d4294f63288ed615945b1e8c9d48259,False,False,True,False,False
botmaker/src/scala/com/twitter/botmaker/runtime/config/ScheduledEventConfigs.scala,botmaker,config_or_build,.scala,1704,57,True,3620c25dcb6e63b15b3e9b501dad038e5096fa3638217d217be9ce08edb34c46,f84f3a4989e92c1e152f51101b260638a1259f9e,False,False,True,False,False
botmaker/src/scala/com/twitter/botmaker/runtime/config/ServiceConfigs.scala,botmaker,config_or_build,.scala,10924,312,True,6047f0bb976fe8b77ca3aaedcdac3e6f76792b083c867910e361087d17bccfcf,9562e79c5b387c48b9c016adedf794110176bbbe,False,False,True,False,False
botmaker/src/scala/com/twitter/botmaker/runtime/config/StructTupleTypeConfigs.scala,botmaker,config_or_build,.scala,533,18,True,e2217ccf85b56fa8f1ff332071efc3fade1878f97f5aedc5e846e2099e5395a9,97a7c9ca82abd48a9ab97f0fee414920e1dfe3e5,False,False,True,False,False
botmaker/src/scala/com/twitter/botmaker/runtime/config/TeamConfigs.scala,botmaker,config_or_build,.scala,1098,43,True,ad50c20c9d248db11ba310e2836b28d9a2ca70281ebc5620350c8c26e6b68ef1,21855c63cb6d92872d03eed031f76de78a8efb8f,False,False,True,False,False
botmaker/src/scala/com/twitter/botmaker/runtime/config/ThriftTypeConfigs.scala,botmaker,config_or_build,.scala,498,18,True,162701848d2ca773dffa566bece9710b7e826216415ac8cec4c5f8cdf41f5b55,c6750b4d415200d7a1ff7f66f311bb9da7f99688,False,False,True,False,False
botmaker/src/scala/com/twitter/botmaker/runtime/function/GetHelp.scala,botmaker,source,.scala,1062,33,True,a8f105b6813a8acd9f4673308e0fe64266a7907dd6091ade6cbe68f7ebebd9f6,4ee4e79bf8a8e645fd99ba94c292bebf87fef016,False,False,False,False,False
botmaker/src/scala/com/twitter/botmaker/runtime/function/IncrementStat.scala,botmaker,source,.scala,1576,42,True,74dbd0fb01916dfb13ec03b7e813d7bd616329f52c8dcb5d440f922329ddf1e8,4050704427018c781a9399d03491f8da655a626d,False,False,False,False,False
botmaker/src/scala/com/twitter/botmaker/runtime/function/IncrementStatEventwise.scala,botmaker,source,.scala,1570,37,True,bac799a59f8ddc1185f918614925e217a26a6d71495245b7f7df931680394255,1cf8fcbe8d9b0724c84e8a7972101d16c749bcdf,False,False,False,False,False
botmaker/src/scala/com/twitter/botmaker/runtime/function/IncrementStats.scala,botmaker,source,.scala,1175,33,True,dd9aedcf07bdff8662a4eff6e584e5ce62b49ae557f5be0db8ff3dbb4f3bba53,e55f30b5755354274a37a4070ecbf8981002f0f9,False,False,False,False,False
botmaker/src/scala/com/twitter/botmaker/runtime/function/IncrementStatsEventwise.scala,botmaker,source,.scala,1662,39,True,8ff2cf68c647ac4ba5610e00778412b156bc91799bd2f51c101728e2d6be3daa,80ee0ea8ed4947d3e19046e18c56a8b66a46cd24,False,False,False,False,False
botmaker/src/scala/com/twitter/botmaker/runtime/function/RPrint.scala,botmaker,source,.scala,1597,50,True,5428c4e91b942ffa0c8fa4b821ef090eeac515683078728c5ef139464c2da9c5,144ca54264c65cf6dbbf4754a7949df2fd336e31,False,False,False,False,False
botmaker/src/scala/com/twitter/botmaker/runtime/function/SampleStat.scala,botmaker,source,.scala,1057,27,True,788068c0dce7dfea0bbdea3e578c9ba80bf712d97c1624c36ee34b579f5b6142,783dbecbb1624e0efca4c2082ff90d51b7c521c3,False,False,False,False,False
botmaker/src/scala/com/twitter/botmaker/runtime/function/SampleStats.scala,botmaker,source,.scala,1162,33,True,07e82920d8504b4dd0bd1fd4b5f68647e5c3f0de86069ea7bc38a132f231bbea,7d349d69fad0ba9266a8e6f92245381352f62e25,False,False,False,False,False
botmaker/src/scala/com/twitter/botmaker/runtime/function/SetStat.scala,botmaker,source,.scala,1042,24,True,c66c2e35f0c4ed0a179a85a2a5da5d0470e695aaea8b213e7cf06122043a9bce,1fb89629bfb4ef3f32030bb6ab9a6ca7be3d0b9f,False,False,False,False,False
botmaker/src/scala/com/twitter/botmaker/runtime/function/SetStats.scala,botmaker,source,.scala,1161,33,True,afa67795aaf7413cbdedd264c80699f1a5396bf6ca1260963bc4fad0112a8032,e1ede4a5571ec7705342466bbc75f0e8fd4768ed,False,False,False,False,False
botmaker/src/scala/com/twitter/botmaker/runtime/function/ToFeatureDataMap.scala,botmaker,source,.scala,2818,72,True,25649afd2047ebdabe2fab5de1e55d07530ef58387d66014414a005890abc7c4,a06b544a383b0c84b560aa90cb0d9165d2f262e2,False,False,False,False,False
botmaker/src/scala/com/twitter/botmaker/runtime/function/TryAcquire.scala,botmaker,source,.scala,1273,35,True,f356991b8b24b04f3f2bb92d056601fe5d7f981f262af86345ecf3e67cd55f1b,01758fa2a5b3197e919d8bb103bb0e4b3f075281,False,False,False,False,False
botmaker/src/scala/com/twitter/botmaker/util/CodeAnalysisUtil.scala,botmaker,source,.scala,2955,78,True,c1070a57ebb3439e9f9c59bedacef793b2d98b0af2b5ee67c64bf157338cc24f,4bb2f9f806b0d6124ad322ecaf39aaae7cc773c7,False,False,False,False,False
botmaker/src/scala/com/twitter/botmaker/util/FileUtil.scala,botmaker,source,.scala,1277,53,True,bf1242cc8186d150ac25cc5aefca825bcb6942e18613b7a44281a8fdcba7560c,b029974f04fa68ac8531467c7262c8830b4318ed,False,False,False,False,False
botmaker/src/scala/com/twitter/botmaker/util/ThriftUtil.scala,botmaker,source,.scala,12737,392,True,db4ea0a901da426f3d71bf01ccb375d13e0ba5d94596988ffe217512e4df0d63,3a94a6f2d28793ec0d39f6d26f9b89563b02079a,False,False,False,False,False
botmaker/src/thrift/com/twitter/botmaker/app/BUILD,botmaker,config_or_build,[no extension],919,27,True,35abfbdd43234345acf1983f0b822d96f6573ce8175dbd9278ff28bf7ddbb588,b42ee5573e6aa7af721243599382343aa1174be5,False,False,True,True,False
botmaker/src/thrift/com/twitter/botmaker/app/app.thrift,botmaker,schema_or_dsl,.thrift,4089,189,True,76b51b15c36d2f7c2cc57ca3af3897f3650a50e6142faa7e608a95311a9b2300,1966caf3940cb9401dbd2a9d9d6efd9b13780493,False,False,False,True,False
botmaker/src/thrift/com/twitter/botmaker/rule/BUILD,botmaker,config_or_build,[no extension],443,20,True,a84fab1667d52a4f767ef260f278ccf5e8eb7027f9894690659f66881b56c4f3,7a5b2ac4a24965913aa3d81a5b88dd5aba52f031,False,False,True,True,False
botmaker/src/thrift/com/twitter/botmaker/rule/rule.thrift,botmaker,schema_or_dsl,.thrift,1398,53,True,1ba3a2d6f3dd2140d715e5248f38a8cfc9e14a57a0f678d664514ad703e28458,e0a388dc7bf5c306e44081b98121b95fcbe81502,False,False,False,True,False
botmaker/src/thrift/com/twitter/botmaker/runtime/BUILD,botmaker,config_or_build,[no extension],503,20,True,45fb54b24a596703c07db8768eb1c6ed3df47111e2e722eea9205a1827cc8bc5,574ad270646659f01ccb1b86a07259521695a8e9,False,False,True,True,False
botmaker/src/thrift/com/twitter/botmaker/runtime/runtime.thrift,botmaker,schema_or_dsl,.thrift,10655,344,True,489be9026b4921489998e820835a8aecf720db10cba6c8c3f24db6571baeb0d3,905a5c236559382e24338d3efda19e42bc7586d1,False,False,False,True,False
botmaker-rules/scarecrow/bot/AgathaSpamProduction__ApplySearchTopTweetLabel.bot,botmaker-rules,schema_or_dsl,.bot,942,31,True,38836e731996aa4d8697c1d589e16259022e35e515dc177ed5a713b9027544ff,820850c9d3a0a3c8079b337f5efdf93d34092653,False,False,False,False,False
botmaker-rules/scarecrow/bot/BBQDuplicateTextProd.bot,botmaker-rules,schema_or_dsl,.bot,2583,77,True,d223ed481c3c693ed6d3e4e703f99483df6d351bbf44ba496f18dcc39ac44d4b,9cb021c6d80b815cdff8d933ec561767762019f0,False,False,False,False,False
botmaker-rules/scarecrow/bot/BBQDuplicateTextRepliesProd.bot,botmaker-rules,schema_or_dsl,.bot,2091,62,True,525c9e2bb21319c50c61df256b0671c72ced851fc73753bb50d166c3c98dcb11,23795a560faa5788a8b63d8f3dc80e7be331b281,False,False,False,False,False
botmaker-rules/scarecrow/bot/FollowFromActorWithPinnedLowQualityOrBadUrl.bot,botmaker-rules,schema_or_dsl,.bot,1397,50,True,9b3ae478ee7188c3531c9dd4841b98c26a379619ff7c9a1b60b833a534c0a536,0e7018b15742ff5d3c748cce11987f511bf0bff0,False,False,False,False,False
botmaker-rules/scarecrow/bot/GroxTweetProcessor.bot,botmaker-rules,schema_or_dsl,.bot,1636,40,True,9a24b3584c9ba1faac6de648dbab91c7f5b031e731ad0630b0101215b6997980,809a38045b42d4d424d0414891b105d144022ee6,False,False,False,False,False
botmaker-rules/scarecrow/bot/LQ_Tweets_With_LQ_URL_Verdict_At_Mention_To_NonFollower.bot,botmaker-rules,schema_or_dsl,.bot,1557,54,True,7f0acbf9cad23c346fc08760ac6dc71c99d6949e923746edf9066259a307c024,75fddd10d8cfe2e5effea82285a61a89e707b47c,False,False,False,False,False
botmaker-rules/scarecrow/bot/LQ_Tweets_With_LQ_URL_Verdict_At_Mention_To_NonFollower_v2.bot,botmaker-rules,schema_or_dsl,.bot,683,22,True,79ca088b46849be2be14f3f6180b5ad8206a23cafc6a04ae23063b700443a88d,505dacd01e4d042b3653c94fe7b34f3abb237ae5,False,False,False,False,False
botmaker-rules/scarecrow/bot/NSFW_Card_Image_Media_To_URL_Verdict.bot,botmaker-rules,schema_or_dsl,.bot,1279,33,True,28bb4d68a8f4b26d6cee8a71c449246edf243c973fa666a88f1cfaac9053acae,da452f178352854b4f00c317a7261007b65d34cc,False,False,False,False,False
botmaker-rules/scarecrow/bot/NSFW_Card_Image_URL_to_Tweet_Verdict.bot,botmaker-rules,schema_or_dsl,.bot,1480,39,True,50cecaa2b2370beeceb662eccf07b7074868b338f7767e9ff37709724373da0e,a04f446d976aca96c5ae7816ad8b3f1cec0d10e7,False,False,False,False,False
botmaker-rules/scarecrow/bot/NSFW_Grok_Generated_Image_To_URL_Verdict.bot,botmaker-rules,schema_or_dsl,.bot,842,31,True,f5a83f059a76aebdb9d87fd7bb90167d0f099b2c1b18edefcfbad8bfa34faf59,05934f5f835d6708d9a5e35309f20383e170f856,False,False,False,True,False
botmaker-rules/scarecrow/bot/NSFW_Grok_Share.bot,botmaker-rules,schema_or_dsl,.bot,985,25,True,0ef8d0dedc904a636cffa171f50c3574f9b00949b5eb053f23441306574db0f0,55671be7190e89c8caf3cba9d38d2d7bd0d8e59d,False,False,False,False,False
botmaker-rules/scarecrow/bot/NsfwTweetMediaProcessor.bot,botmaker-rules,schema_or_dsl,.bot,1217,43,True,959e928d0444eb1f43d16292ea2e729ea395941d7687a0aab8293c7782e5e806,9510be250ff5991f16a6d613e32c12b3cbe7efcb,False,False,False,False,False
botmaker-rules/scarecrow/bot/PinnedLowQualityOrBadUrl.bot,botmaker-rules,schema_or_dsl,.bot,1341,45,True,252337126ff5720ba6a31b6e9ccff68b89c0dfe44706f9b7e961d846b5ea76d0,b6501a4986fa0194264d673a5075f61c8e32537f,False,False,False,False,False
botmaker-rules/scarecrow/bot/ProductionAgatha__FilterOutOrganicNotifications.bot,botmaker-rules,schema_or_dsl,.bot,1357,39,True,f0948d3bd4cf7a165a71e19231cd39244cdd53f309e5a3ce51956a1b08392e3f,70fc844bb9109f91a2f9f06fc170ec26ef2eee24,False,False,False,False,False
botmaker-rules/scarecrow/bot/Tweet_Search_Blacklist_RTF_All_UNSAFE_URL_Sources.bot,botmaker-rules,schema_or_dsl,.bot,2924,64,True,6cc23f842070318bd5aad3aba28593847d238afca1d03fa16dcdce9e1614da3a,6bc4db8649b5980b9690109bff156fd6b3c89a67,False,False,False,False,False
botmaker-rules/scarecrow/bot/Tweet_Spam_High_Recall_RTF_All_Bad_URL_Sources.bot,botmaker-rules,schema_or_dsl,.bot,1555,51,True,45260b212d3027ec3a329bb1c85e522304f2ae43680caec67d568fabfb0b9884,ec29d4273ee490ca10a83d953ff95edc83c5ec27,False,False,False,False,False
botmaker-rules/scarecrow/bot/ViolenceAndGore_ImageModel_MTT.bot,botmaker-rules,schema_or_dsl,.bot,4403,107,True,a85bc843668ddff0f91c6a0f476262526f81e06fafd7a399b690c9cc3d7fe1bd,29bebb29bee31d79c1fd8a88bb2410b55b141142,False,False,False,False,False
botmaker-rules/scarecrow/bot/nsfw_user_write_user_label.bot,botmaker-rules,schema_or_dsl,.bot,467,14,True,ff4b684de239ab1d122e9c1badc55a7c6c707cf9853d8c465261ccdfb0e76852,4e50a429624cf344f471bbeeaaaaa36b4cf50e04,False,False,False,False,False
botmaker-rules/scarecrow/bot/rtf_tweets_on_unsafe_verdict.bot,botmaker-rules,schema_or_dsl,.bot,1587,38,True,e68b4c0922e8a5806617b37aa2cd8b2007a2a3ea4ad98968803f5e0e880605c8,e17124bc56c586c356d882db525f7597f2d53f14,False,False,False,False,False
botmaker-rules/scarecrow/bot/tweet_rtf_or_unrtf_on_bad_verdict.bot,botmaker-rules,schema_or_dsl,.bot,1483,41,True,244bd27af734f9ebf0265904b929e8e2f243c25bf027f46096432e677eb2f538,dd0538d46325c81031cd0235952f84803f2115e1,False,False,False,False,False
botmaker-rules/scarecrow/derived-feature/AddToHLLForDataCenter.df,botmaker-rules,schema_or_dsl,.df,414,12,True,d1c23a48c0723ded004f33e6a1dad3b63f3d72c6320222eda0749a15386d9f81,5c646dbc4f0fe59cf603fecf38587d74b8a44c5a,False,False,False,False,False
botmaker-rules/scarecrow/derived-feature/AddTwitterSupportGuanoNote.df,botmaker-rules,schema_or_dsl,.df,891,33,True,dffc33517830baff81adb103394ad46d887b7ebd370590fef1bc70c07770549c,5caa2fb00899f0e3224bfa8978ad777e467a2742,False,False,False,False,False
botmaker-rules/scarecrow/derived-feature/ApplyNsfwUserLabel.df,botmaker-rules,schema_or_dsl,.df,1527,54,True,c2770ae4b2b01a7a2abe64b51fabfc6de3f8c7b2c6c596fbf244af976c6b551e,128372c7a90fd16b45fee7ad7e5ed65b8700571a,False,False,False,False,False
botmaker-rules/scarecrow/derived-feature/ApplyNsfwUserLabelOrCreateReport.df,botmaker-rules,schema_or_dsl,.df,4162,93,True,a95699514ba4eabb01aa2c853660af7d92daf3e7e05015f56b7ffca207d80ca0,8b825b42cf6ae9c74b2c567a84ecf6b4abe23c47,False,False,False,False,False
botmaker-rules/scarecrow/derived-feature/BQ_to_BM_namespace.df,botmaker-rules,schema_or_dsl,.df,88,4,True,f2b34f79bf6ed5acd76bd6f65c374c1cb6026b1be7dedbe776a414ea4a9afde7,dbebf17303ea042fc610fa0183c5b1073ae2cc60,False,False,False,False,False
botmaker-rules/scarecrow/derived-feature/Coalesce.df,botmaker-rules,schema_or_dsl,.df,147,6,True,06cd263dff6db6d826694f184fdbcb67f5731b61e147cbfa0dbb60812ab7e71f,dc4aa556c9290c8e70a2c9221da58a9a6e4a61cb,False,False,False,False,False
botmaker-rules/scarecrow/derived-feature/CreateRemediationFatigueNamespace.df,botmaker-rules,schema_or_dsl,.df,123,4,True,a3990411c073aa1dd210db2f586360e387adcab983c50f35128881efb5acbb6f,42791fca6f54c4a608a7ed09d00a2286937a4697,False,False,False,False,False
botmaker-rules/scarecrow/derived-feature/DayInSecs.df,botmaker-rules,schema_or_dsl,.df,74,4,True,16facd1cc08f855455cb6ad0c10149f85e2759ba687f233c74846861f2a34e3b,4defb1dd94f92c8f90f1895d9002a7c968102ade,False,False,False,False,False
botmaker-rules/scarecrow/derived-feature/EmptyLongList.df,botmaker-rules,schema_or_dsl,.df,112,4,True,58c281d377829efac4f960b2f2ab5ff248c0ae4423a8e31bd3d4f0918a0c7458,a2ba3a4803e3a5fc7730303fa472f0e0a74946b5,False,False,False,False,False
botmaker-rules/scarecrow/derived-feature/EmptyStringSet.df,botmaker-rules,schema_or_dsl,.df,106,4,True,4dae29ed626be40892bfe6dc6279f3986507a532dd5f03833075e894874cc6e9,5454cb80eb58a35da11662ab510ebc5e2314187e,False,False,False,False,False
botmaker-rules/scarecrow/derived-feature/FollowerCountFromGizmoduck.df,botmaker-rules,schema_or_dsl,.df,135,7,True,357b2d5bb8ec6192daac48b25190d21d3b6b2b779ca5ba68f9edf5472ea5a93b,514193cee889430ef4fcd49392dd217e811a6fa9,False,False,False,False,False
botmaker-rules/scarecrow/derived-feature/GetDataCenterName.df,botmaker-rules,schema_or_dsl,.df,102,4,True,d11133b63b01715944d2caa5d451efa4a473b1e2b6fda848efa69b60d29935c5,481304863a4667544a1349c9d9777265dd254240,False,False,False,False,False
botmaker-rules/scarecrow/derived-feature/GetExpandedUrlsForTweet.df,botmaker-rules,schema_or_dsl,.df,810,22,True,77c7f1040e6d3096011e0bfb9858426fd63d2a4aba8dbe301c8c36702cf886a7,a31db092e0a8b6abed28acf62b8f574b0302c4b3,False,False,False,False,False
botmaker-rules/scarecrow/derived-feature/GetGrokShareIdsFromGrokMediaId.df,botmaker-rules,schema_or_dsl,.df,661,24,True,ba3dbffd3b1a59af729aabe76a596495e5d1a63ca256cacc8fc25742ba47d62c,c2f5a614b7cf1f22e5ab32e580dbc81f13ed4f42,False,False,False,False,False
botmaker-rules/scarecrow/derived-feature/GetHLLCountFromDataCenters.df,botmaker-rules,schema_or_dsl,.df,405,13,True,d4da251180020a69b0a8845df43c1bb66aec7bebad23574b4f5042ffe743249f,dfa7c46f12a5619cead01fcc49b2b9816f551a79,False,False,False,False,False
botmaker-rules/scarecrow/derived-feature/GetTweetAuthorId.df,botmaker-rules,schema_or_dsl,.df,154,7,True,dce8976c98f00d667d079d493ae5c18e542ad413afda467674cc0f45c6ea23b7,16c5c66c9ccde1d9c27deb11ba18006add55051b,False,False,False,False,False
botmaker-rules/scarecrow/derived-feature/GetTweetCardOrEmptyObject.df,botmaker-rules,schema_or_dsl,.df,819,34,True,d96748e745efcd9826c359e897161b9d245916834dc6cf07aaee4767f34d935d,c5e1b6fab08a932eeab7770e351658ac780ba13a,False,False,False,False,False
botmaker-rules/scarecrow/derived-feature/GetTweetFullText.df,botmaker-rules,schema_or_dsl,.df,358,10,True,4343a721ef6bcbbbc600bc8f056c225bbbc8a038c32c28ef8fcc2447cba4ee2a,949fcee8551561ab4af534021b9255d59a879de9,False,False,False,False,False
botmaker-rules/scarecrow/derived-feature/GetTweetLabelInfoFromURL.df,botmaker-rules,schema_or_dsl,.df,1002,30,True,f39936733a17b7388d1861f2c6eca4cbaa7c236911f0f4309f144074ecd3df86,02b915aa5dee2ebade73f0ad9e07a62e8d806069,False,False,False,False,False
botmaker-rules/scarecrow/derived-feature/GetTweetOrNull.df,botmaker-rules,schema_or_dsl,.df,171,6,True,39dd7dfd522e411d739922d1704ef4c05f4242735bf1b0964be62a2c30ab432a,89bc6cb9acefa9df3711bac458886f7048d20f89,False,False,False,False,False
botmaker-rules/scarecrow/derived-feature/GetUrlResolutionChains.df,botmaker-rules,schema_or_dsl,.df,320,12,True,26bef4c5d3fd977380f200fcd04d2fdaa50dc6e27741114ab511a193f219e305,20815eb283ce50282fb3ad4ac9defc5e48c55120,False,False,False,False,False
botmaker-rules/scarecrow/derived-feature/GetUserLabels.df,botmaker-rules,schema_or_dsl,.df,435,17,True,4542c648f48d5c1c4e268443e14834d9e8201ca1a594d4977f629f6673910031,3f047fb3b78ee65b2b3d7d1aea1ff7234116bf2f,False,False,False,False,False
botmaker-rules/scarecrow/derived-feature/GetUserPinnedTweetIds.df,botmaker-rules,schema_or_dsl,.df,325,12,True,08b4fa08a616c6d58ddf46ce04348fa032e5c1d89d860898e9a646aa01c91a58,e889746220eda1133a6e1b68d28b25f67b110787,False,False,False,False,False
botmaker-rules/scarecrow/derived-feature/GetVerifiedFollowers.df,botmaker-rules,schema_or_dsl,.df,296,12,True,c000d5abcda539abdbe1a75614cad2a47ddb63ba9b4c79ff6c20afb775a3de86,53cf0d36bd47e5550c80f9f8ad85842ba683a8ec,False,False,False,False,False
botmaker-rules/scarecrow/derived-feature/HasBigQuerytoBotmakerLabel.df,botmaker-rules,schema_or_dsl,.df,165,5,True,dbef8698c67727a6d5c3b56f8d66853cb0c0b7877a6c38a9a7161b40c32aa61f,43251164b9d60d0f75cd74710182a580ac7355ba,False,False,False,False,False
botmaker-rules/scarecrow/derived-feature/HasLabel.df,botmaker-rules,schema_or_dsl,.df,144,5,True,5a79fe8b655abcc69bbc31ca54a79da59a4c2d031c0c82b8aff1e2bdabbe191b,1fbe44d6c82f13b7a0f247240dbbfb36df087177,False,False,False,False,False
botmaker-rules/scarecrow/derived-feature/HasRemediationFatigueLabel.df,botmaker-rules,schema_or_dsl,.df,183,7,True,a964a26b313235ac3712b84ee57b44de2490ed64f024f3109c17e26150f89565,cd5d1c98ea353ab1168097e0cb4acf4ddc6299c1,False,False,False,False,False
botmaker-rules/scarecrow/derived-feature/HighPageRankThreshold.df,botmaker-rules,schema_or_dsl,.df,66,4,True,3c0fa484d36b51f7a9cb0d322174b7f396294332010b0c6ebb0b75b9d46d8431,afcae90b09a933db977e1e6cc7929bc196e1b73d,False,False,False,False,False
botmaker-rules/scarecrow/derived-feature/IsHighPageRankUser.df,botmaker-rules,schema_or_dsl,.df,1195,30,True,4b788f8e3d87c03b8f28b9f79896053578dcbceb64adae442cedea8d5387c933,2310866a80280eab5603cbe19d3c71c7d2f379a8,False,False,False,False,False
botmaker-rules/scarecrow/derived-feature/IsHighPrecisionNsfw.df,botmaker-rules,schema_or_dsl,.df,236,10,True,c3b809fcc68c2e9dcd2ecbcf65306c443540266eb344b124326fc02117aefec0,b3c01cf4e852346100b2e2355b074aad62cd90e5,False,False,False,False,False
botmaker-rules/scarecrow/derived-feature/IsHighPrecisionNsfwNewModelLogic.df,botmaker-rules,schema_or_dsl,.df,217,7,True,6176db4d30e22aabd6ba73f57feb45e2be2b6e3ff9502c5b779ff18b8c7bafa3,ebd5fc2937f4095d0ac2ccdf0fb834758a40e955,False,False,False,False,False
botmaker-rules/scarecrow/derived-feature/IsHighRecallNsfw.df,botmaker-rules,schema_or_dsl,.df,230,10,True,260d757570fe987348b7750b139d0f2b46605ef5a2f27c0d51a283fbe747d65d,8ee9833b012cd69e95f9962adcfb72e1aaa7775a,False,False,False,False,False
botmaker-rules/scarecrow/derived-feature/IsHighRecallNsfwNewModelLogic.df,botmaker-rules,schema_or_dsl,.df,446,12,True,2cfac67efc4361180e0e8414c15e7d68cf5f775e6ee4a6a24c74ae66f3aae774,17c0f9d2e9528bfde639b26115e3eb93ac2bb8dd,False,False,False,False,False
botmaker-rules/scarecrow/derived-feature/IsNearPerfectNsfw.df,botmaker-rules,schema_or_dsl,.df,232,10,True,df0ecec1d8afbf13eb3a7afcbc57fb300fbf7860c34ed5eb7c06085f0f7143a5,fe4ca4b1ba664fd893ca44cf5a5373abced1cdc5,False,False,False,False,False
botmaker-rules/scarecrow/derived-feature/IsNearPerfectNsfwNewModelLogic.df,botmaker-rules,schema_or_dsl,.df,215,7,True,42183ac33045ed19b4b58bb3026e44bf916ed810c838aeaf73d8f369691cccc5,976d8d4f24909ab9463c7f65f3e24cd3c5264aaf,False,False,False,False,False
botmaker-rules/scarecrow/derived-feature/IsTweetFound.df,botmaker-rules,schema_or_dsl,.df,150,7,True,ba28e7d44e6432178177d59d0ced52d77a1af2379174cfb2795f69caea9b84a7,ebf105ba0d6a21c382973e3b75286e928b09f2a6,False,False,False,False,False
botmaker-rules/scarecrow/derived-feature/IsUserGoldVerified.df,botmaker-rules,schema_or_dsl,.df,264,13,True,0070dd5d444870b1602d26d8c5c9b2a8564a51b5868aa869ed3c549247142ee3,23ef04b8e8b82f90ece6809c5fd609e90d07baa3,False,False,False,False,False
botmaker-rules/scarecrow/derived-feature/IsUserGrayVerified.df,botmaker-rules,schema_or_dsl,.df,266,13,True,0e69438709e20b17d21827a1eda9b291a4ca205a95481d5b250043d552c2ee3b,4dbf201763bc36085dd12aae1c157f8da2fa24d4,False,False,False,False,False
botmaker-rules/scarecrow/derived-feature/OneDayInMillis.df,botmaker-rules,schema_or_dsl,.df,77,4,True,c53dfb3c4c5c53c0ae4a657c0958a3bf09cf9c5809f945318ae1e12ce5f7e409,18633705c1772898b249cf7af459a8e246ac36a2,False,False,False,False,False
botmaker-rules/scarecrow/derived-feature/OneDayInSecs.df,botmaker-rules,schema_or_dsl,.df,74,4,True,16facd1cc08f855455cb6ad0c10149f85e2759ba687f233c74846861f2a34e3b,4defb1dd94f92c8f90f1895d9002a7c968102ade,False,False,False,False,False
botmaker-rules/scarecrow/derived-feature/OneMinuteInSecs.df,botmaker-rules,schema_or_dsl,.df,71,4,True,10bc08613b72f2e9fa225bf2381e6e0aeabf584c457a380f6f857af6d397e8df,7ea88013b78111cc6a71f03a1d3cae32e829d48c,False,False,False,False,False
botmaker-rules/scarecrow/derived-feature/OneWeekInSecs.df,botmaker-rules,schema_or_dsl,.df,75,4,True,5c0a8849135a954fdbb0a6ab4a12d0d733017bc2199ab26bc8367bfa4da54635,a209745ac43fb1ec8afdb7b370db5dfec67552b0,False,False,False,False,False
botmaker-rules/scarecrow/derived-feature/RULE_ID.df,botmaker-rules,schema_or_dsl,.df,72,4,True,a522a0948686813edd045302746b1553a64dcf5adaa45b67d518b024e3429799,1ab7506ef626b45a73c7c5e936707ef4922168d5,False,False,False,False,False
botmaker-rules/scarecrow/derived-feature/RemediationFatigueLabel.df,botmaker-rules,schema_or_dsl,.df,95,4,True,d0b30855d2afe5d76e39260fd68bfe93cf4d556542e028ee80c8a2bd9e09e325,e3a370fd3a03e47d5be06b2c5cd5634ff160d6c4,False,False,False,False,False
botmaker-rules/scarecrow/derived-feature/SetBigQuerytoBotmakerLabel.df,botmaker-rules,schema_or_dsl,.df,213,5,True,7e2b662fff0a8e297e048b6ffe9d713d5be4c6b894bcec214483c3a7ed9c4124,405dd0d430a9ec8a6694f179fa9a23eb47b3db66,False,False,False,False,False
botmaker-rules/scarecrow/derived-feature/SetRemediationFatigueLabel.df,botmaker-rules,schema_or_dsl,.df,297,14,True,77b341dd59af815cac6a558e6b38f0e4ca3db84fbcb245bac4dfef43f63c36ac,7964e0c841aaf1a548cd852a166f8486bd7aced5,False,False,False,False,False
botmaker-rules/scarecrow/derived-feature/SetTweetRtfApplyLabelWithExpirationMs.df,botmaker-rules,schema_or_dsl,.df,490,22,True,48e21e385b66ca1108c22aa3d49fea280200f95c7f5f6379bc3a756bd44fba9a,ade38649d8f250ce410a7493338e6fe4f92a9f8a,False,False,False,False,False
botmaker-rules/scarecrow/derived-feature/SevenDaysInSecs.df,botmaker-rules,schema_or_dsl,.df,75,4,True,5c0a8849135a954fdbb0a6ab4a12d0d733017bc2199ab26bc8367bfa4da54635,a209745ac43fb1ec8afdb7b370db5dfec67552b0,False,False,False,False,False
botmaker-rules/scarecrow/derived-feature/SpammerIdString.df,botmaker-rules,schema_or_dsl,.df,87,4,True,0d8cec4729cbc449c44317760049e7b238be2cec304d96578f76e683e4aec051,89a665abef4fb7ea7a74df15c9b2b4667b594bef,False,False,False,False,False
botmaker-rules/scarecrow/derived-feature/StringIdListToLongList.df,botmaker-rules,schema_or_dsl,.df,201,5,True,437e25bfdfffed70d3b2c46b94a81d85176c97cb60beb439b91c26374a76f5e3,9e3d624248d342a41aa6277884eba7c9a087e8c5,False,False,False,False,False
botmaker-rules/scarecrow/derived-feature/SubLongList.df,botmaker-rules,schema_or_dsl,.df,448,16,True,bd19f9ecd82d97b8d6f16ff1ee5fa456ebce3c64444d1815afd2388f6e255ea5,3b60b078ffded099ae39f174625797520f755478,False,False,False,False,False
botmaker-rules/scarecrow/derived-feature/ThirtyDaysInSecs.df,botmaker-rules,schema_or_dsl,.df,76,4,True,50b62257883f04f95ac18f1e6cf89f8806a93166964df0d23251be5121ad109a,3f274e1a3df1f7eaa5d39e3adf49d5aed2ac044b,False,False,False,False,False
botmaker-rules/scarecrow/derived-feature/TwitterSafetyUserId.df,botmaker-rules,schema_or_dsl,.df,87,6,True,2c98f010ed1e7687a9e7cd2c289452e04e8c99fcd91379889b11909ab82e95be,25768b5ee8ed52db62e27fa1e4b317fe958c6c34,False,False,False,False,False
candidate-pipeline/candidate_pipeline.rs,candidate-pipeline,source,.rs,15397,426,True,53063a59d3310a87bccf2c8626d6aa51f7996fe1cf05797d73ceb812c3cfe3d5,dd602cc634dcea74d89c59e963729f7e012f3254,False,False,False,False,False
candidate-pipeline/filter.rs,candidate-pipeline,source,.rs,2367,74,True,9b5c73f38144fe8ef759b67914d121e03fb5055c0d0663cb377b9b7946c5335f,23b5b008c4451014de1af8b5a38a026d93c0a42a,False,False,False,False,False
candidate-pipeline/hydrator.rs,candidate-pipeline,source,.rs,6548,196,True,5504cd67c8f79ed6b56e583c11e33293572413a1b4c960361280fec2b2192f5d,2a8cf78e3d59138217b6a92df0d8e6228637222a,False,False,False,False,False
candidate-pipeline/lib.rs,candidate-pipeline,source,.rs,390,15,True,d11e110baa53b4e61851f6b2885097e19e08868ce3d8b381d96f8700374810b1,4422e057a55e7a72a8e25fb8c2f37fbb997eaf49,False,False,False,False,False
candidate-pipeline/pipeline_summary.rs,candidate-pipeline,source,.rs,6604,229,True,23a27a3538913aa4c05e58bfaa5355fff96cc66db8ae7b8a17d4217eaa3ff8eb,8bac100fd160f6879d79ddbad228d6e2e2aec53b,False,False,False,False,False
candidate-pipeline/query_hydrator.rs,candidate-pipeline,source,.rs,1151,41,True,5b192cd9049fc2e0a20e8996af286df7aa0ed907d70b0f4f6da3b4feff57ea9c,c1dd6abd47341e6f6969cb9b0629e157bd0f8c95,False,False,False,False,False
candidate-pipeline/scorer.rs,candidate-pipeline,source,.rs,1865,61,True,e2d70d2d0f0375f3a94fb31ca01391ce3fc6d006c4ed0f184cad706da88a0ad5,21410cc127e5479ab8f8665b09659c6d3e93b26b,False,False,False,False,False
candidate-pipeline/selector.rs,candidate-pipeline,source,.rs,3252,109,True,9b5b2c7c988bf8835523a7d5072aa38ee3c4ff0cf03a033f81a04153e65c8a06,a9c93e281ce4d50f2f34ea5a0387e649c1fe3bb6,False,False,False,False,False
candidate-pipeline/side_effect.rs,candidate-pipeline,source,.rs,851,34,True,fb13eef04cd7a3aace5aec44898786ef02eb7df021eaa5a8187dcadf76c1c400,2d137437da4b782dad49f8e24cb93c04d0718fc1,False,False,False,False,False
candidate-pipeline/source.rs,candidate-pipeline,source,.rs,1389,46,True,ca0605a8b22c2c330ac6c754d53824c9709e7fdc3a1e7def0610c207ca6fdf49,e0117e45efee1cb12a3b3e72137504ae86d94483,False,False,False,False,False
candidate-pipeline/util.rs,candidate-pipeline,source,.rs,108,3,True,8f61c5ea4f3807b8b70e74a022fb36c4037989a9959ddd498ddf32d50a49435f,8142c951d3a5e706e0cea77784b1ac84abdde8f0,False,False,False,False,False
clip/BUILD,clip,config_or_build,[no extension],3191,115,True,6b338f08639abc463ba0d543e7da642c81c93f0f0ec177898e9c85360dd12dd7,efbf715aa19c5823dee7300c48bdb80fb55248e7,False,False,True,False,False
clip/config.py,clip,source,.py,1076,35,True,0b1ab6f02614fc04ada7e5d921cf50ab4d58dbe946bd360854d7a6eab7144651,bcc9746f1e39694b2ba245f08a12a297f5b1fade,False,False,False,False,False
clip/datasets/language_image_dataset.py,clip,source,.py,2951,82,True,c77889c7386d84d5cd7e4df3515a8da09069be9c4f6a31c80a43720684da2656,ec131d2c24ea104792c2fcd16f104ed557401d33,False,False,False,False,False
clip/datasets/media_cache_dataset.py,clip,source,.py,3873,117,True,e39fc0a4bbf40d5e8cc8e8fce12beb750adc60ab713592666941f2f3c3330c45,f6f8bdf6aede28494f66310934bf963c78f0e930,False,False,False,False,False
clip/keras_model.py,clip,source,.py,5177,155,True,bb7df23375eef35064019f09be75a774af5f418683f08fe906d0dbbdfc2b3aeb,c32f3379412d2099ef7d6883230a72a40aa35546,False,False,False,False,False
clip/model.py,clip,source,.py,13265,359,True,9d52cb6e9d07ff20109b60f11a499fd822d78489864ddb417392353312c8931f,dcac39c8305567c24d87f6182f7d66a5d5c38c6d,False,False,False,False,False
clip/modules.py,clip,source,.py,2702,81,True,9c7046957707e3ae499bb825d0cdc3851fbe673556d8e938b87832ecf5f2a675,d69d6283f461225a64a5d4ea6e14b674f597db94,False,False,False,False,False
clip/notebooks/BUILD,clip,config_or_build,[no extension],411,9,True,7719f7fe7463dcbbffe4f05fcdb98f9e55f30ad1f3face31c0e581b4df3ade29,05a6d6264001902521d834fe2c87fb7f5f408f45,False,False,True,False,False
clip/notebooks/create_bq_language_image_dataset.ipynb,clip,other,.ipynb,7560,225,True,54df0768f2a4d2aea10b11a32d2538266d739163a1dfdb738846b6a70c6e95d0,7a8070ef7e44021f78f7a133cf17dff0ac28972a,False,False,False,False,False
clip/notebooks/create_gcs_language_image_dataset.ipynb,clip,other,.ipynb,5800,210,True,89f434a8c99f5dfe9f850bd8e1254d80e48f9a5c6d6e8cf838e50e58a8e44cfc,b7deb27559cd2398eb47fa75787bfde9cd33d58f,False,False,False,False,False
clip/notebooks/gcs_lifecycle_config.json,clip,config_or_build,.json,101,9,True,2b258e9be647cb20868849f655e748c8622be45a540b125027f80a83019fa033,95a3d3a0579056dc6f1a65796d615d2dc31086c7,False,False,True,False,False
clip/notebooks/media_embeddings_dataflow.ipynb,clip,other,.ipynb,21359,636,True,85a93ec574bb0decbd65e520c349e2b2d9e093ad5d4049cd5ae84c5436764e38,572c92b1f3c98da9a7f7013ccbe6c7e20d9466d9,False,False,False,False,False
clip/scripts/BUILD,clip,config_or_build,[no extension],734,24,True,5deeb21b8ade66e414ce66a7ce9b1c58fc62427bf2ca129e6707445e10fb4a0b,befd1105eec6d9064c06cd62c2e830f5f8043a57,False,False,True,False,False
clip/scripts/export_dbv2_image_model.py,clip,source,.py,1688,64,True,0beda5797391d11aff55b08345fc2cd08265b65e853756278267d7e0570015e8,13dafa31aa2827fb91282b2ba6f6491943c5eaa9,False,False,False,False,False
clip/scripts/export_keras_models.py,clip,source,.py,2144,74,True,908718777be41762cbb6013037e5bdb66e8994ccd8c908e0439c26f6c6c38993,cbdaf15236f1904436b327cfaa8513b61cc2a689,False,False,False,False,False
clip/training.py,clip,source,.py,7627,242,True,6dfc00e0c3e27ca59a82d0185c86a213b1620fd22e4d35db6294c08c72f68f01,63919e09ea027cee5ca501ccd4072491a07bbf80,False,False,False,False,False
clip/utils/data_utils.py,clip,source,.py,8420,284,True,80e3fd3e84a899de902bbf64e30a480e2410046a0db8866c94e0354d0017ed37,4f6e21d277b55cc63496dde286ef69130683589b,False,False,False,False,False
clip/utils/io_utils.py,clip,source,.py,1431,52,True,a20617fc9775f426e7c1a89f7fba8c47c60ce644ca3330e38476486ad6489abf,86ea4248981543717a93f220b78866464c76e7c5,False,False,False,False,False
clip/utils/model_utils.py,clip,source,.py,878,31,True,f9bf5a0631f64b5fc792bb6a8240bdf922777a39da50b162eb94f80a287cff04,fcc554e429b4e09bd2117e47754f17876dfbc5d8,False,False,False,False,False
clip/utils/train_utils.py,clip,source,.py,1558,52,True,b04ff9a1567bf2fe564e96a56dc5bad443b2a5ee03f276d8000e278f3bb88e7d,2a3d5754e1794f74ccf0b3f022dc64e02b9e7db9,False,False,False,False,False
docs/BIDIRECTIONAL_BOOST_CHANGE.md,docs,documentation,.md,19293,495,True,b7e0a74cb4c3149c4c9b5bea9bc4435abb8faec5bf2a63d5be965f63bc65c131,9d0d75002116c1859cbd7b8b2b54e4a9e19cef28,False,True,False,False,False
grox/config/config.py,grox,config_or_build,.py,8265,268,True,1c93e8eb2a48fcb1c4b4eec0557b8f5343a4bbee880eb9879d728af87c53b6d1,87ad75da7aa15a1aec2fc03c6d6a23e53c9fc9d7,False,False,True,False,False
grox/core/__init__.py,grox,source,.py,0,0,True,e3b0c44298fc1c149afbf4c8996fb92427ae41e4649b934ca495991b7852b855,e69de29bb2d1d6434b8b29ae775ad8c2e48c5391,False,False,False,False,False
grox/core/clients/nightowl_client.py,grox,source,.py,2574,81,True,95783f3c2e79d0c662269e0cc4468c0acbb83e736ccad311f99fe5b738a36bcc,067145d69c1f05e827048588da108f8f39993a49,False,False,False,False,False
grox/core/constants.py,grox,source,.py,70,2,True,4bedafdde5a68dc77ecbd3e2e3c00c008adb52234b1882f3da326e8112a22722,6af8df09198fe91770d5fe78561ac89847ac790c,False,False,False,False,False
grox/core/data_loaders/asr_processor.py,grox,source,.py,13590,381,True,a06c1c661a6ce3d5280834b3f8172c0f775ceb1a8c5a5bb8efec3b6321d86516,61feebe9f24c8882931fb77cb0e4a94becc9e26c,False,False,False,False,False
grox/core/data_loaders/data_types.py,grox,source,.py,30784,849,True,8480c04fec85a340f000221304d36fe0d2a593d7447d9117e876bbbdd80402dc,a441fb4334a504b3848fd95d928a21b017a96204,False,False,False,False,False
grox/core/data_loaders/descendant_hydrator.py,grox,source,.py,1390,41,True,fa255f5173374f6c3fda63e7d6abacb20e16a523c98410544524164d0a9478cc,31f11045dd210de6736028d8d3f6248b4c33e855,False,False,False,False,False
grox/core/data_loaders/descendant_id_provider.py,grox,source,.py,992,27,True,2191e6628ef318093b6c76f00313eed3b41fd9d7917fe981e9e5b4aad67c18a1,cbd550aef7e7fb5161fcf8441da0daea84e2366c,False,False,False,False,False
grox/core/data_loaders/kafka_loader.py,grox,source,.py,8722,227,True,c21b3e39c5c3e5bec83e402f673a75565952b8e1293eedcd5f24a4cff7683290,60ed5276615caca581392b8c3c293e5cc42f4040,False,False,False,False,False
grox/core/data_loaders/media_loader.py,grox,source,.py,24111,583,True,c03aa7e4056f825d32c9aa52fa770389379664a4b6d1060b9ed2abd4e4c501c1,e954aef69a6c6f2ac4cb17d7f635c17a0c9b2292,False,False,False,False,False
grox/core/data_loaders/media_processor.py,grox,source,.py,7644,208,True,5db95d791aac8c4265681aaa4ee43f345d9fe8c62b270817eec9671fd303e909,8d6dae7745e68f0b3ce4387bb5f752b9a4073d94,False,False,False,False,False
grox/core/data_loaders/message_queue_loader.py,grox,source,.py,790,36,True,3df795d417cc9cfc2d5f33f2397e0468590ac422c8f6a4a9164334a6a983fab4,076e46630fb690f31b7a637f76c5240f31f50afe,False,False,False,False,False
grox/core/data_loaders/post_mapper.py,grox,source,.py,14615,387,True,fa42dfccde4ffe76a33d33edaf8cac17b0181001c8027efaabfc1d88840220bc,ff432bf656e69613f1f58475e94aff39654dd40e,False,False,False,False,False
grox/core/data_loaders/strato_loader.py,grox,source,.py,4926,136,True,5df6a1dc4506de2fa519c5361fdc8d8deb7e9e5ce8787c22d43aff9136fe277b,7ac1fc2e72f154882a173727955900bc15d5177a,False,False,False,False,False
grox/core/dispatcher.py,grox,source,.py,8318,209,True,d1a1fec8eb87d921471d65bb4ec52d47f52cac6d85534caf16a45475f629e7bf,ac2a43d34111f28831043bdd8db0fd0ac925b875,False,False,False,False,False
grox/core/engine.py,grox,source,.py,6805,173,True,a11b0628c0109919cc3dbd60251b4d35c49451734b31656b9ec36256ba64e9df,7fbc0df415b11ab4855e336831afe21179726d8a,False,False,False,False,False
grox/core/generators/__init__.py,grox,source,.py,0,0,True,e3b0c44298fc1c149afbf4c8996fb92427ae41e4649b934ca495991b7852b855,e69de29bb2d1d6434b8b29ae775ad8c2e48c5391,False,False,False,False,False
grox/core/generators/registry.py,grox,source,.py,1217,36,True,df471f39c5b2ad21708719d9fecbdec319b22075106936e55d424c651a94aff2,286ca2598ab93ce6905775b52452d8882b1c11f8,False,False,False,False,False
grox/core/generators/stream_generator.py,grox,source,.py,1555,48,True,b28fb1a371e3debced06defbe6c7c96ff3eda2a3206a514753c41429641777fb,34eda69304b5ce8a9665b634d527bdd72c2dd670,False,False,False,False,False
grox/core/generators/task_generator.py,grox,source,.py,6318,166,True,3ac02220c109f4b0b70fad22b722840a79d424d9376d4763b4acc857e8175ed1,02aec6c6a718839a5edb119bbe43c062ebf1b9cf,False,False,False,False,False
grox/core/lib/utils.py,grox,source,.py,434,12,True,01e78b5e86835a90371497c1bd3c8db4da0dde4cb8b9d2a87e0f525198f1998e,f78d47576f87edb2043e10088a7aa051cffa5dfb,False,False,False,False,False
grox/core/lm/convo.py,grox,source,.py,14252,393,True,2212aa2d9967af2c3c790333f6a41b5623d3f0752057be3d71f14918b701bd0d,1f8a05f362de1668ab9245161e7da843a58469ba,False,False,False,False,False
grox/core/lm/post.py,grox,source,.py,7094,176,True,8283c0481ec03907212680d5152707f9ec96ece16547c37b51cc6eef30d6baee,4df572985d5ec1c4bdeee15112d232c97056785d,False,False,False,False,False
grox/core/lm/thread.py,grox,source,.py,3390,86,True,d8443526c5227aa5f31478e6f6b5f422a8830ae64d577eed41256d222594e07a,129994659e201cdc2b2feb1e20922d0887ba0da1,False,False,False,False,False
grox/core/lm/user.py,grox,source,.py,1971,50,True,6fe23e78cc2b7c8469b214ddc922337b8bf284441318773a3e35ca9d84a5f11d,97408c2fcf3c8479c6ccf5c91f41d8ba0e2857b6,False,False,False,False,False
grox/core/loading.py,grox,source,.py,2167,66,True,924a1f8d012d84112fcebee36af227730cb3e78ed246ca43a1bd00ead97cbf80,951609bdf452f73fd480c2bf1491b73393449cf7,False,False,False,False,False
grox/core/plans/__init__.py,grox,source,.py,0,0,True,e3b0c44298fc1c149afbf4c8996fb92427ae41e4649b934ca495991b7852b855,e69de29bb2d1d6434b8b29ae775ad8c2e48c5391,False,False,False,False,False
grox/core/plans/plan.py,grox,source,.py,3957,103,True,d94cd66d0738bacc32f7a39ad7876e785af17a1a492c634dfa085c195829a0a0,b1aa034e3704681717493da6aac92ebed5f8a45d,False,False,False,False,False
grox/core/plans/plan_master.py,grox,source,.py,1564,42,True,d0bdb6f9cd3d0875c395665901191a2e1e69a75ac78c49b89f6cac3fe528f32e,e25d6fa31de0fceef6a53b0795164266facb93fc,False,False,False,False,False
grox/core/plans/registry.py,grox,source,.py,412,15,True,d461a7bd3bfbbfb5d1bc33075c17a1620a29e88116a48773568092c8d2a11a78,ce7e49fc618820fbaaa45799e241930f4e80731f,False,False,False,False,False
grox/core/processors.py,grox,source,.py,1276,47,True,cdb2d6e862f0f46c9a6064579d4a77907fc4e46ace3986818521e5f6a34d8105,fe977dc6d4d1c42910ca0026a49fa821da1ec7ef,False,False,False,False,False
grox/core/registry.py,grox,source,.py,745,17,True,1dd1ae5ea415f7093d4e29c1bb77483e877fee037c265aeea18e6142abf320a5,bceaf19dd13c161d1acf25cc4d091a5ce258354f,False,False,False,False,False
grox/core/schedules/context.py,grox,source,.py,1155,45,True,2b99e2cf3ff29c31948ef6b29c2f28b6b1f82b963ee866e59c13822f72c36485,f9524814318ca229d0c477e9be832255eabdc53d,False,False,False,False,False
grox/core/schedules/init.py,grox,source,.py,1185,40,True,df0cd7983aff71cf1e4283ab0bb3063756e7ba13cbb1e53fd9d6267180b76d81,9a70ac47828001fa999ea238369f0bb97a05da7d,False,False,False,False,False
grox/core/schedules/types.py,grox,source,.py,1491,56,True,35edc0d28fd9dbbc210cd77d7212fc7ca02f858a46fcc4a7390e667eeb58cbda,8471d360e1c70b7163237124fe0114bc2f7b2b70,False,False,False,False,False
grox/core/services/__init__.py,grox,source,.py,0,0,True,e3b0c44298fc1c149afbf4c8996fb92427ae41e4649b934ca495991b7852b855,e69de29bb2d1d6434b8b29ae775ad8c2e48c5391,False,False,False,False,False
grox/core/services/registry.py,grox,source,.py,702,29,True,9d12fcd550a6d1b51a832bc76ca0abf585232ec9b4243da5e42671591583c0d8,3a7ff811295c815b5e5acf7592e3ca41673bb972,False,False,False,False,False
grox/core/services/service.py,grox,source,.py,2175,58,True,833336ab434c36ffcfd6638a3a8135fae1b6877a351f05165e4e73ef7d43dde8,5428c22824e8db5c59185e743106ac552a28d555,False,False,False,False,False
grox/core/tasks/disable_rules.py,grox,source,.py,561,24,True,f015d699909befe1c73243eac17ba6cc2fbd26269079ff8bb1e0042e23afced8,9b18cb697d8ca13acc88c0a52b507d9fe9bd9a6b,False,False,False,False,False
grox/core/tasks/task.py,grox,source,.py,3730,117,True,8fb1d448fd19f3c8a7823f580b18df1294fadc1932577430095df157bca2590c,c1db9b2a28d317c5069bae271e7c9037ab5ba1c2,False,False,False,False,False
grox/core/tasks/task_asr.py,grox,source,.py,5989,151,True,d9a5ecda96d74d424b182d326cdb8febd7a9928c7c5ffb3611dae8662d1e87ae,3ec00c34996bc7cf9c4ee282c2ae283f072307fc,False,False,False,False,False
grox/core/tasks/task_filters.py,grox,source,.py,980,35,True,8e65c7a9e071a10d7a7492cc245d3edd4a38db8fc7e02e8caeea64864e4d0041,0f1cb949cda324c2c7cdfbfa23029edf6d5253e4,False,False,False,False,False
grox/core/tasks/task_load_post.py,grox,source,.py,595,15,True,ae1b4b5414f72654a4f4ca811e724b70b2fc9f0a3f4f4990a339e912086c41ae,bc6bfa3a793d7fc69057b573945b258128a39c2b,False,False,False,False,False
grox/core/tasks/task_media.py,grox,source,.py,560,13,True,bb04af251a89f1b41a12724d860048a0bef7f773f19981bc3e7b2e87e78556ba,9aaa78af36dafb05acb822251cc028e7ac0fafe9,False,False,False,False,False
grox/core/tasks/task_rate_limit.py,grox,source,.py,1782,59,True,7a3b7f83081d8d350c2b8d97feb793c80fee3cc78e2eea50bfac8cb3e1b890e4,10440570b31c03a352ac9adf7a9bf661efe8c24b,False,False,False,False,False
grox/flows/mm_emb/__init__.py,grox,source,.py,0,0,True,e3b0c44298fc1c149afbf4c8996fb92427ae41e4649b934ca495991b7852b855,e69de29bb2d1d6434b8b29ae775ad8c2e48c5391,False,False,False,False,False
grox/flows/mm_emb/constants.py,grox,source,.py,1011,17,True,63dea47b3bb7e6a0cca4c010c57b68bcae1401811aeccda90c4833696221da33,dfecd1157590c83342ded33cc45aa89ac92a9be6,False,False,False,False,False
grox/flows/mm_emb/disable_rules.py,grox,source,.py,376,11,True,ef667a6f2db9fe889333d9299b28dab0e90bcfc87bbd284c0b94d74d0a09336b,cdb4badc27838555b4ea8fe8e7b59cec060bde50,False,False,False,False,False
grox/flows/mm_emb/embedder.py,grox,source,.py,4372,116,True,54603863d99ca234a4131fe10c104c647f416e13ead5a5c546726f5258d2ffbf,efdc5b9ca04f96d1006a1b96a7d617674bf3fd1c,False,False,False,False,False
grox/flows/mm_emb/embedder_v82.py,grox,source,.py,4268,114,True,bdfea9c0d5a1368af7a9f813de6ce0a76d957f5dff19f35d3e73e1a3f9e8d00b,e52bbd5f2e3de970b8a03da39eac7087dae3da29,False,False,False,False,False
grox/flows/mm_emb/generators.py,grox,source,.py,2563,77,True,e449d6bba7a6d561d171a9d1c32b35b2be623ccbc718995072467cd3ad87c21f,8ca732e303266dcbd58ff45956dc26c8cfb7e6c9,False,False,False,False,False
grox/flows/mm_emb/plan_post_embedding_v5.py,grox,source,.py,1517,37,True,b20d4288cbbfb867977c51ec98af027a030fe1248b5041ada066bd38cee90238,4947fa08bb60f3d8731a7036ef91ab67a49b32de,False,False,False,False,False
grox/flows/mm_emb/plan_post_embedding_v5_for_reply.py,grox,source,.py,1571,35,True,312e6e454e827182dce03fa6b6baac81fa3bb81c9e2b1a7770562729286ef8d2,585d4c090b2cbfe0e69d6d8ba0687e23072de5f6,False,False,False,False,False
grox/flows/mm_emb/plan_post_embedding_v82.py,grox,source,.py,1304,32,True,262b711dc34c8e573bd96e6ce2afd743ceeb647eb932017e14e964d89e131033,865244cf76d393488fb31020caa115ebb8829fd8,False,False,False,False,False
grox/flows/mm_emb/plan_post_embedding_v82_for_reply.py,grox,source,.py,1588,35,True,a6782b6d5b77d6db1f541649d35fcdc5c206d79d39f21756dcae67fe97bf1525,7f16d31a9b2c1c3d25c20ad87c500a8afb29daa1,False,False,False,False,False
grox/flows/mm_emb/renderer.py,grox,source,.py,6465,195,True,b120cf08a7776c8117a02f97c1948fac0a387628c7301c9d18df6425d0d54eb5,018048ac51f4b874082f2977e7da9fa7f20c0990,False,False,False,False,False
grox/flows/mm_emb/renderer_v82.py,grox,source,.py,11770,372,True,358908044ca4d80ec7559300cb11f3979fd0cefc01477966ebbc0e04ea0777ae,ce13ad33ecf0aa5b7c1035b3f0639e1a573e70c7,False,False,False,False,False
grox/flows/mm_emb/state.py,grox,source,.py,159,6,True,e8912c9d81a2a64c3f9292b2a975e228d7ec59cbc37d0500c8949c1e9444deb0,8b5c0130ffa5d1e588a1551323d892fd539badaa,False,False,False,False,False
grox/flows/mm_emb/task_embedding_pub.py,grox,source,.py,1875,56,True,b434466b96b233a85ba31a82f9c5a00a72b49609a23df13263d385f436b92674,19aaf1d600a8c05dfeea6d4ed7797b93060361f9,False,False,False,False,False
grox/flows/mm_emb/task_filter.py,grox,source,.py,1875,50,True,567dc9638d2d9c5be3d93759e5e2a2fca834ba636420d8cf0f837b687bf113b8,f67d5d5a709204658f49618f33827b59d342f3b7,False,False,False,False,False
grox/flows/mm_emb/task_multimodal_post_embedding.py,grox,source,.py,3311,77,True,9b9d9c42cc8fdc5de95b54183b6041d99e1986068005e7546765c6aa54436fed,fbef34decfc927691183ee77f78cf2bde9c8c9a2,False,False,False,False,False
grox/flows/mm_emb/task_rate_limit.py,grox,source,.py,697,23,True,a6a47c59213b3b7995caa99b9c15a1fd1b35fd0b8d732d1af839515b2ced48af,15df1066209ea60a5830ce9cb2cfbb1111a34203,False,False,False,False,False
grox/flows/mm_emb/task_write_mm_embedding_sink.py,grox,source,.py,5829,160,True,aea74ea201fbbf1e61397fc967794fb4dc3baddb37e71b06e8aec9a64bee352c,ee5798b0f35313ba1913a461c123ae9e22f3c688,False,False,False,False,False
grox/flows/ptos/__init__.py,grox,source,.py,0,0,True,e3b0c44298fc1c149afbf4c8996fb92427ae41e4649b934ca495991b7852b855,e69de29bb2d1d6434b8b29ae775ad8c2e48c5391,False,False,False,False,False
grox/flows/ptos/classifier.py,grox,source,.py,21408,543,True,4fc06ea391b11f7235510e0d2e258e36d8088378e758a2382cee2a49eeee4f8e,46805c11d1307bb06ae1225719f71e306bfc03cc,False,False,False,False,False
grox/flows/ptos/constants.py,grox,source,.py,1121,25,True,fd3810d16ee0f92ff7fc2a9f85cbe4fbb024693d16944bc9f95c5d5014eb4e51,26e0a4869887986ae7c9492a24cc4626369659c8,False,False,False,False,False
grox/flows/ptos/disable_rules.py,grox,source,.py,369,11,True,139923a7e0fe19f9be37c200c46b946e7b1bca0bb65166660ad9aa9d00a2839d,2843ba81a755e8a387c51beabe212bf91d929486,False,False,False,False,False
grox/flows/ptos/generators.py,grox,source,.py,2858,90,True,951feebc8d3e37a518c8edbb128afb68ab9a2c9d292b41f03c077e85bd2f5186,e769a2fbf726d2fb351215d9d675a2f76478a517,False,False,False,False,False
grox/flows/ptos/kafka_loader.py,grox,source,.py,1790,49,True,3100329eecdecbdb0c86043f9f9215ce8c17f07f4b749e583ed111dfecbbc644,83ed7f1f1da8a1611095fc0f40c782131d4c29c2,False,False,False,False,False
grox/flows/ptos/mode.py,grox,source,.py,869,28,True,0e4908d3fea507e44ef9e54eb1e7b38cedf790c7c001164d348bd0279cab8c6d,eb894e80b1ea2a2d0a0fe945330e84ff1e25480e,False,False,False,False,False
grox/flows/ptos/plan_safety_ptos.py,grox,source,.py,2296,48,True,e3a9f1fb72e0d02707e633b25972a717d14fd5e68cc864103dd71fd166bd0c87,92215599aa1f7db797add8e9ace8af7ca3be2cf6,False,False,False,False,False
grox/flows/ptos/plan_safety_ptos_live_cluster_anchors.py,grox,source,.py,1823,38,True,75410b0360ef827dea4253d66d7f4fc708839d4b16f0f1c176de8bf11fcf24f4,01f0a2143a4e10c845d7cd1d7dbd225ab8ca40f4,False,False,False,False,False
grox/flows/ptos/plan_safety_ptos_realtime_with_signals.py,grox,source,.py,1511,32,True,23c9979d45318fc6ee515217769f2ffe573bbc75cd3ff2d66f08a23e08a01cf5,f3db39986ddf819880103ea3799ab2676a1ee935,False,False,False,False,False
grox/flows/ptos/prompts.py,grox,source,.py,1472,57,True,ea4b567561eaaa7bc664f705222ebd693f1ec2dac5b054cb4d1026177a747aa9,79702dce76f1fbc4aa47dabb1411e78c42d813c2,False,False,False,False,False
grox/flows/ptos/state.py,grox,source,.py,4661,125,True,d8bd13143a0af56a295d5d947b0383132a34b041d5d75d42b4beaf6571e14d5d,9be56b7e6f9cd8c9d83513a365818077850ecdc0,False,False,False,False,False
grox/flows/ptos/task_filter.py,grox,source,.py,3239,86,True,00ea36fc03b9b840fb81dbc4093d9def548f7db7f484035984abbf8811891ebe,584d3b9be79bd53e1f066040a9e738e1ffbdc574,False,False,False,False,False
grox/flows/ptos/task_ptos_spam_detection.py,grox,source,.py,2399,62,True,c2409cbc50451ebdc12532598f351956be82a51102f03d611def5836e9e6d131,b82a4e55968bb86dddd46fd32739d0dbac31d98d,False,False,False,False,False
grox/flows/ptos/task_rate_limit.py,grox,source,.py,1301,35,True,9165aa1f3c654bcf449588b33f19b7ffb12fedc386604e2443932e5441dd8181,2cf8c396e12613c6cf4bb5e21cd98e3cc85ef849,False,False,False,False,False
grox/flows/ptos/task_safety_ptos_category.py,grox,source,.py,3396,83,True,b02642ff9d7af6109173b41e94c98a8a89447026a885394705097085d211361d,3527ea8b9a3c2949a927d023619892ba15c612a5,False,False,False,False,False
grox/flows/ptos/task_safety_ptos_min_traction_dedupe_filter.py,grox,source,.py,2476,65,True,8391b27382e34c62bdfa0c58280b0298b98d1d9d64b0db157df7fbb6123cc367,41db271ac54aeb7d8dafc93b72d597534f218b46,False,False,False,False,False
grox/flows/ptos/task_safety_ptos_policy.py,grox,source,.py,6746,174,True,128111c209bc9d43f0d72f2a5bbae40aeb757a3ec9aa841615bdd32bb02a9d25,d3343acd5fd926f8707bcd0c00eba0c5142fe853,False,False,False,False,False
grox/flows/ptos/task_safety_ptos_safemodel_sex_nudity.py,grox,source,.py,10862,277,True,0f09491e5f5f3f5bbc82a2078aeb3e30ac591f062e58b56763bd72a542387ba9,a7709b61cd581f0aff2605444fa9170766fef252,False,False,False,False,False
grox/flows/ptos/task_write_live_cluster_anchor_verdict_sink.py,grox,source,.py,6504,183,True,0e680473868b469be04535727f265711a1dc9a69a5e924abf9754232fb7b21aa,3d8d0f8a496bab4ca0f5230d0fcbea2a12780318,False,False,False,False,False
grox/flows/ptos/task_write_safety_post_annotations_result_sink.py,grox,source,.py,20901,499,True,28ed4e087d0afca2e9bfa1616bdd679d2fab1bcdeca69e6cd911d59e4fea25d4,335bb28b398cbeb7ce050178fce2db6b4b38ede5,False,False,False,False,False
grox/flows/reply_spam/__init__.py,grox,source,.py,0,0,True,e3b0c44298fc1c149afbf4c8996fb92427ae41e4649b934ca495991b7852b855,e69de29bb2d1d6434b8b29ae775ad8c2e48c5391,False,False,False,False,False
grox/flows/reply_spam/classifier_coordinated_spam.py,grox,source,.py,8342,218,True,78a437d67ee6ce9f93ef0105a62b37febc739f8b753e1c8d317f5ade64b083f0,ca97e56f2d4ec33f0c1f4bd608e9960d3a6919cc,False,False,False,False,False
grox/flows/reply_spam/classifier_reply_ranking.py,grox,source,.py,6401,171,True,e786781a5f4e6f157e3dc6ef851efaa0e4d5969351584c7c3dfbadd3ba417a2d,1166a12787b5ec232266fb4f68febf39ab0b3681,False,False,False,False,False
grox/flows/reply_spam/classifier_simple_reply_scorer.py,grox,source,.py,1247,30,True,3136fdb5407def75c4ec956f57581ffd9c4b6459a48c02bf6c2018b15dab93eb,bf3b1798163c1d84868cc7a621f713a1a817f320,False,False,False,False,False
grox/flows/reply_spam/constants.py,grox,source,.py,246,5,True,4a4dc57a2d700de8924cc9ecd2baad87c4730012431259bb204ed3152f237f34,5b60b6f694e70503c92a36b86775b7c96bcfd56a,False,False,False,False,False
grox/flows/reply_spam/generators.py,grox,source,.py,1101,34,True,2fd8a16041c041027bd7011362902549229c21197eb5f7a7ea7d0e1abecbc666,20a1d1e70dbc094653c3beb410a5c9286eec31e4,False,False,False,False,False
grox/flows/reply_spam/plan_coordinated_spam.py,grox,source,.py,1393,32,True,3ae8c3d4a10719961940b2569aae27c79351c7859dd376a4110738b205e1711e,878695a88769d635c3130b0ae93a3776d9d5a8fe,False,False,False,False,False
grox/flows/reply_spam/plan_reply_ranking.py,grox,source,.py,1237,30,True,9399bb7353bd0054134bed13069761a953af277574ec623c182d89062fb9c4db,c539a1e48d0b50a95e1b6d2155a34991fe0d0a01,False,False,False,False,False
grox/flows/reply_spam/plan_spam_comment.py,grox,source,.py,1189,30,True,b51cd9dfde722d6bff191426335fc56d45155a7ce04fffe4b8a23cf0e9da04d0,df5aac10225815b21c917531b05d410b038320de,False,False,False,False,False
grox/flows/reply_spam/prompts.py,grox,source,.py,947,30,True,e7b790c79c1ab9fb56bd2307ad9642178e52de63fb8395d87539682376461297,b4c91459215c3b0c03d71222197c472c8bebafc3,False,False,False,False,False
grox/flows/reply_spam/state_coordinated_spam.py,grox,source,.py,284,13,True,86604d4c1a29ce151edf80e877aab9eb31a170c82c9e6b0e2458ac084ac9c08d,7733f5ed31bed3c11e73a6df00f93b3f5e12fe09,False,False,False,False,False
grox/flows/reply_spam/state_reply_ranking.py,grox,source,.py,217,13,True,a66ba1d3b91dfab56a7202ef112d77289139d262ebfa637368f510bd0059df9c,5753836d856bacf14b7a937a588afaab14eb1111,False,False,False,False,False
grox/flows/reply_spam/strato_loader.py,grox,source,.py,935,32,True,70853403a91c07a563ee3b79b4ba5c0ab01900fbbbc39f1c7f6bae18ce484850,f882d985ec3ad64ac0e9ca4c6c7cc968e337ec67,False,False,False,False,False
grox/flows/reply_spam/task_coordinated_spam.py,grox,source,.py,1952,48,True,16b3728ec6e748968637a2d4209b1b5f1aad62bb8130fb81836f7b378f9a6196,0fe328dee8552eb782fc3a85ec130e5538aeade2,False,False,False,False,False
grox/flows/reply_spam/task_filter.py,grox,source,.py,9972,248,True,372c73911b31cde8cca347bcbe9e9375a5eb076ed535459f766edb08de3a8fbc,3bf626a87393c5384337de9e9e560264dde4560a,False,False,False,False,False
grox/flows/reply_spam/task_rank_replies.py,grox,source,.py,1277,31,True,4f02ae1d7576820a988d2bfa1e6bd44b074ec89034f6eb0f72a75a74c5426e74,bd26a82c5271161a84fcacabfda8cf4cb5ba0662,False,False,False,False,False
grox/flows/reply_spam/task_rate_limit.py,grox,source,.py,585,18,True,83349457b1b533e5135aa63d235141d78983869b4b7e1b5680bf3c2e03fed081,636bd42720f2c18a1c1108ff6075af03266dac97,False,False,False,False,False
grox/flows/reply_spam/task_spam_detection.py,grox,source,.py,2193,54,True,d56e583a7afe77d8e1213bfc3c00f5d3c27c634b5d34028e34b5be784791c1b6,03a4783eb8636a163ec8a0e6d3e9d7de46932110,False,False,False,False,False
grox/flows/reply_spam/task_write.py,grox,source,.py,7021,193,True,5b9a545f2ec11bc5f7b1779a8b9bc416eb3b16e83091376c8e1f6a92d6313d9f,1149af261e9d618d1190e3d97f147965a4f4b841,False,False,False,False,False
grox/flows/upa/__init__.py,grox,source,.py,0,0,True,e3b0c44298fc1c149afbf4c8996fb92427ae41e4649b934ca495991b7852b855,e69de29bb2d1d6434b8b29ae775ad8c2e48c5391,False,False,False,False,False
grox/flows/upa/classifier_banger_initial_screen_gemma.py,grox,source,.py,5606,154,True,17e6dcb5592ec123386eba35239f1d697a8458c63d95e27377c03b2b1037fa9f,b8170ac513b1ff8bf3947b5b0e2573b5274ae7be,False,False,False,False,False
grox/flows/upa/classifier_post_safety_screen_deluxe.py,grox,source,.py,2820,75,True,75e6918cad4a0208906fc62d182462e3874805baea5d3c2ff7032ed8dbd92a39,29e332188cdf65d60e8f0e3421a69e14ae74cfe3,False,False,False,False,False
grox/flows/upa/constants.py,grox,source,.py,438,9,True,2b897099363311d9c0d92a289074c6e0ef436bcf133a12e3e94354b863577dfb,a3281ec17197e74832e001d7c27b6111b8dba587,False,False,False,False,False
grox/flows/upa/generators.py,grox,source,.py,1230,40,True,519f7c6b9c3dea5a24415259a44d1bc81e37cd7a6f2670ec1bc51edbb27bb2a9,b9d3190d393c3738046147a069ad32441669143e,False,False,False,False,False
grox/flows/upa/models.py,grox,source,.py,452,20,True,5e6a2e71436a64fcee0b6a334e92672de1da24c35fc7aee2029caf2c0a40cec6,96bdec6073c757344f0d1643df3f8d97a10ef90a,False,False,False,False,False
grox/flows/upa/plan_initial_banger.py,grox,source,.py,1520,33,True,216f2c863f970bdbd20a5de1c7a5c5018f3819682b9f1317932e8bdf31d4cea6,6e652018c768b031890c397973f7a49cc3fd011a,False,False,False,False,False
grox/flows/upa/plan_post_safety.py,grox,source,.py,1656,33,True,9e6493b4a6bc95398cd3e25b7d0a7b1981f7327d37f7cec81bece7aff275cf61,4c0ca839d72c09c0fd4bf4538de3635a5520a4b8,False,False,False,False,False
grox/flows/upa/prompts.py,grox,source,.py,629,22,True,d1f17e6d0cf4165a1715795b2d0575d271f7227d13a37d9dd3603bdb55dc7cd8,d720f0647c94227c7498d127dbbda8f5a0aebbc4,False,False,False,False,False
grox/flows/upa/state_initial_banger.py,grox,source,.py,616,20,True,bef3dc252ecdaca3750605d1574e40d5bd87b407419dad2c0f5c39a54921347d,83c35c6b501aee911d499435a8f212e815d1b666,False,False,False,False,False
grox/flows/upa/state_post_safety.py,grox,source,.py,290,14,True,7eb9485708b348525d27fa6f6a02c3052601f1d6a7ae15a6c0bef90234e9b3d0,73f8b9804587f23a05ada077f2967a4db46286f7,False,False,False,False,False
grox/flows/upa/task_banger_screen.py,grox,source,.py,2860,76,True,e237ce45e73564322dfcf4b29ad5a40b4eb38dec1ba2bd0352b146f173b32b36,756b6667725005fc5740522ce7ee10b085fa55b5,False,False,False,False,False
grox/flows/upa/task_filter.py,grox,source,.py,3263,87,True,c78dcba28154343d52b5a4728b18070278d1a3a06ea4049cc61b3da40217919f,4bf55903b9af5230b5b256c5a66284b90198c7ff,False,False,False,False,False
grox/flows/upa/task_grok_upa_action_with_labels.py,grox,source,.py,2529,63,True,63e95dd58108b42333a10381eadc98cf4ae0ea06cf8b4331953f86eb09d9e437,2f67a6519f6b84558ed286e8221d84a3b4054ece,False,False,False,False,False
grox/flows/upa/task_post_safety_screen_deluxe.py,grox,source,.py,905,25,True,43e12865a89dcfdf50d8b9b3adcd4572f156a3393be37e4ae75d4efa6749d72a,cfdf66f36d196d8afd5a7e4cfbf103c4d26d6acd,False,False,False,False,False
grox/flows/upa/task_rate_limit.py,grox,source,.py,406,13,True,aba4e201680a57c556c84fb5ff76d8f4e2c7179e34cf98a55d523c9563e0af0c,eab725b97133a3c70c4e2195ea7b3005e59c6e08,False,False,False,False,False
grox/flows/upa/task_write.py,grox,source,.py,10146,243,True,0bea73c30b739321530b5dc85e7beba809f710d2e3110929e557f15682fc87d9,10d7870c83dedad8006ceb30c7656ec77944bff5,False,False,False,False,False
grox/libs/blobstore_http/__init__.py,grox,source,.py,0,0,True,e3b0c44298fc1c149afbf4c8996fb92427ae41e4649b934ca495991b7852b855,e69de29bb2d1d6434b8b29ae775ad8c2e48c5391,False,False,False,False,False
grox/libs/blobstore_http/blobstore.py,grox,source,.py,5240,156,True,6003d63034a9970d46771536b9c4e534001c94db274d3d619069fb2ff0d88231,9e5f818b13cfb619149534e6adbaf4ccc77e229f,False,False,False,False,False
grox/libs/blobstore_http/cdn_downloader.py,grox,source,.py,2520,71,True,2a860a269b2ff984520d91aaa66687ae4c4a99987dd0d46208cc56c2d43f9583,06739276e4e04e1a751db10e9bbefce21b41d0e4,False,False,False,False,False
grox/libs/blobstore_http/py.typed,grox,schema_or_dsl,.typed,0,0,True,e3b0c44298fc1c149afbf4c8996fb92427ae41e4649b934ca495991b7852b855,e69de29bb2d1d6434b8b29ae775ad8c2e48c5391,False,False,False,False,False
grox/libs/circuit_breaker/__init__.py,grox,source,.py,303,15,True,617799eefd8962c4a522d380166a81c3047de254ed92fe33f3290dd5bd498fb5,265491479e1ee3c30ef00236204d11b480b3a284,False,False,False,False,False
grox/libs/circuit_breaker/circuit_breaker.py,grox,source,.py,7377,215,True,8b78b2dbbd979518a4e6226aa2c824d02130d1bf3b1d0979e810cc9e092b4eb9,cd1be5e43b0776c4ba223420cd52357a74ed96fb,False,False,False,False,False
grox/libs/circuit_breaker/py.typed,grox,schema_or_dsl,.typed,26,1,True,f0f8f2675695a10a5156fb7bd66bafbaae6a13e8d315990af862c792175e6e67,7632ecf77545c5e5501cb3fc5719df0761104ca2,False,False,False,False,False
grox/libs/embed/__init__.py,grox,source,.py,0,0,True,e3b0c44298fc1c149afbf4c8996fb92427ae41e4649b934ca495991b7852b855,e69de29bb2d1d6434b8b29ae775ad8c2e48c5391,False,False,False,False,False
grox/libs/embed/embed_http.py,grox,source,.py,10026,280,True,3782316b758e2d1d3dc0b41d7514cf8472a09b165e44a8b9b6be08678fecb5cb,3e6e8f15e6040be8ef5ea0b09f0261b948a26a71,False,False,False,False,False
grox/libs/grok_sampler/__init__.py,grox,source,.py,0,0,True,e3b0c44298fc1c149afbf4c8996fb92427ae41e4649b934ca495991b7852b855,e69de29bb2d1d6434b8b29ae775ad8c2e48c5391,False,False,False,False,False
grox/libs/grok_sampler/config.py,grox,source,.py,769,34,True,601f0d36cf77aa325bdc21106dc5004ab6f7257a29e7400572e2706077166bea,141ba479a4c4c1f1519fb1631ae62db7806d2030,False,False,False,False,False
grox/libs/grok_sampler/eapi_sampler.py,grox,source,.py,7822,214,True,73ebb963a8c6c234158cc4f5b90bbe0f9c820f0de2975e192e7e11e396d228fd,b06251b66da92bee67f85f089d8dad0dcbae6644,False,False,False,False,False
grox/libs/grok_sampler/llm.py,grox,source,.py,7101,193,True,ad2758b563bcbb783f806e37012d646d0a89e56caa479405c0106b56075c6315,3fca760927341bda699216894d1d5f2c1d616133,False,False,False,False,False
grox/libs/grok_sampler/oai_sampler.py,grox,source,.py,2372,69,True,b214b765e611825bea59d0b2c49bb4abc379b92a60d8be6510eacd2a104127db,08bb031d67bd3941217bb467a16c8172f2af9510,False,False,False,False,False
grox/libs/grok_sampler/py.typed,grox,schema_or_dsl,.typed,0,0,True,e3b0c44298fc1c149afbf4c8996fb92427ae41e4649b934ca495991b7852b855,e69de29bb2d1d6434b8b29ae775ad8c2e48c5391,False,False,False,False,False
grox/libs/grok_sampler/text_sampler.py,grox,source,.py,1334,35,True,475244192e7b5c7fa3e58745db701e7a384aa57587fc807e5b60385fe59517be,f8e6c70bef7fc2f2c2271d54161d014f6028d344,False,False,False,False,False
grox/libs/grok_sampler/vision_sampler.py,grox,source,.py,2215,54,True,44be207d72dc56fd24c3af2e90df8e0a0a9ac008bcee2f86fec6c4cf938c2d62,e9c617fb68ae6e8a8083aedf430edcb9a82c462e,False,False,False,False,False
grox/libs/grpc_cli/__init__.py,grox,source,.py,0,0,True,e3b0c44298fc1c149afbf4c8996fb92427ae41e4649b934ca495991b7852b855,e69de29bb2d1d6434b8b29ae775ad8c2e48c5391,False,False,False,False,False
grox/libs/grpc_cli/grpc_client.py,grox,source,.py,5548,150,True,2329c73a45705d4d7ec98eb30995cc22079f9b2fe88f27d028a8ff73e779ef54,15cda810c1775cf38c0e049954a28c81360994bb,False,False,False,False,False
grox/libs/grpc_cli/py.typed,grox,schema_or_dsl,.typed,0,0,True,e3b0c44298fc1c149afbf4c8996fb92427ae41e4649b934ca495991b7852b855,e69de29bb2d1d6434b8b29ae775ad8c2e48c5391,False,False,False,False,False
grox/libs/html_render/__init__.py,grox,source,.py,0,0,True,e3b0c44298fc1c149afbf4c8996fb92427ae41e4649b934ca495991b7852b855,e69de29bb2d1d6434b8b29ae775ad8c2e48c5391,False,False,False,False,False
grox/libs/html_render/py.typed,grox,schema_or_dsl,.typed,0,0,True,e3b0c44298fc1c149afbf4c8996fb92427ae41e4649b934ca495991b7852b855,e69de29bb2d1d6434b8b29ae775ad8c2e48c5391,False,False,False,False,False
grox/libs/html_render/tweet_render_for_grox.py,grox,source,.py,6459,183,True,fb11da00c36bd060addbaa1b9b8c52909d476a1f9cd58b2ebc1ed93742401cb5,7139465c63116db627cd8da84bf30c39747b0ee8,False,False,False,False,False
grox/libs/kafka_cli/__init__.py,grox,source,.py,190,6,True,f06d49dab328974f4270827fd293e5663a0dd54a4ddd77bb900c0bf3437c0499,d33826e420bde650fc3d90fb3e436591acf1fc29,False,False,False,False,False
grox/libs/kafka_cli/config.py,grox,source,.py,1578,60,True,4c442d8e7892aba74a86817cb194193adff961b46039cf6f57fc6251408cb14c,a379babfcd25700d1eea6fe73bad5d5f9f990cf0,False,False,False,False,False
grox/libs/kafka_cli/consumer.py,grox,source,.py,9582,239,True,36fd3b53d8ff126a8a3f4374ff8a8c4cbc5ef15902ee17da5c59bb22908e60ba,cfdef888aeaab0512227f0baafcb170d405635f9,False,False,False,False,False
grox/libs/kafka_cli/mtls.py,grox,source,.py,1375,35,True,23c1fa7a618ea63cb00fa981a8f1b31e7b8f1d339feeae03a03d5fe2f1c99769,4d1baaee24903d080b5ca6f08cbec439fe12a287,False,False,False,False,False
grox/libs/kafka_cli/multi_region_consumer.py,grox,source,.py,8317,203,True,98f0ed8955e215799fbc7cfa28b8f406cf1ccff13f5ea7bab2a3f6e5ea4d2cff,6e99b1bbed568b40eabd5ef40ac8026ac28f0e19,False,False,False,False,False
grox/libs/kafka_cli/multi_region_producer.py,grox,source,.py,6191,160,True,8e3ae2c290ba6f2d4c4e9136cf57cf1bd84a726ec1c2de46058d538ec606b38e,173b263713c28ddce84f9fbad46c61d46c9ebf0a,False,False,False,False,False
grox/libs/kafka_cli/patched_gssapi.py,grox,source,.py,407,15,True,3d608e9c329a9f53baff7c952b33363ab0672e0d4bd2d8ca4a84e199b4e9a3e3,61dd2921c7c8efbc894fa40234c8cd3ebf342cdc,False,False,False,False,False
grox/libs/kafka_cli/producer.py,grox,source,.py,7763,204,True,6529af008dfad3c7a18cc6c54b8e1541d2facf87d7fcfc864f638d3e45a6019a,2cbc97f1b0fcdfe5915415cf2d3b963eec56cfa2,False,False,False,False,False
grox/libs/kafka_cli/py.typed,grox,schema_or_dsl,.typed,0,0,True,e3b0c44298fc1c149afbf4c8996fb92427ae41e4649b934ca495991b7852b855,e69de29bb2d1d6434b8b29ae775ad8c2e48c5391,False,False,False,False,False
grox/libs/kerberos_cli/__init__.py,grox,source,.py,0,0,True,e3b0c44298fc1c149afbf4c8996fb92427ae41e4649b934ca495991b7852b855,e69de29bb2d1d6434b8b29ae775ad8c2e48c5391,False,False,False,False,False
grox/libs/kerberos_cli/kerberos.py,grox,source,.py,3789,103,True,2f37e16b64d24251a76bc7ed48035a79cf808f55885d4a194776a6180e03e6c7,596ec5ea91fc34c7ef07ce1ee3037e8bbf624f8a,False,False,False,False,False
grox/libs/kerberos_cli/py.typed,grox,schema_or_dsl,.typed,0,0,True,e3b0c44298fc1c149afbf4c8996fb92427ae41e4649b934ca495991b7852b855,e69de29bb2d1d6434b8b29ae775ad8c2e48c5391,False,False,False,False,False
grox/libs/video_tools/__init__.py,grox,source,.py,0,0,True,e3b0c44298fc1c149afbf4c8996fb92427ae41e4649b934ca495991b7852b855,e69de29bb2d1d6434b8b29ae775ad8c2e48c5391,False,False,False,False,False
grox/libs/video_tools/image.py,grox,source,.py,5480,154,True,c1503a6d327dc0c83c2b1759c5bad6d232ca5b597550606d7191b49870ba5e84,03d41365e41f56765c21c1ed1246eb071fbf7be6,False,False,False,False,False
grox/libs/video_tools/py.typed,grox,schema_or_dsl,.typed,0,0,True,e3b0c44298fc1c149afbf4c8996fb92427ae41e4649b934ca495991b7852b855,e69de29bb2d1d6434b8b29ae775ad8c2e48c5391,False,False,False,False,False
grox/libs/video_tools/subtitles.py,grox,source,.py,2794,79,True,b067b877209f30f5df46ddb5d64291ed648c8f58012a8917427115314e62b008,c1f8d4063cbda53686e80b6ccc52a52c3726caaa,False,False,False,False,False
grox/libs/video_tools/video_frames.py,grox,source,.py,7073,199,True,3ffcf74aed3a720dd3f8bfe4206bf0752bb9826fefd69f22c5f811d717403586,bfb1b5541685b7e46d6a5aa814d1dfbd1e84054b,False,False,False,False,False
grox/libs/wily_cli/__init__.py,grox,source,.py,0,0,True,e3b0c44298fc1c149afbf4c8996fb92427ae41e4649b934ca495991b7852b855,e69de29bb2d1d6434b8b29ae775ad8c2e48c5391,False,False,False,False,False
grox/libs/wily_cli/config.py,grox,source,.py,383,12,True,922e1d08df7cdf15f4ef622fa3a7e4ac6f52c16d39e980a523867d33528b2464,46a778312e8cb04cf8d591bb15502b4bc3f07557,False,False,False,False,False
grox/libs/wily_cli/http_client.py,grox,source,.py,4298,121,True,b8af0a08038bbaeec486d129d4b93361e6290c2438e0e7b2738cc23cb7e3b0ef,e93fd20499b9b55a96e4a16f9ebe11a6ef470a6f,False,False,False,False,False
grox/libs/wily_cli/py.typed,grox,schema_or_dsl,.typed,0,0,True,e3b0c44298fc1c149afbf4c8996fb92427ae41e4649b934ca495991b7852b855,e69de29bb2d1d6434b8b29ae775ad8c2e48c5391,False,False,False,False,False
grox/libs/wily_cli/wily_client.py,grox,source,.py,4346,128,True,5886c4783548e60ec27f2a8052eb1366766fe98d3420803c0516c0b994d50436,038f9c73eeb39f17ab519c5689e8451a80d8d156,False,False,False,False,False
home-mixer/ads/following_ad_blender.rs,home-mixer,source,.rs,5729,188,True,9b0cc5e90be23da42c6c9dfa9a0d634222e6778c1aefd7b88713eeea65614e84,3383aa4b6e3a54f3da7b667f702571ff6a254480,False,False,False,False,False
home-mixer/ads/mod.rs,home-mixer,source,.rs,889,26,True,66e38351f6a959607811c1fd1ca0bd18c0b7fcbe0647ab407f53b8dab7effcbf,1727f77765887ddb96c348c85c3cae26ba0fb2cb,False,False,False,False,False
home-mixer/ads/partition_organic_blender.rs,home-mixer,source,.rs,8683,292,True,c2902942895e9350d5b6c881fed96353e622d1e4fb55311d83622c40fe94ff5f,1b564c503fe2c1ae56908bd68b5076f806b1eb9a,False,False,False,False,False
home-mixer/ads/safe_gap_blender.rs,home-mixer,source,.rs,2946,107,True,5ae7c8b8afe5a2bd75df187bce19cf0e905157a5d610d925edc49bbcec683e2d,4a810f64933b06dce4a3bf1b2efce85f2cd6810d,False,False,False,False,False
home-mixer/ads/tests/blender_comparison_test.rs,home-mixer,test,.rs,19306,530,True,f943ea0ae4279cefac7dd065d0800479b17c83b41f68bd5298e99ac0f599472d,b402681624306e245239e828307016c29b4ff9ad,True,False,False,False,False
home-mixer/ads/tests/following_ad_blender_tests.rs,home-mixer,test,.rs,7679,250,True,aa48a4d38ee28ac5da014aacbf43d39f2341ff08203735e9656ae90937947020,00e60734613e2c7f8b72279a4ee21e33932ef23a,True,False,False,False,False
home-mixer/ads/tests/mod.rs,home-mixer,test,.rs,154,5,True,a84856bfa53da639de71dab63980692783883bc541435aae452eb392cff61761,c082296e8c3b431572c8dc05b44ca9d47a360c1a,True,False,False,False,False
home-mixer/ads/tests/partition_organic_blender_tests.rs,home-mixer,test,.rs,31726,1108,True,2340e3b9cbdadbac782c8b58a3e1663202c4c18d930bdf8883e55d24194aa0f1,aeab6fd9d280aeb4be2087280ecd2f209538d3e3,True,False,False,False,False
home-mixer/ads/tests/safe_gap_blender_tests.rs,home-mixer,test,.rs,15890,595,True,d67f2979db1ccabbf9ed044e8ae55fcdd5dde94c5fcde567637463a39d9266c4,46393bfdb045468360cf4c1bdcf51a3a1b48acc1,True,False,False,False,False
home-mixer/ads/tests/time_gap_blender_tests.rs,home-mixer,test,.rs,4459,141,True,044ac88b2d23e6647904c4c581c9a639b1dcfaa0642d13c4a8a23c45bc40d64d,4dbd24a08ce0b19409fc86fcd84fc2ac1e3c902e,True,False,False,False,False
home-mixer/ads/time_gap_blender.rs,home-mixer,source,.rs,8065,271,True,19db136b8dc9e640edc78c3e57f459724c04723f4617eb5327db7c4320fe540d,7c080c8c5024ee0c4b7f2650ccdec99f99c578fa,False,False,False,False,False
home-mixer/ads/util.rs,home-mixer,source,.rs,6967,244,True,13dd8649645a85759e26a85584498182a613dc6e63f4af0e6405ac25b96c8621,cc40aa7c6c3487a6fe7797bcf00f2d42ec439e86,False,False,False,False,False
home-mixer/bin/pipeline_components_json.rs,home-mixer,source,.rs,3003,76,True,952849e0c123fe39dfb3b337502d26abd65abfb7f7dba90246f80e3ead81d1d8,1dae548557a422797b6e2beca643b161a27cb6ef,False,False,False,False,False
home-mixer/candidate_hydrators/ads_brand_safety_vf_hydrator.rs,home-mixer,source,.rs,18494,531,True,f83dc6c899f1a68d4b3d6392e687dbf36379ccc6d437cfbee80bb1861c97a616,2d271fa738909829a214c38a8af02cedd34b9f0b,False,False,False,False,False
home-mixer/candidate_hydrators/bidirectional_follow_hydrator.rs,home-mixer,source,.rs,7077,215,True,6854044f34dbc4a7f504e92b23d4c84f2adc7866618a2b854cdff506ab584cfa,139effea279e4b389d9497bada57a2921e2843c8,False,False,False,False,False
home-mixer/candidate_hydrators/blocked_by_hydrator.rs,home-mixer,source,.rs,1830,57,True,37d6868b084700eead7074684d762b499d0ee54df07343087de8e86638abcc39,b284df4d0c65c036f0e57515ed65482d671ad330,False,False,False,False,False
home-mixer/candidate_hydrators/broadcast_liveness_hydrator.rs,home-mixer,source,.rs,8287,245,True,a56c6dcc4ebd6794a5793cdf6499e90ccc6bdcd23720fbd6f1efccc26a9538bd,d06eb060d99a2ca5f0220b5f2bc360d48e7a0a1f,False,False,False,False,False
home-mixer/candidate_hydrators/conversation_gap_ancestor_hydrator.rs,home-mixer,source,.rs,7150,216,True,313160c384f106629bdd22601f1f1088d9a5aaff2b3059b8d5f67fe78498161d,ce0569fe71ffee4a06548b8c8a4d8d2ff7804bee,False,False,False,False,False
home-mixer/candidate_hydrators/core_data_candidate_hydrator.rs,home-mixer,source,.rs,6522,180,True,2fdd208766667cac731c336369d5f6ef2ab0de291b85512c2d345d93cc5c9d6b,fdf9c1d667d5d94eef5a480c119a632874ef6b71,False,False,False,False,False
home-mixer/candidate_hydrators/engagement_counts_hydrator.rs,home-mixer,source,.rs,11127,316,True,b131b708d201262d0a84e1774098966f5c76f5742b3d78d642fbcb9474a2b54d,0ef172d38187ca9ca2f1957681eb16f4dc2f4193,False,False,False,False,False
home-mixer/candidate_hydrators/filtered_topics_hydrator.rs,home-mixer,source,.rs,4988,132,True,8f6d14f1b4bbdd00d88fe533d40f85a851d090eebc7d116dd776c6b835598191,32db8d9bc3fce93b079cfa2ab1c941bad594bd6a,False,False,False,False,False
home-mixer/candidate_hydrators/following_replied_users_hydrator.rs,home-mixer,source,.rs,11640,361,True,6af42c7584b1dd22256218d1329f7047af38a977da543f6ebdb4c2e2a31e5300,8c69fafb1a359882ccd65a481b30cdfc052dde4f,False,False,False,False,False
home-mixer/candidate_hydrators/gizmoduck_hydrator.rs,home-mixer,source,.rs,6796,177,True,c58cfed000a5e0c472d3f53c7a7d925d54ad7b9b3554c0d55988da48edaf3b9c,15ff2bda11c8694d8a225943b57bfde175165078,False,False,False,False,False
home-mixer/candidate_hydrators/in_network_candidate_hydrator.rs,home-mixer,source,.rs,1381,45,True,3c66f05cfa3c830dc6b924eb8b5229890bc6e03b590f030c53390834d92bec62,fba4caadd36abb251c3a8d62d85dbfa7e1d560fa,False,False,False,False,False
home-mixer/candidate_hydrators/language_code_hydrator.rs,home-mixer,source,.rs,6835,222,True,97f1c416d9791895bedcb050ced3051577c47470c5a2256a19bc54f433a6b8c8,1b48487550ad927828ddc4b3fe566335b9d926ec,False,False,False,False,False
home-mixer/candidate_hydrators/media_info_hydrator.rs,home-mixer,source,.rs,8396,260,True,6a494990a6973fd4173d14d52e7ce83e3193453a38634e6d31e284092625987a,57db63a78b46e16ee4bcfb895e4f45aa48abc505,False,False,False,False,False
home-mixer/candidate_hydrators/mod.rs,home-mixer,source,.rs,662,19,True,98cc9d3ddf56e0c291ae5b7656e75ea7e25fd198ff65eec5da28759cfab3fc4c,6527acf160609208a1a2bd62d1cb1118eb6d5636,False,False,False,False,False
home-mixer/candidate_hydrators/mutual_follow_jaccard_hydrator.rs,home-mixer,source,.rs,5454,163,True,0850bd354e85ecd1c6474f917524d1379edc001896eb4641df1ce7bc015806f0,221c045bd4fc433b42f7e924b04b7a8c584b817b,False,False,False,False,False
home-mixer/candidate_hydrators/quote_hydrator.rs,home-mixer,source,.rs,6088,176,True,04f710de121a356811a67c519c43792c80b6c9f638aa0fd4a5ecc31a1e2b6016,47ff784210f5fcf875d160037845fad3428e4596,False,False,False,False,False
home-mixer/candidate_hydrators/semantic_id_hydrator.rs,home-mixer,source,.rs,3798,119,True,113f229fea8c4087bc90dded15b8bad2d0e49c4bbaa8d516a3908dd99e0cfe5d,be4c96459f5a735613de65154a31bd7f2f5442a1,False,False,False,False,False
home-mixer/candidate_hydrators/subscription_hydrator.rs,home-mixer,source,.rs,2714,82,True,88371bc649e86bce46840c36fa6c64726ea98806fe04c60d4c34b464d5243012,b5309eb3892b9f4bce457fcbbf0cef82d7c9eba5,False,False,False,False,False
home-mixer/candidate_hydrators/topic_feedback_context_hydrator.rs,home-mixer,source,.rs,11800,330,True,d6944e99ed854999dfa452a5eadfa4f73fcc76531b50e32c6fd7d568fcf55f92,ca9982f9eda836e9af114d267a051bf42c77ab03,False,False,False,False,False
home-mixer/candidate_hydrators/tweet_type_metrics_hydrator.rs,home-mixer,source,.rs,8005,247,True,f3ad8e4ad25718a13e84e03de694e405a7d424f961dc96a5256f3f8f41a32015,18f456d9bc5c44de3c3d628bf253f3a041ad1e2b,False,False,False,False,False
home-mixer/candidate_hydrators/vf_candidate_hydrator.rs,home-mixer,source,.rs,5722,178,True,664c31755406dabc10bd9f2b25f4078ecc2154eae0150ac54bbeb7d90baee0c0,24cca235c86971a2b522a9493c5e5bd189766954,False,False,False,False,False
home-mixer/candidate_pipeline/following_candidate_pipeline.rs,home-mixer,source,.rs,12678,294,True,589339e94d5e1efd595d56f0dadac5083cafbb5721aaccd52ecc005ad55b371a,c1efd9271874c178f4cb7d3a2c1c4e329391f74c,False,False,False,False,False
home-mixer/candidate_pipeline/for_you_candidate_pipeline.rs,home-mixer,source,.rs,13660,326,True,fc68b114007a90639e251efd391dd44a77ea2b30db0bcbe520d4c19b69f23bba,9ad2512da39872aafed997e4485e83d6ef195f68,False,False,False,False,False
home-mixer/candidate_pipeline/mod.rs,home-mixer,source,.rs,3516,94,True,1ec54d3d17cb7eb3438b526c5706e4e2b1ecb7c3464083a60d58c16abfc48285,bee268946734593bd4ccf636bec1c058aa080158,False,False,False,False,False
home-mixer/candidate_pipeline/phoenix_candidate_pipeline.rs,home-mixer,source,.rs,49271,1070,True,4c852f4e7bfa6d95fe1192a377f0dcefdc9deaa5dc4c0d7c0aa6d9c233e7d37a,3595411e53f4499c6bfc1c83904354a4d8085743,False,False,False,False,False
home-mixer/candidate_pipeline/phoenix_scores_pipeline.rs,home-mixer,source,.rs,20043,448,True,76224319b8e987d274ad73bf8da6f230b121d402a2edfcf0813a34be97c5a257,6a79621f1740553aed692ada1a7026d29bd5b769,False,False,False,False,False
home-mixer/candidate_pipeline/ranked_following_candidate_pipeline.rs,home-mixer,source,.rs,9402,227,True,11c982f8bff373d58b9225532b36212f9b703abfb42120695a551adec4fc9fe2,87b8c0a5a64929c3d3507e2374193c8ed15e0311,False,False,False,False,False
home-mixer/candidate_pipeline/reverse_chron_posts_pipeline.rs,home-mixer,source,.rs,8060,204,True,567543dd779337f1d88f23d0e16f17e58215ef771530ef1828c64f7c4a5c83ca,90cac898c6be7ea0cb174c4bbf29ca9887971193,False,False,False,False,False
home-mixer/clients/ad_index_client.rs,home-mixer,source,.rs,9659,304,True,e324e4d6b93fafceb6e9df2642bb6330ed2ffc58833196a5f3d6fd104544f410,5ed6523be03c2d71b91a4c79e5ba7898ef461f79,False,False,False,False,False
home-mixer/clients/engagement_counts_client.rs,home-mixer,source,.rs,5391,185,True,add5567ac0fca838bf011885d8c7bea54e9dd5c198ac238b6bee0c931c52d0a3,677b9e75d30878ff52e44ff6ae6535584b7b0a6d,False,False,False,False,False
home-mixer/clients/engagement_signals_client.rs,home-mixer,source,.rs,6134,212,True,98172655433bfa7426f556a9b5f7606c0b243153f5d7c53f1a31afea49fe2e12,041b2c26d7a7c9bfe720c6047b743242d892ca46,False,False,False,False,False
home-mixer/clients/gizmoduck_client.rs,home-mixer,source,.rs,48,1,True,f7727e525cd8f8f135abf9e811988efa534de36f90c1935dbca18a4ea189d391,253359cf656b42bb8245e6347d0b095efa02c7e7,False,False,False,False,False
home-mixer/clients/impressed_posts_client.rs,home-mixer,source,.rs,3012,97,True,54377ca9d67299b3cb13aed6fb6595f32c4b1ea45d145168c78dc00992c30f70,e471137d5de516755cd1f33770649367943f7ec0,False,False,False,False,False
home-mixer/clients/mod.rs,home-mixer,source,.rs,533,19,True,18343ae58bb9c78e05956c42510c7dbcde2a9241b8411878c9cb80a307313295,8cfaf13733ad163e13b8b7ae940096855bcc7945,False,False,False,False,False
home-mixer/clients/night_owl_client.rs,home-mixer,source,.rs,3416,96,True,226d2a2cb613cf8a42a90181482930ce722a6bd34362f9b8fd6e747135bd3dae,45efc3ac8a35a3c4fea9abf2793c2ec3967b3d50,False,False,False,False,False
home-mixer/clients/past_request_timestamps_client.rs,home-mixer,source,.rs,3471,106,True,761e9e4a331ef06650b7404ecc8062809c1b601d5a0dec2f745537e2abe60b1e,4ee481740736435be3e0ecdf556096b189de4189,False,False,False,False,False
home-mixer/clients/prompts_client.rs,home-mixer,source,.rs,5093,141,True,a64c832d37e74ede6dec7b2ae726ced21766566b147fca1f8000db96d0d482a5,62bedc2b89c968c20cf3a4ff428091d29450bb71,False,False,False,False,False
home-mixer/clients/resurrection_date_client.rs,home-mixer,source,.rs,6259,199,True,3d55a571cf6c8ef24443d11c2dce9f02b1440cc9cd3c34a88b37546d10e4370a,1a74600b5d12396a5dc85e2a7936c1691befe86c,False,False,False,False,False
home-mixer/clients/rotating_channel.rs,home-mixer,source,.rs,2422,74,True,99835ddf9b6d6a2ad04a6755205d56d8aceeeb448e2df8deea9fb87bf83f85e3,ebfeb50b071e38bd6f970fab00f18ff895cda76f,False,False,False,False,False
home-mixer/clients/s2s.rs,home-mixer,source,.rs,35,1,True,07ee2260eaa143c3fb0384886bcf873054c097319eacb5f1e0b903452179614c,7bd91f5c8ba0a3c3e9d75c57d869f2882f492d4d,False,False,False,False,False
home-mixer/clients/served_history_client.rs,home-mixer,source,.rs,6603,225,True,fcd0e089b05848800d9628d8cdb8eeb56496e0bb12f0dc249291a3e25ab8e1f9,d7676e807e2f795f3a5eebf0b5ffb616758cf618,False,False,False,False,False
home-mixer/clients/simclusters_ann_client.rs,home-mixer,source,.rs,5175,144,True,f17d758532a3914a5d3a4a99e73f48f4c6ed4e53795eb48d97344b8fbee429b0,9c76ff84e18035916ebe32160ee93e1676d0ecef,False,False,False,False,False
home-mixer/clients/tweet_entity_service_client.rs,home-mixer,source,.rs,59,1,True,1062220c8d2ddd2ef52e4b3ebd3b0f920d19fb7dda0f7b085131dd20b7117d8b,70148c4aa107da563a5af1c176fb97f6d6ec775a,False,False,False,False,False
home-mixer/clients/uas_fetcher.rs,home-mixer,source,.rs,3172,84,True,adc140e0c9d05ed9213a3881824349034fb55e5c5af46cb9c296deb5bbd58786,9825fcfd1df74809927c42223676376aa299cfc6,False,False,False,False,False
home-mixer/clients/user_action_aggregation_client.rs,home-mixer,source,.rs,12136,330,True,3742417483607078275579d49c7def3795c9e35a3dcfb38beccc8850d7bc0418,03e08218e989d3daf54744c5bb8ca3b6efd3c669,False,False,False,False,False
home-mixer/clients/vm_ranker_client.rs,home-mixer,source,.rs,15208,401,True,5f1e80c8d486d684d3e61ea32c37afebc1236874945e7c9cad965dbc710ca7f8,34b2425ad5e92c050b1f0caa8c7b2dea4b57e45a,False,False,False,False,False
home-mixer/clients/who_to_follow_client.rs,home-mixer,source,.rs,4850,138,True,a52995db08aaedef09377ccf3dc57a999989a535634e47af511ffe9e05f5b932,3503f8fcf0e5734f1368e2764a98bac1acaa5d4d,False,False,False,False,False
home-mixer/config.rs,home-mixer,source,.rs,3422,94,True,69346772fcf67d862bc4993b1055aeb7d3d937e65d0e075925d308cf27948a1b,e84a4538f48f96c9ff7e9847dbab0de4e5506a20,False,False,False,False,False
home-mixer/dark_traffic_setup.rs,home-mixer,source,.rs,3435,105,True,3284a64a64c1e10b462a1473ace8ca597bd91728c7b94d22eed874a4b3fef419,93064085777c422232afabc2583d555975a1108b,False,False,False,False,False
home-mixer/filters/ad_adjacent_served_filter.rs,home-mixer,source,.rs,28866,915,True,c25a635681d8572582e576c86a724d93b03d60927035e1e7366e32389a7fb1c4,fa9f9fd385d46f2ab0470733a83b91576a703470,False,False,False,False,False
home-mixer/filters/age_filter.rs,home-mixer,source,.rs,983,35,True,8b071a27cfcadbcc2cdeee6b9b2c58a4eafc55d5eedae37f02abd028f106739e,614c0cd77cc49cdf9454060eb15bd6c39ed10886,False,False,False,False,False
home-mixer/filters/ancillary_vf_filter.rs,home-mixer,source,.rs,595,19,True,cdb8b10b49ae78708fb35a00662e3fea45db9c801db06c5a9595b4d7f0a4968c,2114c404da10d70dd0c5c65792674f676361452c,False,False,False,False,False
home-mixer/filters/author_socialgraph_filter.rs,home-mixer,source,.rs,10652,335,True,c0cac910b974522bb20b16c21e8ad2cb64306b4868ce367d2162ab1d25f0084a,9b04ad34dc40cc5a64dd6145a664f3a1447a76ff,False,False,False,False,False
home-mixer/filters/brazil_2026_election_filter.rs,home-mixer,source,.rs,40837,1573,True,b727d9d9a42ee46a80def2e39b77d9eb8811bad4086156df06d4735d47d13c9e,2f832ca7613a9f124a274a6c6d9000c5d490bd63,False,False,False,False,False
home-mixer/filters/core_data_hydration_filter.rs,home-mixer,source,.rs,539,16,True,b4300e603951ea2fc5213bf3d7f9306c01531e02a79a18109bdb8bc8d987dd4b,576b76dec45b1b2541f560d36f89b27429423fed,False,False,False,False,False
home-mixer/filters/dedup_conversation_filter.rs,home-mixer,source,.rs,5193,165,True,cadf2a57f9e88b842179184641221672344582089f62afcc7c9f1f28e6fb3d30,9e73fc2f546ab76b91f9ae0841469cc5e1c95c37,False,False,False,False,False
home-mixer/filters/drop_duplicates_filter.rs,home-mixer,source,.rs,904,29,True,fe9ddc47528d1147db097f8313a28b1bf1eec4fb4c72cccb8df48a58f5d8b973,df32f07c5dde69a960efb4683796707b3c189f79,False,False,False,False,False
home-mixer/filters/following_retweet_deduplication_filter.rs,home-mixer,source,.rs,1697,48,True,85073847e19d49fd9888b4dc1c6f939d55ae733f199e0e3096fa38022fe4a3b7,0b6dd7dfd385ce54dadc4d208709bfc84ff7e3ab,False,False,False,False,False
home-mixer/filters/ineligible_subscription_filter.rs,home-mixer,source,.rs,2069,69,True,1419306bc078ea4ebf590185947e975b1e6cbc81e30e5e8fe734e042b467a3b6,39fe76b41b268976c82f47a165e0bfd1265247de,False,False,False,False,False
home-mixer/filters/invalid_conversation_module_filter.rs,home-mixer,source,.rs,585,17,True,5e6a97cb677f1dde26464fae9c59e67533bccee553b2b2a1c39386c40536f8c5,d2aae6a9e124589f26b395be60735c9d1d5aac60,False,False,False,False,False
home-mixer/filters/inventory_holdout_filter.rs,home-mixer,source,.rs,8707,263,True,53b694ae40846a511fc5a3a12abadc7b7053caecd8635dbbc30b12757aec46ca,dfa8f2eafb15051ca093f35cc175c7342c1c9a1d,False,False,False,False,False
home-mixer/filters/mod.rs,home-mixer,source,.rs,918,28,True,d7fb0bf22d5d73a5c37af1ee0dbee586ba2a572a2971bfba01f9419aeded949e,9cb53f72391ff607ad09214617ac3fc683c9153b,False,False,False,False,False
home-mixer/filters/muted_keyword_filter.rs,home-mixer,source,.rs,10095,300,True,91ae501410fa5d2d60871c83c086c4e296413c58eea182c5c63702ee2cbe1d7d,463e50eb81c2ccb34568e83743c94b45670cc32b,False,False,False,False,False
home-mixer/filters/new_user_min_engagement_filter.rs,home-mixer,source,.rs,3703,117,True,796abf084789a5d25a1b2f6b94aa4bcec0107bd50799cd491d67ab308d38030e,4231141150daf50bef37201a5dc43141ebcc250e,False,False,False,False,False
home-mixer/filters/oon_nsfw_simclusters_filter.rs,home-mixer,source,.rs,910,27,True,9994e73f6f9db4d26d4555a74acabd340a8fbcbe2fae38d232f12a649870b5c5,0ab56ff8907b803214f9ef9233cde0136cd73483,False,False,False,False,False
home-mixer/filters/oon_retweet_reply_filter.rs,home-mixer,source,.rs,4333,124,True,4260fcf0e1478cf3b856a35cf222a524c717faff79eb52e8f7caf884674a866d,06dd0acef0ea91325e26b27d273bc9e15fbca2cd,False,False,False,False,False
home-mixer/filters/popular_topics_author_dedup_filter.rs,home-mixer,source,.rs,2997,95,True,713d9d9f47767ddf1994ad0c82837e9528e943645889c159c8c1eed019858e8e,09ed35ebb493d408eecf221775d237a0e1fe15ab,False,False,False,False,False
home-mixer/filters/previously_seen_posts_backup_filter.rs,home-mixer,source,.rs,2630,91,True,5f5b7c8f50eaf47c19a3941ec7af280700ed5eb767a8816a21c8e44250f036d8,17a3e58f77a8430fef000cd89eb8b49acd2877b5,False,False,False,False,False
home-mixer/filters/previously_seen_posts_filter.rs,home-mixer,source,.rs,1260,35,True,f1f44a6ee8bf2cc412db8965b4f05abb1dff58efa2776f04921417d82a33db57,ec5597a7c4294cf9068a9bdb256b2aedad36da3b,False,False,False,False,False
home-mixer/filters/previously_served_posts_filter.rs,home-mixer,source,.rs,1272,34,True,6e10fc9a648deff2b451212374a3b0834131727614f11cc069452ece5f2cecd5,e3d421ec680a7f3168921fc1568dd8b465aa8ebf,False,False,False,False,False
home-mixer/filters/push_to_home_dedup_filter.rs,home-mixer,source,.rs,909,27,True,d1c4b879cd645bfcbfc181578b31fb4eadb753c1c8ba196627e2094b630ac888,55fd87c10c9162eb1f4457ec3f0e5dcf77f4f2da,False,False,False,False,False
home-mixer/filters/result_size_filter.rs,home-mixer,source,.rs,676,21,True,ba77623e6318becd22cb2d3846505ae72478ca1e064b588c349fb3ccc23fd219,af523f76167787fa9f3ffa82067beab6cb0d7cf2,False,False,False,False,False
home-mixer/filters/retweet_deduplication_filter.rs,home-mixer,source,.rs,4621,153,True,548fe9a55572632167d550f06e9b7ed7767b54d24674cc5f3231e24f5a53f403,5b747e9dbe9e08021c08a6a2143d454fdb8cb087,False,False,False,False,False
home-mixer/filters/self_reply_chain_filter.rs,home-mixer,source,.rs,4894,168,True,d471b438bdf76c17eb22694f6638dc224e4c81a0e11932bde2a3e9c9a15d1d3f,1cdfbe164533d84619a615ca5d13aee7af55ef51,False,False,False,False,False
home-mixer/filters/self_tweet_filter.rs,home-mixer,source,.rs,614,20,True,3f581ff012957b89935afc9cc1e08579a4d437a4b1bdf568ab6777ba20c9d940,19bf3d5a8f39263e5e010439a7a2b15c05d1b3fa,False,False,False,False,False
home-mixer/filters/topic_ids_filter.rs,home-mixer,source,.rs,56798,1502,True,9b6f13e3f76b018136b300bf8bcaada1e06548e0f69e4dcf27c309fb4a67ec18,317a8de3d34395c2013993348943033e83e73141,False,False,False,False,False
home-mixer/filters/vf_filter.rs,home-mixer,source,.rs,2877,98,True,a3c08f66dfa899049d09b33651704a08d2ed1aec270c10bdc4528b78a24c7231,f16e3e62a1e2f19f8c632f03fdd57743f62a1229,False,False,False,False,False
home-mixer/filters/video_filter.rs,home-mixer,source,.rs,2639,99,True,9e70e7f9c815ddd89910cc5f78bfe079e5956220df35c018d83d0783e8777f2f,f9b1c84199463451b0592d7d53d7ed7d23870502,False,False,False,False,False
home-mixer/following_feed_server.rs,home-mixer,source,.rs,2738,89,True,ea7363a39cbc73253f1b6f9a476c5f7df1f46cc074e3caee844f6b2135934863,c795654e7c16feb1b78355caf512b3b07a438b9f,False,False,False,False,False
home-mixer/for_you_server.rs,home-mixer,source,.rs,2567,85,True,b433bb47a5398333d50e06b3bc487b6b32fb7d66b868042a3abdeb35e127284f,8a1eef1b58272ba6fc57b724ce95bb9ed74311b6,False,False,False,False,False
home-mixer/frames/catalog.rs,home-mixer,source,.rs,5194,158,True,94d632c6f400afe7c71493d17699cc949072b648a9fb991f0bc93da9c0c7d1e1,1a705967072536eff92215a241a7ce259104a3c5,False,False,False,False,False
home-mixer/frames/mod.rs,home-mixer,source,.rs,322,12,True,be344d20fac6b2b844f35a60726e0a843cb8cc7fa5319a035163ae7267342935,3027a78e8fae1cff76c657701f80e7259b090c85,False,False,False,False,False
home-mixer/frames/placement.rs,home-mixer,source,.rs,2162,85,True,96d2bf62b26c0da462eea63e68b68dbb56dc93587433f4abf0ace26ed937aea0,af8d0237cd38a871046b7284b8c093dc91a6d465,False,False,False,False,False
home-mixer/frames/plan.rs,home-mixer,source,.rs,7992,256,True,c5e5e3c56d1ee8e2c09d39ffac2c5eb566985857d66bb18be9f157f771325c54,b54e43cc4e01e0029b8869e7a8a9af27d35ebbab,False,False,False,False,False
home-mixer/frames/served.rs,home-mixer,source,.rs,832,22,True,381b0e9826dc4872b7a541b2d366a65cbb0f623e719d1d0c539dd22c8597f303,f55be2779958a0a7690fea52bcc4f59db38ec590,False,False,False,False,False
home-mixer/lib.rs,home-mixer,source,.rs,814,30,True,597df1e80273e8356bbe79cc29e82d0fb02b08a5985231d9bdf07cb6ec02ba25,dd5f109a5901789d7f6a78556befd0fa7a18cc34,False,False,False,False,False
home-mixer/main.rs,home-mixer,source,.rs,6188,154,True,1c87d6f451af4f32adbc754e66260958fd6c5e587183d6300e05061eaacf630f,511cd25ae6ce3fdb88baeb44f47153dccdc6c562,False,False,False,False,False
home-mixer/models/brand_safety.rs,home-mixer,source,.rs,6803,234,True,6f95f8502f89cc857007e949f1a38cd25e023f14b939381adce42d0f1dd3d511,b225d8c95a177dd681aab2c59af5cafab6c6c82d,False,False,False,False,False
home-mixer/models/candidate.rs,home-mixer,source,.rs,10552,285,True,02dce75d92d76beb3b26fa89ea7d76f8d11b5ea99e7220d818ad32fbc1a65ae3,b72582d3a9f5aff22f54598c5d8abf11639c3c27,False,False,False,False,False
home-mixer/models/candidate_features.rs,home-mixer,source,.rs,5193,146,True,0539826690d0395d081eb4e96338c76c518aa657265ddd41e9ba528c5657120a,f733a204f9d11f1605be1461087288a60e5a67b8,False,False,False,False,False
home-mixer/models/engagement_signals.rs,home-mixer,source,.rs,1626,51,True,58d988cce45f6b1164887811753e42ad4bfd30df787f1685e8c92afd3c837248,0c38e5e8b0d649fd0fee5d604f4047a9b6a847ed,False,False,False,False,False
home-mixer/models/in_network_reply.rs,home-mixer,source,.rs,510,23,True,816345baa82041cc965291148d412a30caab6cb42114ca151661b959a7e099d1,564dca5d53841a004d59d7c20cec6dd66cbc4245,False,False,False,False,False
home-mixer/models/mod.rs,home-mixer,source,.rs,162,8,True,0b8be8dca1a7d7e6f70d6a6737b727c19f6e63690b4a0126a93cd0833272b5dc,5545ca16596201b4090c6278a9bf8b79776b8e11,False,False,False,False,False
home-mixer/models/query.rs,home-mixer,source,.rs,9354,279,True,a11a02597fb87a3f073b8d197a573b1ce1e94037c0bb32331a725d3f3cb668d1,d0856c5590982f58c4101c48c93ab4891e999886,False,False,False,False,False
home-mixer/models/user_features.rs,home-mixer,source,.rs,2865,80,True,cfb3daff99eac518d6c3104615e65c0b64578ec70b6016e5086877edcca82cc1,de8cfac9f089d6635a8c87f654da44f4b4937544,False,False,False,False,False
home-mixer/params/config.rs,home-mixer,source,.rs,1603,40,True,3a23f00e2c8c746957bead0872c5188cc8515cb7f92949d23fe4cc959e861747,6048fa6f6b0117ce2109210adaf047dd259036e9,False,False,False,False,False
home-mixer/params/mod.rs,home-mixer,source,.rs,61,5,True,67931dbdf90c1636e371c8f1da13e2e454954c88e89135aa287663a9d16a2096,bfbf61be1691463068edc520466883a4a0f52611,False,False,False,False,False
home-mixer/params/param.rs,home-mixer,source,.rs,23425,1146,True,61b159570274b7b9c739d67efd788fa9fb36b0e7c1749e16bd514c56070ff5ad,8b0054e46eba9eecffe460233e93414d6b8773cd,False,False,False,False,False
home-mixer/phoenix_scores_server.rs,home-mixer,source,.rs,2389,80,True,d0f4db497bd8faed5e5b9e9086814afc94157388ee6f13eacb70848efee805bf,2046f4091d638cc66653845f8583b8741d4f5d68,False,False,False,False,False
home-mixer/query_hydrators/blocked_user_ids_query_hydrator.rs,home-mixer,source,.rs,1120,33,True,29a47698f4eba7d1a89af5e637daa553f45dd21a23095008b82fc904d75d3b1d,870a45995f361332719599d406a2cf263472df8f,False,False,False,False,False
home-mixer/query_hydrators/cached_posts_query_hydrator.rs,home-mixer,source,.rs,2943,82,True,c762a09fb96f74a99c5fea6c070731c5f8b4508e12f5e522455ad72938e28400,0cf5764eca543cea82a78a4efb53663fc1d871a1,False,False,False,False,False
home-mixer/query_hydrators/explicit_engagement_signals_query_hydrator.rs,home-mixer,source,.rs,3990,112,True,c2edd73ec8dfc0b9ff3e198f3f21610b1dbf642f7b26c25f725405f1e2e7108a,fe2d78bde9201844370e1aa928bed7c35e900283,False,False,False,False,False
home-mixer/query_hydrators/followed_grok_topics_query_hydrator.rs,home-mixer,source,.rs,1588,44,True,ccd5491ff2b14c0812721f5a55728cb7a184d98544880202e5af3a802ad88c0b,4c4362e02cc4c7286bcdb9c7b4ecec7d2f450770,False,False,False,False,False
home-mixer/query_hydrators/followed_starter_packs_query_hydrator.rs,home-mixer,source,.rs,1594,44,True,42ad5314353c2dbefcf639304ea0ee8c8d66ef852386a292ec3a2db02c1fb433,9ed1f8961f1441dd458fbfafa4ff7cfca5ebe73a,False,False,False,False,False
home-mixer/query_hydrators/followed_user_ids_query_hydrator.rs,home-mixer,source,.rs,1248,37,True,02ea8a56ccb59b272599be95cfc4a5d14ee88bd11a9e32f80c273d0549c4a3de,47ac169ea57ccf4a1d2eabafc9af9ba9ca4144a8,False,False,False,False,False
home-mixer/query_hydrators/implicit_engagement_signals_query_hydrator.rs,home-mixer,source,.rs,4641,137,True,6b03f8fba1c9aa2af9219e80d11143260e51ec53ad45342bb98fc03893b28cb9,51fcab20a9612ae434ab429b4506587748f8bbda,False,False,False,False,False
home-mixer/query_hydrators/impressed_posts_query_hydrator.rs,home-mixer,source,.rs,2564,88,True,59780c5eb04c5e8d85a01dd9bc3a26bc9a63dc248e12fe20f81d30355df963fa,f0273a784ee9d09ee2d4ab930dcc678a83128b2a,False,False,False,False,False
home-mixer/query_hydrators/impression_bloom_filter_query_hydrator.rs,home-mixer,source,.rs,5889,183,True,05444f6b39e2bfba2bea162940023652036604eebda9f413b5747fedae48bf9f,14241ee54ac9468f96a83dfff6475cba9f616483,False,False,False,False,False
home-mixer/query_hydrators/ip_query_hydrator.rs,home-mixer,source,.rs,927,30,True,fa970086d075374207514a55de7467735a36a932023cbe095d0381e3cd5e5632,960e48000a0a410d28a30cdb0adb9ebcc59212b7,False,False,False,False,False
home-mixer/query_hydrators/mod.rs,home-mixer,source,.rs,854,20,True,955b7a2bdcffef6e9ab249fb4a7cec51e977b2e481d8c9da80215e2381837f7e,c30d36eda7a079f437dcd929b92fd8ebe8bf9622,False,False,False,False,False
home-mixer/query_hydrators/muted_user_ids_query_hydrator.rs,home-mixer,source,.rs,1106,33,True,1aeb9866a0da1497458ceb14be7ba9b6b51d4b60203e69622f6587f59d7ef4a0,d5a447a7a3341e1db1a66cd5b7e792ca773c1bf0,False,False,False,False,False
home-mixer/query_hydrators/mutual_follow_query_hydrator.rs,home-mixer,source,.rs,1205,37,True,eb98c66d74972ffa9b6967dafe425906c958d029fb3d1a9636b23cd1884b4a81,3e77f960de223784f4ec3b5f0635e968f4875cff,False,False,False,False,False
home-mixer/query_hydrators/past_request_timestamps_query_hydrator.rs,home-mixer,source,.rs,1184,36,True,fad39ff8baeb40e47069dec7f19735a7641c46a695885c877f74802833449994,1a65744641cf7d85d92b8f791ffa213f456623de,False,False,False,False,False
home-mixer/query_hydrators/retrieval_sequence_query_hydrator.rs,home-mixer,source,.rs,2806,74,True,9f2f29426e16117521d15907aba7b30c6215b7998bd133806e8ca23ff369ad04,1f7d57e930aaa60fcc51ceecbb31795f464f9cc1,False,False,False,False,False
home-mixer/query_hydrators/scoring_sequence_query_hydrator.rs,home-mixer,source,.rs,2949,74,True,7d0fe99c74ec76694040b1c2966288fe35edae3234c25cdd5419c97d68414c8e,13951161cf6760469e2f0924c190c0d603dd1347,False,False,False,False,False
home-mixer/query_hydrators/served_history_query_hydrator.rs,home-mixer,source,.rs,3829,119,True,ed9a1764632547f8eff282ad3dcd7aba3b244578ee020a5443df49aec234050f,6612e693986813dce8ed06cc89b3d5314af8a7be,False,False,False,False,False
home-mixer/query_hydrators/subscribed_user_ids_query_hydrator.rs,home-mixer,source,.rs,1141,33,True,c5abc5c7b111e5e16cb2e365b1cd1726f26c0b745a2b9fb32fa8e67c6120e220,87c1fa556b056d4157bdc975ca4857bdf98762f0,False,False,False,False,False
home-mixer/query_hydrators/user_demographics_query_hydrator.rs,home-mixer,source,.rs,1056,30,True,fab87bb9858f00fd70627f740f861195ab2748e27aa786fd743de66b57290569,d7114674e2efa7ac30358160b8841807411efbae,False,False,False,False,False
home-mixer/query_hydrators/user_inferred_gender_query_hydrator.rs,home-mixer,source,.rs,2439,65,True,add2e6525cec630ad467106bf80592b2423d311847d9d33735c865192b9fce0a,a7ea197824c4f792f8622ae384b7b98003dbe880,False,False,False,False,False
home-mixer/query_hydrators/user_installed_apps_query_hydrator.rs,home-mixer,source,.rs,1886,50,True,7f9fcc8c6785e1af9033a8f2ddb0d6bcf03270f3f0ccb48c1ae6a5b29cbb9078,dbded33398c13b7a22f662a87b7ab0ffb93a51ee,False,False,False,False,False
home-mixer/ranked_following_feed_server.rs,home-mixer,source,.rs,2527,81,True,db0c414f32d4c6db16d0aa422a31a43c6a0391fa871df2788a2f45bd2f317e4a,a6640dc2dc68a4dec1d90ee02afcc398fd54d114,False,False,False,False,False
home-mixer/scored_posts_server.rs,home-mixer,source,.rs,8987,226,True,d8cce0fb416d43f8f95cfb176efdf2c340c17aebd08190dec1f5611f45b3be53,0bec6ab810702f6da1ad9815d9632c16b880bf83,False,False,False,False,False
home-mixer/scorers/author_cold_start.rs,home-mixer,source,.rs,25054,758,True,e7cf1c7db941210cd388b83df6fbfa65d02456f8e3701f11e702b4406be6f34f,e7652f85fd304394f48d594f89c8f625f650b28c,False,False,False,False,False
home-mixer/scorers/mod.rs,home-mixer,source,.rs,159,6,True,aa138cd83354ed2ef99a18ba5318f88ef715070d3dfa35516a37f148cdea6e7d,ed0eed1c485750a0a7a2af8f4234bd340767fee5,False,False,False,False,False
home-mixer/scorers/phoenix_scorer.rs,home-mixer,source,.rs,4237,123,True,5bc8a55a2e279240259271b465dd945c8741254301f9a5b23ddf3a73e10a0e1a,4ff7b1c8b947a89c2cce76abb5d7fbe747c0a34c,False,False,False,False,False
home-mixer/scorers/phoenix_scores_ranking_scorer.rs,home-mixer,source,.rs,1227,38,True,3d48e0991144dee23b4ca83b5d5f7fba3777db7d571e1fa882eedbb5c21a44b4,e0d6b0f2497272ed29d31da8f3a71b3ad23e3b2f,False,False,False,False,False
home-mixer/scorers/ranking_scorer.rs,home-mixer,source,.rs,66310,1708,True,2510aeb80f19dc6eff0486d3c93f236a52918dddf5dcc45191be7d5c0d72bd79,6dc258ac8d53d43ea104001eb84208f9598cba17,False,False,False,False,False
home-mixer/scorers/value_model_gate.rs,home-mixer,source,.rs,19053,537,True,af46921fa9c18f07a78dd577a6119450864936efe7b317caf50d4344362d3df7,15beb62beb779ab7d7d15637c72ba75beb3c8eeb,False,False,False,False,False
home-mixer/scorers/vm_ranker.rs,home-mixer,source,.rs,9665,227,True,cc099a8a5a2fb5a1c4a5e5cc5f24788e82fb7f9d8088768edf721f83e618d574,624264b0f208964fb037ce955176c5e48d3294b4,False,False,False,False,False
home-mixer/selectors/blender_selector.rs,home-mixer,source,.rs,11682,372,True,ec8c70a45b6307753ad0da3f12cb9634a0dc112d414fcb417c24c7a9c7a8c3e3,4d98df6eea2c661e08938ed3b3014d27a95a0b2f,False,False,False,False,False
home-mixer/selectors/following_blender_selector.rs,home-mixer,source,.rs,4217,139,True,e1f99ce87b3094be6adbc3a6ab3c10fc940c0a51c5d53c53bdc87f3b6d2411ce,a03f93e285c74a8942d6c443bca4ffdb22f3caf0,False,False,False,False,False
home-mixer/selectors/mod.rs,home-mixer,source,.rs,312,9,True,548bdafe369600a7a3b9e56ef46cb197b313b7f9dff796df21c957bac05d555c,f3ebd995aa4ff36504c02865900ec2c44fcd8dde,False,False,False,False,False
home-mixer/selectors/passthrough_selector.rs,home-mixer,source,.rs,361,11,True,aa9264fc13b1b8c17b784fc53bf735fa146050144260648363f9e06b2afacb89,912a7529627140bb8fcce592ec7247d9172add72,False,False,False,False,False
home-mixer/selectors/top_k_score_selector.rs,home-mixer,source,.rs,469,15,True,f263471272ea8ab27cf75825c9c62360b746a3eb7f8956cdf1977cf665d9ab2d,6f0ba37bb3a58e5016bfddee43e5e194ca66a45c,False,False,False,False,False
home-mixer/server.rs,home-mixer,source,.rs,35809,979,True,866113ea2cec3a7ac466ce46207af305760b5913e2e9bfb70586d0154cd22ef5,fde0054dd4898b20b06ffb68f39a0c0952e9b030,False,False,False,False,False
home-mixer/side_effects/ads_injection_logging_side_effect.rs,home-mixer,source,.rs,6275,178,True,d00d9b803a7db4f34c66ff89df6ec3054f9acf3e6901eb8cc71f3eb2388f9431,37cdc76d1d9c49e1b9cea61290840816486b6b97,False,False,False,False,False
home-mixer/side_effects/author_served_metrics_side_effect.rs,home-mixer,source,.rs,5416,186,True,724570a32871845d1abb9d7f2c3d7b31469aea605263da938d2fed87b9011d50,ed58de619c9a9eb1006da570000f9a91215dcd78,False,False,False,False,False
home-mixer/side_effects/client_events_kafka_side_effect.rs,home-mixer,source,.rs,9742,309,True,7794c42780a6d8253d804f0c7560b867bcaec4f62fae4a09dfbdc16b7a1f173d,0540eab978d79b91e8cc4b275547d9eaef347a71,False,False,False,False,False
home-mixer/side_effects/debug_side_effect.rs,home-mixer,source,.rs,1247,40,True,cdd1141f21403c3f1b8b4489616f308731f804e8753ded5cb734475e1c8891e7,7405112d759f8189910b3bd0c999565240e8001e,False,False,False,False,False
home-mixer/side_effects/mod.rs,home-mixer,source,.rs,711,17,True,00d95636faaaac4969feb00317dcaebb4e863d83701cd41f261f2881083f9380,d415a333ab1489121342690996611a6cdaf7bced,False,False,False,False,False
home-mixer/side_effects/mutual_follow_stats_side_effect.rs,home-mixer,source,.rs,2154,67,True,87d19f953ca23c3afeeafe60fa3453b8a0d3374abda1a6f4bf3f0436ad9e4451,da5cb3c618b26554c3ec1e84a9e4c528e298c7bf,False,False,False,False,False
home-mixer/side_effects/phoenix_experiments_side_effect.rs,home-mixer,source,.rs,8132,192,True,33ebac6722620df8a77e67e60c619cf7600acdf25594887a17e3f6f0bc16a1cc,de7d1d3bf3f688ff94e425bec4e05fdbfe98b360,False,False,False,False,False
home-mixer/side_effects/phoenix_request_cache_side_effect.rs,home-mixer,source,.rs,16834,475,True,594c27754fd233671da3639d2276610e8e8632418dccb5ce4beec5262d6db469,632affdb32e1de4cd6a34acabf0f5039286ee589,False,False,False,False,False
home-mixer/side_effects/publish_seen_ids_to_kafka_side_effect.rs,home-mixer,source,.rs,2599,79,True,adb7970edc5135b9f49e9ee0fac3581af5bfec95f450745ea46209c567e004ba,c5bf393a7668504d35c9bcf7ac65a2db764a5a53,False,False,False,False,False
home-mixer/side_effects/redis_post_candidate_cache_side_effect.rs,home-mixer,source,.rs,8185,233,True,ed0df1056707fef1a7bf1aa10486fc48658df32cd2a64f49fa9e779fc9d6630d,e67daa886da4b2e1234d8d894716bb1de7059ad1,False,False,False,False,False
home-mixer/side_effects/reranking_kafka_side_effect.rs,home-mixer,source,.rs,10192,275,True,b70c2dbb08ba9d050411405d469ed3ac4ecce57f9deda88963b14da2c737eaeb,3f814fbf5c25d0d3051d80708cd04510640d1b82,False,False,False,False,False
home-mixer/side_effects/response_stats_side_effect.rs,home-mixer,source,.rs,4180,120,True,3d51c46ee152d429e0bd1377f0b61363066721e2daa8e8f33562b68de19df56a,96a6128c55a110fef528e8d5d73b2f7208730fb1,False,False,False,False,False
home-mixer/side_effects/scored_stats_side_effect.rs,home-mixer,source,.rs,13086,435,True,564b2d80ca7e1dce146e08eae20fba77afb430fee0732c17d9dac60ea4ffcad8,3be993560824dd30244cf9e3961515f4d43fd6ff,False,False,False,False,False
home-mixer/side_effects/served_ad_history_cache_side_effect.rs,home-mixer,source,.rs,2055,66,True,bc2fbccbf234384372336e1c94b6475f79bab08e88f8194d001abff00f63553d,4c1071b9e6265fad2e086a91612a3e1d97157137,False,False,False,False,False
home-mixer/side_effects/served_candidates_kafka_side_effect.rs,home-mixer,source,.rs,8312,215,True,4cc1b817356ae0279b26915f26bef89581fae502a94b2cc0a9c083bd07dc47c9,b3814e1de8bdaadb45db80d8ca3e813dbd0ab345,False,False,False,False,False
home-mixer/side_effects/truncate_served_history_side_effect.rs,home-mixer,source,.rs,1828,59,True,3b316655e84e481d458fa931d33ca1601bca8f9053649dcb2ee418fcdcfe6c90,56a0bcb84498af86047f9482c2f3bba88af528e2,False,False,False,False,False
home-mixer/side_effects/update_past_request_timestamps_side_effect.rs,home-mixer,source,.rs,2327,65,True,83363de0d50e0152bf8fbd0fc7cbae0500cd1f0e00fda97e08d1b6397c1b3879,bdbde77304dd1dc6d09bce1ba221d6c276d2f1a7,False,False,False,False,False
home-mixer/side_effects/update_served_history_side_effect.rs,home-mixer,source,.rs,10217,313,True,75bb09a8ceadfc0241f5af42badefb771b9149b23469ebcf25a6d3ad31fa5281,e3a3facf82e52f91c03a24825c02b2bdeb769170,False,False,False,False,False
home-mixer/sources/ads_source.rs,home-mixer,source,.rs,5048,143,True,e008b2250b086d67b8e7baf361dabade6627a0c327eb86c57be8e9c9892b56bb,8aa3990315964553cee5c7841681c498a624882a,False,False,False,False,False
home-mixer/sources/cached_posts_source.rs,home-mixer,source,.rs,508,17,True,d50d9b7fc814452497921c9264989d25810aa752ee927e4989a174fcfe200bbe,0495b7c48e6439070d12f515a1433a43d223ed18,False,False,False,False,False
home-mixer/sources/feed_survey_source.rs,home-mixer,source,.rs,735,21,True,85a0d1251eaa879af6551b72d5e2787434a71ebf647d73b8dd57d8d0ed9f2b29,518d8a055bb7a01c3db8d0e5f1d45cc23a89740e,False,False,False,False,False
home-mixer/sources/following_night_owl_source.rs,home-mixer,source,.rs,7499,217,True,605663d797427d645d5c04884821d99b0944cb2f91b633dcdd095bfa165f6e5a,98ce0e8235b54861bed29a38a9811dffdfcdb986,False,False,False,False,False
home-mixer/sources/jetfuel_frame_source.rs,home-mixer,source,.rs,19175,557,True,df8f698a74965814044e35ee0155e2a368b939d3943a04c2db7348314e4c0ff9,acd17498479ddd3b93964450d41eee8768a58b44,False,False,False,False,False
home-mixer/sources/mod.rs,home-mixer,source,.rs,486,17,True,62fa78dc014fe5295d581e40640315f0aa7ae12fed85ad5b893ba3436080cf32,84451c4f2974f2942837e04d11a389da76a64653,False,False,False,False,False
home-mixer/sources/phoenix_moe_source.rs,home-mixer,source,.rs,2956,77,True,dd1fcdec299c6fdf72f4ac1493650b77770b2ee82f244fa2ae5a2c547d164f49,5f3f98db299d782e1d328aab7afd252cc290eaa3,False,False,False,False,False
home-mixer/sources/phoenix_source.rs,home-mixer,source,.rs,5437,153,True,499075517699cf19c0fe1d3e30850e1245946a8b0ea6c2ed9963de3028032e73,99694c72e60f70174b4bf9924bab9bd39147c09e,False,False,False,False,False
home-mixer/sources/phoenix_topics_source.rs,home-mixer,source,.rs,4088,105,True,568255fc1f777d80184f41efead5f086e071e063e3feff7e9aa235c8c795a016,e028e016b65dc223bd92471e1e6a73cd005b0345,False,False,False,False,False
home-mixer/sources/popular_topics_source.rs,home-mixer,source,.rs,3079,102,True,439f78c4c48a48cfce0b0848203b00692cfa0fa49b013889b165eb7432c29341,1ae0109e7668cb36d20febd8419e91d9ac374b3e,False,False,False,False,False
home-mixer/sources/prompts_source.rs,home-mixer,source,.rs,3321,102,True,dd5282b2a45c010a4e0046280d41a72c1396622d0fc7a81f92764b091495612a,85fa3a733841ec6c0de2b3a26b95d10129dd132d,False,False,False,False,False
home-mixer/sources/push_to_home_source.rs,home-mixer,source,.rs,6307,197,True,bf02d665cf2c297dcd34e179f32a592b3fd4eaeecacd18ce9d6536787fe903b4,9f993662ed3d3017a7c73d65fe1243a1c4107f87,False,False,False,False,False
home-mixer/sources/reverse_chron_posts_source.rs,home-mixer,source,.rs,3389,83,True,09a355df0942ff7d3d3129d834b45b708680d32449b63a553156e0454ba50596,94fdd1294667808e94567d1434b12c114c3bceb8,False,False,False,False,False
home-mixer/sources/scored_posts_source.rs,home-mixer,source,.rs,944,32,True,6110b79f84e2d660074e796fc0ed55af6b25bbe9d2dc6d48e1d1a251e5ea9fe4,f3e04fff65c910ab59d4e0541b2c6bd00cc5b73d,False,False,False,False,False
home-mixer/sources/seed_candidates_source.rs,home-mixer,source,.rs,715,24,True,4e1ce4d0ea988ee3f209bb07658de45863be04f73a24932ed6fbe27ab727d70d,8653c168dce52e4d9c4791c26b10240c6ed014f2,False,False,False,False,False
home-mixer/sources/simclusters_source.rs,home-mixer,source,.rs,7714,221,True,326b3e9806fa10bcdd1f454c1bfeb83a500f2fd87990b6c740f15b613ef22a2d,49ecab6954d5154946692cdcda2ffc4dbff61621,False,False,False,False,False
home-mixer/sources/thunder_source.rs,home-mixer,source,.rs,4695,122,True,b66d12f37f011893d70e748085a6cc712406102f519eaff849b7d0ff76a9d220,d01289ad49832667e7ef83477ef20127ff9d9be1,False,False,False,False,False
home-mixer/sources/tweet_mixer_source.rs,home-mixer,source,.rs,4676,138,True,57ef9e1966d021c4c2d016ba7cfdedd7289895cf70458bd34e7f0687893832a1,743270272a79461cb217f3d31649513a43ee0f89,False,False,False,False,False
home-mixer/sources/who_to_follow_source.rs,home-mixer,source,.rs,4068,121,True,ccdc3227c80cbc23a155a024c1b3da515cd62ed464416899b4f08e3a2d4c565c,b5ddefa949f51ac58246842af2ad100e3c189c5c,False,False,False,False,False
home-mixer/util/author_rules.rs,home-mixer,source,.rs,5167,157,True,19a20b45f5b46c1350e2fdac8885a5ebd72e07a7da33de6f9cffa22937d5df1a,ca41f54d87d944c61f635935df779d231bc2f982,False,False,False,False,False
home-mixer/util/candidates_util.rs,home-mixer,source,.rs,3058,110,True,eb5c32f3ad8a6b7f7a13cd62ccc27b0d855340c84cbda3688fca408e91dc0d9a,c9d8711da0da02337de26d58e3aff52e10e506b3,False,False,False,False,False
home-mixer/util/conversation_grouping.rs,home-mixer,source,.rs,3945,125,True,0c917f05be3b15429bc1318065e9323751c676927101cf75721f2112f78d7dbf,5a5a2a72633ecfa0695f3a4e344f952d67929713,False,False,False,False,False
home-mixer/util/country_codes.rs,home-mixer,source,.rs,311,12,True,0c8e4e0b3a0f799287593f438ee42f81fd1a3ef95320012d28052601d2598fd1,1d13dd69239c596ed74f59afe22e99f3782c81ab,False,False,False,False,False
home-mixer/util/egress.rs,home-mixer,source,.rs,152,3,True,2e9d6de26741902255ac3fb2dcfa3dca794dc80bc45f44cf6bea5773b316ee9f,8bcff4afe3652c1099968db777da8d035fb9dd84,False,False,False,False,False
home-mixer/util/feed_log.rs,home-mixer,source,.rs,2040,60,True,388f60595e7129b101f037da2adc2b0ed559db4f3494380f3aca8a6712fd21d8,9978a75b9799a9bdc92f87b4784d13b20cf541fd,False,False,False,False,False
home-mixer/util/mod.rs,home-mixer,source,.rs,281,14,True,1fde1b696a07752b4b9baf253b77e0d58137e03073be5ba63518539e81432fca,74c06f8c97e05a8e8e4185df2b206f5e76f6d524,False,False,False,False,False
home-mixer/util/phoenix_request.rs,home-mixer,source,.rs,5146,151,True,41bcc56970979fccc5edb2e7e573dea731065feaba103320b21b2a7aa2eb150a,96635b5ab8325516fe1963d85d0b4bb5705821e0,False,False,False,False,False
home-mixer/util/rescore.rs,home-mixer,source,.rs,5271,152,True,797756b51ea4c018c8625d341ae65348f92e124201c34dd9f8c7deb5c199eb2a,07a6f490879485fb9a0e368e469ecbba261b9897,False,False,False,False,False
home-mixer/util/shadow.rs,home-mixer,source,.rs,4798,133,True,d42f793231eec3af7f52469bd6e95682e484a316fd86381401ab083c2b65afc3,d893dbe36a31d42e94b47cea3edb4a5c258c8773,False,False,False,False,False
home-mixer/util/string_case.rs,home-mixer,source,.rs,449,15,True,c84c6854c06d76dadab9f934c9306635d134304c246b503c99427946f1ebcf24,8a54ead440eddf9baac0bb6067a863c8f7d496d4,False,False,False,False,False
home-mixer/util/tweet_type_metrics.rs,home-mixer,source,.rs,2739,65,True,2385e0908b91fecee03de79857888eb6cccae1d31faa54749792045f162224be,f1de38d8d64ea9ed07bccaef26e046eeaade3833,False,False,False,False,False
home-mixer/util/url.rs,home-mixer,source,.rs,828,35,True,75e355a9d0915e9d90f2c029c290d374c5d03413d22e98b15f70e71031b5abd0,ab5a97a3fda584ea4bc4cabd651fa4d10edd8b38,False,False,False,False,False
home-mixer/util/urt/ad_marshaller.rs,home-mixer,source,.rs,16507,465,True,bc2b12955b5371142a8735c47d7c0e6933e010e01cf0146cbdf459ebdb67c15f,ba533753f48a4dbb04506fe7623d5cc47ab35d1b,False,False,False,False,False
home-mixer/util/urt/client_event.rs,home-mixer,source,.rs,3676,114,True,eeb73786290843e9db5fd12db12c271593ba8a4d08a97d7ba9ccf31c717825b7,1d9b6cd45aeb0bac69b314d6dd103a5cd72c869d,False,False,False,False,False
home-mixer/util/urt/controller_data.rs,home-mixer,source,.rs,2620,77,True,17e3b69b5f0f7f5a477e67967a7d31bd97fae0b44503d5015624b156ea22385a,2b56a73ed126d607be94b718380fedbd4fd96e46,False,False,False,False,False
home-mixer/util/urt/convo_marshaller.rs,home-mixer,source,.rs,4265,126,True,2745b470e1bd8df73986ec3f92e31a1dca43069fdd891c315c06b56fe2306b3c,89fb2d9eab3a3a481c0310e1db018770d8a55ee8,False,False,False,False,False
home-mixer/util/urt/cursors.rs,home-mixer,source,.rs,2683,91,True,a88db8c968f4bf37f527f6d0ea3a01cfe908c7198619b67fc84cab1c456a6caf,19ae4b33771c3e6d13660c7bd7f91078d1f28cb0,False,False,False,False,False
home-mixer/util/urt/feed_survey_marshaller.rs,home-mixer,source,.rs,5873,172,True,c30c1e4894df5f3bdda4692b8a567e0ad2cf0ce47764a18439b335dff72a0ae8,bc1abc9d73c582fcf560437f8a9090a9d5b3ba7f,False,False,False,False,False
home-mixer/util/urt/feedback.rs,home-mixer,source,.rs,10495,288,True,32f92658a0e971f4fd97a9eb0fd84a56ce03b8e548cbdc2cc9cb03c70c571201,a50632bb797913f349af2e79a1121c2e080c19d7,False,False,False,False,False
home-mixer/util/urt/frame_marshaller.rs,home-mixer,source,.rs,3509,107,True,22efbbf6b3bb0f98a54c6985ca96abad9e1487f19fd9af1b0add0eeb0ef39127,7ed215eca74baccee68df1fa5b043a83c15ba2bb,False,False,False,False,False
home-mixer/util/urt/mod.rs,home-mixer,source,.rs,10619,318,True,10b36febcea50c023f720b5d6de1d00c583e4bc651c1920ca1c8e726a80cbcad,9b8e4924cb2239646325b1f2bbd1295e6faeb00a,False,False,False,False,False
home-mixer/util/urt/navigation.rs,home-mixer,source,.rs,2292,79,True,e706edc841aad51ac9328fadfa89a07d4c13c418b28f6037fa6b6651a139e16f,b8e01a1581d271a6abb041ce7736ac34daa1bbc5,False,False,False,False,False
home-mixer/util/urt/new_tweets_pill.rs,home-mixer,source,.rs,3834,121,True,acb4e2d7cd596a1ae1c4e098dae75e641de1285100831e81a51f8d1ff5b5b128,e86c9d0e23b95cee82983b3c2a850e66c8d5e091,False,False,False,False,False
home-mixer/util/urt/post_marshaller.rs,home-mixer,source,.rs,3561,113,True,2d40f6f06f35e05212e92869c6db41dd8fb1a081458c7a38ca467fb0fdfb6141,4852a00d9c099e939cd69db74bb16320037f2170,False,False,False,False,False
home-mixer/util/urt/prompt_marshaller.rs,home-mixer,source,.rs,19991,547,True,114a5a5314024bae157d6726639dd91cf5b079ffb65306499566c831dd8d22b2,c04ad50e9fd371a034964fc2307179fa45e74a1e,False,False,False,False,False
home-mixer/util/urt/push_to_home_marshaller.rs,home-mixer,source,.rs,4210,118,True,3c2fcb02c599d90fbb7c38411c3e85448d696c4eeef7233793c9e78202ff5b41,0d779dc1736b181ad0ed061e1e8f98166b327f10,False,False,False,False,False
home-mixer/util/urt/reverse_chron_following/cursors.rs,home-mixer,source,.rs,7466,236,True,903dbb1fe5d5f6e9ec2bae42ac43604d6dbb604b4a1124640e171873c5fdb2b7,7b47ff12ce3c738e0a3d9eeca352026e2166d8ed,False,False,False,False,False
home-mixer/util/urt/reverse_chron_following/mod.rs,home-mixer,source,.rs,4330,125,True,9eee76494290bc266ef0005bdc1ebf859d5d61566ddca8c00cebf7367c4d8512,9b0b257ea215298edfdb2a25262aeb30814c3ef7,False,False,False,False,False
home-mixer/util/urt/wtf_marshaller.rs,home-mixer,source,.rs,5292,145,True,1f5c59146dadc6bb96fbb68db334881b05f7fc131d39fee18ad0b3fe7e4737a2,135efcb7ae2e9830b1ccd764d8d668f17d7ee9d9,False,False,False,False,False
home-mixer/util/xds.rs,home-mixer,source,.rs,780,19,True,5eac60a6358534e1d375db52781ae2a84ab1d608be75e31cf6ed0a35d894dabd,11a63562461ae39f86b3fe89a16adcfd6982b391,False,False,False,False,False
media-model-proxy/BUILD.bazel,media-model-proxy,config_or_build,.bazel,1338,53,True,7ad2d2e79c8f4be80550cc6b2898b5104f52c640cb95319246a554b341ff0f98,8d2565ffa3e962c0e0e18f9941ec95eb0d8e300f,False,False,True,False,False
media-model-proxy/README.rst,media-model-proxy,documentation,.rst,1423,38,True,1c4aaead4e321a61ced890a22e74bc8012cc8f23a94c5995dc5972da62889c3e,bd06668bae212a5a6dd4f346f12774cea8027ee1,False,True,False,False,False
media-model-proxy/config/decider.yml,media-model-proxy,config_or_build,.yml,2056,59,True,9517b25d6dbad60c3d3a24f17ae73907de6b8c40287aae37f8f1040ef281d14b,16b8eda882bd9e86eb6c38f270a4afbc06163baa,False,False,True,False,False
media-model-proxy/integrationtest/scripts/local.sh,media-model-proxy,test,.sh,3318,116,True,c994d1fadcc5a0efe0b8eafaf1090c7ce03119e5d695a94a8a0fcf23c3ccdbf2,71c0d170535881103c865fe17dc2dbd23c6d837d,True,False,False,False,False
media-model-proxy/integrationtest/scripts/workflow.sh,media-model-proxy,test,.sh,2720,90,True,a98ff77f859fb77879390df8563a9f9a9b1d1540d1cdd91336f013cd947868e8,7125ea149c0f661437281b6fcc0f754e91548fca,True,False,False,False,False
media-model-proxy/integrationtest/src/test/resources/com/twitter/media_understanding/model_proxy/integrationtest/BUILD.bazel,media-model-proxy,test,.bazel,50,4,True,6b0c054b8872ba79d27ef260b437444ea9455233c25a10d51ceff4332cb4d5b9,ea55f7de518695382ee9090e2bb877ef46864899,True,False,True,False,False
media-model-proxy/integrationtest/src/test/resources/com/twitter/media_understanding/model_proxy/integrationtest/models.txt,media-model-proxy,test,.txt,86,5,True,2d1f1a0e3f19260a7bfa348e27d990c48e22186284e0738133c016cbceabf22c,9c8e01b927b122fc4fa680c67a03965f6180717b,True,False,False,False,False
media-model-proxy/integrationtest/src/test/scala/com/twitter/media_understanding/model_proxy/integrationtest/BUILD.bazel,media-model-proxy,test,.bazel,825,18,True,75d8eca8bc7d3cf9e13d2c6aa4690939effd4169fce3a575b265548c8c47dab2,fef7dfa7c127b8dee5e7fe93439b9346380d6a7a,True,False,True,False,False
media-model-proxy/integrationtest/src/test/scala/com/twitter/media_understanding/model_proxy/integrationtest/MediaModelProxyService.scala,media-model-proxy,test,.scala,1629,49,True,b5648555c6e0b48995bf13cebf5e3f17e1426e821fe103d3064abe73f11574ef,4b1380b894f2b232e80c485e4dfc771957eea37e,True,False,False,False,False
media-model-proxy/integrationtest/src/test/scala/com/twitter/media_understanding/model_proxy/integrationtest/MediaModelProxyTest.scala,media-model-proxy,test,.scala,3322,99,True,d8f9ef92095ad4b3a1e8adc9e5cfa7e0355f4707daac33e9909491b7bd282eda,10dd8fe091a7d423cfcc67f590a6fb14c76855a4,True,False,False,False,False
media-model-proxy/loadtest/BUILD,media-model-proxy,test,[no extension],586,27,True,6f7ebe04489f39eb1df21f5bff198543cd87663b365a8c708badbb0c54fdf772,c0e39526df0da1ccafa29cb517e5f35c21199fed,True,False,True,False,False
media-model-proxy/loadtest/config/loadtest.yaml,media-model-proxy,test,.yaml,363,14,True,341737c8a83e4f91b149c85462e762b6b1ddcd32dacfa40c1c190da566e30184,9194225f15d7841134e23e19425b2f6966c39544,True,False,True,False,False
media-model-proxy/loadtest/launcher.sh,media-model-proxy,test,.sh,1217,47,True,7cd11687c1052e14beabab479f3c4fd00633227fa6871c19d3e0ee33ae4016a3,b87132775de42c2937ab7fc8f4a4860d6f6fac1d,True,False,False,False,False
media-model-proxy/loadtest/logs/.gitignore,media-model-proxy,test,[no extension],6,1,True,977286d6f0896eb28ff719e3e920d8de629f4a072e9e793371dc8313462452e9,afed0735dc96c6fc6a05ec52e959b8175f27cee5,True,False,False,False,False
media-model-proxy/loadtest/src/scala/com/twitter/media_understanding/media_model_proxy/loadtest/BUILD,media-model-proxy,test,[no extension],2110,54,True,ff436d7c5c2a267f87fe0cd841b8c9e0f809ea518b55d4067b5ef63e10d7944d,c80e4d6259391d8ff0e5306b1bcaf5fa22c75c42,True,False,True,False,False
media-model-proxy/loadtest/src/scala/com/twitter/media_understanding/media_model_proxy/loadtest/MediaModelProxyLoadTest.scala,media-model-proxy,test,.scala,2959,90,True,93e6bcb939e76a13691a7ca35cf9e963b1a6fa0ab9b6de4860b68d8bae5abde4,2b0b4d022add4ee26123f42e5f781b6b7c654098,True,False,False,False,False
media-model-proxy/loadtest/src/scala/com/twitter/media_understanding/media_model_proxy/loadtest/MediaModelProxyLogSampler.scala,media-model-proxy,test,.scala,4279,121,True,3cc4a8311c575d1a19f934c5ee0f418f8bc715648080977dda73eb5a277344ef,2edd5af75f565af00f2e1f23de0bd5fc9e9331d8,True,False,False,False,False
media-model-proxy/scripts/local.sh,media-model-proxy,source,.sh,4034,122,True,48afb8377e53786fce9c9b8a19c6c5c08ab43ac08f42acdcee8ce5391b44ec23,ea63ad81deee368a5d6c93ea184b85297b447d89,False,False,False,False,False
media-model-proxy/src/main/resources/BUILD,media-model-proxy,config_or_build,[no extension],204,10,True,a3393e78dd2eda914c7985986a688d95b850c20443d9a4f23bc2a07029685185,1b72d98e1968d9e6d52535c5ed9bdb40ad50ba46,False,False,True,False,False
media-model-proxy/src/main/resources/META-INF/services/com.twitter.util.tunable.ServiceLoadedTunableMap,media-model-proxy,other,.serviceloadedtunablemap,62,1,True,560f4d71c7748453c24503042605ccb215df74ee06eb45389f03d2e7582f8ccb,6831b51864d91d495cf4b14aee58b23642600a61,False,False,False,False,False
media-model-proxy/src/main/resources/com/twitter/tunables/cortex_media_annotator/instances.json,media-model-proxy,config_or_build,.json,284,14,True,3510d41b869142182b01666d19b15f78d1d1f93d568dcbdc5e05fb35f6f31b5d,cd640236a0009dfd7441845770da7c7f62ef15fb,False,False,True,False,False
media-model-proxy/src/main/resources/okta_features_metadata.xml,media-model-proxy,config_or_build,.xml,2296,17,True,aeee0057b53da1eb49c9e50070c23803e24b8fe81a0e0eaa97de14f11c064b7b,73777dac7650dbc02bb9b745ad0b620f04a5570b,False,False,True,False,False
media-model-proxy/src/main/resources/okta_features_prod_metadata.xml,media-model-proxy,config_or_build,.xml,2290,17,True,db02196ee90435bd5241a6a563bdfbcdf59608544a23a2a8a009e61169bf82d2,a316e9fccacec77016e59ddf0947fa6c6bbaf5dc,False,False,True,False,False
media-model-proxy/src/main/resources/sample-image.jpg,media-model-proxy,other,.jpg,6716,,False,084b80ab878e1823340f9362d2d63ae05ea6d9234268539ca29c9b7ac13b5a94,a522056c01fb974d2b27216f745313f526e3da5f,False,False,False,False,False
media-model-proxy/src/main/scala/com/twitter/media_understanding/model_proxy/app/BUILD.bazel,media-model-proxy,config_or_build,.bazel,2528,43,True,eda1e29248ee0db865528e0295a38554f6d42c90a10d3a395ff568e16bc345aa,555f7cf4a038a29e584343082b7133534b079d95,False,False,True,False,False
media-model-proxy/src/main/scala/com/twitter/media_understanding/model_proxy/app/ModelClientValidator.scala,media-model-proxy,source,.scala,1509,46,True,44312a14b403c7551f1afdcfef783cc2cb99188e07a91136d9e862c98bc25b88,41b6070fa5424bf210c561815b0262ab903bcd14,False,False,False,False,False
media-model-proxy/src/main/scala/com/twitter/media_understanding/model_proxy/app/Server.scala,media-model-proxy,source,.scala,2599,69,True,a964e881bf22d4ed4ca5cecabaeee31c0a07e79dd256af32441798d1caefc608,261ff1da2d1deff051b4cb9b9e8b907feb9f68f2,False,False,False,False,False
media-model-proxy/src/main/scala/com/twitter/media_understanding/model_proxy/clients/BUILD.bazel,media-model-proxy,config_or_build,.bazel,1307,24,True,6ef6ffb95ddc26d9eb1bf93c74397afad98e9fc426c7e89fe4957fb9016bd1e2,08c71b763831a5508c13a01a409f1667b817f99a,False,False,True,False,False
media-model-proxy/src/main/scala/com/twitter/media_understanding/model_proxy/clients/DeepbirdClient.scala,media-model-proxy,source,.scala,2377,74,True,a29f0c5cc4aab35808763430c4a22a885d04af64d2becd93bb68ef725314df7e,ef680af445bfe91f587541db4850f762661a1e39,False,False,False,False,False
media-model-proxy/src/main/scala/com/twitter/media_understanding/model_proxy/clients/DummyEmbeddingsClient.scala,media-model-proxy,source,.scala,2426,76,True,e0f07f3f519031ded2f6c4eb4de5b54ca452ab53d5a1966fc3caed085f6285aa,cbd719f60de96eea7d2622e95796ac8c35b326b6,False,False,False,False,False
media-model-proxy/src/main/scala/com/twitter/media_understanding/model_proxy/clients/ModelClient.scala,media-model-proxy,source,.scala,622,19,True,e7005f24691698a0d7914516c0956448229685930f1861be5defa1904e641051,e12ab4ee7668e2ed056fe015b5ebe4cba89f68e8,False,False,False,False,False
media-model-proxy/src/main/scala/com/twitter/media_understanding/model_proxy/clients/SwitchingModelClient.scala,media-model-proxy,source,.scala,1718,47,True,748eb1b3d5dfb0715a48501c5ca7b7f80e43e812785d9f9132670cb25e96487b,dff4d995ce68eca746d876618909d3cefb181f2e,False,False,False,False,False
media-model-proxy/src/main/scala/com/twitter/media_understanding/model_proxy/config/BUILD,media-model-proxy,config_or_build,[no extension],497,13,True,922620ca0121b6a3198d2d51dd168ce454cd56f8f5fd045c33289e0e0278cc68,af049ae232fdbe4a41556ba2e70af72bc4f74eb2,False,False,True,False,False
media-model-proxy/src/main/scala/com/twitter/media_understanding/model_proxy/config/Config.scala,media-model-proxy,config_or_build,.scala,122,5,True,930ae2d5511adcdaaf8a1bb446e473735da0c119760bff462c957eeab6555a1b,569bb11f2f1966fc36c4133a438e557262c7e86a,False,False,True,False,False
media-model-proxy/src/main/scala/com/twitter/media_understanding/model_proxy/config/Deciders.scala,media-model-proxy,config_or_build,.scala,203,8,True,d7478993bb44bcb0234be7faaeb6914f2bee06974d99cc32da39cd512d0c0aa7,836f1d27685fd8f606376ba7f6aa3b4dd20e2b85,False,False,True,False,False
media-model-proxy/src/main/scala/com/twitter/media_understanding/model_proxy/config/Features.scala,media-model-proxy,config_or_build,.scala,1968,40,True,d5c1a05b0c86c9a89bd046d58bf931ad2e4b828b5c3ec31186297dafbfea1938,b36b9a1eae690630344270e42139e23ac436cefc,False,False,True,False,False
media-model-proxy/src/main/scala/com/twitter/media_understanding/model_proxy/config/TunableMap.scala,media-model-proxy,config_or_build,.scala,260,9,True,22ce574ca15c50c7640befae23224eef244f14232c69c01aa4eede0c4ca85215,5f5691fe8235b9b7460dc14f21b86d89150afd3d,False,False,True,False,False
media-model-proxy/src/main/scala/com/twitter/media_understanding/model_proxy/config/Tunables.scala,media-model-proxy,config_or_build,.scala,944,23,True,2fa656b750e46011744cf6b2735340809148fb895569af556f6c4df0a6dfba87,c72b8c8afbaf6253349c32536bd8c3bd6e979340,False,False,True,False,False
media-model-proxy/src/main/scala/com/twitter/media_understanding/model_proxy/controllers/BUILD.bazel,media-model-proxy,config_or_build,.bazel,1279,23,True,215c9664c5d772f6d12d2ee9fb16dae78d35a814511a7ee7819e8c7bfef45acf,4d743ce9ae9e6f3bc11878ea231889dc2ea92dbb,False,False,True,False,False
media-model-proxy/src/main/scala/com/twitter/media_understanding/model_proxy/controllers/ProxyController.scala,media-model-proxy,source,.scala,3637,94,True,fccd876fff5820323cb6d5fa5fca7f37ddf49168f82f3df6df3b65df1e03e139,c7b87fc7f743759d8b4e372692928b03c38cebf1,False,False,False,False,False
media-model-proxy/src/main/scala/com/twitter/media_understanding/model_proxy/exception/BUILD.bazel,media-model-proxy,config_or_build,.bazel,437,13,True,f539f3178a1f4c254caf91a7eae801223f27c14de149af64670fe279f9f48600,4a6c306f865d95105c8f36b34f8163e4ecb36a7e,False,False,True,False,False
media-model-proxy/src/main/scala/com/twitter/media_understanding/model_proxy/exception/Exceptions.scala,media-model-proxy,source,.scala,1709,47,True,f9bb5b26d4e29b6f60f5f853a8268befcea98726f6830790aadf71b502ec3222,29edb378b259f5ed81fab24b350ef53fe16b135f,False,False,False,False,False
media-model-proxy/src/main/scala/com/twitter/media_understanding/model_proxy/model_descriptors/BUILD.bazel,media-model-proxy,config_or_build,.bazel,1423,25,True,a83feeb055311c9d3601c00c7cb2e919b5144a91f6ccc894f6fa17016d8e310f,b7411dc6d1976efeff17647c506867a494e2dd86,False,False,True,False,False
media-model-proxy/src/main/scala/com/twitter/media_understanding/model_proxy/model_descriptors/CategoryClassificationEmbeddingsModelDescriptor.scala,media-model-proxy,source,.scala,2536,68,True,0105b4986dddd7c3aaba99612b30ecaefa2554bf854c5ea05a40c372a0119cec,2edcd0c0aa2d4e5cf7ad6188f7460d065e00d22c,False,False,False,False,False
media-model-proxy/src/main/scala/com/twitter/media_understanding/model_proxy/model_descriptors/CategoryClassificationModelDescriptor.scala,media-model-proxy,source,.scala,1964,57,True,4aa15705a8c367cf8e25965f5f4036f52d8c59b9492977558c94d99df3a68ee0,a0fcf91b2250bfd47db4a4238a8dbd80f7d89c1a,False,False,False,False,False
media-model-proxy/src/main/scala/com/twitter/media_understanding/model_proxy/model_descriptors/FingerprintingModelDescriptor.scala,media-model-proxy,source,.scala,2424,70,True,0aef9e0784bf7ff896dfc31d5b3ae1408734f589e2743abeeb9ab1788e7ec645,7bd1dd6fa2f40dd2dac1d589acd46ad0a3f6b9df,False,False,False,False,False
media-model-proxy/src/main/scala/com/twitter/media_understanding/model_proxy/model_descriptors/FingerprintingV2ModelDescriptor.scala,media-model-proxy,source,.scala,2428,70,True,af95ac1caf78fdb752e0b1a309c30d171eef005348fa406bf2889f1ef103e21c,8a2b94b294824672892d4d4c6a8c72dc082e012b,False,False,False,False,False
media-model-proxy/src/main/scala/com/twitter/media_understanding/model_proxy/model_descriptors/HatefulSymbolRecognitionModelDescriptor.scala,media-model-proxy,source,.scala,1795,52,True,64ad6046e3aa1e6486b2a67da443da741d60d65e850725a17545b7b6cfd62678,600e7f6d60fa376ed4ef8c753b6b53ab56ab64a2,False,False,False,False,False
media-model-proxy/src/main/scala/com/twitter/media_understanding/model_proxy/model_descriptors/ModelDescriptor.scala,media-model-proxy,source,.scala,1700,47,True,d3fa61bb2131562ac50743b97c36cb5eaf24127ac805c8fc47b890bd461769b3,c0e37cbc2f53de2ecf684b4f66c1eb923e75aeea,False,False,False,False,False
media-model-proxy/src/main/scala/com/twitter/media_understanding/model_proxy/model_descriptors/ModelDescriptorRegistry.scala,media-model-proxy,source,.scala,1166,28,True,c3ac23fa0571e606d6f92393f0116ef29b9b429cbc0187a00c40843f7bdebdb0,b1d7bfbe6f27bcc541d495c8086e106a0829e484,False,False,False,False,False
media-model-proxy/src/main/scala/com/twitter/media_understanding/model_proxy/model_descriptors/ViolenceAndGoreModelDescriptor.scala,media-model-proxy,source,.scala,2679,74,True,34ed0d834e2f32568e7af2f3713d000a868e64eb9ad8bfab276f6c8e68ac19f8,ab167ee215a241b43fbb67c4a63655b30c4c279e,False,False,False,False,False
media-model-proxy/src/main/scala/com/twitter/media_understanding/model_proxy/model_descriptors/XXNsfwModelDescriptor.scala,media-model-proxy,source,.scala,3251,86,True,40ce64f231b162d67163bb3ea4ebbfb259c518f63e4032775d198461c627042b,61ffb7ab8ca1c141c4dde408e3def5805d72727d,False,False,False,False,False
media-model-proxy/src/main/scala/com/twitter/media_understanding/model_proxy/modules/BUILD.bazel,media-model-proxy,config_or_build,.bazel,1848,31,True,bc45c99ee23c7958924b5e225ce5841463db6b9e3a77ec74d1a1f4bd7ea80b24,9cbc76f803f7469298030ab6e92873e2faf82e86,False,False,True,False,False
media-model-proxy/src/main/scala/com/twitter/media_understanding/model_proxy/modules/BlobStoreModule.scala,media-model-proxy,source,.scala,3568,100,True,50c24dfc36d499e89508edb4fbd4e8f51ec25351244ba8e5d3fcf3db685f16df,9068ac57a41485b992a09bc710d85c79bbe00ded,False,False,False,False,False
media-model-proxy/src/main/scala/com/twitter/media_understanding/model_proxy/modules/ConfigModule.scala,media-model-proxy,source,.scala,341,7,True,8c9661a32b40adfd66aa616e153cd2972cf46d033bb8bfea29fc362a91d94d81,97c0a3ee9289fe7f8fe40ecc9e6b3d0146288330,False,False,False,False,False
media-model-proxy/src/main/scala/com/twitter/media_understanding/model_proxy/modules/FeaturesModule.scala,media-model-proxy,source,.scala,1553,46,True,fd64ba259077322be3f8c6675264233b94c997e75239a4f24cf14d22afde70e2,37cccb58d85407d592f4bf864abb2ad79e6214f3,False,False,False,False,False
media-model-proxy/src/main/scala/com/twitter/media_understanding/model_proxy/modules/LoadSheddingFilterModule.scala,media-model-proxy,source,.scala,808,23,True,11cb0d84ffcda5b0cb85eb6b5724a1111b3f15caaa196c832db62d21ea2ebbab,22b2827f580377568143892944617f4d2f23d70d,False,False,False,False,False
media-model-proxy/src/main/scala/com/twitter/media_understanding/model_proxy/modules/MediaModelProxyModule.scala,media-model-proxy,source,.scala,621,21,True,3da3b1dd244c44fa485d9141e93b46e699b1ad45d45ce7c300f6a7ec63284528,30810d4723a07d32aeb4130c9df1d1f0539f1c05,False,False,False,False,False
media-model-proxy/src/main/scala/com/twitter/media_understanding/model_proxy/modules/ModelsModule.scala,media-model-proxy,source,.scala,1526,47,True,3d50331463f8d8480ff6373d2fd41c812bf74d269b9a7609f6a86bc02f2b12ca,c886430947162f8965be722a91993cda4e67224c,False,False,False,False,False
media-model-proxy/src/main/scala/com/twitter/media_understanding/model_proxy/modules/ScribeLoggerModule.scala,media-model-proxy,source,.scala,1174,30,True,01c9b3b8720a53dc192b2964c9cae2291f17b1eff509b99a9526265b95299f06,1dffb039f1ae7b4996a17e1efedef8b24f44f9f8,False,False,False,False,False
media-model-proxy/src/main/scala/com/twitter/media_understanding/model_proxy/modules/StatsReceiverModule.scala,media-model-proxy,source,.scala,454,16,True,9de0f359e593648a21d4da5ec91d4a84bc724940be1c969e832df4b1e1c885db,ca32fb84b6a546efa3045414a956736c7cb23d49,False,False,False,False,False
media-model-proxy/src/main/scala/com/twitter/media_understanding/model_proxy/modules/ThriftDiffyProxyModule.scala,media-model-proxy,source,.scala,1111,32,True,054b47d4215cc4c371d15c271817b11fd2c064eb6366ba6b50c75f5824d6af98,68258c4ccacf9431b73e96366167f90c62809899,False,False,False,False,False
media-model-proxy/src/main/scala/com/twitter/media_understanding/model_proxy/modules/package.scala,media-model-proxy,source,.scala,175,8,True,982f7167d2d2cda31b4e243c7ad27f61c4688d63176fcbf8e55cddc9b5f2ee63,3c1b0ba947a1cf7051091bdfdf274ba2b59bfa34,False,False,False,False,False
media-model-proxy/src/main/scala/com/twitter/media_understanding/model_proxy/services/BUILD.bazel,media-model-proxy,config_or_build,.bazel,682,16,True,1f99dc70b287345ef088070eece296cf436cba156cfc93664c46b0a94022fbea,3ca8da36fbd1eed23b37dafbd4a546536f9ca6f6,False,False,True,False,False
media-model-proxy/src/main/scala/com/twitter/media_understanding/model_proxy/services/BlobStoreService.scala,media-model-proxy,source,.scala,1146,32,True,08cb7947f9cfc10a8bd343d4d9737562b3a1bfce712d20ff536e77dd83f7f9cb,9fa8d07e280db776243a27b6db4fcfa7ac68e796,False,False,False,False,False
media-model-proxy/src/main/scala/com/twitter/media_understanding/model_proxy/services/ModelsService.scala,media-model-proxy,source,.scala,4420,121,True,001d99371ebbfe65c64261b67ea65261d4667c1abd7a6824575336ea8513cf32,a91a2ec73b25cd9805487796ef72d320dd5c2e2c,False,False,False,False,False
media-model-proxy/src/main/scala/com/twitter/media_understanding/model_proxy/util/BUILD.bazel,media-model-proxy,config_or_build,.bazel,560,14,True,016fff7db4454a76cf32f72f3c20e4c8e4dfab01ebb05e73ae8512d6c0bdf838,32744fc14792160b82789c60b64c3ba08fd87cc8,False,False,True,False,False
media-model-proxy/src/main/scala/com/twitter/media_understanding/model_proxy/util/ScribeLogger.scala,media-model-proxy,source,.scala,1625,50,True,e82ffb727ad4d9bbf471ccf1615c5976e280e80f72ab7266dbe48f0649e8bfe1,fa5493e1cae936f2ad9ca897ec22427fff082289,False,False,False,False,False
media-model-proxy/src/main/scala/com/twitter/media_understanding/model_proxy/util/Scriber.scala,media-model-proxy,source,.scala,338,9,True,56039a8c574e6883a2455af2cd155ea54cf3b40f5b58dfd80e4ce78d571e6c45,c31c46ea7f4d0a5a8f5dee45394cb40f8acaf8c7,False,False,False,False,False
media-model-proxy/src/main/thrift/BUILD,media-model-proxy,config_or_build,[no extension],536,19,True,2ad37d70d58f93ce36bb26939b7212650ec4b7106d0c35754871685064e2332c,12d8658abc82214f905a0da9bec2809b45165eae,False,False,True,True,False
media-model-proxy/src/main/thrift/com/twitter/cortex_media_annotator/annotate.thrift,media-model-proxy,schema_or_dsl,.thrift,1814,78,True,da55d6ca874d767d74f8117ca722c004e770d0765769bdcc4dd551d1960fb0b6,04fdcad7f1a2faa8e66d797afbd3399930fae734,False,False,False,True,False
media-model-proxy/src/main/thrift/com/twitter/cortex_media_annotator/annotate_scribe.thrift,media-model-proxy,schema_or_dsl,.thrift,259,8,True,ed1072f572c90342749ef661363811e2aaba00bf54e4f0ddb1641f36d874cf6f,94d9f47b30166b03024d193c0b67361e5108bf9b,False,False,False,True,False
media-model-proxy/src/test/resources/BUILD.bazel,media-model-proxy,test,.bazel,34,3,True,4f7261b0dc277f7f449d1fa7cce46789e5a417cf28094f66b86eb8a60ee653bd,ba87e2b54d809311ba7422a7a9724609a057dc8f,True,False,True,False,False
media-model-proxy/src/test/resources/test_decider_base.yml,media-model-proxy,symlink,.yml,27,,False,c4586656f0a1d4ca1074f0b63eca1898bcfe4b00f7760a5f9b55caf054145de1,6fed3ecee161459174d5a065e9dc297405b2806c,True,False,True,False,True
media-model-proxy/src/test/scala/com/twitter/media_understanding/model_proxy/app/BUILD.bazel,media-model-proxy,test,.bazel,1042,21,True,a5eb49cba27059deb5d7cb416feee471367341572b9af53f2404775d8b8721ac,8b39f5e5097ff38f63ed199d253d6c04543b768d,True,False,True,False,False
media-model-proxy/src/test/scala/com/twitter/media_understanding/model_proxy/app/FeatureTest.scala,media-model-proxy,test,.scala,5289,152,True,28e7f29fa1b563b737040fb51e9882e561cccbe5c4ea03488287cfdd672b3f3f,fd99466608387bf49cec5fe0abe0e66853b66abc,True,False,False,False,False
media-model-proxy/src/test/scala/com/twitter/media_understanding/model_proxy/app/StartupTest.scala,media-model-proxy,test,.scala,723,23,True,7a9e6c261335484f8cbf01c87ccf14c08ab16b13668116a49c6a88e3a24a697e,4cb93b6cb3c887e1a8411f473a98b171879821b6,True,False,False,False,False
media-model-proxy/src/test/scala/com/twitter/media_understanding/model_proxy/clients/BUILD.bazel,media-model-proxy,test,.bazel,920,20,True,96ae0882c318bd3ac560ab6554c9d3d5a8e82e25a9511b78889ab2c5f4149bf4,e501362fe1d26dfdc0be8cbd8ebf7ab571b748de,True,False,True,False,False
media-model-proxy/src/test/scala/com/twitter/media_understanding/model_proxy/clients/DeepbirdClientSpec.scala,media-model-proxy,test,.scala,1857,59,True,04ecd340a4d43cfb08ce51ed8b44cf2b44f5418905f77a065c9cfd3da5ebf39d,1226e4d4f5edcf71c930d6c576e87cb010a9d2f2,True,False,False,False,False
media-model-proxy/src/test/scala/com/twitter/media_understanding/model_proxy/clients/DummyEmbeddingsClientSpec.scala,media-model-proxy,test,.scala,2059,66,True,34dfe2f4d9cf3f2fbb818a69f41e7e09f0960d79bf34b4fb36a3eeabad2ecf76,e187c8df2e68e79f36ff25eef8b50dade433538b,True,False,False,False,False
media-model-proxy/src/test/scala/com/twitter/media_understanding/model_proxy/clients/SwitchingModelClientSpec.scala,media-model-proxy,test,.scala,3434,106,True,a4ae0ba3108ea41fcf8bf72f2588d2f538668fc0352bb1d8df8c9b30065a4c08,739123e0270d5fc7be2d2b140919a73fe2017297,True,False,False,False,False
media-model-proxy/src/test/scala/com/twitter/media_understanding/model_proxy/config/BUILD.bazel,media-model-proxy,test,.bazel,746,17,True,e7ce591da3e318809432c99e225d95abd27d709ba3b7184135a5882e01d3c974,d0e4e93a26a0ce32c52237b138f3137c8212d86f,True,False,True,False,False
media-model-proxy/src/test/scala/com/twitter/media_understanding/model_proxy/config/FeaturesSpec.scala,media-model-proxy,test,.scala,405,14,True,a8401ccf77db8378ee1c3ec62f3664ba944c2ab02c76aec320f0ab16ceea4357,741e8071df9d0b5bdcd7ae319d8cc36ec3dc7c02,True,False,True,False,False
media-model-proxy/src/test/scala/com/twitter/media_understanding/model_proxy/model_descriptors/BUILD.bazel,media-model-proxy,test,.bazel,882,19,True,1d4f3588cb6bbbea8486b1c520ae6bcfff99d05934229760ae671cc0e6f342f0,e4e97165bf94a883f22583f73eaed5a9827f1a4d,True,False,True,False,False
media-model-proxy/src/test/scala/com/twitter/media_understanding/model_proxy/model_descriptors/CategoryClassificationEmbeddingsModelDescriptorSpec.scala,media-model-proxy,test,.scala,1086,26,True,6d152873771975d83dda3a30429fb83d62f030239ac43e22184fa8b6f389837a,e20723ac638cf590630bc91ce82a6fb1ce42fde8,True,False,False,False,False
media-model-proxy/src/test/scala/com/twitter/media_understanding/model_proxy/model_descriptors/CategoryClassificationModelDescriptorSpec.scala,media-model-proxy,test,.scala,1012,23,True,616df8cc547c2300056e155d7366d532234173a13740f9fb0191bac71028129a,7197b205fa04b86df64000391367366042dd0820,True,False,False,False,False
media-model-proxy/src/test/scala/com/twitter/media_understanding/model_proxy/model_descriptors/FingerprintingModelDescriptorSpec.scala,media-model-proxy,test,.scala,993,23,True,e9d865afbaf96c4c3a9be211ad36edf271e4a2b99ffd860db11fb4cc41185c64,4770a629f099fa1383dc3e5952a0a7f86eb6b296,True,False,False,False,False
media-model-proxy/src/test/scala/com/twitter/media_understanding/model_proxy/model_descriptors/FingerprintingV2ModelDescriptorSpec.scala,media-model-proxy,test,.scala,997,23,True,81393150d1dcce5f954a615169fee643999c2fb1f53a3300b92f3573fd519bef,9ceba6fba7975f14785214ec7656d99bdd47fa80,True,False,False,False,False
media-model-proxy/src/test/scala/com/twitter/media_understanding/model_proxy/model_descriptors/HatefulSymbolRecognitionModelDescriptorSpec.scala,media-model-proxy,test,.scala,1019,23,True,0b3ebf2e7bace39bdc6f94f9c5ae133f203e13866f0e4e47f8ec52a493461752,0b6970de18cd16797014d8a018d82b2d27c5875d,True,False,False,False,False
media-model-proxy/src/test/scala/com/twitter/media_understanding/model_proxy/model_descriptors/ViolenceAndGoreModelDescriptorSpec.scala,media-model-proxy,test,.scala,3227,86,True,67d879a4607d084330e8847d2ca1548ec7225fd4f8683fdda5b843412b6d6258,aba7a222760e49f004a2e85f01154a545e40341e,True,False,False,False,False
media-model-proxy/src/test/scala/com/twitter/media_understanding/model_proxy/model_descriptors/XXNsfwModelDescriptorSpec.scala,media-model-proxy,test,.scala,2908,73,True,18182ac3c5155dc4f2665f5548d7cfa7e19d4268babc483a93406d614dbef936,60a3f4cbae7c258c3870ffc63f04525ab1a98596,True,False,False,False,False
media-model-proxy/src/test/scala/com/twitter/media_understanding/model_proxy/modules/BUILD.bazel,media-model-proxy,test,.bazel,451,11,True,5535e13ba7857b004cffaec9dfaafb4eaf3316ec226b7fdca47596818bdc7718,e902c045b724d614872b52d4f27ac3107c3b98aa,True,False,True,False,False
media-model-proxy/src/test/scala/com/twitter/media_understanding/model_proxy/modules/TestClientModules.scala,media-model-proxy,test,.scala,2342,72,True,acdc3fbe5a7cfe97ee4b569a53242ae16b0a7a846617bc3b872c2f1226fa7a43,2158dec32b9e7403cea26aa01cffe1dda6571098,True,False,False,False,False
media-model-proxy/src/test/scala/com/twitter/media_understanding/model_proxy/services/BUILD.bazel,media-model-proxy,test,.bazel,1030,21,True,b3ae0077664920ab50b1e6958f76017bfc6b7f29767339657df7ccb14de7da40,ddb3236d02875a451601e540d768f306f7e3f883,True,False,True,False,False
media-model-proxy/src/test/scala/com/twitter/media_understanding/model_proxy/services/BlobStoreServiceSpec.scala,media-model-proxy,test,.scala,1471,37,True,f28ca6fc49cca387d111a49d362a3a62fc8f852e972bafb892e3ed22c34d58e1,40507e32b6f5e44011e42bb026b761a72371aa78,True,False,False,False,False
media-model-proxy/src/test/scala/com/twitter/media_understanding/model_proxy/services/ModelsServiceSpec.scala,media-model-proxy,test,.scala,6460,161,True,6480d5dbd5fe109d94f631fdf29e9b52c2f787120f59ecef547133ce94689aec,15de690858ca1f65eb71a36383fc4c569c0b7f75,True,False,False,False,False
media-model-proxy/src/test/scala/com/twitter/media_understanding/model_proxy/util/BUILD.bazel,media-model-proxy,test,.bazel,869,19,True,566c8c3c53e868008fe6c7b31b323f9be14dcd8a6af985255117bdc19cccd2c1,f9448456bd1fa2232fea86a61e21c2310685599d,True,False,True,False,False
media-model-proxy/src/test/scala/com/twitter/media_understanding/model_proxy/util/ScribeLoggerSpec.scala,media-model-proxy,test,.scala,1395,44,True,86273ceaf9776e366f229df8ec256866456fb609fb2c199809b86cd4b445ffd5,7be1c4da12fecfc3a72aa281afb5aa90103b8910,True,False,False,False,False
phoenix/Cargo.lock,phoenix,config_or_build,.lock,128345,5339,True,df9be237945ed23f53a2bb352168655e8835659bb8121e0db428f2554a2132da,eac267469476a5f30672b7e40bbc989dc3f35e03,False,False,True,False,False
phoenix/Cargo.toml,phoenix,config_or_build,.toml,3089,93,True,07991503248b3713ef22e35eb9e6fc68b103d02c34ee565077eddc9d4671eb23,9cbc645e525936c773979ae62515bb67ecb17e27,False,False,True,False,False
phoenix/NOTICE,phoenix,other,[no extension],44073,844,True,6251ace41ec8bcc3812cbae02586d38d6b26385846664f36c7ceb0ac146ee8f2,13179fcca9e01c4144faf75383774664b2071f2f,False,False,False,False,False
phoenix/QUICKSTART.md,phoenix,documentation,.md,6307,176,True,fae2b9793a1a03d7379301cc363a2f85c5b69e46f3b130a6c6e61428e2028a5d,4e631f0adca3104c4006210b787e46a2a3880219,False,True,False,False,False
phoenix/README.md,phoenix,documentation,.md,26793,447,True,eef54c6f01cea9a3b505e3f7c37bb5ed1d86e7200e9f22ed7a1963b2f1170eae,1f9e7c39e926b778bc91be2a9cae426cdd5b253a,False,True,False,False,False
phoenix/THIRD_PARTY_NOTICES.md,phoenix,documentation,.md,4075,85,True,fd21b352205ebcf2391e5905450cc03b1a70a338b6e3f1092f8a6ba13f33dc7f,602765b4d90f91d95b99e4b8e182ddcde752134c,False,True,False,False,False
phoenix/TRAINING.md,phoenix,documentation,.md,3748,102,True,858aae8ba4c8d32404c4b6567badd1e349cd98470c2a4b17a6881a02211ef298,4675101b623cd9950b99088dd4918b4e251f87b3,False,True,False,False,False
phoenix/crates/common/xai-recsys/Cargo.toml,phoenix,config_or_build,.toml,380,17,True,a63c61cc923dee6ec605e8d7a41636f717e50d36d2c707152116327f8edcb1bd,88cd403e8066d6444efa98685df6392f2ada2a1d,False,False,True,False,False
phoenix/crates/common/xai-recsys/build.rs,phoenix,source,.rs,7489,231,True,a313aca41b72a4edc933f911e182a3702f683c7d6eb8b53e87d357bcade1888f,c14e3fa83c1ebafd041a5d0b97631bceef56d3e1,False,False,False,False,False
phoenix/crates/common/xai-recsys/pyproject.toml,phoenix,config_or_build,.toml,414,21,True,44b4d8cdd7c733ec02e85d39710328e13e81992167ba9978c620b3a7f65097a0,50d9ff031c0500dc2a338106645be802f54c2774,False,False,True,False,False
phoenix/crates/common/xai-recsys/src/lib.rs,phoenix,source,.rs,204,8,True,d78c17cd81db0c782d86bb57969bd01473af33e47e02ad75e8f6c6ea8e0c0961,1287dc8fd896e01f5de0cf50024eebb34e44a30b,False,False,False,False,False
phoenix/crates/common/xai-recsys/src/model_config.rs,phoenix,source,.rs,8775,297,True,493c9e986b2d644ef601dad0f46503d6d173f935e97f657bc29d16ea37f686b5,262a700f9febbc709275ae2e0abf099957796213,False,False,False,False,False
phoenix/crates/common/xai-recsys/src/util.rs,phoenix,source,.rs,80685,2017,True,f656c394e0b378cb4cceb33153e985505bf862424a7e9f5acd4e26cbd061f5f1,4ace24eb7268b4d1a36910fb7a1e614cbb352072,False,False,False,False,False
phoenix/crates/serving/xai-recsys-engine/Cargo.toml,phoenix,config_or_build,.toml,2169,75,True,c2a9140b29b46a4205a8defc1cf4c218b0d9e0859fadf257711c2475a151f6b0,6e0cecf49c5cdd859c6f65503cd11fcfcbed8ef8,False,False,True,False,False
phoenix/crates/serving/xai-recsys-engine/pyproject.toml,phoenix,config_or_build,.toml,670,25,True,a720f3b6723e2a754d5b6c0d687e4b67aa9adde60c1a8351ae4ce5c1146af549,459cb7c081da6904522768884ea705d4971285da,False,False,True,False,False
phoenix/crates/serving/xai-recsys-engine/src/adler32.rs,phoenix,source,.rs,4208,135,True,bc32083f0934f9c0b1fca88b680d28efc91f8d7f2e6f30128f8ea782ee596d81,93bccc0d33bd384bf974d06c3db7465723ea98d8,False,False,False,False,False
phoenix/crates/serving/xai-recsys-engine/src/admission.rs,phoenix,source,.rs,11743,395,True,b6f872877cfb9b7becefb362091920f3fa03885e7f2a07903bacc4ff8605b661,b50d1bf54f495be72f2a4c58edf48d2414500ed1,False,False,False,False,False
phoenix/crates/serving/xai-recsys-engine/src/bin/checkpoint_server.rs,phoenix,source,.rs,6730,225,True,fe3e70c90980415aad10da71d071ff26c0b63a185ef44ea6b90414f6fa852992,c02755e0b80a0e4a51041ee20e76cd641979cac4,False,False,False,False,False
phoenix/crates/serving/xai-recsys-engine/src/checkpoint_proxy.rs,phoenix,source,.rs,23771,754,True,db7e64c23673b5f7ff64b41cc85a4819bd6801eec748446512b879431fc1c95f,6e33ef71b2640cc43130df98daf737e1751df125,False,False,False,False,False
phoenix/crates/serving/xai-recsys-engine/src/checkpoint_proxy_metrics.rs,phoenix,source,.rs,2646,66,True,7a3fa91bdcbe6b698a03da8926c1a6e0a66081bac75f176e803acf8e50180dca,1c702ef42421965fa6ef546f6ccb379ccf5a8c7b,False,False,False,False,False
phoenix/crates/serving/xai-recsys-engine/src/checkpoint_store.rs,phoenix,source,.rs,11425,331,True,411b630aabfa618cd66e2a04f1057e7a38d34b6146bb357da1f7f12301c0f115,3cc6ea99954d33568b43ee3637e7b417bfd8449a,False,False,False,False,False
phoenix/crates/serving/xai-recsys-engine/src/const.rs,phoenix,source,.rs,243,7,True,855fec929373bee01a22407f317197702e9577288322c77014adf73846ca361a,dd9dd03a389c2aa545f08abd84d3aac34f343b8e,False,False,False,False,False
phoenix/crates/serving/xai-recsys-engine/src/copy.rs,phoenix,source,.rs,33311,979,True,ecf7728e7052d88089e57a64b60bfc9b005caa5fef0e6086308019e74065e0fb,42c98a00d3eee4fdd553290a12d203513e14b85a,False,False,False,False,False
phoenix/crates/serving/xai-recsys-engine/src/copy_manifest.rs,phoenix,source,.rs,23697,761,True,2a142a145a6609b8d1900ce1872a77fff8f4c751e932b720f02bec1aafc57104,7bdec40f37ca686a9d96344cfffd3b815bbdc31d,False,False,False,False,False
phoenix/crates/serving/xai-recsys-engine/src/copy_port_client.rs,phoenix,source,.rs,48574,1430,True,d903267df96237fbbd0052a50b96f0fc9fff6504d3e924abe1c4a700ff6708a2,4ae210e2abde0a494d49c9001179cc78336f7793,False,False,False,False,False
phoenix/crates/serving/xai-recsys-engine/src/emb_table.rs,phoenix,source,.rs,58068,1580,True,7c384298cd2f8ffb3119208c8f3ce9264fa14803a4dc584046c826c3caf1fec6,64a735425eb8c0929b4bef743888826e1df63bd2,False,False,False,False,False
phoenix/crates/serving/xai-recsys-engine/src/grpc_compression.rs,phoenix,source,.rs,6372,197,True,a385ad011d57eb21e93cbdbdc82075051e194b518ebddc3a93461143f69917ce,c16fb450f548001593a2742cf1a579f7195907a2,False,False,False,False,False
phoenix/crates/serving/xai-recsys-engine/src/grpc_util.rs,phoenix,source,.rs,11202,339,True,939e6a05ac79fff7e3c10aefdf56065219a426eff154157df2034e6935a398bb,b126585a985a9637642ba8639b0187db51000a2a,False,False,False,False,False
phoenix/crates/serving/xai-recsys-engine/src/host_buffer.rs,phoenix,source,.rs,5986,231,True,f904cf175c28622f550e13d1eef5a7e7dfc33ecf96c0fa9925215d947031d93c,ef3d909efe8785694219af48cfb4cece6a0bf305,False,False,False,False,False
phoenix/crates/serving/xai-recsys-engine/src/ibverbs_util.rs,phoenix,source,.rs,4781,143,True,366b286151c7324d55b37295d08d8bc25a7b88626afc683ec7d92f0cdd2c50ce,98bc4367d324f0d8c627a91d9bd562c2b44c1ab9,False,False,False,False,False
phoenix/crates/serving/xai-recsys-engine/src/lib.rs,phoenix,source,.rs,693,31,True,b1d68ae268da7536adefba25199547eb87697ba382a7d3bdb5f7976cb5adca1a,01515e961442e8e545b61adb865c22443bf72121,False,False,False,False,False
phoenix/crates/serving/xai-recsys-engine/src/mem_util.rs,phoenix,source,.rs,6754,236,True,976424ca5b1926a4ef5b374174f8ab6edcae234ce14d0e150f5fc72e7471584c,f0f07f9a132d7da91ec85fb072d7a4c3836f5f45,False,False,False,False,False
phoenix/crates/serving/xai-recsys-engine/src/multimodal_retrieval.rs,phoenix,source,.rs,6735,209,True,eca8f03114af92590a947cf3bd40e6d8653d90e8d035a8ccf1e80e5bc4331c89,b96a1f5f74e5125e2532088b4d97f34e6a109dc7,False,False,False,False,False
phoenix/crates/serving/xai-recsys-engine/src/proto_parser.rs,phoenix,source,.rs,18528,553,True,b504add05fd0d8f6759d02f2ce6d73f8353ccf7879e1bf47c652b13fca4c02bd,4b0935da584e00793fbe96b8138f420cbc4b7051,False,False,False,False,False
phoenix/crates/serving/xai-recsys-engine/src/python.rs,phoenix,source,.rs,152189,3765,True,15de051ff764332d5ef8bd973f979bf75203703750e9903fe41560b3b274be7d,fa3e66516c265a0a214e610576b68f00a52d7d75,False,False,False,False,False
phoenix/crates/serving/xai-recsys-engine/src/request_metrics.rs,phoenix,source,.rs,27278,762,True,80790750fa1904630ae8b85c5e4d93df98f2a5ca0a4b844f811c9044779f7c19,bb7a9646ebae77c610e88756c094e0238195b3dd,False,False,False,False,False
phoenix/crates/serving/xai-recsys-engine/src/request_queue.rs,phoenix,source,.rs,4046,131,True,a1c7570c7b34d9340444980fb4b99a9dd98dc60552623a3ce65b76151efe8120,10b75b591cc2474abe52b91bd230f5c5ae8043f2,False,False,False,False,False
phoenix/crates/serving/xai-recsys-engine/src/sid_client.rs,phoenix,source,.rs,4859,144,True,554faa9d4d376a8d73df22184901a021a2386ed3abf7a60f227e652006ecc5ef,50b9270462da4d632104fd224110f9de2a3e99f5,False,False,False,False,False
phoenix/crates/serving/xai-recsys-engine/src/storage_util.rs,phoenix,source,.rs,71056,2073,True,5b10a2133ab5286b642bf354d6f3a5a536f5846fcfd3444bd04c39b617efc019,6f89c472ab03dae4e15ee82980453bb52c1256a9,False,False,False,False,False
phoenix/crates/serving/xai-recsys-engine/src/tls.rs,phoenix,source,.rs,7503,220,True,23b2c707d03ed197710b9ae36377ff1f6b5c15d4ff2df7360d931fb5c6a78664,fe82214b83823c9b6c74dd27dfa0d8c686a1fb5e,False,False,False,False,False
phoenix/crates/serving/xai-recsys-engine/src/util.rs,phoenix,source,.rs,20686,482,True,075b6c9e076ea5f7fdaad5119b7a4a175f05847f3df60b3b6c5337b953d6fd4f,99f325fe73a210a54d35bb0cdaa60d4640b1c90a,False,False,False,False,False
phoenix/crates/serving/xai-recsys-engine/xai_recsys_engine.pyi,phoenix,source,.pyi,20251,499,True,aed8f5abaa7717ddbe6f155e8f12c3f671b6d85b685734d41c4c4f2a54b8ec86,1c37809ccbf3067b2d0e802b2386e9825d991252,False,False,False,False,False
phoenix/crates/serving/xai-recsys-mm-server/Cargo.toml,phoenix,config_or_build,.toml,883,32,True,fb99369aca812c9afbfe79675bbae58cba0ff09b7ee076d45277768976200956,49c987e8aad62f95014ac917d5f09dac9d49120f,False,False,True,False,False
phoenix/crates/serving/xai-recsys-mm-server/src/embedding_cache.rs,phoenix,source,.rs,20579,640,True,2cf0d0a86a83a74881264a2761e3ceda49fca6eba0988129251e2196ae499339,24762fc7b7aefad167b20983fd299be4844e2802,False,False,False,False,False
phoenix/crates/serving/xai-recsys-mm-server/src/events.rs,phoenix,source,.rs,32580,912,True,e7a62c6c94ee267575de9c1593e0489c901853fa5054d6ecf37dc912b7200522,155aecd01901160bc912bc6932aa2e1f4f661af0,False,False,False,False,False
phoenix/crates/serving/xai-recsys-mm-server/src/lib.rs,phoenix,source,.rs,272,12,True,57a64099913cc50e731a95008f30580139fb784b39bd34bf2022458cbf834bbb,0983ce38ae115b8a44136a9fa048ef5bf7520fb6,False,False,False,False,False
phoenix/crates/serving/xai-recsys-mm-server/src/mm_embedding_client.rs,phoenix,source,.rs,15221,436,True,19de5d24c7c549a915426179bfefffa2f2758335650abca513cde3445a9e061a,c5313efc18a915d333d709d8086dd88cb6c0f9f4,False,False,False,False,False
phoenix/crates/serving/xai-recsys-mm-server/src/mm_embedding_fetcher.rs,phoenix,source,.rs,7956,227,True,99e49ec4b1736bbfeaaeea2ecd759454b8c34bee18dcdc65517a19b10923df9e,25fe5b132389f253dc4af2aae735704d6d515416,False,False,False,False,False
phoenix/crates/serving/xai-recsys-mm-server/src/o2.rs,phoenix,source,.rs,8736,253,True,0bc479202538ff724bee1c4b55117f9813961f2472d8d51b491dd2d51ac5df1b,efecd6762ba338769442adb5ff36e3860524340a,False,False,False,False,False
phoenix/crates/serving/xai-recsys-mm-server/src/python.rs,phoenix,source,.rs,3750,112,True,2efd24fdd98035d7c55bcacbd8abceef2fe682e81e7b1d94908218256b44590e,d0c3cd39a921028ece7eb67c54eec652ca19e13c,False,False,False,False,False
phoenix/crates/serving/xai-recsys-mm-server/src/snapshot.rs,phoenix,source,.rs,20742,637,True,0a01300a694e531d4c4cec136a17463b8dad06ed84fb265e01393eabbe0024ea,ddb97469753a7190436b93a30f5d62c29c111530,False,False,False,False,False
phoenix/crates/serving/xai-recsys-mm-server/src/snowflake.rs,phoenix,source,.rs,568,19,True,4d8e60f809b1dc8417d62d36696a0b1b9e49e18e7e7e8b6833ee85b28aed065d,cf3706e479b30f584af72baa99773ae6a1e1e142,False,False,False,False,False
phoenix/crates/serving/xai-recsys-proto/Cargo.toml,phoenix,config_or_build,.toml,378,18,True,083ab1b198185cd65e71baba815b132a7763aee9d89c13c279b72286a54a6f5f,383d9640ee28ee4879ac3a40f8a8c1f79042fc22,False,False,True,False,False
phoenix/crates/serving/xai-recsys-proto/build.rs,phoenix,source,.rs,2307,88,True,b6c112bcca564e5a34bf7102a07d81767120373c4259baafc94e8eb4de085845,1356ea04ddda6fd2ee3f53d1ad06c98cf8c46828,False,False,False,False,False
phoenix/crates/serving/xai-recsys-proto/proto/recsys.proto,phoenix,schema_or_dsl,.proto,41513,1740,True,9bad2d8a1bc33affc6b677c8e3ba89670b8361b3896f194aee81beec99424ff6,ca21eecfc154fafcbd885f13d10686d26bc4cd4d,False,False,False,False,False
phoenix/crates/serving/xai-recsys-proto/proto/recsys_features.proto,phoenix,schema_or_dsl,.proto,376,15,True,1a68d918b1f942a86251f20f8c99bc325082b1819b36d9bdd87d2d9ef0e5af56,a587d295361959349977960c3aed2a61f3efccf0,False,False,False,False,False
phoenix/crates/serving/xai-recsys-proto/proto/served_feed.proto,phoenix,schema_or_dsl,.proto,466,23,True,c0743f3e932536ef731db02df3d8183082f3f42abdcbf719506a499d8939db66,4c50142d2fbfc424f2047efdbdc11267f70da1e4,False,False,False,False,False
phoenix/crates/serving/xai-recsys-proto/src/grok_topics.rs,phoenix,source,.rs,6450,178,True,8216e73b5dee6a8b59131df5d5e2d095b199881aff5126db0927368dca11d895,9858f2816ded18866cca56413a09726e22c207e5,False,False,False,False,False
phoenix/crates/serving/xai-recsys-proto/src/installed_apps.rs,phoenix,source,.rs,7191,229,True,49c20bb7008ffcb7d04970bb06fe9df2266959e64644996388b86498cb790222,51cf80279377fd2934b8f672edb6459499dfd3ff,False,False,False,False,False
phoenix/crates/serving/xai-recsys-proto/src/lib.rs,phoenix,source,.rs,6878,149,True,f2d21074c2dc5d20d073bf25d8586be82c6d99ec81c7a0e0059f8894f60f56f3,90fb5cb777fb69b43525ff4bd234bb6cd2e0428c,False,False,False,False,False
phoenix/crates/serving/xai-recsys-proto/src/starter_packs.rs,phoenix,source,.rs,2185,56,True,bd42fe51ab2441b67996c567bf6a11f09b3178e0cc6e929b92f360500005c0c0,b0594ba149baaf86d1a4f5016934053f63c82fb1,False,False,False,False,False
phoenix/crates/serving/xai-recsys-server/Cargo.toml,phoenix,config_or_build,.toml,686,27,True,b175b97b9aed59a1111fc3c470d43e01ae1d20607003cef943743035f42ec5d4,8fe6bb97a848f7135e5231f78ebd6d8baba2a4fb,False,False,True,False,False
phoenix/crates/serving/xai-recsys-server/src/lib.rs,phoenix,source,.rs,25938,806,True,767bf9c81e20714673e05f04a14815ee17e4176086e78747ae62695405eac23e,ffee2cb0e95abcf0cda673c5f0d8e0f6e8250e5d,False,False,False,False,False
phoenix/crates/serving/xai-recsys-server/src/load_gauge.rs,phoenix,source,.rs,854,40,True,d901584c3fc669133ac7deb8dc15ec2df0b3eda21199289de96595961eb6e75c,3e0dfcc7c7165c63681ed1f67d1b7d8d28b2d379,False,False,False,False,False
phoenix/crates/serving/xai-recsys-server/src/readyz.rs,phoenix,source,.rs,6472,210,True,21a6ab0e286d92aa278f7ddd3070971c6ed4dbd3e45f8a8c98153d9b8545733f,1584e78382e2843d26d7ad5d3fc9c428847ed01b,False,False,False,False,False
phoenix/crates/serving/xai-recsys-sid-proto/Cargo.toml,phoenix,config_or_build,.toml,347,17,True,05d03a184f16f74ba58104bd2eadec3ae9f709604429fc47c113b564941d3bc5,df62009c8dba45215b02b933b72f624fb898a2b2,False,False,True,False,False
phoenix/crates/serving/xai-recsys-sid-proto/build.rs,phoenix,source,.rs,201,6,True,99c28fae3e41a559c47a711fdf242e3043f0ffd38ffd9367e6c4b3bef48ad08e,71c0b0c61a1ccfce771d5f0b43c994fbe76651d8,False,False,False,False,False
phoenix/crates/serving/xai-recsys-sid-proto/proto/sid_lookup.proto,phoenix,schema_or_dsl,.proto,381,21,True,a9777b9348959c3319103afb7938d4fd585dd7c5d309e193141984dec65078aa,8a9d79391d88c7c03013dc69033b6ea71c632a15,False,False,False,False,False
phoenix/crates/serving/xai-recsys-sid-proto/src/lib.rs,phoenix,source,.rs,105,3,True,211c4320e6ec0f056b4408d7b2297fda0eccda6fcbc271da700bf653dc17acdc,1f599906dd2689c1817429d57362dc74a6b7257c,False,False,False,False,False
phoenix/pyproject.toml,phoenix,config_or_build,.toml,2259,90,True,fce9a46e20767c09e13c4f23fd094066c2429374d4fbb9e14fb37d0864218782,c85ef087137ed177b1727a1e2a81f16b03563f9b,False,False,True,False,False
phoenix/python/common/xai-configlib/pyproject.toml,phoenix,config_or_build,.toml,323,18,True,72a9595227e9a7d38470ea2e5f584929daafc97953467610a39b1b285f60e353,48be5885431725f494a96ef0f3154d888bd19245,False,False,True,False,False
phoenix/python/common/xai-configlib/src/xai_configlib/__init__.py,phoenix,source,.py,21370,633,True,e71d4e7e6cac2a845157ca0ea2ec9c0a0c32392ee4b4c5e92e940e01049bb31e,10b9de1999075cb447c370c27f99d7d2eb2672f3,False,False,False,False,False
phoenix/python/common/xai-configlib/src/xai_configlib/py.typed,phoenix,schema_or_dsl,.typed,0,0,True,e3b0c44298fc1c149afbf4c8996fb92427ae41e4649b934ca495991b7852b855,e69de29bb2d1d6434b8b29ae775ad8c2e48c5391,False,False,False,False,False
phoenix/python/common/xai-gimmick/pyproject.toml,phoenix,config_or_build,.toml,286,16,True,7b1080ad1a6f11cb402f03ee33f230db0bf6c9f1970a0f27a8e52a81766b6046,204fc9a8a0b88ce3c0ca43ba336f4e2da8ca794e,False,False,True,False,False
phoenix/python/common/xai-gimmick/src/xai_gimmick/__init__.py,phoenix,source,.py,948,33,True,9b4e9981703a777704b1f7f0bcc2ed291b9a3270d53d38c1d39f6389c3217aa3,cb3cf9b631745f6b2e4ae1d5982264a455811c85,False,False,False,False,False
phoenix/python/common/xai-proto/backend_proxy.py,phoenix,source,.py,1072,29,True,d943a20593fa8b296d636c16e9844ab49de5a5dff93f8a53d9858d840db38764,5dbdb32f81643c359f0216507a0f3a2b33ff37e7,False,False,False,False,False
phoenix/python/common/xai-proto/hatch_build.py,phoenix,source,.py,1889,72,True,7959f760564c272ec15ce874d2732e0f66e949a7320265cafa2331dc37f66088,5e348744f762e4a0a6fe021e1b92fc8950b1fc97,False,False,False,False,False
phoenix/python/common/xai-proto/proto/copy.proto,phoenix,schema_or_dsl,.proto,313,19,True,8fd3309b254ae95bbde2192587bc7902d782d205cc033616c3e1f048f3f09fe0,700c6c72bb78664f21e3bea7d1afc85c1924412c,False,False,False,False,False
phoenix/python/common/xai-proto/proto/recsys.proto,phoenix,schema_or_dsl,.proto,41513,1740,True,9bad2d8a1bc33affc6b677c8e3ba89670b8361b3896f194aee81beec99424ff6,ca21eecfc154fafcbd885f13d10686d26bc4cd4d,False,False,False,False,False
phoenix/python/common/xai-proto/proto/recsys_kafka.proto,phoenix,schema_or_dsl,.proto,1615,75,True,a6711755f1b96e5040beee4b0a737431395f3b5ca3e9b218eb64f4247acc2f7f,7513fd9d07c9066bb703e35d9d58410189849f38,False,False,False,False,False
phoenix/python/common/xai-proto/pyproject.toml,phoenix,config_or_build,.toml,521,22,True,420d45b2f6f31ec8d4c9b5c29d2b11848cc821aa5eaa00a2ecdbc1ceb51f740a,9367d42ce78bedd5637be40f9daf6814733cc800,False,False,True,False,False
phoenix/python/common/xai-proto/xai_proto/__init__.py,phoenix,source,.py,66,2,True,f140c37c4e8606b6b90ca8caae1b678adae88eb254aad5ffc9eb66204b97f117,c764cced242c5f9358e1633d143e30979bc155dc,False,False,False,False,False
phoenix/python/training/xai-checkpointing/pyproject.toml,phoenix,config_or_build,.toml,340,17,True,53171d9f280b67448ff1bc89a82e4eb9eb2782323f5712e4ac023983e5ffba51,8c71668927f1b956fd0c5d9028b07662f3dde89f,False,False,True,False,False
phoenix/python/training/xai-checkpointing/xai_checkpointing/__init__.py,phoenix,source,.py,66,2,True,f140c37c4e8606b6b90ca8caae1b678adae88eb254aad5ffc9eb66204b97f117,c764cced242c5f9358e1633d143e30979bc155dc,False,False,False,False,False
phoenix/python/training/xai-checkpointing/xai_checkpointing/adler32_zlib.py,phoenix,source,.py,757,27,True,dea26beaf707632e952e6002b583236e96aaf201a6e5f1bbe1fe227ce2d9ca52,c4685829f12188b533e280f2835e2a35c4b29f35,False,False,False,False,False
phoenix/python/training/xai-checkpointing/xai_checkpointing/checksum.py,phoenix,source,.py,15134,465,True,eb23c624621a9284d513f48feac40a216d32099f43fbc954621d043a031b4b8f,2ce94bdd8082867d256be0c05e233d5fa04968c0,False,False,False,False,False
phoenix/python/training/xai-checkpointing/xai_checkpointing/common.py,phoenix,source,.py,2570,87,True,d5e3ebf815058099eb369bac55d9f50c69c3deed85f412f71067d5869ee3eb5b,3de6e5b93ca1fb1fa7874fa84a2953a1a180a70b,False,False,False,False,False
phoenix/python/training/xai-checkpointing/xai_checkpointing/fix_jax.py,phoenix,source,.py,589,20,True,06ced6bfa855de4d26f1ee0b4516ba578497fe9b49bcd49ede1eba3eea6c140e,18e01833e0a3399ebeb0dea95e60cb7200cc63bb,False,False,False,False,False
phoenix/python/training/xai-checkpointing/xai_checkpointing/load.py,phoenix,source,.py,6768,195,True,86395f958a0f2517150074d2c1b380b490902f16d64563e30a3884109d348dc6,62fba01380f09b35248ad7dd8d9071d54f8048f3,False,False,False,False,False
phoenix/python/training/xai-checkpointing/xai_checkpointing/tree_util.py,phoenix,source,.py,2620,86,True,2ad8cdf52e042d2512cec989db8501c754a40124dc1c84ccb62da17030dad620,80b159db4378a6d0afc38625b5457484c8537415,False,False,False,False,False
phoenix/reference/README.md,phoenix,documentation,.md,12213,193,True,5e2f0d2c59414ee010e6bbce2c573de72589f5c2e99b9d1438cb3bd027d6ee1a,b213185ba391bbad30935fb1e07de627fdabe9b5,False,True,False,False,False
phoenix/reference/_sid_proto/sid_lookup_pb2.py,phoenix,source,.py,1665,32,True,6aa80bb675e19759e7db75621f4a48f54a36b848dbcb3d71d01b2f9999f979ad,9a4a8e932f52626b854a0dfffa2adb2a5a8d1ce7,False,False,False,False,False
phoenix/reference/_sid_proto/sid_lookup_pb2_grpc.py,phoenix,source,.py,2963,89,True,09a41eb46024ea0f690e349bc29f6565c111a9e96642bd201228bf17aeca27ac,1d564f240cf006c0ef9864f90acb5fc12ea085cc,False,False,False,False,False
phoenix/reference/dump_gen.py,phoenix,source,.py,33438,735,True,cc4f632169e89f2a1c679a9769324526622eef8f39ea5dbbe7425f55aa94dab2,d7e0de5b3c855a1db9289e8d42267b99fa4e230f,False,False,False,False,False
phoenix/reference/example_data/example_posts.py,phoenix,source,.py,3538,117,True,9164b60a9907529a1695682a9673aea0ae8cb9c4e13771586597c223022e5981,2ead0f6026f9319f93d2cc2f9fed7d5ea256e3ac,False,False,False,False,False
phoenix/reference/gen_recs_artifacts_gen.py,phoenix,source,.py,8536,221,True,0b51434fc93b4c47f5c4175dc4069f44fb562176d71662c0028453a0e16301da,7943e3d42e477e7fead1f8f4caa5bf9a3e0060fc,False,False,False,False,False
phoenix/reference/mm_encoder.py,phoenix,source,.py,17071,534,True,47c14d37ecba4380a72f21536610186415b045c1b5ab3c93f6e5c6fb59b575d7,ef535e9e9eb1629cbc722af49e35ad098563f0f7,False,False,False,False,False
phoenix/reference/mm_snapshot_gen.py,phoenix,source,.py,9007,234,True,507efaf5cd1b183738384c2bbf2c8989ce03591a59ba85f49d07d070b3e80c89,cb26de29b20e3fe23731bbfa5d7bcf2c62ad8359,False,False,False,False,False
phoenix/reference/oss_recsys_synth.py,phoenix,source,.py,3558,104,True,f145e0c3f9f02431f9884e9a8e115ce082a5a0533d35bcf05da35b3b3ec12384,dfe972c55099cc1a26ff51a26e35a17b7c32e5f8,False,False,False,False,False
phoenix/reference/repack_checkpoint.py,phoenix,source,.py,8050,245,True,956ece222d495de55ee82e5a1fe102b6cd782dd79666e86c9bc823955b0f3e0b,d03e2ff739d52256320af60873465fdabc96148a,False,False,False,False,False
phoenix/reference/retrieve_then_rank.py,phoenix,source,.py,6793,180,True,d7266500b4e6501c27c575d5e5dc78a52591023092af075ea9ba2c6a1671c8e7,646d14835dc95ae83e485a8876eb83711d067752,False,False,False,False,False
phoenix/reference/sid_assign.py,phoenix,source,.py,3544,120,True,fa27f6828e94bb4a46390eac8852ed3ab7d4d6949f45462d23f6b39653137748,bcc19abe8b7ae878599ab22a5ad756606e9a91a1,False,False,False,False,False
phoenix/reference/sid_codebook.py,phoenix,source,.py,28989,864,True,54ca23bf024da674f86aa0639a82a2a0b0ba14d6a577e994c237ee5ff7d100e3,dd7928fc2853b207e74ff07550723090a59280e6,False,False,False,False,False
phoenix/reference/sid_index_server.py,phoenix,source,.py,3643,110,True,0508c15705aed9ddc250e8e7ab43d3227953445c9859ca0a270eb2e9c07e9f29,14789007beb2d6d6597db4cda82ed1b666dfbdee,False,False,False,False,False
phoenix/reference/sid_io.py,phoenix,source,.py,8016,235,True,43e22eb87db87d9bdfcb2093a5f5661b1b607a3280f1e04048f8723c1377342c,9599476e89feedcfd32b02198ef65c477a2e3460,False,False,False,False,False
phoenix/reference/sid_mock_server.py,phoenix,source,.py,2789,87,True,9c61af557839cc67290fc77947a260ee3882d1c58abe3ca11d94a4fbe29f3fca,2ff86d641e1a7f8ab5cf3fd2992f5f5dec949a0d,False,False,False,False,False
phoenix/reference/sid_snapshot_gen.py,phoenix,source,.py,6371,174,True,a7fda6bd43a5ebe62d15c21764792551c7ad8216609216b027f0ee23046d79f1,ef45b61425943d73a4b2298a3e8cd4104ee2ae10,False,False,False,False,False
phoenix/reference/train_step.py,phoenix,source,.py,5318,149,True,892dc4642fa7ad6ab5a8fc5d211c92bc143cbd261c3e0d6ebd57a9847e3c4241,87d44e4452c3e3ab3ec2d9d0f4c672b7bddd10e1,False,False,False,False,False
phoenix/reference/train_synth.py,phoenix,source,.py,5275,165,True,3d363fb3d1c3795534be57397fcdd3ccee3664bca398c7c4571bcb4e38313270,3b81664a139fcd05c93ffd210d941bcb8712aeb3,False,False,False,False,False
phoenix/reference/world.py,phoenix,source,.py,25426,670,True,700fa79736023b0a7a92c15ee2395d183b3e94bec7736146a15433236c53a60d,7ff693095895437cceb52cc2657af9af72b7d4ac,False,False,False,False,False
phoenix/reference/world_snapshots.py,phoenix,source,.py,10860,320,True,968a54e4386a6ad7f07982e16d1c3b268f9567785c0ca26be86743d80624e31f,957217536491b5d1fafc7e68d12427fef1eac9ab,False,False,False,False,False
phoenix/xrex/__init__.py,phoenix,source,.py,66,2,True,f140c37c4e8606b6b90ca8caae1b678adae88eb254aad5ffc9eb66204b97f117,c764cced242c5f9358e1633d143e30979bc155dc,False,False,False,False,False
phoenix/xrex/configs/__init__.py,phoenix,source,.py,66,2,True,f140c37c4e8606b6b90ca8caae1b678adae88eb254aad5ffc9eb66204b97f117,c764cced242c5f9358e1633d143e30979bc155dc,False,False,False,False,False
phoenix/xrex/configs/config.py,phoenix,source,.py,732,31,True,cff96d525a12f7fb3bc5313da47bd87666a5db19a683747dd66757095047287a,164ae74ff20982a291e7907bdd65776142726291,False,False,False,False,False
phoenix/xrex/configs/config_loader.py,phoenix,source,.py,3354,114,True,41888b4f0bf69a3a4d2f2881863f835daeac2435ea143543c7cd347670bb9dcc,90191eda105173e27c8a210464d871d6ed446514,False,False,False,False,False
phoenix/xrex/configs/config_registry.py,phoenix,source,.py,1056,26,True,2cc5ba9a4fa7d94f2cc06141ae135e65c522a56f8d8312cb1651685c646a868e,27027b5becc6faec1c8d6d6c005a3043baa51883,False,False,False,False,False
phoenix/xrex/configs/data_feeds.py,phoenix,source,.py,16772,423,True,dcfa16940f44c7733e59b3af6e384298a69c5c95d7824d622d0ca28b1ba4fca4,d25c81d3ad5d891f1c2b349cdb6e36518ffe52e8,False,False,False,False,False
phoenix/xrex/configs/xrecsys.py,phoenix,source,.py,30334,741,True,ffde0ea6717ab9238130890d030068e3664da06a6fc65b80bea6082bae9bd327,787061dd6e363aaec7a9c7301bba7a4e9feb69d4,False,False,False,False,False
phoenix/xrex/configs/xrecsys_gen_recs.py,phoenix,source,.py,12624,333,True,f8b5c3d4a9b1e895e24ed2475b905b909d62f5bcc7d401d526b06f2c720d8a3d,96a5310ff1f58e2543379a111fc558e8fb4c8d44,False,False,False,False,False
phoenix/xrex/configs/xrecsys_sid_retrieval.py,phoenix,source,.py,8999,262,True,f949e8a40800fea7adad4993f1f378d89ac79f21eeba6aa417fdb23cd2b67303,a56bfa9a5fdc851e991e415a6ee82a73f47af275,False,False,False,False,False
phoenix/xrex/configs/xrecsys_sid_variants.py,phoenix,source,.py,666,20,True,50909d22af6c0eef491684472f26b9395adfd9b30938eb44ff5e1b6a72f1f99e,a51062f0f2cb638528e7987446c63e7743419a3f,False,False,False,False,False
phoenix/xrex/configs/xrecsys_two_tower.py,phoenix,source,.py,30995,752,True,e4d4fffb5f0ae57e3066dccd62441168373261dbd34404f7cfabc65bbb14c08b,135bf80da06dd6ee3a6e465646c7c5034e944ab4,False,False,False,False,False
phoenix/xrex/configs/xrecsys_two_tower_evals.py,phoenix,source,.py,3451,91,True,ecde8a7056718340495fd41653e2f10710d426543511c4e92dfe7ebe689485fb,9606f79542ebea24d34051bc3de13fecd7db003f,False,False,False,False,False
phoenix/xrex/cuda/__init__.py,phoenix,source,.py,2193,40,True,50e47e829b04221383ae4effb4c27bba202ff36770f8ff6714d7fd97d282b7ad,8ef869bb6c90effb18b2c3c1960c9f695447fecd,False,False,False,False,False
phoenix/xrex/cuda/adler32/__init__.py,phoenix,source,.py,1310,53,True,8b960339d3bca1e4fe4dd8da5d7c58c83ffdaca2f6572670004c7d64904c8ccc,411cdcfa1014170d07909aa16dffb66333fdd576,False,False,False,False,False
phoenix/xrex/cuda/adler32/src/adler32_api.cc,phoenix,source,.cc,1791,62,True,2393ef72171204dd94aee5e03909b5f8ab61237151c8fda60abc604db1b64c5c,f945e8b90c227d2e50c48dc9fc06363f8fce37a4,False,False,False,False,False
phoenix/xrex/cuda/adler32/src/adler32_api.cu,phoenix,source,.cu,5292,155,True,92912901d5269ff5e55d35969f89d5f41a4451ca7a607bde2321c648cb1719f7,19cf721337ca4f7b1039cb0e58b63d1ff4f2075f,False,False,False,False,False
phoenix/xrex/cuda/adler32/src/adler32_api.h,phoenix,source,.h,733,32,True,e9e77c73ce53476ab179feb78d0b011a63ad3b75eee0c02ef96d58e293b70aec,7e685e9ca08f84f0b6baaa15e6d9c34271a1704b,False,False,False,False,False
phoenix/xrex/cuda/adler32/src/adler32_cpu.cc,phoenix,source,.cc,1091,42,True,45343823e8bb80058d9dd2e6949b44892baa5fc1c45ae763f9a989edb15ca238,0f9ac72d1f7ee44e7b270a90e64b630362163e8a,False,False,False,False,False
phoenix/xrex/cuda/adler32/src/adler32_kernel.cuh,phoenix,source,.cuh,5892,223,True,46333dfdcae60dd1e9cfbe2686492f9ae16d8b68f3b199d3026fa0cb789083b9,2a75f2c148cfba95a0ab574be3b2777f40d1b1ff,False,False,False,False,False
phoenix/xrex/cuda/async_emb/__init__.py,phoenix,source,.py,66,2,True,f140c37c4e8606b6b90ca8caae1b678adae88eb254aad5ffc9eb66204b97f117,c764cced242c5f9358e1633d143e30979bc155dc,False,False,False,False,False
phoenix/xrex/cuda/async_emb/async_emb.py,phoenix,source,.py,8136,232,True,6d505873469021864cc2cfaddeaf1d9be534c51ea30e128e5078641c1a5786b2,2fecd7d695271076600b2c5e11c4d8210fe5935d,False,False,False,False,False
phoenix/xrex/cuda/async_emb/comm_utils.py,phoenix,source,.py,1383,47,True,c47fe416ad489cb3b50d09e4f9e17ce465f4108a816b0497b48fe272f434c4a0,42cf1232c6a8cdd78fda9128e3a51c814f7b1282,False,False,False,False,False
phoenix/xrex/cuda/async_emb/src/async_emb_api.cc,phoenix,source,.cc,21577,633,True,6329d80d21d50f05af539fff4b503bc02e73b5bd4fa71239fab8be43e310d49f,a0c0acfd482a7d2d1d1043a46dc5e99cacf06ab9,False,False,False,False,False
phoenix/xrex/cuda/async_emb/src/async_emb_comm.cc,phoenix,source,.cc,26364,812,True,efe2867ac8c30e3eaa6f98b42e047508cfd12b7e6bc813c1cdd79c2798023da3,d8b455c1007f0703d955beff206b95cf816d7433,False,False,False,False,False
phoenix/xrex/cuda/async_emb/src/async_emb_comm.hpp,phoenix,source,.hpp,5321,210,True,0943757d41c4d591721d83fd7074619bcf439a8b9b3195628364b11f3e636448,9bad80336a11fc74612b5456ac50db416257557c,False,False,False,False,False
phoenix/xrex/cuda/async_emb/src/async_emb_kernel.cu,phoenix,source,.cu,12889,381,True,a04f18d1f0c210a2f284305dd1a883e14ecba8b9de86345b8fb872fd3b9b683d,8b4c913d5c75e1a0b0a1f47231b30c5af5138f56,False,False,False,False,False
phoenix/xrex/cuda/async_emb/src/async_emb_kernel.hpp,phoenix,source,.hpp,1541,78,True,4c4ca287fb6accfb8f089cd630365b631a66ede826a191098806564729492b5a,a9ae6808ef05087a53649ec6fa506d5bc5f49cc1,False,False,False,False,False
phoenix/xrex/cuda/async_emb/src/comm_utils.cc,phoenix,source,.cc,5122,146,True,498591709a69bc28ca946bc3e2dcc5282e4061cc3b23d9dd1cd371dcf0870df2,f1ce158cdaa4ae9cca9289e1ddc2e90ecda6fb64,False,False,False,False,False
phoenix/xrex/cuda/async_emb/src/comm_utils.h,phoenix,source,.h,1392,57,True,677c097a17067fa6022cf40e975e517247a1a4ab1caedb70b1ac8a4e79e19b42,0515844290efd6103a51195056b467f8cf556db5,False,False,False,False,False
phoenix/xrex/cuda/async_emb/src/cuda_error_utils.hpp,phoenix,source,.hpp,3904,68,True,4dcd57bc1d4310c6ab34b528f5cffa92d6adc38aea978d1ba84cdecef76d7418,1a57288d4b2faa1bf2ddcea42a46c291bd6aaa48,False,False,False,False,False
phoenix/xrex/cuda/top_k_by_key/__init__.py,phoenix,source,.py,2426,78,True,700bf2c4c6efc226a336a3ec53c9dbfb232c02cb66b6dfd16be445d0da45da1e,79b9e2b00ccab5bdac700f1b5abcc5643c69a302,False,False,False,False,False
phoenix/xrex/cuda/top_k_by_key/src/top_k_by_key_api.cc,phoenix,source,.cc,913,32,True,513cce7d78a7806340a2208a9b8651362fa862d121a071d992361a128fd3776a,8992b6fd9cf88a0ea4f06dfa335e3bc17d62fa5e,False,False,False,False,False
phoenix/xrex/cuda/top_k_by_key/src/top_k_by_key_async_api.cc,phoenix,source,.cc,920,31,True,f99103781dc89a70b6763c1ef08956f3638c12f7c318128b1ea1bd6e718929e3,1713127e221b9b52b6cafdf81016084f58b2b0bc,False,False,False,False,False
phoenix/xrex/cuda/top_k_by_key/src/top_k_by_key_async_kernel.cu,phoenix,source,.cu,6358,165,True,031ef83bc12f528329ca24e51b508637665d94f1f8c8b9e4f8222a1e52b44c90,56c59144f0bff1a6a85e4e85153a9069caaa00fe,False,False,False,False,False
phoenix/xrex/cuda/top_k_by_key/src/top_k_by_key_async_kernel.hpp,phoenix,source,.hpp,389,16,True,5fb246e295bf85b95542ccaa40dbf39ff5a60f06caf7b643b093f72ecd4d38cd,80d65d5ffc404e32ccb004cf7451c7013fff8033,False,False,False,False,False
phoenix/xrex/cuda/top_k_by_key/src/top_k_by_key_kernel.cu,phoenix,source,.cu,5004,152,True,ac326151d5ca60fe9cf37d42cb4ed4a5611ee55a50d52c31e001f0bdeae4ec44,f56371a959403510e4279114ac19187e1dd1ffa7,False,False,False,False,False
phoenix/xrex/cuda/top_k_by_key/src/top_k_by_key_kernel.hpp,phoenix,source,.hpp,417,17,True,d947e7a572e7bda61b169d178c99ef5220c86e5c83501acc41d72568e54d64a9,8bea4c03f811eaa5f18840908e5261df7f7c2138,False,False,False,False,False
phoenix/xrex/cuda/top_k_by_key/src/top_k_by_key_radix_select_api.cc,phoenix,source,.cc,981,33,True,6b6c479b0cd2900dcc42a24352cfd3c7982f3d1b5741bc5ebe2aa53bda2eee46,79ec35a6c401b5edd0e895866474e4940b52ce2d,False,False,False,False,False
phoenix/xrex/cuda/top_k_by_key/src/top_k_by_key_radix_select_kernel.cu,phoenix,source,.cu,12823,389,True,01b9223e3db8d704bc8d50867fbc5fc7063de366a7c0ee30e34e68b17ea79aec,f858eced656187c7a01ea957846afd0c664d84e7,False,False,False,False,False
phoenix/xrex/cuda/top_k_by_key/src/top_k_by_key_radix_select_kernel.hpp,phoenix,source,.hpp,396,16,True,32d70bb0eb94cfc99acee3fd076e8912ea3fe569b8221454d0b05feff8076ba3,fa23ede32be4aea8a7bfde9b6496708fac467a69,False,False,False,False,False
phoenix/xrex/cuda/unique/__init__.py,phoenix,source,.py,1432,41,True,0ee776906895599d5fbe722f9d455dae1f13c7c6322c93b545ee362d53239e6c,35d3cf23b5458246e305ad8506e01a64e2577097,False,False,False,False,False
phoenix/xrex/cuda/unique/src/unique_api.cc,phoenix,source,.cc,1063,36,True,349ade77dc6e2c11f695c72d920dc633657aa7ebe9016b22ba5e5860b777112b,bd41c55744a26d0631f93039c1e6821e747cb727,False,False,False,False,False
phoenix/xrex/cuda/unique/src/unique_kernel.cu,phoenix,source,.cu,4862,154,True,268623f26a96ce8e0061f1b0d9dcb5703f66e453d1ba99af0607f6845f97a4c1,cbba9dc8a96284e7a4713753a87aa9daba7673cd,False,False,False,False,False
phoenix/xrex/cuda/unique/src/unique_kernel.hpp,phoenix,source,.hpp,646,21,True,02554e1aa03dcb9bf71c87f0f6b12e9f34760eca90eb7259f4742ef178346760,386e9da5683c5bf8b474376405e7a3cfd71e49ca,False,False,False,False,False
phoenix/xrex/cuda/xla_utils/cuda_error_utils.hpp,phoenix,source,.hpp,3904,68,True,4dcd57bc1d4310c6ab34b528f5cffa92d6adc38aea978d1ba84cdecef76d7418,1a57288d4b2faa1bf2ddcea42a46c291bd6aaa48,False,False,False,False,False
phoenix/xrex/cuda/xla_utils/thrust_allocator.hpp,phoenix,source,.hpp,796,37,True,735e17e17ba0a9463ab9ecec336a1cf432b5c1223b5ede716041e7b2a3e62ab7,ea57b0fe069bdfe7599c09b73035086368e09a5c,False,False,False,False,False
phoenix/xrex/cutedsl/__init__.py,phoenix,source,.py,66,2,True,f140c37c4e8606b6b90ca8caae1b678adae88eb254aad5ffc9eb66204b97f117,c764cced242c5f9358e1633d143e30979bc155dc,False,False,False,False,False
phoenix/xrex/cutedsl/ranker_attention_fa4.py,phoenix,source,.py,13233,393,True,0793dcc34dea6e06b0aba63cdf9265da0c7cc8bbf8fa8d36c25e1ad2240aa45b,5240f25fe35cddc6b80292b0c34da25a1776780c,False,False,False,False,False
phoenix/xrex/cutedsl/ranker_attention_varlen_fa4.py,phoenix,source,.py,20322,608,True,f5e0843db8cd9d15a097bc1d10d2d6f69ebc5e350681de0834bba2987e06f6fc,c0dc49e1311ce605400272096e53120ecafd6323,False,False,False,False,False
phoenix/xrex/cutedsl/ranker_fa4/__init__.py,phoenix,source,.py,1779,33,True,569e9a440588d5917d6838c9ee4e4fd3b8905d66373f88b76bef1a7e79244f7a,bfb442e72025bec3b7f491b277439075fd7f73a2,False,False,False,False,False
phoenix/xrex/cutedsl/ranker_fa4/barrier.py,phoenix,source,.py,3796,103,True,ece396d3388cb73fb454b44ac649f3fad1d24dc361153e3b9845fef560eb5ccb,0e9e3b9c0d9273cfe2c455759bead7488d489b5c,False,False,False,False,False
phoenix/xrex/cutedsl/ranker_fa4/blackwell_helpers.py,phoenix,source,.py,46152,1065,True,d302f885f746ba8a49e95f72a50b42055f1c92e804dcec2be467fdd212b7cd53,28c6984571aad7ba3afa65953960a3611639c3be,False,False,False,False,False
phoenix/xrex/cutedsl/ranker_fa4/block_info.py,phoenix,source,.py,8203,181,True,2f16d1bb203b834163af567fcfd9ef99f84befe9c6f0a376e657e095b89ae7de,5a00dddb350110e7ca7ba04a574ee26a0f1ce6fe,False,False,False,False,False
phoenix/xrex/cutedsl/ranker_fa4/block_sparse_utils.py,phoenix,source,.py,55798,1564,True,7f703a5f2c8b4bc2d5d2afff4efa75a494be0ddf3e6c4520cc862f9d65888cd1,c0dcb710a6abd380f821a788a5f7f3b103939149,False,False,False,False,False
phoenix/xrex/cutedsl/ranker_fa4/block_sparsity.py,phoenix,source,.py,25469,679,True,f34e5cbd529de9e1179e7c3b6df476ab111b47e8fbd576a39a2fca27586b845a,db9df4d7415c9913e0d462a8e91d974bf0162edf,False,False,False,False,False
phoenix/xrex/cutedsl/ranker_fa4/copy_utils.py,phoenix,source,.py,13210,383,True,60e58cbfeef307284e84995f2c28b55ba6e15a079f76ac5625fd44b06a22e396,888505a55d8f36b2bb708676cd205aff0835b6b1,False,False,False,False,False
phoenix/xrex/cutedsl/ranker_fa4/cute_dsl_utils.py,phoenix,source,.py,5953,165,True,a4edcb19484b9152ec1eca7f66c93f2de25853d5463669d326765265d695af50,b8e4fa74876ce01f3d579c598cc75de5d0925a52,False,False,False,False,False
phoenix/xrex/cutedsl/ranker_fa4/fa_logging.py,phoenix,source,.py,3443,98,True,6f0f74446103e7b75ba617b565bfacc1d0f1720b071e65e2ed5689cab78327d5,21bf793796f68a8800eef786e1f6f2d69ed63e59,False,False,False,False,False
phoenix/xrex/cutedsl/ranker_fa4/fast_math.py,phoenix,source,.py,2070,47,True,6b5261d41e9e50ca3bb2772130807682f8e1a064991dc3cc5412a877e1b8b3b0,f2b3020378f01fb771b4380cce25d7dac22cef83,False,False,False,False,False
phoenix/xrex/cutedsl/ranker_fa4/flash_bwd_postprocess.py,phoenix,source,.py,25215,554,True,9bb18eeeabfeca66cd16bda914a3335fd09bcef29b16a0f3a66ff42c34563d0f,232f2d2cc55d6b7ddccceb62e52f9d290071c599,False,False,False,False,False
phoenix/xrex/cutedsl/ranker_fa4/flash_bwd_sm100.py,phoenix,source,.py,164546,3708,True,72e463dabb36a259dabb6ba47ae0126f4f84dc8f071ff4a89d31ec1d44b67b95,3a0d2eba08226f2e6db0c4aa49a5ae28e15476ac,False,False,False,False,False
phoenix/xrex/cutedsl/ranker_fa4/flash_fwd_sm100.py,phoenix,source,.py,128912,2941,True,63bf226c1d4a1b74097128f41bd1e16d5dca302424f192bf5e2806a35fac9ce4,ac25d8d879e7c4b77deca83a83d4ba29cce24640,False,False,False,False,False
phoenix/xrex/cutedsl/ranker_fa4/mask.py,phoenix,source,.py,55345,1236,True,948e6eb9a0a289638d1a6c4eb3c58eb273b9a1cf5e6c1feb486ab4a13761aeaf,2dcfcc706c4738733151422137108dc87ede6d25,False,False,False,False,False
phoenix/xrex/cutedsl/ranker_fa4/mma_sm100_desc.py,phoenix,source,.py,10646,298,True,968fe2d0f91bcf9c22baf50e8e9fe58ada766f6afe6fef459244016a71d2894f,a01ddb8aee682082acf924586af58db0766d050b,False,False,False,False,False
phoenix/xrex/cutedsl/ranker_fa4/named_barrier.py,phoenix,source,.py,3150,87,True,9a42184ca73ab09302d2417df08ad19e122e42b5245b3946cc7d5014a8bb4da7,a34d40e55cbeee792619412cf420a0b90b958743,False,False,False,False,False
phoenix/xrex/cutedsl/ranker_fa4/pack_gqa.py,phoenix,source,.py,11223,263,True,04053f58880acff6992308858323727a8300a39031161070c3401b1bfa770b20,231044f4fbaba4bc32f63d901e2505d748be4f53,False,False,False,False,False
phoenix/xrex/cutedsl/ranker_fa4/paged_kv.py,phoenix,source,.py,10435,268,True,f9611ff30b91133e5303003ec6cd76cb0383bddf4d2aaebf94fc49ff4e16ff69,82aba8a85fa8b1e75401e86b01d57ad3ed7b4dc3,False,False,False,False,False
phoenix/xrex/cutedsl/ranker_fa4/pipeline.py,phoenix,source,.py,11656,350,True,e3e7c726cec2b48e527a3a1221fdb227ee7ca310dc0406e77c1060e4241b8ee6,388983a1afa5caa01612f9fd3c5665f9710345ee,False,False,False,False,False
phoenix/xrex/cutedsl/ranker_fa4/seqlen_info.py,phoenix,source,.py,12123,308,True,6aebe396308f4dbbe258ae1b83cc0beb2ac9bd88677af4cf7db57744925d19be,2c0966f7298ce69dc27d3575e20fe6a7f59e3dc0,False,False,False,False,False
phoenix/xrex/cutedsl/ranker_fa4/softmax.py,phoenix,source,.py,22599,554,True,50bf5b5784905d48897782b73402e8694a692f5121876d057e2eca01afabc754,e3ed72071179bf0e7d097ffbc1a0df3d31248964,False,False,False,False,False
phoenix/xrex/cutedsl/ranker_fa4/tile_scheduler.py,phoenix,source,.py,54000,1400,True,9b7bc4567282a46076684bb33e1d3f2393bbe5d73c2839b45a108def7b9a3e87,d563f567e3c35045b951f8381176ac15c0c0633c,False,False,False,False,False
phoenix/xrex/cutedsl/ranker_fa4/utils.py,phoenix,source,.py,28724,848,True,91c54473044a95ecfcc32b18519bdfc07a729d137e6a244b194c8123bd0f3901,83b5c593728855fb2e14bc24df08d4241bb81816,False,False,False,False,False
phoenix/xrex/data/__init__.py,phoenix,source,.py,66,2,True,f140c37c4e8606b6b90ca8caae1b678adae88eb254aad5ffc9eb66204b97f117,c764cced242c5f9358e1633d143e30979bc155dc,False,False,False,False,False
phoenix/xrex/data/conversion_labels.py,phoenix,source,.py,5219,141,True,63462b1cae6ec670b77694536b9ded57edc1235483b4907fa9ca84f8990f55dc,32e9b845dd86e4975a4c6188acca79d23f1da8c8,False,False,False,False,False
phoenix/xrex/data/grpc_recsys.py,phoenix,source,.py,17215,390,True,a9ae96affa4d00edc9322898d275c3b9dc5d68cf1ff441edc80eff746b7aabcc,050160472f4d83f0054de560949ccf4687570eaf,False,False,False,False,False
phoenix/xrex/data/parquet_recsys.py,phoenix,source,.py,65333,1522,True,24f0e26e600c49f54f31c2f8cc3d5de15e66a95291666180097e582d97c8014d,d35abe317fa64be3607a010b8b266ae815c2a221,False,False,False,False,False
phoenix/xrex/data/parquet_recsys_metadata.py,phoenix,source,.py,4189,132,True,514a427be17bbff432f0931fba35978c17cac9bb77afe74cfcabadcceacd35b8,3d9cbd5ee1e5625e5273d4d6263a4316934bb050,False,False,False,False,False
phoenix/xrex/data/recsys/__init__.py,phoenix,source,.py,66,2,True,f140c37c4e8606b6b90ca8caae1b678adae88eb254aad5ffc9eb66204b97f117,c764cced242c5f9358e1633d143e30979bc155dc,False,False,False,False,False
phoenix/xrex/data/recsys/constants.py,phoenix,source,.py,7596,283,True,838060e5ba00d7c15d996d8060954446606f66ca1b29b2a8bc77cfb2338f9123,7d3e6868c27f1c2978099ba22a10fa586f4f2139,False,False,False,False,False
phoenix/xrex/data/recsys/feature_config.py,phoenix,source,.py,3797,152,True,4059e870fe80c1d7e658a90c927efec0f0cc6d8eac6b0fabaf0040f9e0208308,dd4d7bb3c3933f123cd62473ddd6c612c8e85666,False,False,False,False,False
phoenix/xrex/data/recsys/gen_recs_semantics.py,phoenix,source,.py,15650,453,True,82c2480c0c5ceda6df31fbe44969896ab8c52dfc78122ebe4ad79997053ce4aa,c2a2d790d2f467cb43900ab08fb8af1c423a37d7,False,False,False,False,False
phoenix/xrex/data/recsys/recsys_batch.py,phoenix,source,.py,64703,1582,True,095886ebcb2c594bab368e4aee9e7438c91e3229bd888ca5b5c1897e32953a41,6a66a4096d4c1460189d1ac78003feedcb81b763,False,False,False,False,False
phoenix/xrex/data/recsys/safety_filter.py,phoenix,source,.py,1792,61,True,80971829ed7747cd144373a78d0552da06f036a360c4042cdc02eb9093b74da5,08df384c1f6c16b16aed7b58defbbada2fca4cc3,False,False,False,False,False
phoenix/xrex/data/recsys/sequence_packing.py,phoenix,source,.py,17251,418,True,6e37c4fe4426460b5fb70600281fae19ab4781547fbd9d3b625623e81bb22287,b868c896f14c43c78231207570390df7f4ff9252,False,False,False,False,False
phoenix/xrex/data/retrieval_dataset.py,phoenix,source,.py,15607,428,True,dbaf8ea02ca9f20fcc4d1eeb5e6b4fde6194b966fb2b08ad42a17372996ea354,6a4af40410dd9b53366251d5b0313638c6040f41,False,False,False,False,False
phoenix/xrex/data/rust_ext.py,phoenix,source,.py,1238,32,True,4e6186d0d7957dcd0c9a65c61c4c86307f469065fe84f2907f7f907d4be3805c,abd609b937b3f7aaf57374ebe11ea5fcfe603f58,False,False,False,False,False
phoenix/xrex/data/rust_kafka_recsys.py,phoenix,source,.py,14931,370,True,80e1b4b966656746050016261ae6c13b325d1e82072167ca7a1684860836c042,2aa5ccbd4e58e633cdbcb66608c95c04a9c6d90d,False,False,False,False,False
phoenix/xrex/data/rust_parquet_recsys.py,phoenix,source,.py,11627,275,True,b1721197fd444bd1c35365ecfde88ed8dbfe0d4aba15b38573f7df9eb06125de,4375e48a5d8e8806f055b5c0d4ed9a29744a54ab,False,False,False,False,False
phoenix/xrex/data/streaming/__init__.py,phoenix,source,.py,66,2,True,f140c37c4e8606b6b90ca8caae1b678adae88eb254aad5ffc9eb66204b97f117,c764cced242c5f9358e1633d143e30979bc155dc,False,False,False,False,False
phoenix/xrex/data/streaming/kafkaconsumer.py,phoenix,source,.py,55347,1406,True,a7f850b471a0d541ab21372f2af85fecb9381f76da390fe02d65c755e136281d,ba941ce613d380142f076174ea9044d4f3354bbc,False,False,False,False,False
phoenix/xrex/data/streaming/kafkadispatcherloader.py,phoenix,source,.py,12096,312,True,4336470430f5f1b446579df41b52980a2b0615d25a60363ae81080b24e11d082,c6ef1d05236c3f67e977088530be6028a69127f7,False,False,False,False,False
phoenix/xrex/data/streaming/kafkaloader.py,phoenix,source,.py,44612,1231,True,8dba58592d5f941342daa70d72056c074a5c2383214485c2c36c436a32424839,6176d0069edcb18f658b92d53aee7abce4902b26,False,False,False,False,False
phoenix/xrex/driver/__init__.py,phoenix,source,.py,66,2,True,f140c37c4e8606b6b90ca8caae1b678adae88eb254aad5ffc9eb66204b97f117,c764cced242c5f9358e1633d143e30979bc155dc,False,False,False,False,False
phoenix/xrex/driver/config_factory.py,phoenix,source,.py,1758,54,True,d5c5a1cba503b0d0330c02aa59e287a0c27df19c0835c48403068aa5c41bf04c,cb9a7f291331b2d36d7c8ef853bd34b2846df28b,False,False,False,False,False
phoenix/xrex/driver/driver.py,phoenix,source,.py,10442,351,True,21311a9d958762af87165a00780e77464869557d8cd0240263eddc5a844622d1,2a9f236136b00a8b8a235be4272e9ea6219b3771,False,False,False,False,False
phoenix/xrex/driver/driver_local.py,phoenix,source,.py,2678,92,True,3b5e8a54ad469fac29698299ba1a895d559cf71a4d5de2abc11b4d8dd41e1236,29e9e309bcfd3911583aa20f52e0b4d769ae15a6,False,False,False,False,False
phoenix/xrex/driver/hooks.py,phoenix,source,.py,23974,783,True,b85b9dd5a6398e85863d6a70c37dac38dfd7458d02e19c82b1d917e1767ad6fb,7e05f432b0c8e8829bafd14b9721afc595ce07f4,False,False,False,False,False
phoenix/xrex/driver/run.py,phoenix,source,.py,4498,141,True,de07aef886a7069796855290f97a4388fcd0ed532abc06a631cae433fa92c660,ecbfd12cacd9fa722395f94459079f94bd963e5d,False,False,False,False,False
phoenix/xrex/eval/eval_utils.py,phoenix,source,.py,4913,154,True,e6dcd722a8bbf314235740f95bfb6f84cfcaf61b0792edee383600455e9b4599,b8ad117eea023126c97b824d2c9992d6a4d6fac8,False,False,False,False,False
phoenix/xrex/eval/evaluator_recsys.py,phoenix,source,.py,903,22,True,4611ea3d444a41f2de664f0467aea55212752ce7e7a814f3331596056a802431,949c7b7c5d615b81d6200e2061b62f8ba7c1d618,False,False,False,False,False
phoenix/xrex/eval/metrics.py,phoenix,source,.py,1183,55,True,0c834843ccbf1e103915c90ce768ad6bf7aa742666bb1f818fb64ef438d299f4,07efb0a47308be87c1d0c4424eb65240c8b7f47d,False,False,False,False,False
phoenix/xrex/eval/metrics_recsys.py,phoenix,source,.py,21332,615,True,91f1253f32a5f1f366f6a2f094710bac1c7b1cdc00ad4c74be2116a41f13dd4c,7c95ae83531ba6dfb5f7809b1faa665b0cb07c2b,False,False,False,False,False
phoenix/xrex/eval/recsys_eval.py,phoenix,source,.py,43431,989,True,c0663994659b6789d8d1399cf198cc4833a4b30db5c33065ba2944ba60c5b71a,3ea8af9a9d9e405fa1a7b5768a60f14326b9169f,False,False,False,False,False
phoenix/xrex/inference/__init__.py,phoenix,source,.py,66,2,True,f140c37c4e8606b6b90ca8caae1b678adae88eb254aad5ffc9eb66204b97f117,c764cced242c5f9358e1633d143e30979bc155dc,False,False,False,False,False
phoenix/xrex/inference/checkpoint_storage.py,phoenix,source,.py,11129,291,True,db99d89cf85bcf509cc26a03ca8013f7788ecf5c6f6bda46886b28ca0622b2c6,1fe415288c0a5beed37e4aa969b165c99e1f73d8,False,False,False,False,False
phoenix/xrex/inference/debug_logger.py,phoenix,source,.py,1466,38,True,e3d400397a1deaf06ed7969b76b44044bb9902a28c873b970a3e79d9f20e99c9,0bb02a2e5773155de3cce5e22e3bd68a1ada2942,False,False,False,False,False
phoenix/xrex/inference/gen_recs_runner.py,phoenix,source,.py,13754,349,True,bb907e12a7f078dd6b97c1911c6ae243a3932b18f47cb769055a176c5e4480a7,670dbe483933161cd97509b3fde3523cc679575e,False,False,False,False,False
phoenix/xrex/inference/gen_recs_services.py,phoenix,source,.py,1584,36,True,5191b7e9f363fb4be88d51ac193d4b130318dfdc36ef737324f89dd958582590,13921b7f12d34b616245658cf5d495eee5207131,False,False,False,False,False
phoenix/xrex/inference/h2d.py,phoenix,source,.py,14718,412,True,8619c7418af20dc8d6c05500c9be3c170642e7c3a3d79f9a8179e665b04da6ec,bdb83464f851a809338263cf515b3481c4cb71a9,False,False,False,False,False
phoenix/xrex/inference/launch_inference.py,phoenix,source,.py,31038,849,True,884af3c43b221e3e865d36c894ece739734d0dc705563bd69796b4b56ceeae88,a97a506a8b5023cab0e35ebba14387cc67dff807,False,False,False,False,False
phoenix/xrex/inference/metrics.py,phoenix,source,.py,16644,405,True,cab09d8f5ca80c5bb77457cb0d935983c3b43c9a0f2d766b9e4e68bd333770f5,b0395818cf6caf54a2a9765538ca80e251f038b0,False,False,False,False,False
phoenix/xrex/inference/model_runner.py,phoenix,source,.py,209227,4879,True,7a93825805b975f367a3f40b6a50dfae4a96900d51602a8f6c8edd172759c6e4,3455b86547ea63339cb130bdb79c98fbaf5ecdf5,False,False,False,False,False
phoenix/xrex/inference/oss_bench/__init__.py,phoenix,source,.py,66,2,True,f140c37c4e8606b6b90ca8caae1b678adae88eb254aad5ffc9eb66204b97f117,c764cced242c5f9358e1633d143e30979bc155dc,False,False,False,False,False
phoenix/xrex/inference/oss_bench/bench.py,phoenix,source,.py,16076,485,True,38535b1bce54057f1b2cadce5b33f805a992c399b78a3748d4e5abbf8cb882c4,795587f55fc57a15caa037611ce0a0ca2b588c91,False,False,False,False,False
phoenix/xrex/inference/pinned_d2h.py,phoenix,source,.py,3125,97,True,d38567cd0cd2cb8b99da8c585af692622a5e6da3c2c476f1a0830b63cfa23e49,5afaaafa9f7ce93548f6cdcee72b4a7bc9ae4901,False,False,False,False,False
phoenix/xrex/inference/service_registry.py,phoenix,source,.py,697,25,True,0d23770348cf7391996b3ac3cda99f8bb4a7427771a28ec35b0a3b74b141a5af,281b69cb2752c71346c8fc0cefd81b9c82020e78,False,False,False,False,False
phoenix/xrex/inference/serving_filters_runner.py,phoenix,source,.py,22979,543,True,cb2763a3a6d0effa02804f67a9d9396c5aa0e6c5aff145bd13608160214ac4a8,dfb2bda534c78f53d4af386e37b40dc29cde3610,False,False,False,False,False
phoenix/xrex/inference/serving_services.py,phoenix,source,.py,1681,40,True,a2fad49112dcc1075dd4c25cf55a21e43f74b31e936cf13be149ba2e40330622,226cf058998b57ef963075106e4bf26d1c03c0e2,False,False,False,False,False
phoenix/xrex/inference/sid_post_index.py,phoenix,source,.py,8853,258,True,71f891ea75bdf3c5208a0e85ec76f555526a7e0d8582c8d5127aff1b96d98c71,ce11f316f1022b186dbdc785b5a0d5b40089088b,False,False,False,False,False
phoenix/xrex/inference/sid_retrieval_runner.py,phoenix,source,.py,18656,446,True,9000d5998cc6074dc0595b73c903eaaf55eb0ce79aa7d990f47c7ce8bd01b762,82d48afc0bf6fc92d67359b7945b971246c1b7f7,False,False,False,False,False
phoenix/xrex/inference/sid_services.py,phoenix,source,.py,1382,26,True,7d4d3252d6732eed5ffad6373d94699e8998c370314c76e4e1a5adae9b114173,5780e196ffa9f6db5d28ec3b7005a8cb5b85f39f,False,False,False,False,False
phoenix/xrex/inference/status_server.py,phoenix,source,.py,5907,172,True,f106ba422fa1937c0b9cadaac9f7e5c0c4967cc3e3126bd9555104a322421fe8,4feec246ab4a3d32890d0ccf01b61dacd2076311,False,False,False,False,False
phoenix/xrex/models/__init__.py,phoenix,source,.py,66,2,True,f140c37c4e8606b6b90ca8caae1b678adae88eb254aad5ffc9eb66204b97f117,c764cced242c5f9358e1633d143e30979bc155dc,False,False,False,False,False
phoenix/xrex/models/attention.py,phoenix,source,.py,11282,326,True,305268fcd0fb36367bd3589b46b151c71ee90d524bace0988e1c8a1f34bdae41,0f54cdc91283f939b2ec6a0d1c0849a546d27ddd,False,False,False,False,False
phoenix/xrex/models/collective_policy.py,phoenix,source,.py,1298,48,True,5a603c78e191bd44aba7b4f8f44c3b72c06e79d59d257bc4ed26130ee1fe136e,27b093e46ba7b389dad87db29e55ca36c64608e2,False,False,False,False,False
phoenix/xrex/models/compress_token_ids.py,phoenix,source,.py,1091,36,True,0365266c2db9dff06e0b5f2ae07c30397edff13c509ca985c2063c66f7acb6b9,860e8b08c9906b8ddcd3ce9e114b51695169c197,False,False,False,False,False
phoenix/xrex/models/layers.py,phoenix,source,.py,17720,511,True,047449a79f5c045869ac96a76e6fad6a02026308ef377e4956ddea1f962e8533,0e8e48c9179f954744cd8c0939936c6369be7c61,False,False,False,False,False
phoenix/xrex/models/linear_layer.py,phoenix,source,.py,2375,83,True,5c9829be3c9d7286e597711dfb6eb9c14156cdc6d21ceb891095a443a3889e78,679e191320b8e902d6a1312d2752abc8653954a5,False,False,False,False,False
phoenix/xrex/models/loss_recsys.py,phoenix,source,.py,3806,127,True,19da6be16bab9a10c9ccd8a146aefffa46d1d934f68e43e2fe60e900e567419f,4ef9757b8389697f5af8c719701d0ad9ae72546b,False,False,False,False,False
phoenix/xrex/models/model_utils.py,phoenix,source,.py,4654,169,True,cca1f2e56229145810056ddcca3ff7091078eef8279a1f9501deb5b6363c15f1,4fa24c588ba6a7fc157365e7fc580ff319f1f0ce,False,False,False,False,False
phoenix/xrex/models/normalization.py,phoenix,source,.py,3941,125,True,eb21ee77ef23370bcd8cf3d0bf648cbebbd0eb57001f8e72f4d889875cf57eaa,66f04fbff5e9f654e1c4577633f52afc4d242d83,False,False,False,False,False
phoenix/xrex/models/recsys_attention.py,phoenix,source,.py,12108,315,True,9d7f44b29d87296c31951055b6dd8531a6a17d705175d61b96202426ccaacc50,59a0619ef0f163813ec9603469b3c3bf7771e444,False,False,False,False,False
phoenix/xrex/models/recsys_embedding.py,phoenix,source,.py,11142,334,True,ede06f24f67d448ce26ecac96fd7837fd8739d7cf31a111ebd5d60fefc00b366,2d470d78eeed452af5b46bbf9f3e7ff1d29ce641,False,False,False,False,False
phoenix/xrex/models/recsys_feature_prep.py,phoenix,source,.py,38859,1073,True,829fbe466ee8427210f9850b0da2e9c45d43a53a74d0d2a4bd5197ccb49b2376,4b300010dbbe50733ead527691ca95f92a6067c6,False,False,False,False,False
phoenix/xrex/models/recsys_gen_recs_model.py,phoenix,source,.py,33183,939,True,11e4bc02baea2f2a2327465eb576eac46dd8a0bb57102472c8204f26d41d5ad8,6586d6b8aa7c404fa696b1c67b95d2ace5b29e99,False,False,False,False,False
phoenix/xrex/models/recsys_model.py,phoenix,source,.py,124954,3178,True,427e3d36d1656d32b2dd1e74720ae01b25ca6ff12290f8b0524440ec312a73b6,fabf4f6f8fbcb0cc63ef5944047992892e1f7156,False,False,False,False,False
phoenix/xrex/models/recsys_sid_retrieval_model.py,phoenix,source,.py,20844,546,True,136b5260f33ccc05a0c7d553b988a3d5006cf34fb72589dae7a5f2d88129be6d,e45c4117d37e6030dab1b34be3c963bd767f8c49,False,False,False,False,False
phoenix/xrex/models/recsys_two_tower_model.py,phoenix,source,.py,67810,1760,True,68ed15ca34c403ed8ab84c7bd737d66484042f8b4568c4054df4f363d522127b,e142e9c212c97347772170ed2584618c9780ca6f,False,False,False,False,False
phoenix/xrex/models/recsys_two_tower_serving_filters.py,phoenix,source,.py,6863,173,True,9424b84beb1f4f07f86ee238ab91db00f197a51e2163f0a15dfde98323c69a32,c20e1a7a53ca3201740ac0c800924f25aef1d610,False,False,False,False,False
phoenix/xrex/models/recsys_user_features.py,phoenix,source,.py,10910,322,True,54f3d9cf4ae58060c092ab9a63627be4bfcc9e14de258b0467cc4b83b70d4736,f2c4ecd087cea8099c8fbf508b6e0aca75023334,False,False,False,False,False
phoenix/xrex/models/remat.py,phoenix,source,.py,824,32,True,d1a97576a653e793fa2a9ad4b34b9ce2b4f78267051cd2ff6f161a7d1af8e982,bd4be3bee029f07e6b7147b3f3866932a42086a1,False,False,False,False,False
phoenix/xrex/models/scaling.py,phoenix,source,.py,1097,41,True,247aa6c62a0e6cf5f8ec57687552574ba0f2e13c1faec2a7d88916dc615b23f3,d2ce74c4d846e9f874c517648b937973f0538853,False,False,False,False,False
phoenix/xrex/models/sharding_context.py,phoenix,source,.py,5713,167,True,d20e6231992d8942f7f1a3ba4df44f6864c5ad44c9aca666e415f933f5096383,c22fc162d60a5ee0732144dd0c39bce25f4c10c7,False,False,False,False,False
phoenix/xrex/models/topic_categories.py,phoenix,source,.py,7158,172,True,c0a242cd8e8bd7f9b35f0a0fb135ebf2cf0d11012b576fb068284e4586f2baaa,9d4de47379bfb9d039fa753f0dcaa3e5774c37f2,False,False,False,False,False
phoenix/xrex/models/transformer.py,phoenix,source,.py,25784,732,True,3c181573fb9cd5e9c3972d8b565b04a7ba4aadd78b44bddc4eb24fe47b70ab0a,d69517bde458b9e0568494d1474c3407e9621db8,False,False,False,False,False
phoenix/xrex/optimizers/__init__.py,phoenix,source,.py,66,2,True,f140c37c4e8606b6b90ca8caae1b678adae88eb254aad5ffc9eb66204b97f117,c764cced242c5f9358e1633d143e30979bc155dc,False,False,False,False,False
phoenix/xrex/optimizers/optim.py,phoenix,source,.py,5033,151,True,42ca9d83c0a20a70866fb8819a60e95e89babfe0ce2e464556f380d33e5f3247,dda1ba7e4e73c301f2bac8408bfab6894b7994e0,False,False,False,False,False
phoenix/xrex/optimizers/recsys/__init__.py,phoenix,source,.py,379,12,True,efed7932d05e9d7e4b75543362ce2fabcd4c6900e56171957f1a6a25b0418626,c054b2a705e693de946101270e7d8b835baa3648,False,False,False,False,False
phoenix/xrex/optimizers/recsys/async_emb_gradient_update.py,phoenix,source,.py,1300,43,True,784d623b40213cc58da850a4b993e5374e270342b6e9778d40cb2b2c825b2ece,f7fa9d94877dce6d626928c60623a4ad5decd8d1,False,False,False,False,False
phoenix/xrex/optimizers/recsys/config.py,phoenix,source,.py,1136,37,True,e599478488980650c8fa3b11fc0f5df6818b0699df3ab2b4bf53fcf49026e90e,b78b32bd92ffcc439854cdff2a1d3c58cd2375de,False,False,False,False,False
phoenix/xrex/optimizers/recsys/protocol.py,phoenix,source,.py,991,38,True,590559ae915b18bad168206dd1a766df308b965de0f1a0d50592234c0e29d78c,fc68b681de65651d5a98d5a04af400a1700b3f79,False,False,False,False,False
phoenix/xrex/optimizers/recsys/rowwise_adagrad.py,phoenix,source,.py,9756,281,True,2ba1aface451afef7e4596d6433eea9c7ba9de5aada836d10c5745474135eba0,86ba94404db6bc916772ea74868868d2b57054ef,False,False,False,False,False
phoenix/xrex/optimizers/schedule.py,phoenix,source,.py,634,28,True,107edcf0f5199dc427a7fd67f53d40e3ece087d0951f4c153148cb098b00c7a9,8a7b590044e9d6252ab276d86e10880b29289e5f,False,False,False,False,False
phoenix/xrex/pallas/__init__.py,phoenix,source,.py,66,2,True,f140c37c4e8606b6b90ca8caae1b678adae88eb254aad5ffc9eb66204b97f117,c764cced242c5f9358e1633d143e30979bc155dc,False,False,False,False,False
phoenix/xrex/pallas/attention.py,phoenix,source,.py,23892,706,True,d8ac8bf0f8cb120113022daea192d321c0ede7caff1fbed451f8e74b91dcbbb4,93f24a5362d80e9f2ba79d0df010b719f792f7b6,False,False,False,False,False
phoenix/xrex/pallas/ranker_attention.py,phoenix,source,.py,28367,813,True,15ef1020bd093eac805084de11318d9bd2dfcabca28562dd01b096db61327e69,a06f141618ff63259f4502de48a4b36e3a6df4f1,False,False,False,False,False
phoenix/xrex/pallas/ranker_attention_fa3.py,phoenix,source,.py,60051,1553,True,db396edb5ed0698f11548ac2e3418a4ef08c519616c36543391c6b94d53a0b09,f3d4eacc927959aa10c336eaf537fe2b16d6d205,False,False,False,False,False
phoenix/xrex/pallas/ranker_attention_utils.py,phoenix,source,.py,5949,143,True,3d7c406e9096147983b6d6046826b9257973705e06b9aca4d94ad21ccc5363d3,d1897946376456e13213d15523f54c38b2c8b77a,False,False,False,False,False
phoenix/xrex/pallas/ranker_attention_v2.py,phoenix,source,.py,36137,1095,True,e8ec722fed1407f51fd00a5269c1b60d43a1a7efe0fed0373acb9eb81b3783f2,79948c902eeb8e90dc096c4a33f4a85469ef96fb,False,False,False,False,False
phoenix/xrex/pallas/ranker_attention_varlen.py,phoenix,source,.py,42056,1326,True,1e191443adbef2e992d9c942e08e43b1520745af2c469a5541cc4636182c792c,d5fd5b782cb6a63e837f66478dedf21da2a6d5c2,False,False,False,False,False
phoenix/xrex/settings.py,phoenix,source,.py,3937,109,True,71867d6077a6806720c25808bc4e3eee7633a1bd031d2f411e600040434d3512,5e9873f994538814323d93122b72c6ad9c97a0ce,False,False,False,False,False
phoenix/xrex/train/__init__.py,phoenix,source,.py,66,2,True,f140c37c4e8606b6b90ca8caae1b678adae88eb254aad5ffc9eb66204b97f117,c764cced242c5f9358e1633d143e30979bc155dc,False,False,False,False,False
phoenix/xrex/train/checkpoint_write.py,phoenix,source,.py,4660,133,True,b02ea66cb222885edf32eae46ad6e8a7c35ec58d11661f41fde5a2aaae2ee9d4,94e98152e059936b0d6b3675e7b301b9b35d861e,False,False,False,False,False
phoenix/xrex/train/embedding_loader.py,phoenix,source,.py,6750,188,True,5f0e0936ebeb7d0546143270b222466160a5fedaeeab09db95757d0065a71007,d9e83863d5bd56de14d966ddc01f91922ddd16c8,False,False,False,False,False
phoenix/xrex/train/misc.py,phoenix,source,.py,3105,122,True,c2f2115f63b1b7b20acec50d5671257a64281047698fb6828edff9cbf4b555b0,fba69fb8ed46af39b3187664f96f02758823e971,False,False,False,False,False
phoenix/xrex/train/parallel_config.py,phoenix,source,.py,1298,42,True,1d63b9b23ae3b64291a44d7a5b51c58b5f2c6a28aa9ebe9ca4ce07a58de09857,5b4042672dd28ccd01279e057e4e24262575cfc3,False,False,False,False,False
phoenix/xrex/train/trainer.py,phoenix,source,.py,58054,1496,True,e3db8b92fa39feb70f915877cb8b03a21f390b13c47eecd4b74266f41e0f1f05,fc9b7381e6143f1401758b28b62f9dee6fc313cb,False,False,False,False,False
phoenix/xrex/train/trainer_gen_recs.py,phoenix,source,.py,23368,558,True,f75000d450d0d48a3b2e4201fe0a6e5ba27405a0309e746cfcaf8fd69296e6c5,b85e4099909363d6908382318bb71255352ad235,False,False,False,False,False
phoenix/xrex/train/trainer_recsys.py,phoenix,source,.py,147414,3568,True,7f767dff3d47583b683c1caf6cedd5c9d7d19eec03ec2cc494bb1335996e6739,50c77db0fbb46e46d4639500dbd95f41b180add5,False,False,False,False,False
phoenix/xrex/train/trainer_sid_retrieval.py,phoenix,source,.py,6874,174,True,c55315b7cd2fd96e2c6097cfb70e783e7245bde5a6edaec27e5cda1496fc732c,c6852cd4f0096f214d8806dbc0c5bdbbe088ce16,False,False,False,False,False
phoenix/xrex/utils/__init__.py,phoenix,source,.py,66,2,True,f140c37c4e8606b6b90ca8caae1b678adae88eb254aad5ffc9eb66204b97f117,c764cced242c5f9358e1633d143e30979bc155dc,False,False,False,False,False
phoenix/xrex/utils/aot.py,phoenix,source,.py,25815,688,True,ee9ea9351e39377fdc4dd56ca770c58bb4cb9d17f35ef24283e517b21969b599,df94df987ec3ce30f8a4f45cca5a32f0a7907f8a,False,False,False,False,False
phoenix/xrex/utils/checkpoint_cloud.py,phoenix,source,.py,2522,73,True,b9513ef71999ba2dcc2f99fb6b9811905f1c15f1bd130babcef4ef5406a3be0f,8e90e7a6612432f8bda62bdccd47b5f0bedda212,False,False,False,False,False
phoenix/xrex/utils/checkpointing.py,phoenix,source,.py,4002,126,True,75705de36f356509041d90673c3f455149773db08c9e8540b8fe7a3792dff7f7,5047ae4e4128bb2fb579148e69a2b4a879e1ff45,False,False,False,False,False
phoenix/xrex/utils/cluster.py,phoenix,source,.py,976,42,True,41a0eccba7b1627506c8ec366e76af478a79f223e10dc52e22b9e4409a14d289,a59209a6a6b8c49e63580df4f67ad2b38a02f390,False,False,False,False,False
phoenix/xrex/utils/gpu.py,phoenix,source,.py,7523,266,True,68ea200532ee8ddf3dd1675002fa9795633d44165557cfc4cc8b27d1b1ed0422,24197ea24250da3837e067508cdabb5b7d9d0c9a,False,False,False,False,False
phoenix/xrex/utils/jax_extensions.py,phoenix,source,.py,10001,308,True,6d5206e56951ac45b851689c3fd713fcdb0778b9a9f9c53245d7db9eac9fe5c2,fd901a8e27a65ac4d024a445a502da2e700e5d1f,False,False,False,False,False
phoenix/xrex/utils/launch_env.py,phoenix,source,.py,943,32,True,a32b4cdd4e831feeb11cfd98780a299bcd68fa3da21bf350a808276d2a803618,5939e6e3a9e753974d62e7e9983a82eb4bd71684,False,False,False,False,False
phoenix/xrex/utils/layer_stack.py,phoenix,source,.py,13950,407,True,a2c690b82a03c5c2d3a08f37929cb58312414640ec6e941f017382d959c60859,cde805394f8e80ac4ca12b57aa0c4ace2b865b1a,False,False,False,False,False
phoenix/xrex/utils/log_timer.py,phoenix,source,.py,2040,80,True,58e9a9cc74ed631a6245124e39db976fa1d2f2934c880d6419d6a04e80775da2,47796b8ab2b7e33b3eafed5bbf49ee17e8bf9f16,False,False,False,False,False
phoenix/xrex/utils/log_util.py,phoenix,source,.py,7872,226,True,5f355d7bc7de96e727a2160a85cfd8a1d1dfb321634d5d50e545ca47ed953029,0b7adc500751de4dc95425e19b25e9432f974493,False,False,False,False,False
phoenix/xrex/utils/metadata.py,phoenix,source,.py,20304,617,True,8dc4ed9419e4205b32864fe3b6216479c61f4ae1992b313e6c07c3c3a8477869,721edd87f42cd57ec5a571c805f6377147149e4f,False,False,False,False,False
phoenix/xrex/utils/metrics.py,phoenix,source,.py,4446,130,True,a2cf9094d76eb110100c22490c4236ab1aba74f23cd9bbf76fcc9a86b22bf2ed,57fb72b32b01341f2f032191f2f94500951d23ad,False,False,False,False,False
phoenix/xrex/utils/model.py,phoenix,source,.py,330,13,True,60588f1cf3c376cddaad2be62d04d78955ad6b7788ab0ea6ac84a67aef0f6689,a4f2bb09c09d2ff467ffcab75177ac2a0d015436,False,False,False,False,False
phoenix/xrex/utils/nsys.py,phoenix,source,.py,885,27,True,a5371aab2f72cc996eefc894612b921a9533671e35ebf808a30f977bf5340ab3,880d830df70692de3af3bf38a6f83c47cc90069f,False,False,False,False,False
phoenix/xrex/utils/ocdbt.py,phoenix,source,.py,6520,220,True,0fdde7d6faf533216fbde659be7968ea50785954a81f0b22996a072b56bbf59f,79166291da5ce27e9911cc98487111827c12ecae,False,False,False,False,False
phoenix/xrex/utils/profiler.py,phoenix,source,.py,3397,116,True,0b793cf317c09f092cf08efd83677724d9e42c4907b9da306b4c37b2dcd86912,db026ee1c262766f4a99aa930b83a3c10ad5fb19,False,False,False,False,False
phoenix/xrex/utils/pyspy_profiler.py,phoenix,source,.py,2154,75,True,5f92504432df47e168c685c4499af25c52228471af6d3cdffdacb566b318860a,d4344d034559b143f25d02f9edf37e7872d6ceac,False,False,False,False,False
phoenix/xrex/utils/recsys_async_emb_lookup.py,phoenix,source,.py,1613,58,True,7d25853a3042661ff18aafce53b5f8733239d8a65fcf7abd98cec0353f36fc04,76efc1b76b00ea86c6516d4a1d313fd50c29479a,False,False,False,False,False
phoenix/xrex/utils/toolbox_notify.py,phoenix,source,.py,1658,58,True,0e4f5d89ba8b5bb176469d047d0fec5741c7c414c43d1057b4f0e61d389d8a36,c4e742aebec3c905b395c7e94eaa6ba72d0b2608,False,False,False,False,False
phoenix/xrex/utils/tracer.py,phoenix,source,.py,7532,262,True,628b2c0ae6a61b65c860456aacfc3cf568ab5cec7d1277cbb1e46c8f3f26c558,262142b6b11e49507a53d986a6ddf3ab6d2db1d8,False,False,False,False,False
phoenix/xrex/utils/utils.py,phoenix,source,.py,10574,358,True,bd01eadde97ebaa2b0973878ec7f66e3447ed50f71fb417d0a8fa99cae0b2e97,434803b86219b3382945a629b15806cd6f986555,False,False,False,False,False
phoenix-rankall/build.rs,phoenix-rankall,source,.rs,198,6,True,1c6f104024cad2a70ec5b53153db7564d40863317f85007460824dd82c6cb575,fd30438e640933871492a71446d2b7ee49ce5d23,False,False,False,False,False
phoenix-rankall/proto/sid_lookup.proto,phoenix-rankall,schema_or_dsl,.proto,313,19,True,be35c9a57352cc73aa36f68661baa7fb7f8d936f11a22638f241c75d643821eb,7bc2c1a5735e6d6590c9e77460c5291b3fe49302,False,False,False,False,False
phoenix-rankall/src/config/mod.rs,phoenix-rankall,config_or_build,.rs,12712,387,True,0aeeef791e0582183a014a88ad9985115a63345cf6e0ffc1bc6bc30700b94838,d1f8db776be745a2cb5169837bba555383da1093,False,False,True,False,False
phoenix-rankall/src/consumer/kafka.rs,phoenix-rankall,source,.rs,4583,149,True,4e23fa6dc96343701d9eaa51b2b9bfc5482dbc3b0e33793dc179a652abb2ed2e,bb022d6d0ef7fda2cbf2d28ab0ef8eedfd4e847e,False,False,False,False,False
phoenix-rankall/src/consumer/mod.rs,phoenix-rankall,source,.rs,536,25,True,ecb6de32698627608b4cd0e008d5285f31818a376cf9752bf6d94cfddabd3cc5,09ee32f5dacc3e29e22696056aed74bfa4914a26,False,False,False,False,False
phoenix-rankall/src/lib.rs,phoenix-rankall,source,.rs,116,7,True,9e09cbc784a745f6a21c11a567b08ab538bd64b12c31c7f60effb9bed1294bbb,a5f4098148c309b71c67b672750c84c3f67a1f6d,False,False,False,False,False
phoenix-rankall/src/main.rs,phoenix-rankall,source,.rs,11024,269,True,34e53279b1ddf8f8679d5c72babc2b20de4c6615705a3e16bdd787d96f7ef7ff,da1be4499a9066d82bbc847d02d9cdcd05eb4209,False,False,False,False,False
phoenix-rankall/src/metrics/mod.rs,phoenix-rankall,source,.rs,8114,221,True,de3f199e3ea462441a0dfeb1b8f8b9b0498ff02da92b029f17d666cb1259df2c,3d80e7a4822e56f26a5fa71cb78bc0d99c057003,False,False,False,False,False
phoenix-rankall/src/pipeline/mod.rs,phoenix-rankall,source,.rs,19811,610,True,928cfc7f92a296b814e3029b0bbc8cb39e2a699249a550364b32e3d565d02ef6,795b74532c221e52d94047559928e9289d51b92c,False,False,False,False,False
phoenix-rankall/src/processor/analysis_processor.rs,phoenix-rankall,source,.rs,10253,337,True,a2903eeca265f9b6320a32b7b235d1fce7ef11ab20d5a15aed2d82a864392d45,e43f3020dd1f5e92224cc1595636ffa1a7fb6f49,False,False,False,False,False
phoenix-rankall/src/processor/blacklist.rs,phoenix-rankall,source,.rs,3339,120,True,5aed86e1dc551cd7dec63ed6282f5f504db5c1bc9fd16238c68335e7e300c3cc,d0ea5adfedf99bcc8accea214defb6be3bd1f88e,False,False,False,False,False
phoenix-rankall/src/processor/gen/hydra.rs,phoenix-rankall,source,.rs,22204,608,True,356727b54ce3d0d48eb17b18eda6abfc414b0d00e5742dbb56dcd36deb122718,e13166afa32038a2f19cb4fc473a9ddec0da368e,False,False,False,False,False
phoenix-rankall/src/processor/gen/mod.rs,phoenix-rankall,source,.rs,140,5,True,33ee3679c70a8e98daeab464c7eba475126e08d024d425de2b0feb12b3e69650,c8aa942ad4f7cb301706eda1524a78dbb4358f39,False,False,False,False,False
phoenix-rankall/src/processor/gen/scored_candidate.rs,phoenix-rankall,source,.rs,14760,403,True,1bdb66abf1b270020418a0b1b3d32644c5ea997e45165ab3c7f78a5d88dc0a6e,70bc47a7c62f6b0c95a55704dcb5a684065c5a04,False,False,False,False,False
phoenix-rankall/src/processor/main_processor.rs,phoenix-rankall,source,.rs,4761,164,True,2a4800f46de862e0be4010e823d3a49119c96a7de56f3bc876065e239f5209b3,470a0290477e2ef7a7d6fc8bde5ea3048962ee97,False,False,False,False,False
phoenix-rankall/src/processor/metadata_processor.rs,phoenix-rankall,source,.rs,7020,215,True,f11c4ec1a2625ec9c2e40094c504a79bf5a76318c49f55ca2c1c399463f69cf8,89e71728875a401b0a162508c526ab3b39f17501,False,False,False,False,False
phoenix-rankall/src/processor/mod.rs,phoenix-rankall,source,.rs,1320,55,True,a0ca3078d1aa041c64a05a9c9dee5d2dd3f9a9ad4c39380d7e53d011a0f8d90d,9e9e90e6e6689561795d7c8de335fd18fb42394f,False,False,False,False,False
phoenix-rankall/src/processor/record.rs,phoenix-rankall,source,.rs,2835,113,True,208ac6b00ac677edfe423d812a1fe1f7b482a9f0c8bda8817577f7ba322d7fc4,55b30fc46fecda3bf5327c1114eb37835b435a80,False,False,False,False,False
phoenix-rankall/src/processor/sid_processor.rs,phoenix-rankall,source,.rs,6658,206,True,cb0c4a41d7fc4ee087ac1a4ffe2cc570d36a50a9174614e4102ac36f6dd0e7d9,3109b0d1cff0e0d4142b532428277f9af8d6d3bc,False,False,False,False,False
phoenix-rankall/src/processor/sid_tail_processor.rs,phoenix-rankall,source,.rs,7144,231,True,72ae495fc597b76e6bbd81fc7347b6e363510d4d49a2a2512759f21f28a6f297,4c7c10cc6e6bc926389471f242292c7aeadee905,False,False,False,False,False
phoenix-rankall/src/processor/thrift_types.rs,phoenix-rankall,source,.rs,5184,154,True,d8570b7c6649a2abbe642d81f6c913c35a896e99611e89ba105d5900b8b6bf29,47405a124860c5c7cadadd2a2734f0b0945183b5,False,False,False,False,False
phoenix-rankall/src/processor/topic_names.rs,phoenix-rankall,source,.rs,5249,127,True,267be9eb2056e9190c00ef9867d5a7f35543221a5ec12586d5e882869a699b44,4fe9cf690d92ba4f661cd6554e0fed004b2955df,False,False,False,False,False
phoenix-rankall/src/processor/topic_processor.rs,phoenix-rankall,source,.rs,5501,186,True,24b75d7babd4605dcdac6bc5666920deb2e7fd73092f4ea8444fd3dc0ac889a5,96483096ed4258e963bb2b4582d23ca69d2ee7ec,False,False,False,False,False
phoenix-rankall/src/sid/backfill.rs,phoenix-rankall,source,.rs,3848,121,True,2f1400c12eed1396c3194a16c2d2f32fb5caa7c6573eea1b0a6f9a4f6cf97f52,a5206302ca48318d19da7b3c67f4775132d6543b,False,False,False,False,False
phoenix-rankall/src/sid/client.rs,phoenix-rankall,source,.rs,7691,253,True,42e4c5ffa11f145c1f9ed0e24ebb3901f5563f1f3a75c083e0c93f2fa022c512,4cfb8ac6d1d0916032154a79bb2904f2512857d6,False,False,False,False,False
phoenix-rankall/src/sid/metrics.rs,phoenix-rankall,source,.rs,2114,69,True,0da8bb20a011fadd3b49f437f58585f91194a5d5226e5e60952a4da7cdc92f40,522b5273f8eec9b3943ff5f20cb4152a97cecf27,False,False,False,False,False
phoenix-rankall/src/sid/mod.rs,phoenix-rankall,source,.rs,1199,46,True,5d4173a2974675c978a85cbe911f593aa69b8b903b05cddf34cc5515fb5f43e5,810f78721c23b62000f27eb773f3921413e87f9c,False,False,False,False,False
phoenix-rankall/src/store/analysis.rs,phoenix-rankall,source,.rs,10737,309,True,f910f82dbb501d11f8fd1dbb7a90dd400c73ee1744899ab712dc6fd409328ab8,9de0519d2cb294f74c7a2ec97436b781d6885514,False,False,False,False,False
phoenix-rankall/src/store/base.rs,phoenix-rankall,source,.rs,57199,1586,True,5690a1d2e4398b37766428303fd4ef7e06f1e27a12a6cd75d35f25fedb1dab19,67b7b3f1c00013eadbe79625baa5f799210f69db,False,False,False,False,False
phoenix-rankall/src/store/mod.rs,phoenix-rankall,source,.rs,1686,59,True,9981ec8a446b28b1351f0809468c6677455d41a072e4f1bd92eb18105bf8aadb,c9980dc42a42a8d354faf1daa9b6e639ee194629,False,False,False,False,False
phoenix-rankall/src/store/snowflake.rs,phoenix-rankall,source,.rs,806,29,True,44e6fab2caa541672d03b7bdfdd4bd4e20951d6971839c56ea303a7d9b6622b7,d7b36fa7c857c0f3f40c89ac605d7a8c14245949,False,False,False,False,False
phoenix-rankall/src/store/writer.rs,phoenix-rankall,source,.rs,7414,221,True,945fd1442763fa027fc12a62d37c06bda978199c4e64281d8e27d1be98950deb,2e9fe6f4c98c82dab674dd1a0a84902f0280d472,False,False,False,False,False
phoenix-rankall/tests/integration_test.rs,phoenix-rankall,test,.rs,8803,280,True,c6682497e0d89bfbada6757b4872de4d737a7b265aef878c5baf51bd7c89653b,b21c130e842af48a2ce0e1178eef140964e21dd9,True,False,False,False,False
phoenix-rankall/thrift/hydra.thrift,phoenix-rankall,schema_or_dsl,.thrift,1003,38,True,c89c134adfe994c1aa428e3d1bb28cd547872226cc15fcb4bd678055d4f94127,f7371286874187e4e0bb7bc251bed5061ae0f0d1,False,False,False,True,False
phoenix-rankall/thrift/scored_candidate.thrift,phoenix-rankall,schema_or_dsl,.thrift,614,25,True,255860c85e5fc491913368d4c35b4556924e647d4c9acba167ad1b0eef5b9518,9664dc8d1716f57bbbe7eaaaa815f52e21a6361f,False,False,False,True,False
phoenix-rankall-strato/columns/favoriteEventProcessor.strato,phoenix-rankall-strato,schema_or_dsl,.strato,5734,180,True,4cf67da4d2b94e0ad6e93c655cd61212226edd37e4860db14db5594e5f18c0cd,5d77e244d24269785cdee5f01662090206cba678,False,False,False,False,False
phoenix-rankall-strato/columns/kafka/favIndexingEventKafkaTopic.strato,phoenix-rankall-strato,schema_or_dsl,.strato,595,22,True,221e10ce542a810b0584011cda8f53568113749f6d9028833245cf54938c02f3,288e508923a8b95d0574d834914d3348ed2be6b5,False,False,False,False,False
phoenix-rankall-strato/columns/kafka/indexingEventKafkaBackupTopic.strato,phoenix-rankall-strato,schema_or_dsl,.strato,558,20,True,32274911e1a275b016730dada36528362ea4b5f37d50078d1a5bc8a18db143d4,d3ca2f324e469d4753c76d2a1def1c9b7e60d0b7,False,False,False,False,False
phoenix-rankall-strato/columns/kafka/indexingEventKafkaTopic.strato,phoenix-rankall-strato,schema_or_dsl,.strato,551,20,True,3508087d3fd4907b7ff3d227928d471a6e5b95dd69dc6d72be1439613c89abf7,b78efb45b4e2ce55555c10da33d6ed64370a52c1,False,False,False,False,False
phoenix-rankall-strato/columns/kafka/metadataEventKafkaTopic.strato,phoenix-rankall-strato,schema_or_dsl,.strato,621,22,True,b572e68acf6eb876ca914f11ea8931a9891f0882b23993d8c937a56f8f5d58cb,e7c2f383f3a28fe41d19a285e3b64d5aecb4817f,False,False,False,False,False
phoenix-rankall-strato/columns/mh/filteredTopicsByExperiment.strato,phoenix-rankall-strato,schema_or_dsl,.strato,1085,34,True,a7cef85a7de58cf2a10d8a3fc6fb3b23b7c4b6eed1188d369930a97c97801901,4de2d241d9a2a87394b2d78cfdf7d5b840295e4b,False,False,False,False,False
phoenix-rankall-strato/columns/mh/phoenixRankAllPostAuthorMetadata.strato,phoenix-rankall-strato,schema_or_dsl,.strato,665,22,True,240c446a2e75b7ac27f9f035e38575306500fca02fac1542c24b846404f1f241,1895cb45ec7732d363e6abe382d17fc7adc1e5a9,False,False,False,False,False
phoenix-rankall-strato/columns/phoenix_rank_all/getPostPhoenixRankAllMetadata.strato,phoenix-rankall-strato,schema_or_dsl,.strato,1704,47,True,9b554eb5d3efdda3ba88b71c22a9ad52e64fd8df3ed9813d88839f52abe58911,8a79f3194170730ead054ea757d3dd14e5c557d3,False,False,False,False,False
phoenix-rankall-strato/columns/phoenix_rank_all/phoenixRankAllCandidateProcessor.strato,phoenix-rankall-strato,schema_or_dsl,.strato,20771,501,True,8a1c3c9745212a6f27501a2c2a92d3050957e3d97d67fa98c596a5fc7af7c797,7b92f8d29a978f43732b9d95a7f192cc6a51361e,False,False,False,False,False
phoenix-rankall-strato/columns/phoenix_rank_all/postCreationEventProcessor.strato,phoenix-rankall-strato,schema_or_dsl,.strato,807,28,True,dd0a4f8a3317a545c5bc2ed997b420dc6923ebf9d268779bc66ad7485790acfa,831e1816377f6f73813afc798fc4ab99c53e5ce9,False,False,False,False,False
phoenix-rankall-strato/columns/scribeEvents.strato,phoenix-rankall-strato,schema_or_dsl,.strato,551,23,True,5e599a1088c456fe15805951c13a96bacc06cf2d4c7a8dfb858c472d96c0e8a9,678b8ae93ef6446bf08566d49ebe3d8106ce1d0a,False,False,False,False,False
phoenix-rankall-strato/columns/tweetUpdateThresholdsCache.strato,phoenix-rankall-strato,schema_or_dsl,.strato,655,27,True,f5398c6268623310e1c72f7f0a995fe3a48701967347c0593551fde401157f81,be39cc9fe0ee6ce18e7da38c298a055c2e8a0309,False,False,False,False,False
phoenix-rankall-strato/lib/eventProcessing.strato,phoenix-rankall-strato,schema_or_dsl,.strato,23100,670,True,f876aa618e261df81da0361731c3d7a6b85e015ebd1b7fe98070223ce92d9641,51d7db24216e27e65169f179a3984bb1fc97f8d0,False,False,False,False,False
phoenix-rankall-strato/lib/sharedConfig.strato,phoenix-rankall-strato,schema_or_dsl,.strato,579,23,True,029d34017bc5e7509bc4fb31bea003a76b0b5f87e17f6128928d05c94771b179,7b8f381d1729c3c1222ae706d659592c1a5f8861,False,False,False,False,False
phoenix-rankall-strato/stream_forwarders/favoriteEventForwarder.strato,phoenix-rankall-strato,schema_or_dsl,.strato,667,21,True,de9ce8cd3b538b6f8eecb703cc5b84035e36a8f731694354cc69ad09f8d785a1,16de87453bd09245c030f2023d930c8cf95a1a65,False,False,False,False,False
phoenix-rankall-strato/stream_forwarders/favoritePhoenixIndexingEventForwarder.strato,phoenix-rankall-strato,schema_or_dsl,.strato,568,18,True,da81a797cd8e5054e3fae506197c4447332b3de7181c5f741955e1f2c5555acf,d09cd8b38fca57a5e549c45019fb454f954f53c1,False,False,False,False,False
phoenix-rankall-strato/stream_forwarders/postCreationEventForwarder.strato,phoenix-rankall-strato,schema_or_dsl,.strato,722,21,True,6d9cad62a1f62946aaf11ee03c226f5115415a68dd57f513aafaf4ea49f1b0f2,bb4855dc2df655a3447c8f737b29353fd818fcbb,False,False,False,False,False
pnsfwmedia/model_experimental.py,pnsfwmedia,source,.py,6873,212,True,077cac99d150bc53bdc84b2e18b0c06e8b17e23716f5d2a4435a80425af84862,2595c79f37c6f2f2e461a25c5fd8ab8314be738e,False,False,False,False,False
safety-label-user-agg/postToUserLabelRules.strato,safety-label-user-agg,schema_or_dsl,.strato,13558,459,True,95c48b943620984a28fe49c54bb68aef341d6f11f9451e9fbc78872a0e355489,59ed4bcc1dff17a85bde75364d8cf03cbdae9fd8,False,False,False,False,False
safety-label-user-agg/safetyLabelToUserLevelAggregationV2Forwarder.strato,safety-label-user-agg,schema_or_dsl,.strato,691,21,True,dddc37684dbc157fd3cbc5020d8fa541f062e04c8355964373bab0f9678adcb3,3a23a23a9010e4506705d80a3331091b7914518a,False,False,False,False,False
safety-label-user-agg/safetyLabelToUserLevelAggregationV2Processor.strato,safety-label-user-agg,schema_or_dsl,.strato,5362,137,True,048b79554aee1a9f372d13c6762f684f090f5fcd791f6621de8ef30f167494b5,b61762483d8f16e7fb4459fed79c44b38be99f71,False,False,False,False,False
scarecrow/BotmakerInitializer.scala,scarecrow,source,.scala,112,5,True,f3b8e546bd67304f576cdcd69da46094d94bc9ea541be8ec664350c4a6b5e826,43761bebb5dbf008c1981ee340904d8a4f6de410,False,False,False,False,False
scarecrow/GuiceNamedConstants.scala,scarecrow,source,.scala,445,9,True,d0fcb58fdfd7fd9bee456e9fa2ff00ef43e542715d2bb0e0d36c5f0c67dbef59,ffceb373c1c02ae24b612fe2cf9df9b1134f7ab7,False,False,False,False,False
scarecrow/Module.scala,scarecrow,source,.scala,3486,111,True,292d369c39e74e33a8f3224ef07fc2c9be73a92f0679379f86be272ce0d06bd5,0778aaa13c14ef996ba78c667c3f57dc4d84bfed,False,False,False,False,False
scarecrow/ScarecrowBotMaker.scala,scarecrow,source,.scala,34813,937,True,f1d586b8ecbf5a024b0cc4a454c54157a0d565ff3fd964ec8275bb5eaab198e9,1b644cf70a09ac0ed01ee650a9fcab3c9d502778,False,False,False,False,False
scarecrow/ScarecrowRuntime.scala,scarecrow,source,.scala,2046,59,True,de9d1ecc44f3dbf9aeac62ff50a72db8c980aff00b0b8a9a6ad6416e92454a38,6dd122c8691e576d48e6a881808a6c10226920f0,False,False,False,False,False
scarecrow/Server.scala,scarecrow,source,.scala,997,32,True,cb8326c989fbcc67ce8cc34589b05a4ad821931301378ee97bf8697ac765bf1e,1b9475b6fce8950291bf011008e724982ac7eaf8,False,False,False,False,False
scarecrow/function/ActionIntakeServiceRegistry.scala,scarecrow,source,.scala,5635,142,True,d6d68559fcc1aa9bfec3c8a3d116da191cf86338f1776b48ea5bde7d7af65de4,de1c7daf979bd3f65e98c1680a9c52f3567d072b,False,False,False,False,False
scarecrow/function/JsonRegistry.scala,scarecrow,source,.scala,2601,72,True,1ba847e59a3c80356a3b4c6fcc6028bc28124a4e15ab9d65ce2e7f0aef3580c1,68540d539f5654f0802fae8a40026feebf7fafa5,False,False,False,False,False
scarecrow/function/ListRegistry.scala,scarecrow,source,.scala,1235,26,True,5dcac031b1b966f89cabc1fb555794834f00add8ba9e30d5b9ac49633c8526b7,4c835a0c649bc4c88773252b3659235fdb34d2b2,False,False,False,False,False
scarecrow/legacy/ActionerRegistry.scala,scarecrow,source,.scala,2212,69,True,00b469a9ac934785de973042c7f7b2053fa2fe56525eb111c234c381210624dd,9ec0048d9f88208051e17ea563c296d058c9d99d,False,False,False,False,False
scarecrow/legacy/DownstreamServices.scala,scarecrow,source,.scala,2130,78,True,fa0da2b15903c88b8f6dd468d21ec5d3f6d3f6ccb072affcf12876100bca034c,44a28d3ffd5a66489468a7443fa857e4b6bb7d6d,False,False,False,False,False
scarecrow/legacy/Fetcher10Functions.scala,scarecrow,source,.scala,1013,25,True,14a0c47085e5b06fc20328468150fa974d93743ddf7d85079de657d85d5d27ad,8d2013166449bbd7bdd91ecb9fb668c9e92d87a7,False,False,False,False,False
scarecrow/legacy/FlockRegistry.scala,scarecrow,source,.scala,2483,61,True,33ad10b8112d40b12390fe20f5bfdb50582ffd8bd5efee8f6e8fa6321c131a5c,a9a75b601096a5eb1c99a63b4fcdc38c6aa550ec,False,False,False,False,False
scarecrow/legacy/FunctionsWithoutDownstreams.scala,scarecrow,source,.scala,2780,56,True,f426d2ca8da026ce7fbc9eabc070ddcece9357650e205ab977dadb3e6eb05508,dda85aa091670995e855f41b45a02dfebbd070eb,False,False,False,False,False
scarecrow/legacy/GizmoduckRegistry.scala,scarecrow,source,.scala,1948,46,True,ee185b01632da7abf897f9e72112ea48769df4af4f257d14e8da69d27d56481f,b4611c174e748b68ac14fe133d73a808817531e5,False,False,False,False,False
scarecrow/legacy/GuanoRegistry.scala,scarecrow,source,.scala,1455,38,True,6a45081f9c9f28bcf61150085009e4f31ee72ee4cf4d308affc63a3d0deb764f,4a95984825cbf3acc6eb537819309ed552679af2,False,False,False,False,False
scarecrow/legacy/HllCounterStoreRegistry.scala,scarecrow,source,.scala,4144,128,True,de88368d93d32c47e80d6d45a1a5206552d3c132d31d81d98dd3c00f625361c4,11fb9ca63127b6c6397293c1b802500c3abaf289,False,False,False,False,False
scarecrow/legacy/LimiterRegistry.scala,scarecrow,source,.scala,4362,107,True,64f933dc896c879d651c94e4bcca3aef50d16b0bf354801252fbebe0ce9782d4,e98da7d860ee2e52ef9c7e8f66352e02a80c2352,False,False,False,False,False
scarecrow/legacy/ModelRegistry.scala,scarecrow,source,.scala,706,26,True,77bafc45814da423d3e17add33b7394a5ab8668c84965220db55d39c7eab43fc,ac5dd5390beeed9292ec22e789288a3b8b6ba0f2,False,False,False,False,False
scarecrow/legacy/ReportServiceRegistry.scala,scarecrow,source,.scala,1504,54,True,e411c46900cae61c8c899e1646da609385375ead47a03d7bdac90f4ae1b0320c,33f776e56fbe920482dc5877c44f7367ffc15c5c,False,False,False,False,False
scarecrow/legacy/SlugToTweetIdStoreRegistry.scala,scarecrow,source,.scala,1281,30,True,ef9a62bd9262fb5115192e822d416874fe9a933cc7718eb2ee46fbed2311ad30,6006f5e8685559295286ef29e5e82bc755280119,False,False,False,False,False
scarecrow/legacy/SpamLabelStoreRegistry.scala,scarecrow,source,.scala,3989,108,True,6722801a7d444823878aba58a382598cb4d99ff6c246565bbfb2184f68578eed,21f3972a77dd55f37b0ef91f08ce8fefae73fba8,False,False,False,False,False
scarecrow/legacy/StratoRegistry.scala,scarecrow,source,.scala,8122,201,True,dbd5ba1256f5931916eed1e9350f71bfb9dd8c2f802145b9841431a256dc2714,5607013b95472b02dc3027dfc732ea77d0702a71,False,False,False,False,False
scarecrow/legacy/TweetServiceRegistry.scala,scarecrow,source,.scala,3718,84,True,4dae668355c0a8b189b59328663ffbfb120345f15ae11f804b65e4176ab3a212,a551cf07c519c27a7ad3a40c2d81c50b06a7e768,False,False,False,False,False
scarecrow/legacy/UrlPartsRegistry.scala,scarecrow,source,.scala,1177,30,True,6d69cc90ff9a02ff4618c81937ff363a6b3d06229092fa241fbab32cb7a9d21b,bb597cb5bf1ce9db419da3df4a7305163bd1a9d1,False,False,False,False,False
scarecrow/legacy/UrlResolutionRegistry.scala,scarecrow,source,.scala,1406,36,True,2a6b443c655c2ac053fd5e0e54d4171d7d1bc8aeab71294b9dad1de7c07704af,e8d5b61d7ca069bdceea06eb9e56c8a0ebd11314,False,False,False,False,False
scarecrow/legacy/UrlToSlugStoreRegistry.scala,scarecrow,source,.scala,2045,54,True,d54e6fb76a9fec9bf4546f442ef25ef4fd96ad26e2d824132ae37994891f0e39,0ececd9f344ab20ea3704bdb57bc761d255f440a,False,False,False,False,False
scarecrow/legacy/UrlVerdictRegistry.scala,scarecrow,source,.scala,9144,222,True,15f4578b486275432a099374a27fa036ffa3e017b94e889cc8f712da8bb4702c,e0e1e9689d9da8fccfc06897fd5cc98d1c283611,False,False,False,False,False
scarecrow/legacy/function/Log.scala,scarecrow,source,.scala,2918,83,True,ed4dcd438dbfa064e573fb20bb8583f294f5f9dc77e947ed66c5fa9757d9b21c,1a2b54d3fc06e9e275deab797f28c36c3721ce4a,False,False,False,False,False
scarecrow/legacy/function/RateLimited.scala,scarecrow,source,.scala,5559,130,True,0e103bd99fb8f0f2bce6bbd18f9715d968fe30aad8b0ffc028739ecfbff87290,db8de4372d75ab5ad18b986ff9d48600225f8092,False,False,False,False,False
scarecrow/sys/FixBotMakerLog.scala,scarecrow,source,.scala,3230,96,True,77486d3e3e866e3cfb6bb6190f458ee32a5d5096a97ad84cdd90aa44600fade3,4074abb2c441e1c5a23deb0488ec3fa346f88075,False,False,False,False,False
scarecrow/util/RegexUtils.scala,scarecrow,source,.scala,2758,76,True,e82e2a2172d86f4cae5dc6cb31516674c64d7927bca05a99b86b68f5384be1e7,c528f275697b55517fc852fd12154051f2399919,False,False,False,False,False
simclusters/simclusters_v2/candidate_source/ClusterRanker.scala,simclusters,source,.scala,2033,52,True,b5fe68110dafe41e52d3d8a555c3fa8b54d778dde1da36e326c12ee066b74a3a,d550d3aa84cf15f5c12c2bd062911936b4728ce7,False,False,False,False,False
simclusters/simclusters_v2/candidate_source/HeavyRanker.scala,simclusters,source,.scala,2658,71,True,aa7752b9b22816be57642a1f75a9a7dac9532fc98044093ceefd66be7ca71a0f,407558ee3b055957be281d5e313457cbb8ec61b7,False,False,False,False,False
simclusters/simclusters_v2/candidate_source/SimClustersANNCandidateSource.scala,simclusters,source,.scala,24615,578,True,6cac8c885bedefcf234a4876274ffeb33f8f652a443114e5b335a1dd2fd36036,91dcc8f3e1f1dad54dba29e16af606f5873139a4,False,False,False,False,False
simclusters/simclusters_v2/candidate_source/SimClustersANNWrapperCandidateSource.scala,simclusters,source,.scala,1865,49,True,895112fbbc85ef02c844ef4be9924374b68ee679aa807316f16f316d7b2260e5,c9c42c49b1995b9e7e33fa006b6d8e3b793a6de9,False,False,False,False,False
simclusters/simclusters_v2/common/CosineSimilarityUtil.scala,simclusters,source,.scala,4198,162,True,37fa2f217a5726f9653c054fb7224e38fb00e8a22a526494fcb61b20781ffe6f,4f69aeca2e00c8489f2554116943ddbe404c7202,False,False,False,False,False
simclusters/simclusters_v2/common/DeciderGateBuilderWithIdHashing.scala,simclusters,source,.scala,662,20,True,b66276ad016364232952eaa0b3d4999340694a3a20d7d31fb09654464767db4a,c40d5b2e9f2ed5ec1e5cbca672a1c645e5a56d3b,False,False,False,False,False
simclusters/simclusters_v2/common/ModelVersions.scala,simclusters,source,.scala,1383,42,True,ad917f99c4c3c7423e0e90e6d84ed0ad8e2f997da878c29f6efe637e921580f9,2b00528cd06d380b8c86343e5a9a407e939ac551,False,False,False,False,False
simclusters/simclusters_v2/common/SeqStandardDeviation.scala,simclusters,source,.scala,471,22,True,f857e68e9c442e49d7b8f9a4afe750baf49056cf9d15e4d8b17815dcf84920a7,c8e11c41f97dcb544b78a57b1c66fe04dfe6d629,False,False,False,False,False
simclusters/simclusters_v2/common/SimClustersEmbedding.scala,simclusters,source,.scala,13936,445,True,d0e5a78e86ac4905805ed9f7a8a76e32261f151888306f3d1a6a3b481a7724ff,3a87d81eb325928a27094cc3b04308edd91c8981,False,False,False,False,False
simclusters/simclusters_v2/common/SimClustersEmbeddingAttentionUtil.scala,simclusters,source,.scala,1355,55,True,5a1ca9a3977f881a4a73b5e815afc000dfa90b3c9f74eb50491336c174655272,5b640b1979383d521a116cc32aa73fdeb713919c,False,False,False,False,False
simclusters/simclusters_v2/common/SimClustersEmbeddingId.scala,simclusters,source,.scala,6881,204,True,7ee2b5d208b334835c9d57c93637482f069d33ddabb790c45680c020202c8c8e,8f8b9a9f863815151e74e1acc11a042747e9626c,False,False,False,False,False
simclusters/simclusters_v2/common/SimClustersEmbeddingIdCacheKeyBuilder.scala,simclusters,source,.scala,464,15,True,7371ee744b741cacdc0e81324877015a2a758c29c3f7d9b84bde74e321d5f9fc,bff3d05f33c75082cf3fc4e520cbc92055426930,False,False,False,False,False
simclusters/simclusters_v2/common/SimClustersEmbeddingMonoid.scala,simclusters,source,.scala,470,18,True,d1547c019dc6498a64e39e4a9c3e1aec562d44ffe11895a317ef679a38e4dbbe,1b17c9705a12c4daa76b8684d53697ee3f97b82e,False,False,False,False,False
simclusters/simclusters_v2/common/SimClustersMultiEmbedding.scala,simclusters,source,.scala,1046,27,True,84ee23a79b4a4c11a3c47b9b0a12213293e95ca2813069dd806ec1e796f0532a,03b23b436ad78e824b6fb60e9a255eaca1e61b50,False,False,False,False,False
simclusters/simclusters_v2/common/SimClustersMultiEmbeddingId.scala,simclusters,source,.scala,3095,83,True,0020172c2a03d47d6c41ede92c25a72822ae086cc4cdc385f607b2be57d84be6,2be0ae9ef76125fbb12afb254f2f2255a0a5f80c,False,False,False,False,False
simclusters/simclusters_v2/common/clustering/ClusterRepresentativeSelectionMethod.scala,simclusters,source,.scala,488,18,True,c825482537faef3ea65aafe1dfe489ab47ac27e5b7f058f175b2bc5ea779db29,f5f50ef92a1f6ab93d423d28a33b4792be144184,False,False,False,False,False
simclusters/simclusters_v2/common/clustering/ClusteringMethod.scala,simclusters,source,.scala,589,20,True,fadbc988e9798e50e5b54d58c16f9c645506b0774db2bed10222f0400166e8b7,2a5a0a915f5253c61e5bef805e9c2b29efcc609a,False,False,False,False,False
simclusters/simclusters_v2/common/clustering/ConnectedComponentsClusteringMethod.scala,simclusters,source,.scala,1859,59,True,a92b55d92a7c59daae3fb3ec40720e7b297c82fe864d6103f6e3164efb8e5f89,63f1df9cc7e4a4f09667252410e0191b3e2b997f,False,False,False,False,False
simclusters/simclusters_v2/common/clustering/LargestDimensionClusteringMethod.scala,simclusters,source,.scala,425,15,True,045933d624146255f9f29b8f081788accb5db6d9b14fc93673cf85acce2f8752,afb91dd1411e930a9fed1abca18b69ccf3a7fc74,False,False,False,False,False
simclusters/simclusters_v2/common/clustering/LouvainClusteringMethod.scala,simclusters,source,.scala,7045,200,True,e76b468ac18909e883c19b3a630391021585602c1917ebff66173dc46582f8c6,6cdc0250f3f44d7bca4ec8cd8f0c91c372f3933c,False,False,False,False,False
simclusters/simclusters_v2/common/clustering/MaxFavScoreRepresentativeSelectionMethod.scala,simclusters,source,.scala,516,15,True,55da6a4eb425bbb9b8199a0c24958850abced1dac1aa3b9fbab8a3978166b98b,17eb873724b4dd8010073db7537e5d62f9d56d2b,False,False,False,False,False
simclusters/simclusters_v2/common/clustering/MedoidRepresentativeSelectionMethod.scala,simclusters,source,.scala,650,21,True,e3524df22ed0039a5bc03944b2f5edb9255ffbc94d41f08a25c00307296cbe1b,a4b86d0221b4cb52b5223054fe63bfa186d68037,False,False,False,False,False
simclusters/simclusters_v2/common/clustering/SimilarityFunctions.scala,simclusters,source,.scala,772,29,True,962542ace1b4c5d10769bb667518bff68eb23be311f4ac04ea51c70d8cb0ec9b,eebf195ce9e1223ad949beea31e432e3d47fa09d,False,False,False,False,False
simclusters/simclusters_v2/common/ml/SimClustersEmbeddingAdapter.scala,simclusters,source,.scala,1423,39,True,0052e514fa32090473ea41fe56ceb8453812163111d8fc2372700624d5df6e7a,8ee8291cfcccde9395e9391135509df68aac12ec,False,False,False,False,False
simclusters/simclusters_v2/common/package.scala,simclusters,source,.scala,394,18,True,4e3e048dcbc279636cc86be23618daf1473de1edbbe374de11d3801d5d36f6d8,9318e727af5840c9d0dc1148b25f53cc4e1f4384,False,False,False,False,False
simclusters/simclusters_v2/scalding/BipartiteClusterEvaluation.scala,simclusters,source,.scala,19316,495,True,bf05b86492c884c0605de370f718edf7d9b3540e4d465fc57c64a6dc56142a53,23c3f13a53c460520835ff7b88391e6f701c8887,False,False,False,False,False
simclusters/simclusters_v2/scalding/BipartiteClusterEvaluationClasses.scala,simclusters,source,.scala,13576,319,True,ef18c91a49570289516190ffe51d94ac549566713391edabd3e9bb8fad9e7c19,0243ef05695d2bccdc02d90fface87bb8edfb680,False,False,False,False,False
simclusters/simclusters_v2/scalding/ClusterDetailsJob.scala,simclusters,source,.scala,30192,736,True,11bcb5ca1a9e2b2714ef6e35aeea8f4fbccdf1fd443bb00893b219d25e528083,e3e92a0e4d8a9ccff5f65b19a1d340ce7fea82c4,False,False,False,False,False
simclusters/simclusters_v2/scalding/ClusterEvaluation.scala,simclusters,source,.scala,22710,561,True,afadbd5c7c4886815fb5f207e765ea6d55bce626c59384769cf961b46926cc47,539a89c3d4fd72ef0ae665274fdd66bc2d67abc0,False,False,False,False,False
simclusters/simclusters_v2/scalding/CompareClusters.scala,simclusters,source,.scala,4366,127,True,cd2ddcfd00b0aa9ad47a3044ebd551efe9322b98004b43bbc5b12bc8a3322e2b,a52cd1eb4321f272537b1d2d5bc35ff2512e59a2,False,False,False,False,False
simclusters/simclusters_v2/scalding/EigenVectorsForSparseSymmetric.scala,simclusters,source,.scala,10528,282,True,d271b2376fa1ee5a0e32297d10cf2c2a06d5d90d54b668e0ed636bc167ca058c,acf470f468784901ed110be1a3c0af8c254add0f,False,False,False,False,False
simclusters/simclusters_v2/scalding/InterestedInFromAggregatableProducerEmbeddings.scala,simclusters,source,.scala,11024,277,True,4cfd5ab10d4e6ee0c3c20a892144bf690769f16cbd9ffff3aab6d2b94c175f4e,34a33e8ef3b6c74a4dfaeb709df39c4419e9efac,False,False,False,False,False
simclusters/simclusters_v2/scalding/InterestedInFromKnownFor.scala,simclusters,source,.scala,22229,598,True,5e992ff345c0912305feb87fa3641e1377949ce06aad2e550413753347ccbaab,5f73fa4343c8aa0674bc4cf3f52802b47adee5d3,False,False,False,False,False
simclusters/simclusters_v2/scalding/InterestedInFromKnownForLite.scala,simclusters,source,.scala,11449,310,True,85fd6cccb496c9b5ed7ed09dfc7f6908c1f9ea150960af772717ede109c1c93d,c130320ecd19b9acf0cb3f2e751011f6a78ea7ad,False,False,False,False,False
simclusters/simclusters_v2/scalding/InterestedInFromProducerEmbeddingsAdhocApp.scala,simclusters,source,.scala,10276,251,True,7f9314966b3ebfa50c053050edd1574125ccc06752cff202da31df796219db99,b612ef89286316c936216a1cc09d36a1b17d83d5,False,False,False,False,False
simclusters/simclusters_v2/scalding/KnownForSources.scala,simclusters,source,.scala,8751,266,True,fa6eff26a5883d5c2a3fc825a695e16019a403a6bd08d304761871c18652cd89,c6fab9925247fa82b8edbfc9724c37fc5b601baf,False,False,False,False,False
simclusters/simclusters_v2/scalding/LabeledSimclusters.scala,simclusters,source,.scala,5269,142,True,4b779a810c1ff3e5f97da6a96d83ffd8769f0cdcc3e8594e8a44bd3245cd853d,1037727a831bf5df0c2ad220f3ba8719fa221f79,False,False,False,False,False
simclusters/simclusters_v2/scalding/ProducerNormsAndCounts.scala,simclusters,source,.scala,6680,190,True,429c3c1356b01448e901a2ddd21b331f9cf6baede2f41b5f0c2891d6f735e0e3,8bb85525c0d8ab6e0a77164f9b8cae726111fc4f,False,False,False,False,False
simclusters/simclusters_v2/scalding/TopUsersSimilarityGraph.scala,simclusters,source,.scala,31196,882,True,10f8efb7cd7cd780676138c5181ff0db6847c562163ca93c83bcf3b493e55b4f,1b5142569ee7942027343925781e66a0a8fb38b6,False,False,False,False,False
simclusters/simclusters_v2/scalding/UpdateKnownFor.scala,simclusters,source,.scala,9474,245,True,5ce302d80915805f1ea962115caefc9bea7bc0a6569ead69d7c612925df21b23,c6905b07ca67daa3e592c3f059b07762bbc0b292,False,False,False,False,False
simclusters/simclusters_v2/scalding/UpdateKnownForApps.scala,simclusters,source,.scala,14991,387,True,c24f7bab8099401171196cb345b3967c4adc1eea2f5831f1b1f6de4c69866d9c,ad3742da5314c671afd9f1a6ef0e46de48a0c383,False,False,False,False,False
simclusters/simclusters_v2/scalding/UserUserFavGraph.scala,simclusters,source,.scala,15318,419,True,bbae203a7c9138fb2cee1305b3cbbe573f6ac05e448e3b252565a058dc7ae5ce,c3b9430880819f4a83ff8b81dc97e001321b7bd6,False,False,False,False,False
simclusters/simclusters_v2/scalding/UserUserGraph.scala,simclusters,source,.scala,5771,152,True,fcb301272a412794057543b802fb38daa35b1e78d8ad54a1c38d61cc8e536e62,f4765410a64c18d247f14bafdd7e894bf46eb49f,False,False,False,False,False
simclusters/simclusters_v2/scalding/UserUserNormalizedGraph.scala,simclusters,source,.scala,16452,433,True,9ef195c8c97aa05cc33692e1bf0c6ea1de0f650cab0031b32eb27b2970c6da35,e86916a82ff511655e85defe840929085e636902,False,False,False,False,False
simclusters/simclusters_v2/scalding/common/PersistentTweetEmbeddingSource.scala,simclusters,source,.scala,2311,53,True,1a51649d657675bc82553bde84871cc5a3ad3a3a48e5656c9d81965e2acf8e9a,0a34566d719e8ae927cdd3a91c255e45edfb0521,False,False,False,False,False
simclusters/simclusters_v2/scalding/common/QTreeMultiAggregator.scala,simclusters,source,.scala,757,25,True,34c433f2c6a657dc7449d9474192756d1b959d349efe2d692e246703bd81aa43,d4da9604c12ebab31a9acf49f8c77afe8d152b6b,False,False,False,False,False
simclusters/simclusters_v2/scalding/common/TypedRichPipe.scala,simclusters,source,.scala,1723,64,True,20313d53b52fa39bd301ae3809833c12ff15f320a60ab9e0cdd8f044bc4ba66c,c24de2767d128a8af41532bdf7fd760fd3daf11e,False,False,False,False,False
simclusters/simclusters_v2/scalding/common/Util.scala,simclusters,source,.scala,8534,291,True,6c82058b69ed6b37cd3785ae8e4514b6d138597f86ad41b2a71b4e868372d26f,30cf6d28af6dec299de75159506a8187353f02d3,False,False,False,False,False
simclusters/simclusters_v2/scalding/common/matrix/DenseRowMatrix.scala,simclusters,source,.scala,1667,61,True,df9cd350b57ded26a025cfc276f2d7cd687a464590426a28e6c40d757343d6f1,dc6d7afaabb5b5e1d18f7cdc2d1a1ce7039f0f06,False,False,False,False,False
simclusters/simclusters_v2/scalding/common/matrix/SparseMatrix.scala,simclusters,source,.scala,8163,295,True,5a37ffd9e8b3a2488b5a1c93f2383dc4763f30a3112878368d78cf2f3ec6387d,52a6c17c9d679c42c8f9ead3d60324d1efe060bf,False,False,False,False,False
simclusters/simclusters_v2/scalding/common/matrix/SparseRowMatrix.scala,simclusters,source,.scala,7719,286,True,707e677a8e45d9844dd96964e25ea1e888a5de7b29d215bddbbc50a5a5994a7d,3b077f73ad25983e40c907f4edaef417c75ab30c,False,False,False,False,False
simclusters/simclusters_v2/scalding/common/matrix/TypedPipeMatrix.scala,simclusters,source,.scala,1013,36,True,8ea1ac30723606d308181d111ab61a01e22862d0c6c60ae7dc661293afc47a14,cf66f73b189b9d5739e7ece9483e59d5757b4f9a,False,False,False,False,False
simclusters/simclusters_v2/scalding/embedding/EntityEmbeddingFromProducerEmbeddingJob.scala,simclusters,source,.scala,8612,216,True,1a1fa91570cb904d67e5fb72bbf0ec1365af85fb785894908854829cb873fb8f,24b5e2d251908e164f08a857ad7957c9b34d19dd,False,False,False,False,False
simclusters/simclusters_v2/scalding/embedding/EntityToSimClustersEmbeddingsJob.scala,simclusters,source,.scala,11720,325,True,89d5102391d639485bea7e86d325e3ae659d27d275bb79cd76ba4dc01536e2b8,c132311760e63923b546292dcb3d8e637621434f,False,False,False,False,False
simclusters/simclusters_v2/scalding/embedding/GlobalSimClustersLanguageEmbedding.scala,simclusters,source,.scala,6470,181,True,af0cc55ed0e00716960dc0a92637cec4a6f754d3b00d89187349952e6e70e38a,b5c18f29edc78dbe0ec926ca8ecd133dfcb05e35,False,False,False,False,False
simclusters/simclusters_v2/scalding/embedding/LocaleEntitySimClustersEmbeddingV2Job.scala,simclusters,source,.scala,8702,238,True,21fb0c2fe5957e9befe77efa4f07d699b0ffd14f153d9ad2eeb8c935ac8203ed,855e023cc08c9b1cc42a166458c2b29d2376cc8d,False,False,False,False,False
simclusters/simclusters_v2/scalding/embedding/LocaleEntitySimClustersEmbeddingsJob.scala,simclusters,source,.scala,15329,404,True,5afc12b6a57dd83c21bc7d93ae3cd80d597882f4090388f488a7c5cf21ec2da4,b7513ccb562dbd4a58707d2cc8ba763a198f39fe,False,False,False,False,False
simclusters/simclusters_v2/scalding/embedding/ProducerEmbeddingsFromInterestedIn.scala,simclusters,source,.scala,22004,628,True,914dc3d9fd650296004f02eb587158829498a520d09a7a82d45e21d7720a744d,15fa8f86971776e3c751dc67fd6f65bba8e10837,False,False,False,False,False
simclusters/simclusters_v2/scalding/embedding/SimilarUsersBySimClustersEmbedding.scala,simclusters,source,.scala,10290,284,True,f2e0d77fbbaef631781a912a13878e5085b886bcda4d89bce88ec153114b6130,4b59a0b0125a72619ded5de9bd338d0977a713b1,False,False,False,False,False
simclusters/simclusters_v2/scalding/embedding/abuse/AbuseSimclusterFeaturesScaldingJob.scala,simclusters,source,.scala,6316,160,True,6124e3fd0b870eea2d918a441b911eebe85ddd9c01760ea16fd42c9962b82c0b,865e1db13e4fbc45733d4fbf427fd2b1d1032057,False,False,False,False,False
simclusters/simclusters_v2/scalding/embedding/abuse/AdhocAbuseSimClusterFeaturesScaldingJob.scala,simclusters,source,.scala,8181,193,True,70a573050fb3ebf4d7c8bd67b2439ebcb40e1723455e56a6284eb62ecf232a01,ce19d2ef19b111ef9610a50ee4b7cfa2a16f2344,False,False,False,False,False
simclusters/simclusters_v2/scalding/embedding/abuse/CrossSimClusterFeaturesScaldingJob.scala,simclusters,source,.scala,5246,122,True,296e735d5f5d01d28db8cb048669b3ee59ee25321d2baa6d773bca74242b81d8,1557d1670e5b3e0a74a02c7b85c60236cf41b463,False,False,False,False,False
simclusters/simclusters_v2/scalding/embedding/abuse/DataSources.scala,simclusters,source,.scala,3090,90,True,5f352d5fc17ccce4b152eb1415321475a97ef5026a40c4fd0e3b32ac2cec0c62,f1f2717783c3d45ff14fe4d571a62a306a371419,False,False,False,False,False
simclusters/simclusters_v2/scalding/embedding/abuse/PairedinteractionFeatures.scala,simclusters,source,.scala,2808,85,True,1033f38ee3df913fdc16837125d00553b9005e0884da570bfadcde88a2af98fe,628fcd7d94ecc8774462e98c2af9237c58618e78,False,False,False,False,False
simclusters/simclusters_v2/scalding/embedding/abuse/SingleSideInteractionTransformation.scala,simclusters,source,.scala,3345,97,True,b314acdb266dbc05a4f6a2d551a093c4f80c03964205605691ea4799b9842f81,78a1b1620fcbdbe2c9f4b7e78a7a493c204b0ebc,False,False,False,False,False
simclusters/simclusters_v2/scalding/embedding/common/EmbeddingUtil.scala,simclusters,source,.scala,3270,96,True,67e2a2794fa16e96081c47983885dbf88ef1075346645d7c7c3108bb185f1f67,f3ed17eaebc4c2944d9b2ada2e3a097109d3a5a2,False,False,False,False,False
simclusters/simclusters_v2/scalding/embedding/common/EntityEmbeddingUtil.scala,simclusters,source,.scala,2805,77,True,ca9dd850bcc88bb7d99a8224fb2ee2b9c2df5ac4bd00629e0b12b02c59e459c9,12ea22052a23bb0637c027824a68946223ee3cd2,False,False,False,False,False
simclusters/simclusters_v2/scalding/embedding/common/ExternalDataSources.scala,simclusters,source,.scala,20479,551,True,461b0dfd664780edc013b2c2cfd69203e2148a66bdf1fdabe6e7f8893027a205,0e6644c336bd4ddfac78a513754c0ed44ade3bbb,False,False,False,False,False
simclusters/simclusters_v2/scalding/embedding/common/SimClustersEmbeddingJob.scala,simclusters,source,.scala,7688,238,True,880a22da926b465d5c1f9e2fd3ef954ad6aaa9ce26b72fd2cffccfd8457a2094,d932b8715103c0780264eab5746b299f7e4d36f5,False,False,False,False,False
simclusters/simclusters_v2/scalding/embedding/producer/AggregatableFavBasedProducerEmbeddings.scala,simclusters,source,.scala,8002,241,True,0b16fdd49cb46dd78a882cb908e2aaa37fca9977eb867a4a6f642f3ed0fcd743,428a99b131e90143178195cf5c7ab643be9e4f1c,False,False,False,False,False
simclusters/simclusters_v2/scalding/embedding/producer/AggregatableFollowBasedProducerEmbeddings.scala,simclusters,source,.scala,5024,138,True,f216d32587f9000fbaba3ee7615f7efac3935d77f135f1d15af632d504031f35,e126c25f4a440570059424a1fe79d610df78da36,False,False,False,False,False
simclusters/simclusters_v2/scalding/embedding/producer/AggregatableLogFavBasedProducerEmbeddings.scala,simclusters,source,.scala,10776,310,True,b077c85f40a06d184cc9631ce369fda25b665a755179d0951477aec2a040c609,ccec172eecf1ae8206afc486768eaf1bc62334dc,False,False,False,False,False
simclusters/simclusters_v2/scalding/embedding/producer/AggregatableProducerEmbeddings.scala,simclusters,source,.scala,5008,145,True,94faf09575fab5cea246af5d6cc1292a08ac2a5ee8980cc6a9b11c9e550bcc2d,246522170b7bf5abed31dacda27e6082351e4c49,False,False,False,False,False
simclusters/simclusters_v2/scalding/embedding/tfg/EngagementWeightedTfgBasedTopicEmbeddingsJob.scala,simclusters,source,.scala,10745,271,True,6152541bd80c29078ef7e6c3d58ce2357863dd72a47691199de9207167640568,9981d37844b06eae049d1f113fcae590f93f1809,False,False,False,False,False
simclusters/simclusters_v2/scalding/embedding/tfg/FavInferredLanguageTfgBasedTopicEmbeddings.scala,simclusters,source,.scala,2374,44,True,e128ad7367559c55b35b39cfbc23fdee2c4f836d256521b5e453b840ba00afc8,d482e9dade7eb8c793c02ba133596c27c2593afe,False,False,False,False,False
simclusters/simclusters_v2/scalding/embedding/tfg/FavTfgBasedTopicEmbeddings.scala,simclusters,source,.scala,5879,123,True,99e5418e3f4813838f981954be69ecd39cbfe68d69e6794bc9bab965aa47d6cb,89b7cf3a669796f6183aba1a473b7f47b5c31f61,False,False,False,False,False
simclusters/simclusters_v2/scalding/embedding/tfg/InferredLanguageTfgBasedTopicEmbeddingsBaseApp.scala,simclusters,source,.scala,7196,186,True,7b773525989ce76fc0333e2d49596c3338ab24bfebca0ab7c33cc2f7f638c4b4,4cefd957f221d6c890b51c685ba900bd51d6c025,False,False,False,False,False
simclusters/simclusters_v2/scalding/embedding/tfg/LogFavTfgBasedTopicEmbeddings.scala,simclusters,source,.scala,2653,49,True,49e8cd1673d0236fda32cba3e81526e6f3ecef17651658baeee73c8498bbc1f9,fd59aeaa6edd98cf1af029e649ba1290eb0b4f26,False,False,False,False,False
simclusters/simclusters_v2/scalding/embedding/tfg/TfgBasedTopicEmbeddingsBaseApp.scala,simclusters,source,.scala,6918,190,True,452e615c7db8c82970c65c04b6290e66873a94baa4b9bfa9a6931ec614c9947e,8d53a6ec4f8faf7ebfef81a64aa1eea3b7bcfdf7,False,False,False,False,False
simclusters/simclusters_v2/scalding/embedding/twice/InterestedInTwice.scala,simclusters,source,.scala,13248,383,True,3c647feb196b0414b24e4452efaed76f12cd5915bd6523167d348d2bc1f36385,620edb9775866c5d046526fdcd4c7f81e22650cb,False,False,False,False,False
simclusters/simclusters_v2/scalding/embedding/twice/InterestedInTwiceBaseApp.scala,simclusters,source,.scala,16996,424,True,f1167c06511bb6ce390d3c4f9dd6feecaa19859e53a8140748ac83e17021a3f1,51844f860df2b654b2d334f9b15d2d45ee03eb1d,False,False,False,False,False
simclusters/simclusters_v2/scalding/evaluation/CandidateEvaluationBase.scala,simclusters,source,.scala,4205,119,True,03583ce34885eb0225df788bbafa09d810186963c3869875dcbac1e50f5550cd,552834c9173d6047bba41b999da68ef297a49908,False,False,False,False,False
simclusters/simclusters_v2/scalding/evaluation/EvaluationMetricHelper.scala,simclusters,source,.scala,18691,476,True,c522f65d598fc126c548651a8b896739868e1ab48339c2e3c9bab24271723f4c,d90d63761c3e7010d76ccaca36e6bb8b917c5a50,False,False,False,False,False
simclusters/simclusters_v2/scalding/evaluation/EvaluationReferenceDataExtraction.scala,simclusters,source,.scala,9224,234,True,9b66e974b601ec5057b54480eef811f5dea331938d1395b921b14d855c784d08,6e7f357aa32ac2ff2c609cbaa49f4cb4645732ac,False,False,False,False,False
simclusters/simclusters_v2/scalding/evaluation/LabelCorrelationsHelper.scala,simclusters,source,.scala,1474,44,True,5ae55f566b6e27ef41e53c25d86c4e9eecb5fef999813cd416502f1b91272384,4b8bc930de6f0985684d3aca9273d11a21d31e02,False,False,False,False,False
simclusters/simclusters_v2/scalding/evaluation/SimClustersEvaluationAdhocApp.scala,simclusters,source,.scala,6866,168,True,5bbad9406be80fb484b58d3e2278041d1b8d29ccb09feacad4c2ed987bfd2e9f,c01e6e84489bc17109b8b7fbe9b148b0b28ced3a,False,False,False,False,False
simclusters/simclusters_v2/scalding/inferred_entities/InferredEntities.scala,simclusters,source,.scala,2751,74,True,a80d50fdc1d456159a148579d9d9c1e3820211057aed36fab24bd7f1ebd513a9,5588ad3b6f6f248cc4dce429ebff88ceb792af74,False,False,False,False,False
simclusters/simclusters_v2/scalding/inferred_entities/InferredEntitiesFromInterestedIn.scala,simclusters,source,.scala,11554,333,True,1dfbc6facb65686fb0b44209304b15dacbf13178622f04c904853cf145bb09a6,fa45be16ac76fbefb6a66475d773531710b53eab,False,False,False,False,False
simclusters/simclusters_v2/scalding/inferred_entities/InferredSemanticCoreEntitiesFromKnownFor.scala,simclusters,source,.scala,7439,221,True,39201d3dd412910e7ab5b35df912c962b7c8608747639d995dd3c7e940903c18,b2bd9589d03dcc01b4a8a7b065f49be52c969a5f,False,False,False,False,False
simclusters/simclusters_v2/scalding/inferred_entities/ProdSources.scala,simclusters,source,.scala,3768,90,True,db225bc2aa1059c7047016157dd28f515e19333d4092ee07a923fa3cb5eecacc,d4eef084e74b4514eb1f343bf9cb6f5de7d9eb41,False,False,False,False,False
simclusters/simclusters_v2/scalding/mbcg/AllFeatures.scala,simclusters,source,.scala,1608,55,True,e57ec6cb70bad87ec7b0b31cf32a3e925dd2e19bf53d1375737ae10c1f953be1,e1f39a817d7e3a1b60ebd4a7adac1c7b311f2e38,False,False,False,False,False
simclusters/simclusters_v2/scalding/mbcg/RecordAdapters.scala,simclusters,source,.scala,2756,75,True,88bb382646b9d0d59a8cb6a5581afe31246e9c6e827e512e24375c0d910dee93,55d5c57e1e48704b9edb5a62af83aa6a0afb5c15,False,False,False,False,False
simclusters/simclusters_v2/scalding/mbcg/TweetEmbeddingGenerationJob.scala,simclusters,source,.scala,14798,375,True,c7f80792ddf371d3a1dce9ad4927ca6193da68654ae7d87f749d519c06afc1b7,5d8eaa4638bdf114503b4ef736a33c1f36f947c4,False,False,False,False,False
simclusters/simclusters_v2/scalding/mbcg/UserEmbeddingGenerationJob.scala,simclusters,source,.scala,10153,262,True,767afbaa24c2ed566688694a7cf58194794888a52bd8c4d50d101e3d76397867,9e00a32c0a4486881a5326f65a285d4951abd234,False,False,False,False,False
simclusters/simclusters_v2/scalding/multi_type_graph/assemble_multi_type_graph/AssembleMultiTypeGraph.scala,simclusters,source,.scala,17475,493,True,36ed09408703b3b579730942225bad3b6fc882946d8765765299bcea5f80f687,8647c224cc04bbd0186aae5717ac48df8a1f000b,False,False,False,False,False
simclusters/simclusters_v2/scalding/multi_type_graph/assemble_multi_type_graph/AssembleMultiTypeGraphApp.scala,simclusters,source,.scala,2666,51,True,f33ee10a0f11bb0bc4096881968e6ebf0dd31c596b6c8bbefa1fe9e974c50ab7,12fbd1f9120d749db5874a664be92e113b965b30,False,False,False,False,False
simclusters/simclusters_v2/scalding/multi_type_graph/assemble_multi_type_graph/AssembleMultiTypeGraphBaseApp.scala,simclusters,source,.scala,6040,164,True,4a5836790624705d09b14cdcd544f6b3487f68a4321b22103d702ae68137e7ea,fac40a5d3448ebbf8a4b439e5ca1aa19be76d86e,False,False,False,False,False
simclusters/simclusters_v2/scalding/multi_type_graph/assemble_multi_type_graph/Config.scala,simclusters,source,.scala,1272,34,True,feed861e7f7e7a56c75df89e1caf4c1c5e0580eb35b2f6b6c9a4e332eb24db33,1c868423b742060449394b535ab126af00459145,False,False,False,False,False
simclusters/simclusters_v2/scalding/offline_data_conversion/AsyncMeterLimiter.scala,simclusters,source,.scala,781,22,True,69fc1d2a787904182c6110b46777519f9fdea8088c34d88ae6a89da4b5e440c1,d884c48b284cf015b0baf5af479c5cf1556e82bc,False,False,False,False,False
simclusters/simclusters_v2/scalding/offline_data_conversion/ClusterDetails20M145K2020FlattenJob.scala,simclusters,source,.scala,4028,102,True,55afc7c750c06de72ef7a075b52d224d3c99f8442da41f70fdee5263b0650038,fb8e44ae3884719cebc6d6788169e4f3235ea388,False,False,False,False,False
simclusters/simclusters_v2/scalding/offline_data_conversion/HydrationHelper.scala,simclusters,source,.scala,1474,35,True,7d692958ada61fbeed1d01a2f11ae702960f8fbd3ea24bbf24c66a104b002ec3,ce96296843aa9815ba581a96d30129417525a0c2,False,False,False,False,False
simclusters/simclusters_v2/scalding/offline_data_conversion/InterestedIn20M145K2020FlattenJob.scala,simclusters,source,.scala,4001,92,True,17ed4ef96a5cb8dd6e37a469e55a2665c0ed452be96b74b0f86ca5e69099c331,228f05bf59df1629d01794eebc24ec0acd55d7c9,False,False,False,False,False
simclusters/simclusters_v2/scalding/offline_data_conversion/InterestedIn20M145K2020FlattenTransform.scala,simclusters,source,.scala,2378,59,True,1ebabdd1606bc57620d8f8504781589d830e846a2b77a418ee61ff1315d09d6c,36ec57bfa756ea1a97bd06f7de01e7f22594531a,False,False,False,False,False
simclusters/simclusters_v2/scalding/offline_data_conversion/KnownFor20M145K2020FlattenJob.scala,simclusters,source,.scala,3828,95,True,58f84743371c19f12519b6f9c9a9c86388d818cd4afceaccb5621bd3787efdf9,6d3b727a3e8903387347815f0cfa432eae20aee1,False,False,False,False,False
simclusters/simclusters_v2/scalding/offline_data_conversion/KnownFor20M145K2020FlattenTransform.scala,simclusters,source,.scala,1835,52,True,0379808a457b6752eea49d7dbad231d9fbfa775ae5b3f6c2c361a8904b658514,223a05222f5e9c55aec56bf774f03bcfefa5db96,False,False,False,False,False
simclusters/simclusters_v2/scalding/offline_job/OfflineTweetRecommendation.scala,simclusters,source,.scala,5469,161,True,095ee6f71bad9f4cf5f1e4021b3c659313b811041d0ac0de87996b20c8cc2392,f84834965ae04f72ab52d15a699eba821e9a0e6d,False,False,False,False,False
simclusters/simclusters_v2/scalding/offline_job/SimClustersOfflineJob.scala,simclusters,source,.scala,6404,166,True,67a4cae1e149cdf5c4a745536bac0d3788fb013c47a867e261891b23a2142766,07a414525a235fdaff44bfa6c6b26d1669910f12,False,False,False,False,False
simclusters/simclusters_v2/scalding/offline_job/SimClustersOfflineJobAdhocApp.scala,simclusters,source,.scala,6640,173,True,999206af19ddb3ab07ee32b5c250a9f6b84fcfea44eb1ffa8031b97c07c425ff,92d884136c8f840b4ff81a19173ae4ccab65fcfb,False,False,False,False,False
simclusters/simclusters_v2/scalding/offline_job/SimClustersOfflineJobScheduledApp.scala,simclusters,source,.scala,3544,104,True,0bf55d11e39f03394b5ec6b039637712073997aca415c5c231b88c9dd595c95a,52280adb18c8594fa3d61b6745e2288b9c76f146,False,False,False,False,False
simclusters/simclusters_v2/scalding/offline_job/SimClustersOfflineJobUtil.scala,simclusters,source,.scala,3645,104,True,0cd66b31f13c24937060f64fb483f31446dd9f19e7f902d41c4c6a8a18537000,b6251fc25ffedbdfde6e725745c5123e00dcc9ac,False,False,False,False,False
simclusters/simclusters_v2/scalding/offline_job/adhoc/SimClustersTweetEmbeddingAdhocApp.scala,simclusters,source,.scala,6482,175,True,0bc9e91c470c558ed1ca77cb2f4336237d2e3f48f9b086d35ab306eb9af0efc3,3f47feb60c4ce1eef5a94f5a0fe405d57f4411e7,False,False,False,False,False
simclusters/simclusters_v2/scalding/offline_job/adhoc/TweetSimilarityEvaluationAdhocApp.scala,simclusters,source,.scala,9148,296,True,f287af6a53e0221ec907dac03a90ee2f1fdbcb5ed65c90f03628cdd08923a381,c2f77c8d4ad2f1923801dc918d8f188488fce036,False,False,False,False,False
simclusters/simclusters_v2/scalding/offline_tweets/ClusterTopMediaTweetsJob.scala,simclusters,source,.scala,8693,237,True,2b0fed44256d8b6a7998505d682caf9d2249f43447274354bc6d5b441277d000,9cf374fb8bd4a33aa2bebe1f389f3248141c9ee6,False,False,False,False,False
simclusters/simclusters_v2/scalding/optout/InterestedInOptOut.scala,simclusters,source,.scala,7616,208,True,04a0688d91cb5be143637b78abd80200742e70aa46ae3591c7e1f6d47181cf97,334ca738fb2050a427e489d0182f75dc39c4e60e,False,False,False,False,False
simclusters/simclusters_v2/scalding/optout/KnownForOptOut.scala,simclusters,source,.scala,6498,179,True,4a1769a8a21145413773e8d3f25ae68ae58d31cf53f6183c937a32dc6189468d,758f6edccdd97c8022b08d396a5ec51515b5d589,False,False,False,False,False
simclusters/simclusters_v2/scalding/optout/SimClustersOptOutUtil.scala,simclusters,source,.scala,5697,149,True,0e60c652865e3387fcc85b60ab760c1b2d7c354f693bf6a0e6ebb188e7141b46,e33166fc78a155b442b4c854758edaa0e13d5a4f,False,False,False,False,False
simclusters/simclusters_v2/scalding/topic_recommendations/GeoPopularTopicsApp.scala,simclusters,source,.scala,5242,149,True,1a12d4a5d49f3796f35d8779c2bcdb0ebf4e86b0acc4277cec049c5b708d8d36,f6c3a74ddb8f280b0f388d3240f4f2722f2af505,False,False,False,False,False
simclusters/simclusters_v2/scalding/topic_recommendations/ProducersForTopicsFromTopicFollowGraph.scala,simclusters,source,.scala,6768,174,True,007918ecf02906ccf9d78bb51f299078d67fc41ceb298c01d57d1482c956a77a,0ae2366674a98ed85fb0753deb997d81a845d26c,False,False,False,False,False
simclusters/simclusters_v2/scalding/topic_recommendations/SimilarTopicsFromTopicFollowGraphApp.scala,simclusters,source,.scala,6182,183,True,40fcdddf2721750602b077e362efd502f6e451ab45e72a54f5cd21f233d18bc5,09f8ccd6ae562ca8a656b95a8e91c334cc85bbca,False,False,False,False,False
simclusters/simclusters_v2/scalding/topic_recommendations/TopicsForProducersFromEM.scala,simclusters,source,.scala,8475,220,True,eea3a2f5061c0059660d38655e8521e0d32ac2ded84b5ab5fca1ac8d15d47564,7380398841b484957e8d43bd929f510cc3d5f476,False,False,False,False,False
simclusters/simclusters_v2/scalding/topic_recommendations/TopicsForProducersUtils.scala,simclusters,source,.scala,3812,100,True,bcbe1c1fbc3db51ac77870d3749e1a86427ab150e391fce69c71b2aba1cba820,ff87050e4858901a6e77b9c73476b51cb1093d04,False,False,False,False,False
simclusters/simclusters_v2/scalding/topic_recommendations/model_based_topic_recommendations/DataSources.scala,simclusters,source,.scala,3122,72,True,8312137aca2fa8a7874cbae1fe6c99acbfafaa13c92e3081e79e579eb0f5979c,29e9c64c6b95997626c3634708f6e67bdb2d5905,False,False,False,False,False
simclusters/simclusters_v2/scalding/topic_recommendations/model_based_topic_recommendations/UserFeatures.scala,simclusters,source,.scala,1529,58,True,3060b9ffec97b89430da72976bfd87210c66e5a97c9c071acb8de2d712d83754,73d21f8e87e1cd66cbef0814d0cc96dd5b325301,False,False,False,False,False
simclusters/simclusters_v2/scalding/topic_recommendations/model_based_topic_recommendations/UserTopicDataRecordAdapter.scala,simclusters,source,.scala,1881,52,True,a8a03daeab081fb9bf0cea2b8ba3bc724cf69e7522516ffdafc17c0c7d1a3c6a,f1efb558c6aae240775b544845d514ea3a6f1dd2,False,False,False,False,False
simclusters/simclusters_v2/scalding/topic_recommendations/model_based_topic_recommendations/UserTopicModellingTrainingDataCollectionJob.scala,simclusters,source,.scala,12914,380,True,f81a70f3ed5b97a70d1d8f0f5c65d69e988d6d85b807a9f70cfcc458f1ceadba,914802bfc68521133e1ade0a322a57bf37e101a0,False,False,False,False,False
simclusters/simclusters_v2/scalding/tweet_similarity/DatasetTopKAnalysisJob.scala,simclusters,source,.scala,8130,234,True,5154f77d8dd1f81485bd0dd7312e6b337c401d0baafd6a0a6a0ccaafee5b4153,ed1e2dc80736d7d8384649a3e6e68a298a10feef,False,False,False,False,False
simclusters/simclusters_v2/scalding/tweet_similarity/TrainingDataCollectionJob.scala,simclusters,source,.scala,6577,205,True,e75264de72ff1a4781b5d83370da0f19b91b841166369a167e82b2e0fdbcc9bb,407e79e57af368fd0db46f06ae00b394b5f235c4,False,False,False,False,False
simclusters/simclusters_v2/scalding/tweet_similarity/TrainingDataCollectionUtil.scala,simclusters,source,.scala,4183,103,True,6601dcb4e8175cf74a23e7519a78d791480120942bbdf67be4db58627f53e0b3,919df57ae95baef8b536e3a07307bd652c685006,False,False,False,False,False
simclusters/simclusters_v2/scalding/tweet_similarity/TweetPairFeatureHydrationUtil.scala,simclusters,source,.scala,9739,237,True,881e68ebee30ca6f701b50d6553bd96cff8484f26e2b8894ac2743de0bbc3355,4a295fc4cce5218b2b18236398bb4cee171da2a8,False,False,False,False,False
simclusters/simclusters_v2/scalding/tweet_similarity/TweetPairLabelCollectionUtil.scala,simclusters,source,.scala,12775,362,True,5e4512dfa3b350a6d48d776b6427229c069f0d12a7aabcfdd634a0f1c8bae4bd,a4c03304f4f3bcb776bb492e3acd57eb719a8d61,False,False,False,False,False
simclusters/simclusters_v2/scalding/tweet_similarity/UnhydratedPairsCollectionJob.scala,simclusters,source,.scala,6206,178,True,d98d33e7990793af5317a5b484c60b0ac0c3f876e63155168e5cca5e80a567a0,062c85a50d239976832a20dd583dddd58deda888,False,False,False,False,False
simclusters/simclusters_v2/scalding/tweet_similarity/evaluation/ModelEvalAdhocApp.scala,simclusters,source,.scala,2622,61,True,0de9d61f5761edb4ea3b6345b248a5f18006b306163112f4cf57d63dfbc2d76a,128672ad7629be444f6323e3d21a74a7bb46ffb7,False,False,False,False,False
simclusters/simclusters_v2/scalding/tweet_similarity/evaluation/RUXLandingDdgAnalysisAdhocApp.scala,simclusters,source,.scala,2905,69,True,b568b0f95ae4b062b7880aa376e83ccf6e15008f64a5a442d41378b5d1a37ed0,1be7ca4e9563ccb1e1c9315002d01b5b2ed1abc0,False,False,False,False,False
simclusters/simclusters_v2/scalding/update_known_for/UpdateKnownFor20M145K2020.scala,simclusters,source,.scala,8568,209,True,f34ec85f6cd6e51cea7607a01990e66622c8d636afa54d60663477c3555aba59,db51fe87b54d2f2c1c2b4c0aefa457ac61b630fc,False,False,False,False,False
simclusters/simclusters_v2/scalding/update_known_for/UpdateKnownForSBFRunner.scala,simclusters,source,.scala,20747,569,True,0943b80fae77b4b7effbf96c165430ea3df34c175a631d5c38260ac7e69b69c9,ac20931cb58dba83521a71fef771fe7fc23b7ee6,False,False,False,False,False
simclusters/simclusters_v2/score/AggregatedScoreStore.scala,simclusters,source,.scala,571,16,True,9a8bb3b02f4d1ad64b28d3b965d0347707bd790e8d2e620766d61357aced2b84,54be25f6f6754ba19a0cac3462ba0fd2483606fb,False,False,False,False,False
simclusters/simclusters_v2/score/Score.scala,simclusters,source,.scala,341,16,True,c6da8215ffbdb438be96762bda310183b351a982c385c169c2e1afd13c411d20,9743692b9a72f13010852d8f611854aa12daa676,False,False,False,False,False
simclusters/simclusters_v2/score/ScoreFacadeStore.scala,simclusters,source,.scala,2607,81,True,472bf585508f8c1c8e58db9ad38f8fbad6a8d06fd3b13a3327e907810acb27eb,213bbbb89b13145210fe3b22cd6b70a2e59ddd4f,False,False,False,False,False
simclusters/simclusters_v2/score/ScoreId.scala,simclusters,source,.scala,3712,113,True,2feb9f17257686e1d05a9a3d70fe849e3c4e468b0175752bd1cd1da8d2548337,fb2db43d431c1c3a24deaba51d7f178889597e43,False,False,False,False,False
simclusters/simclusters_v2/score/ScoreStore.scala,simclusters,source,.scala,1726,61,True,0127746fc09d2e7c0057588dc50f5201009a67b5618665a4963e2967e0263e5b,fb0ad1abd229236e777e1b97e7e6e85d6b45a923,False,False,False,False,False
simclusters/simclusters_v2/score/SimClustersEmbeddingPairScoreStore.scala,simclusters,source,.scala,6642,223,True,eefeb6bcf2c449de474e3e0017f6758b74778db25d6e6cf05f3b635e89044319,351326dd0bae5e8bdfdc87a03f1511b00f0ea0b8,False,False,False,False,False
simclusters/simclusters_v2/score/WeightedSumAggregatedScoreStore.scala,simclusters,source,.scala,2896,69,True,1bcb6c45820bc8ebf68c9854df960344de6c09e5c3a3c569b32e52d0f9f25a32,09e70ffc235123dd79091368463ce862055e97f2,False,False,False,False,False
simclusters/simclusters_v2/stores/LanguageFilteredLocaleEntityEmbeddingStore.scala,simclusters,source,.scala,2995,88,True,5dcbf7117a47a45e7e287f079ccad29fa79c22655f043440db400511e0bdb95e,f842acc90f41d42d4f474bf25d3600da74da7272,False,False,False,False,False
simclusters/simclusters_v2/stores/MultiTypeGraphStore.scala,simclusters,source,.scala,9837,287,True,f31ded2664d689d8e98f42e5307c2416693b417709700c3ca6129272bceb1389,656a616961e22a1887e78354af8d8d091dc6e892,False,False,False,False,False
simclusters/simclusters_v2/stores/SimClustersEmbeddingStore.scala,simclusters,source,.scala,3627,107,True,2082644c15847ff0250e3e42267e3dc7b7a8712354382f15d24869c5a417579c,7764fe0bb4daa89141eaa0a9ce59486063391759,False,False,False,False,False
simclusters/simclusters_v2/stores/SimClustersMultiEmbeddingStore.scala,simclusters,source,.scala,2378,64,True,f5effb60c2e08a67b1dd7d10f608c1c484bb6c19da837fd23a9d2b04d68c95a5,ed651cce65ca4f2562ad6834899ae698386b4e97,False,False,False,False,False
simclusters/simclusters_v2/stores/TopicTopProducersStore.scala,simclusters,source,.scala,3266,92,True,42247255ea7341b363582be6e3ded36e6431896e42bbd1dfdef29fd00b014f92,87031a17ae35b1ceb5031e180f73b37725a2746d,False,False,False,False,False
simclusters/simclusters_v2/stores/WtfMbcgStore.scala,simclusters,source,.scala,1279,36,True,79b13c8ca5ed4602a0e4e8c608b5e951fe6c61eed08e4de5f99eb93d77ad86ee,6b6fcdea759301cb570deed639eee8357adaa0c1,False,False,False,False,False
simclusters/simclusters_v2/summingbird/common/ClientConfigs.scala,simclusters,source,.scala,5932,150,True,f7be59d3c12af03e3d9ef4abf7e784385b150f6a7a8f4eea78f239c7ec2532e3,fe1edc38f81df89aa7ecbd4c6fc75cd594d5cc10,False,False,False,False,False
simclusters/simclusters_v2/summingbird/common/Configs.scala,simclusters,source,.scala,2623,78,True,5bba0c89487921432bdd7e8bd256a664aae0e7f771b6c640cb91a4f57b73ca30,0d590cf78b6520d267258f5e8b0d8b4881f02dca,False,False,False,False,False
simclusters/simclusters_v2/summingbird/common/EntityUtil.scala,simclusters,source,.scala,1899,48,True,a6891f0aa49c571fdcd1f78814505152601f8750a720d53afd6751d953435ec1,385ce0aad7e24259eb98ab435d3814b568ccab60,False,False,False,False,False
simclusters/simclusters_v2/summingbird/common/Implicits.scala,simclusters,source,.scala,7277,171,True,a1a0760931010d2b64072a91495d07142a1b65862d7fab22807a37dbd6fa2e9a,1b200ea474a0b639dd0b83c2894fa6cd30d7eea8,False,False,False,False,False
simclusters/simclusters_v2/summingbird/common/ModelVersionProfile.scala,simclusters,source,.scala,1398,38,True,7a50f89d16f3282dcd8d461352af059a68edac4597258406e1d1f7913e7c9ca2,01b3e8c9c9af63ef2035712959a434655847f654,False,False,False,False,False
simclusters/simclusters_v2/summingbird/common/Monoids.scala,simclusters,source,.scala,14048,408,True,fe6cf9fd01224db44fc341134f114f9f238f6c5967de76583d44585d530dd3bf,8a58d8b3f30c595716f9be93f422a7810e526a72,False,False,False,False,False
simclusters/simclusters_v2/summingbird/common/SimClustersEmbeddingWithMetadataMonoid.scala,simclusters,source,.scala,1907,48,True,b53cc761f670c8865de1df12716ac63c85d5563033c8ca98789df95b1912c36d,e7ebb4e94b93b7f973ee0b0f487f9e07339e7452,False,False,False,False,False
simclusters/simclusters_v2/summingbird/common/SimClustersHashUtil.scala,simclusters,source,.scala,248,11,True,b09fe6d2cf11628c51da3d1d9ae619cae2357826b3fd8e53b4bb0c228a881fc4,e21de8f472426d2457e6bf68e67f8a05595f434e,False,False,False,False,False
simclusters/simclusters_v2/summingbird/common/SimClustersInterestedInUtil.scala,simclusters,source,.scala,2150,61,True,08ff9949d7fcc456beaea2ee5c42072354eb6db476f580f7549c55ad42652800,e74c8e8db652ea5fd614e40676a7cef11e4e92c7,False,False,False,False,False
simclusters/simclusters_v2/summingbird/common/SimClustersProfile.scala,simclusters,source,.scala,6990,225,True,41d6e88c5738ba42b12a2059fa3a6c4439cfcddad2c5a70dee09e521441c1240,11b13f9e03a8d69f6f869fae98ee5b9ac2cf01ec,False,False,False,False,False
simclusters/simclusters_v2/summingbird/common/StatsUtil.scala,simclusters,source,.scala,618,24,True,bf79a7ca70756a5bb6f3a40234ea98c661d3a0477c8fccb2185e08bde9e3ff8b,eda9fdce388214a72822db1b8bab40f67f948c33,False,False,False,False,False
simclusters/simclusters_v2/summingbird/common/SummerWithSumValues.scala,simclusters,source,.scala,449,15,True,3a2389ad0cf06172bb868c599231887aba39e5d0c9a06c4bde2b8a5178dcb271,83f04073dfc64fb923a2740b822798b985614730,False,False,False,False,False
simclusters/simclusters_v2/summingbird/common/ThriftDecayedValueMonoid.scala,simclusters,source,.scala,1687,48,True,962a1d193ba89bcb059712cf8faf250d22d28de8db22a817c561b82916cd13be,aff845daf6dc005da50ea2c02e844af69b52b95b,False,False,False,False,False
simclusters/simclusters_v2/summingbird/common/TweetEntityExtractor.scala,simclusters,source,.scala,2208,64,True,dbbd9452f216bd16fd835aa6248fe7e207b386dba47236fd85f32f8ce0072687,c978fa6652c5cf55ffae2e0e497d6af10a4f90a7,False,False,False,False,False
simclusters/simclusters_v2/summingbird/stores/AdsTwhinTweetEmbeddingStore.scala,simclusters,source,.scala,1654,44,True,7d315d7bf32fe8777190ac1e0314a8588a65dfb0b3987566c2e3b7e718961840,183deb6341ebd5141c184f97f79d16fd4217beff,False,False,False,False,False
simclusters/simclusters_v2/summingbird/stores/AdsTwhinUserEmbeddingStore.scala,simclusters,source,.scala,2306,62,True,aa14e96584d08947996b230831920f24a99a071e989fd2687654e9d974149b36,1714d60ed2bac18c0c7aa645927193a8d108999d,False,False,False,False,False
simclusters/simclusters_v2/summingbird/stores/ApeTopicEmbeddingStore.scala,simclusters,source,.scala,1590,43,True,47ab17170909985e111830b58cd25deec19047a7ef44bfded252f04409d36529,0eec17b8163b88e66874b281441d5d2edcd2487c,False,False,False,False,False
simclusters/simclusters_v2/summingbird/stores/ClusterDetailsReadableStore.scala,simclusters,source,.scala,2927,73,True,06baf05a6bdf55cdea112bef410e63f03e80d5f53d67e7d9d4894fe4d39e45a6,4cb66169abf96e7c0cac32803960b8d4fcc5f14d,False,False,False,False,False
simclusters/simclusters_v2/summingbird/stores/EntityClusterScoreReadableStore.scala,simclusters,source,.scala,1567,37,True,e566ef551fc3d490986cc15c90c4fe244e5ba5c5178eb43287b42411e7e664f5,3a8a73e378e46d8251488da6e90fa941b3105f68,False,False,False,False,False
simclusters/simclusters_v2/summingbird/stores/GizmoduckUserStore.scala,simclusters,source,.scala,1637,46,True,28fbad94f389d5a0822e6298fb8980ee3cc71af35e1b84135202ead8e2a1bb5e,f7740e9ccc7f81c022f1f4b1c86d70df2f81d3ca,False,False,False,False,False
simclusters/simclusters_v2/summingbird/stores/ManhattanFromStratoStore.scala,simclusters,source,.scala,4680,129,True,91cae719c417f29468b4bb263feb7c42f17bdea727e47a142a47e517855b7632,bffc903b73f0703a3ba73bdffee10d8da9f340f6,False,False,False,False,False
simclusters/simclusters_v2/summingbird/stores/PersistentTweetEmbeddingStore.scala,simclusters,source,.scala,3861,98,True,44d22f3de9cd3f14fc9d7d235039a5a693d040e8710967cbd40bb8e76161b53b,99b42809a8ad7a2adced142a3fc698d9e276c089,False,False,False,False,False
simclusters/simclusters_v2/summingbird/stores/ProducerClusterEmbeddingReadableStores.scala,simclusters,source,.scala,3740,101,True,40c7576da1ec1167469f31ddc6fcfc0a9764631eee6f9b6eef261cd0d6621a54,eac32f7cd65be1dc411c9c42599cbad145360e5d,False,False,False,False,False
simclusters/simclusters_v2/summingbird/stores/SemanticCoreEntityEmbeddingStore.scala,simclusters,source,.scala,1649,41,True,d13c220cd1e7890ce9f3be05560d99b09f9d51f8d43487206b94ec9e340cd4a3,8b55fc86fb2ed555f6a2268d4487be548fda87ff,False,False,False,False,False
simclusters/simclusters_v2/summingbird/stores/SimClustersManhattanReadableStoreForReadWriteDataset.scala,simclusters,source,.scala,2430,51,True,058fe61dcdde3d0b90a108c07b63a1110cee07a62e29ce5154a2fc939878de6c,9ab976cdcac890269b64501e21f08167a2e1fcb3,False,False,False,False,False
simclusters/simclusters_v2/summingbird/stores/TfgTopicEmbeddingsStore.scala,simclusters,source,.scala,1625,43,True,ba03306727b5b6f9b9466b04b585f9d7774d7b15ba8a12a55de0abf14eb8156a,398f97063be731446b9b402905bcb6fe83a7bcb1,False,False,False,False,False
simclusters/simclusters_v2/summingbird/stores/TopKClustersForEntityReadableStore.scala,simclusters,source,.scala,1303,36,True,de38c08c30261a18b9f881e93376b7c584d05326eaf39fd2a55e29133b7ca6cb,baa3fa2a1893f8435aa4d51178b9e13072c2f3f5,False,False,False,False,False
simclusters/simclusters_v2/summingbird/stores/TopKClustersForTweetReadableStore.scala,simclusters,source,.scala,6562,172,True,ee3ccd3f2442e0029e52162d384daf80a443b1fc2a996629754dfd94a226a0ab,978407760ec572025a9fe7e654c8237dbc1e7b16,False,False,False,False,False
simclusters/simclusters_v2/summingbird/stores/TopKHydratedTweetsForClusterReadableStore.scala,simclusters,source,.scala,1473,30,True,5a6be8529b1375c0cbff007d74954fe2c65e3891bc21bae464ef7b425ae011a9,0cb0a81f6a7febafa9fc171754e76a802fe29655,False,False,False,False,False
simclusters/simclusters_v2/summingbird/stores/TopKTweetsForClusterReadableStore.scala,simclusters,source,.scala,10622,276,True,04d50c9e55397bc1f513113258ffaba4d91f29b665d384506af0a2bd336f0a85,2e141ef974c9114b5600f19f31a167717d641dfc,False,False,False,False,False
simclusters/simclusters_v2/summingbird/stores/TweetMetadataStore.scala,simclusters,source,.scala,2780,81,True,e092a4666733a052792e9e63ca2fb20358663c09b0d35a44e7e01be4a7da1c8a,c0cf9e62e94585e0f074779f2824afe440ff6eca,False,False,False,False,False
simclusters/simclusters_v2/summingbird/stores/TweetSquaredL2NormWritableStore.scala,simclusters,source,.scala,3453,93,True,086810e55c8126a62e69f559ca5c6cc9ca0b9454040a4564bfa717104eff6b45,60e7f60858c5ad9a669126ce2ffdf160ae5d0cde,False,False,False,False,False
simclusters/simclusters_v2/summingbird/stores/TweetStatusCountsStore.scala,simclusters,source,.scala,859,28,True,2dd184117d7840d8198a7121a18c5d68746b15d89b861b1548d62242d68efda7,da917cb435edeeefb3765d4d28c8874f48acf105,False,False,False,False,False
simclusters/simclusters_v2/summingbird/stores/TweetStatusCountsTesStore.scala,simclusters,source,.scala,1500,45,True,1f2edc7239030408898eaf063f2b9309ecb20a24fa19e59d606d4ef5637f6531,074440d6f0473d6b88910945440d65e71650a173,False,False,False,False,False
simclusters/simclusters_v2/summingbird/stores/TwhinTweetEmbeddingStore.scala,simclusters,source,.scala,2570,65,True,48340d12193786e039c0aa6175bc1ae89849628f763b1a7a784963396d7226ba,34a7c24008c08b9139c626e1a0f8733d4dfade90,False,False,False,False,False
simclusters/simclusters_v2/summingbird/stores/TwhinUserEmbeddingStore.scala,simclusters,source,.scala,3452,96,True,b23067baa11546902a7d97ce939f8c567c4f0c58bbd2b960678770cd06541b6d,5a72537bd5629b928e418e0d39822530b2e54858,False,False,False,False,False
simclusters/simclusters_v2/summingbird/stores/UserInterestedInReadableStore.scala,simclusters,source,.scala,10925,243,True,7ad058dcfc618d23e87b15502cd752d1ef039b223411d2d2ee85daf5de8353be,bc61b87977bfd6ef5f1771a9e03277111b6b42dc,False,False,False,False,False
simclusters/simclusters_v2/summingbird/stores/UserKnownForReadableStore.scala,simclusters,source,.scala,3150,77,True,0df22bcbe9c8f970b4c793e66cf8fa518efdfab5f6335351e1245a9b2b6bd5ee,62cf500a81b4355eb2786a5e715fe4749bcb42c0,False,False,False,False,False
simclusters/simclusters_v2/summingbird/storm/AdsTwhinRebuildTweetJob.scala,simclusters,source,.scala,5300,134,True,e43d5a2b01e13165ca6eace5ce884f4a277d9c6487d0c54d8e73928f8831d3d9,e340cc2610bf461fbfc7bf08aa64d7052958edf6,False,False,False,False,False
simclusters/simclusters_v2/summingbird/storm/AdsTwhinRebuildTweetJobRunner.scala,simclusters,source,.scala,6895,176,True,a427dcce2a4f10c3aa34df5c2c218f15d7a2325fbe47aef499c4e4fd10e07378,50dafbdfb5d8c7e02883a762dba6e709c219d246,False,False,False,False,False
simclusters/simclusters_v2/summingbird/storm/AdsTwhinRebuildUserJob.scala,simclusters,source,.scala,7742,187,True,f1e238216d9a7dcf8d43eac0f4497fed527a4b7815a6f81f49e7da874cef7208,da173e42b81317c23f59f512aa55fc6fc263964b,False,False,False,False,False
simclusters/simclusters_v2/summingbird/storm/AdsTwhinRebuildUserJobRunner.scala,simclusters,source,.scala,8117,196,True,546b277aaebcb41b889024c2bd35d93dc1163dc5559aec45af2d6bc5ed0a6623,0a568f2598bebea4035340d1774c36e7ed23ec02,False,False,False,False,False
simclusters/simclusters_v2/summingbird/storm/PersistentTweetJob.scala,simclusters,source,.scala,5157,125,True,8a4136c875de03420d1e6661d0b44e0185077940bc796bb329d08325eebce11d,d646a36a1feba9dbe5b8a75e889a7b6ccef9a173,False,False,False,False,False
simclusters/simclusters_v2/summingbird/storm/PersistentTweetJobRunner.scala,simclusters,source,.scala,8533,211,True,aab3a6a9cef0c8fd861d1302a3994e3d360689497ebda339207d21e12d875fed,abe7b34dc2e09d70d08e8953d13dec021b58eb65,False,False,False,False,False
simclusters/simclusters_v2/summingbird/storm/TweetJob.scala,simclusters,source,.scala,12986,307,True,aa9e150cf8b3b820c535f03680abab6e4d7ec47311f6d5db6f188b93b8236468,fa2680ab744dc4cd328e3a8b9420e90b84ec1d6e,False,False,False,False,False
simclusters/simclusters_v2/summingbird/storm/TweetJobRunner.scala,simclusters,source,.scala,10756,257,True,1ab8bbb68c433e46ee29caa849e32bac2d2c0d145fc02e7944ef29959878877a,11db98d3a9ce2e5fea545f8caafa0a4f15c1cced,False,False,False,False,False
simclusters/simclusters_v2/summingbird/storm/TwhinRebuildTweetJob.scala,simclusters,source,.scala,5902,144,True,0a54216d69405069254f63fa88e0651686cfb386e6fc318a7f5f42b003efb942,4b9371ebfdb33a3109add4b2c6237a905483e7a3,False,False,False,False,False
simclusters/simclusters_v2/summingbird/storm/TwhinRebuildTweetJobRunner.scala,simclusters,source,.scala,7994,208,True,df3764c4c49a1027b8447be2278c9a04f239556f97a4686e77ac3ad53864df11,f484ed496218abefc57816050858827deed788ba,False,False,False,False,False
simclusters/simclusters_v2/summingbird/storm/TwhinRebuildUserJob.scala,simclusters,source,.scala,7359,180,True,9de791b72b7b01ef1ac723ab052fc3f2cd2640e26566f19644c7ec8762a82945,89f4a0dfd24f572d726208e29e4d18c1e205c644,False,False,False,False,False
simclusters/simclusters_v2/summingbird/storm/TwhinRebuildUserJobRunner.scala,simclusters,source,.scala,8051,196,True,49171ed28ccce64cacc6b7e7cd370aa952541654c96cb5a505cdcb347eaf7150,93224da6037c7443f4f94a8ef1f05688e806518b,False,False,False,False,False
simclusters/simclusters_v2/summingbird/storm/TwhinTweetJob.scala,simclusters,source,.scala,5847,144,True,1cfa284154fba5b16197cc72f44c72df3231abd4e009b00efe2720c90c4e2a20,303b890e96e70b37cf60d0d066308877083ae718,False,False,False,False,False
simclusters/simclusters_v2/summingbird/storm/TwhinTweetJobRunner.scala,simclusters,source,.scala,9286,235,True,528b920060322612271247c565ca08fe45d1508accf0a39f509c11f8892dc8b3,d52652709b6ee2dd55138696f7d44265efc3b9d3,False,False,False,False,False
simclusters/simclusters_v2/summingbird/storm/TwhinUserJob.scala,simclusters,source,.scala,5791,148,True,6f7470ecb85cdd8c280c9fe6f7382eece0fbab0fa2aa0ae1b0618a4be7bc72dc,23013305d5b57b05b61aa1fecd2829f2180f9538,False,False,False,False,False
simclusters/simclusters_v2/summingbird/storm/TwhinUserJobRunner.scala,simclusters,source,.scala,7195,181,True,0e4a20092a6300ae082c9c70cfd7b365f17afd1ed35972f89827fff827bdfb0f,0a860937f1cea451f7e073e3c1baa96ceae923b7,False,False,False,False,False
simclusters/simclusters_v2/tweet_similarity/ModelBasedTweetSimilaritySimClustersEmbeddingAdapter.scala,simclusters,source,.scala,1622,36,True,85b45be6ab8c1c0e1ee441508bac20e557e8fcf70cf077a76dc01cbf48dd38f0,3d852f544107d5602508d8556563434726b98ec7,False,False,False,False,False
simclusters/simclusters_v2/tweet_similarity/TweetSimilarityFeatures.scala,simclusters,source,.scala,2548,60,True,bf671e1199052f15f1d8f200aa63d1143ddcd81a6c77b2b208520d0c8e7c89dc,056985c26fb1f74128efdcfd7eab60d0816497df,False,False,False,False,False
simclusters/simclustersann/SimclustersAnnServer.scala,simclusters,source,.scala,3834,104,True,a6c9909fbd8f5d9e45d786d842785eaad55ccc8a2b570757ff73105c2315499c,8fd5a255b4218510d25f0a34831085d607073bf6,False,False,False,False,False
simclusters/simclustersann/SimclustersAnnWarmupHandler.scala,simclusters,source,.scala,2215,73,True,d4b860c02d79fe8d58e331f10bbe979acb00fd6065d0c9c264bcaf3d7cb6171b,afc74a89b74e37125d2bc274436010a9552eba62,False,False,False,False,False
simclusters/simclustersann/candidate_source/ApproximateCosineSimilarity.scala,simclusters,source,.scala,5599,133,True,61b03d60d2c8acb4f2b901490baef3c36fbf3839bb5d2688154d8a570f88b63c,4de2b202af0ac5bf58d76b31f9659cb23805973e,False,False,False,False,False
simclusters/simclustersann/candidate_source/ExperimentalApproximateCosineSimilarity.scala,simclusters,source,.scala,6862,175,True,2317889910ce887db824d465aa372f2f080f49053a91e8935e2d56f5e1edf580,8331874b207d779f3a1c4f5304dad8f1c2b27278,False,False,False,False,False
simclusters/simclustersann/candidate_source/OptimizedApproximateCosineSimilarity.scala,simclusters,source,.scala,4240,106,True,21e6b37dfaec0c68e90384db17852ecaec5ccdd357a6fb3bd67c0802ac424760,be5aba51948335ef8c2e90ac3d1320c72161ab43,False,False,False,False,False
simclusters/simclustersann/candidate_source/SimClustersANNCandidateSource.scala,simclusters,source,.scala,3871,103,True,fcc0cd42e726e06489bccf79f31af9cf369c2c0b2b06008eb0e5a79934accaa3,3bc19a8eaf075269f2c09d4c460c51e7fd1d0ccf,False,False,False,False,False
simclusters/simclustersann/common/FlagNames.scala,simclusters,source,.scala,587,18,True,e446e313e824057a70963dfd2826db0250376a265c9e88c35ecfe3908158dce9,f1bae742a46b456e4d777674ae37086087fac62b,False,False,False,False,False
simclusters/simclustersann/controllers/GetTweetCandidatesGrpcController.scala,simclusters,source,.scala,3829,100,True,66b2b6540d1903392fb699e14fed3afffbd244de3d24ec96e72bcb7973f70b03,77d31640b21e2302c7f5120cc8edd5e4fb506a94,False,False,False,False,False
simclusters/simclustersann/controllers/SimClustersANNController.scala,simclusters,source,.scala,3164,86,True,804f45dc97be563578f0cb914126717d5743c80ccc3aac8524f306b0c5336e0a,3c753d9982204c11be90b7f3ecb7f1d53a8f218a,False,False,False,False,False
simclusters/simclustersann/exceptions/InvalidRequestForSimClustersAnnVariantException.scala,simclusters,source,.scala,669,16,True,ecd4a0779277cd423de777ed13f8493bdbeaf49017c168342764c4026c4088ca,c9b0462534d38e44c39d73d96daee8b017912491,False,False,False,False,False
simclusters/simclustersann/exceptions/InvalidRequestForSimClustersAnnVariantExceptionMapper.scala,simclusters,source,.scala,800,22,True,343d0188d21cee6d56836eecbe08fe7a9c2f2e0ed66ab22427ea1452d8ae6045,c7fb8401167847c135b6f01367669c7d3b5d900e,False,False,False,False,False
simclusters/simclustersann/exceptions/MissingClusterConfigForSimClustersAnnVariantException.scala,simclusters,source,.scala,256,6,True,c9b287ecc52af1f9973333c734188df0e2d4258c53aa6ada6a2b897e59d87190,c5fd16d8cec95d8a19e782f851b87d094028774e,False,False,False,False,False
simclusters/simclustersann/filters/GetTweetCandidatesResponseStatsFilter.scala,simclusters,source,.scala,1653,43,True,c3239ab019f56088928942bde17f4eacec2359ead30ea89c5154a059a2681e99,f9c9a354f03428b21e48b05f8d9a03b9a28be822,False,False,False,False,False
simclusters/simclustersann/filters/SimClustersAnnVariantFilter.scala,simclusters,source,.scala,1960,53,True,a1ad18cd30f7f9c3b55d0ee9779803b3e5d8efebab4fb0de216c949ae81fb1ac,8cfa088dd924a1a957cf018c5a0cf7d1024f3a31,False,False,False,False,False
simclusters/simclustersann/modules/CacheModule.scala,simclusters,source,.scala,1176,34,True,8463d2a92cdff51c2979de7e90cf64b104e30da4faefe5a4ddaf477a53300512,6abc37b8dcc54cd1fbaf6bba7366c820d91294b4,False,False,False,False,False
simclusters/simclustersann/modules/ClusterConfigMapperModule.scala,simclusters,source,.scala,411,15,True,60103b60a36634dd8b592ac3d9332bbecd0183e484aec37f7a854282a9e9667d,84fec3974ea65c84581eb6e0504b7c2c3999f73a,False,False,False,False,False
simclusters/simclustersann/modules/ClusterConfigModule.scala,simclusters,source,.scala,943,25,True,ae6f32a7b788985fdcc6cd2467152ad0265913d9a89453f4c6171f3eb4def0d4,ae409276026a680c6fde1f41d4ee5591927c5e28,False,False,False,False,False
simclusters/simclustersann/modules/ClusterDetailsModule.scala,simclusters,source,.scala,4306,103,True,7c8226a13e6c7aca0371a3778842248a34ea37d428944f532b9511853a1e6dca,060ebe2ed42192d920dd48b8d48a04c1f501c5e8,False,False,False,False,False
simclusters/simclustersann/modules/ClusterTweetIndexProviderModule.scala,simclusters,source,.scala,4839,115,True,aac682d8a960f543cc546d3dd1f5ba350639735954a9d4f0ebabd9bc67d4c261,fb37ba0b0d1e59dedd9980b69c4c4db3ede74769,False,False,False,False,False
simclusters/simclustersann/modules/CustomMtlsThriftWebFormsModule.scala,simclusters,source,.scala,3824,99,True,7549e99c2872a65c82ccd04da5aaee312b8438ccdef29c175b2f29db94f074d9,678943d2a9e16c40c565cf32d28e309569505543,False,False,False,False,False
simclusters/simclustersann/modules/EmbeddingStoreModule.scala,simclusters,source,.scala,4387,109,True,a12a729399188280a5a0cc52ee81d82a2957f8f755094b02649e3fa9364df85c,a80b3d2ae11dbd3e8cc0739cbb12f42e98696f43,False,False,False,False,False
simclusters/simclustersann/modules/FlagsModule.scala,simclusters,source,.scala,1057,44,True,1f484b020fcb7c9ffce7189b9a8a9f38a017f9ad9c7d1b6248cf14a6a3103d6f,ebcaeca27a97a8daa5f921be5189ad4876cc0549,False,False,False,False,False
simclusters/simclustersann/modules/FuturePoolProvider.scala,simclusters,source,.scala,847,27,True,b2f7c2e9e7c34bc01e086d085034213afca4b4b72b1936e684295dcf1b7a68e9,c66ade39253723625f8fb61b56949f6ea523cffa,False,False,False,False,False
simclusters/simclustersann/modules/RateLimiterModule.scala,simclusters,source,.scala,633,23,True,db3a2a4cd84d3d57cae8ae90b986093e3e5f4c5369256f9ec1376c93f04ccba9,66e26d4f57bc26bb615e58483801eed5f545c65e,False,False,False,False,False
simclusters/simclustersann/modules/ServiceNameMapperModule.scala,simclusters,source,.scala,401,15,True,01bf6fcc2b09addbf1ae087fe22caad092c7dc9d23b7c20c7312954791898576,91a38f2a1bef5c0c272000cca4ad5e88d57b5c12,False,False,False,False,False
simclusters/simclustersann/modules/SimClustersANNCandidateSourceModule.scala,simclusters,source,.scala,2189,50,True,c0be6fc03d96ab9af90f7bbf2ddae7377535085af01cbab5a3953c93967ac70b,b42402c00706f44645c8567ed65df9157162f207,False,False,False,False,False
simclusters/simclustersann/modules/SquaredL2NormStoreModule.scala,simclusters,source,.scala,2289,62,True,ebd243d6cce1966a38effc21992203b0cb110eba1d5e0b7efae9e2438e6d6d3d,d396ead3b1171f72f9bb6cd0800543b6f99c9640,False,False,False,False,False
simclusters/simclustersann/modules/StratoClientProviderModule.scala,simclusters,source,.scala,523,20,True,5a6f5a11dcb52d3df4760832084e1c2eeb6b9cb8d878f41b8df8eba4283383d1,0766c70a7eb069c427c98463339385ab2cdfeae4,False,False,False,False,False
thunder/args.rs,thunder,source,.rs,2219,86,True,9769ec989a42046c23fb6ed6be1738c7196a2f532ea033a6211c1b6d007df90b,f328d40aba9fe3ad82a4c8e35c59b36085c9072f,False,False,False,False,False
thunder/config.rs,thunder,source,.rs,467,14,True,d24a126f534cea073e58acca6dc07a330770779ac8bec72cf66f922c2dc40954,8bdab191ea40155499ac7804f16050e5d1c8ca13,False,False,False,False,False
thunder/deserializer.rs,thunder,source,.rs,943,23,True,7b9c76e64b7bd8573b6d3436859f02daba24ee9b749087cafcbb4ae0dada2ecd,d6b3d427b37dda284d166643a7240f76a14beb11,False,False,False,False,False
thunder/kafka/mod.rs,thunder,source,.rs,80,3,True,bfdff5d5840f77f7b68d4b4c5da8fb43c0e45be94118ee729941e5c06f010fdb,e05dc8497d9d5c3195cc361039c0d693a44dda8a,False,False,False,False,False
thunder/kafka/tweet_events_listener.rs,thunder,source,.rs,13263,379,True,e7cca8dedd4903782da02d6fbbed05f623f1af3ae2995ec97e0b95692b36fb0b,eb923e79998ada37b9a40dc51995cd5d77e355ed,False,False,False,False,False
thunder/kafka/tweet_events_listener_v2.rs,thunder,source,.rs,8937,239,True,a47dea7b4aeaf6345a2072de05999b5001e2c64c9f26b18d5c6a96d08fb352dd,5b510bb4c7c53ed395659b46bd83f82d84f51160,False,False,False,False,False
thunder/kafka/utils.rs,thunder,source,.rs,1258,46,True,3386350a0f69175c3319cc14390502a3f3aa53ab92d32740c4ab0df81c648d51,530f93f5b02537a3b825d70c8a7720a31b4be66d,False,False,False,False,False
thunder/kafka_utils.rs,thunder,source,.rs,3760,102,True,d8b15ac24517ba8a5d39c99ff2c5b6d32f061bab552845371cec63dc5132a6c3,21c7c8421d8acc6be91a925c99a390e11a4c0d59,False,False,False,False,False
thunder/lib.rs,thunder,source,.rs,196,11,True,5203cfffac2d4ea2305099577d75f02335c6607ff9c16b0e353447af4bd40a58,43c8092cd2df965a3a20afa0358e5297288a38e5,False,False,False,False,False
thunder/main.rs,thunder,source,.rs,4528,146,True,1a43b2686925cfe7153e9e6109e57eff2ce37b82fea83d73590563e104df8fbf,4bc15f7c5db7cfe72fe1ab52b95039375e9c869b,False,False,False,False,False
thunder/metrics.rs,thunder,source,.rs,9312,242,True,8c5f46d4f9b5b7a0792954803b06e27a1fdc8edf5d83813ea68fda41b5d37762,74580d1be987f6dabfd3400527bbbd895e8ad6b9,False,False,False,False,False
thunder/o2/mod.rs,thunder,source,.rs,5254,176,True,bd3996808ae546de9d7c1611efd565a92d8fe1b6bc3adbd3135d5693657d013a,92533e133b02247461ca476630a40ae8f44e1020,False,False,False,False,False
thunder/posts/mod.rs,thunder,source,.rs,20,1,True,1494eb72209a5e1274c34fb68e9dc402e6f371139144b396cc1fa17b0c1fbea7,d575b6399b2c64a50335ab9375aa10077051ce9b,False,False,False,False,False
thunder/posts/post_store.rs,thunder,source,.rs,31318,880,True,5c62452b914273a01e16090c906e34c3a350c979fd5ffdea878fbd5d0d2138ef,5a1c1966d3469c33ec62fcb66bb1654c5642dd91,False,False,False,False,False
thunder/schema/events.rs,thunder,source,.rs,158514,4679,True,5e585e9a982b342fbc9b2ff381a7de3f04f34821081b75f1c1ec91772a648e79,3cec1ad297f08058bcebd193390c572ca685401d,False,False,False,True,False
thunder/schema/media_common.rs,thunder,source,.rs,20596,609,True,ff074aa4cf737062982cd9d9b16c460ac18b39bb16e1f84c2f638aafae11e3e6,690d4865b52ca600f4b7a9d9fa39407c5b6f1b32,False,False,False,True,False
thunder/schema/media_entity.rs,thunder,source,.rs,13059,368,True,5c7b3990f4810a3104a9b4fe2323dc36eb0ac9d5260a2fb43e5cbac2ae336c10,3c7824e537a852c23b502159e17be4d11d916ad7,False,False,False,True,False
thunder/schema/mod.rs,thunder,source,.rs,132,7,True,8c619174168da1184c08d4f4daa17480f26c6c3828f2bd78f9804da401ceeda6,911db23e42d7d3b6ce3282bf30a223fc9da83f7d,False,False,False,True,False
thunder/schema/tweet.rs,thunder,source,.rs,177053,5471,True,e676e7ef501e976d9815cfd92bc585b4805141415a1c80d97ff1999d30402810,0770850e78afc2bb164c589025738b934080fb53,False,False,False,True,False
thunder/schema/tweet_events.rs,thunder,source,.rs,59013,1725,True,7af52d0a2b2bc500cc04f676e844be46c4952007fa79b128e0ca3e6e5e5d5f87,57d1ee125932115e3eec6f8d6d202671f2b0aedd,False,False,False,True,False
thunder/schema/tweet_media.rs,thunder,source,.rs,29112,939,True,b64a82209d62114a6761007b55ca1b44e5ebf289a8067d3845ecc819f9789e76,33401efa528269962ba00eb69caf558ee67f2f25,False,False,False,True,False
thunder/schema/user.rs,thunder,source,.rs,511240,14750,True,eb9639fead783016ff44251e46b333cffb5d08d2ae337d512319f8095eb20af8,9f53f39f4f5948015f9d3c64b4b939e245fd8117,False,False,False,True,False
thunder/strato_client.rs,thunder,source,.rs,6917,233,True,c6f42c6a0a62a1bf7d0cdf05633c7192ca82a5b410baab8c25bace9255d055b0,7a7825fce92fc4d580147253a2e850ee8a684ecb,False,False,False,False,False
thunder/thunder_service.rs,thunder,source,.rs,11572,326,True,d83e9c67fe91ba16552aa49c645bb568c8357cf77d224d1841bffa3c954435b4,e159c02087f0020491aac9b9b11645db587bfa7d,False,False,False,False,False
under-the-hood/scalding/AccountLabelEvents.scala,under-the-hood,source,.scala,1913,55,True,dbd87c8e6f5de10056d7376be354fae9c08b70ae47f87fc436d0ecbbd7228332,30414b5ececbb8d948d11f3b50617987d1a0b5a0,False,False,False,False,False
under-the-hood/scalding/GizmoduckLabelDiff.scala,under-the-hood,source,.scala,763,23,True,325a32cc11d4867b267f6c7622b5b0e80fdf9e5d661e557c4cfe1d968914b051,809758c9024584dc8c5f92c22e05538d30908766,False,False,False,False,False
under-the-hood/scalding/GizmoduckSafetyFlags.scala,under-the-hood,source,.scala,1770,59,True,1e8642dcc50365210a762e8927c1ea0a1648bee09b87ecde9ba821e0f9c85fa6,e2de04ec99ed6a07160ef798c124fd05df9c3a98,False,False,False,False,False
under-the-hood/scalding/UnderTheHoodCommon.scala,under-the-hood,source,.scala,4702,139,True,44a6becb2a41773abb1fa6ab23b33ffbd3f57f955241ce8642f5f7b1e838e79f,8460e6b3d4c81943baca9916e8f22dc76d3320e8,False,False,False,False,False
under-the-hood/scalding/UnderTheHoodDates.scala,under-the-hood,source,.scala,1421,41,True,16576459241c9b3c35aa123a43d9c1c0b6e6e099ad960028390d8a6fb76b75d2,4bf73eb41f1fe557d80d0088d175cfc6d70c2a7d,False,False,False,False,False
under-the-hood/scalding/UthDailyAccountLabelsJob.scala,under-the-hood,source,.scala,9053,247,True,793045a9358575686711dfae39606221735874cad5d417cb5a4c998ec4a83fb8,f3d098e37570e47c8c9483531fb5253b7619215f,False,False,False,False,False
under-the-hood/scalding/UthDailyPostsBackfillJob.scala,under-the-hood,source,.scala,11716,318,True,0c59765a59a6f941e85d4a508a400f6929e37dfb824db56e6b100bbc2cefbfa1,6739b139b58dfb0fd1b3d9973babcfc5d872315b,False,False,False,False,False
under-the-hood/scalding/UthDailyPostsJob.scala,under-the-hood,source,.scala,16568,463,True,b6cfc65f58d5ed2873f74be17d1d7def509fbc45e4ef571a76fcd6f3e80f216b,dbafd530b9a6405996677ab886db12cc339c849a,False,False,False,False,False
under-the-hood/scalding/UthMhInjections.scala,under-the-hood,source,.scala,1012,23,True,4210aa83c974b125799d0ba47baaae58a0c3f2a35a516a0244e9a5f2a1f59056,31e3a7ac6ee9bfeb94ff69f57112e12bcc4927e9,False,False,False,False,False
under-the-hood/scalding/UthReferenceMonthMhPublisherJob.scala,under-the-hood,source,.scala,18824,512,True,8e0e167a8a53dc757fd34ab4373c391f73118c61e0086a796f4ffd4332b9f313,ebda6656de2c42cecccfd7cb32ce09cab18198ed,False,False,False,False,False
under-the-hood/scalding/UthUserMonthMhPublisherJob.scala,under-the-hood,source,.scala,11157,319,True,bfbe852fdf24292f11e1fb42eee81f5409d26ace7fccdba32062275af569503a,31ed60376bbdd20e687a1bdc1d647561ece92bcd,False,False,False,False,False
under-the-hood/scalding/legacy_experimental_adhoc/UnderTheHoodAccountLabelsJob.scala,under-the-hood,source,.scala,7430,192,True,e11a767859ad716c0c79753f862f39d83629b4e4da5624451c5632a9a5e03ec5,cb2e23e185b36069da953b66f83b2d255c500852,False,False,False,False,False
under-the-hood/scalding/legacy_experimental_adhoc/UnderTheHoodPostLabelsJob.scala,under-the-hood,source,.scala,8726,236,True,28cc118c8963a384e9305df8288a52732943ac5f6db9745a08280a4eb4923704,341a6401a7f1224ebfd35c4d3d47c201307ec41f,False,False,False,False,False
under-the-hood/scalding/legacy_experimental_adhoc/UthFilterTweetSafetyLabelsByDateJob.scala,under-the-hood,source,.scala,4287,123,True,8cdedb7d23f24c6d85e9647cba1f74f10624b7b8f4d55197683afa76a09f7f7b,e3c382a949be35245ac745b448e378736fe43099,False,False,False,False,False
under-the-hood/scalding/legacy_experimental_adhoc/UthGizmoduckSafetyFlagDailyBackfillJob.scala,under-the-hood,source,.scala,13913,350,True,4d307ef2d220b15ab60ce48d28f2b766ed9202580e82d9f412e808a3e2c5d1cf,28c9f10d480cebee2eb99daa1a540cbdfa3358af,False,False,False,False,False
under-the-hood/strato/columns/featureSwitches.strato,under-the-hood,schema_or_dsl,.strato,322,9,True,99612ca948dbac7080be9245eb20a714b5c73b78936280fea457409fd82183b6,f1c33e7341696d9376b28bd5773f8b8d4a70923d,False,False,False,False,False
under-the-hood/strato/columns/graphql/userUnderTheHoodReport.GraphQlQuery.strato,under-the-hood,schema_or_dsl,.strato,102,4,True,44f16cf0377fce33c67596403732a8470b6e07d5e34fb95a6dafdca18b42fc28,b83be2c75bc8ec6c1134add8aa1a596e36c9c4ad,False,False,False,False,False
under-the-hood/strato/columns/mh/referenceMonthAggregates.strato,under-the-hood,schema_or_dsl,.strato,1554,43,True,0e953045a66050c1685f1386dc3e82f0f39919475ca63bbf0f751c24bd4b3cc9,5c9f22cdfd4ceedb510cd8ee4d14791c7d1c5a06,False,False,False,False,False
under-the-hood/strato/columns/mh/userMonthAggregates.strato,under-the-hood,schema_or_dsl,.strato,1710,44,True,18401365ab10ffff60f2e78b0dcfa52c80ffa016537eb271131192ceba3cdcc1,06790ef8426174c243f0161b542183e0550b15a8,False,False,False,False,False
under-the-hood/strato/columns/underTheHoodReport.User.strato,under-the-hood,schema_or_dsl,.strato,13273,414,True,1f9a34db808e810dd965923bd5c3dca51efc8c88c43ff4e475af597d6fcfcf3e,6be87004494882529f303b1b4caf030dd4f1486d,False,False,False,False,False
under-the-hood/strato/columns/underTheHoodReport.strato,under-the-hood,schema_or_dsl,.strato,896,30,True,688b92038dfb0ace5fef27dbb2a27dc86558f0db61dafc0cdd18d2e820241396,633e141bba917d71662ffb11a5933d4dbf74a874,False,False,False,False,False
under-the-hood/strato/graphql/under_the_hood.thrift,under-the-hood,schema_or_dsl,.thrift,468,13,True,72fada2ee1858c59ae37f622f5afc4cf332d7f5790be8e19b123ad090ff742d7,f32a202d17007667cea71d298c0d94a084e6720a,False,False,False,False,False
under-the-hood/strato/lib/params.strato,under-the-hood,schema_or_dsl,.strato,628,24,True,a001a7c7f1f79e30f18a2d71ca2305d1f6cfd6353eadf74c4afd95ac367dcad0,e5fe9b3f1a5032a5982aabddc99dad763fe975a8,False,False,False,False,False
under-the-hood/strato/lib/sharedConfig.strato,under-the-hood,schema_or_dsl,.strato,608,23,True,2855c0f4acc6467d97617d57c5f89d2c37a70bb58280f0dfcb1cfdec35610f82,e81cf87a6b9a905f1135178781f5eb8326269bfd,False,False,False,False,False
under-the-hood/strato/lib/underTheHoodLabels.strato,under-the-hood,schema_or_dsl,.strato,11579,285,True,02dcb3d9fe9a6982ef749a1562a53acb4388c39b3c5d7bc6fc18441a913dd5a9,deec60bb1ca2f6d7ba2e2998254914c1df9dc00e,False,False,False,False,False
under-the-hood/thrift/uth_serving.thrift,under-the-hood,schema_or_dsl,.thrift,4629,149,True,fc9974e0b5a61d045f74d1a8071c3b1a7e8dfb624654475515810e1fd13b1114,299c551f2b4ea4c4d1917a699523263f8b6b9814,False,False,False,True,False
user-cred-v2/Edge.scala,user-cred-v2,source,.scala,486,20,True,42058f703f2efa89ef37a8fb2c8d7795dc58a0ccc6cace34cd0fa467ba371024,374a4ca84744dc20761acd314040faecc230ab40,False,False,False,False,False
user-cred-v2/SnapshotSafeguard.scala,user-cred-v2,source,.scala,2354,90,True,733671884f25c4539302d759ed5a8575935dfb8f9daead1772ad3599a34df308,5e8f88e3b72ae8973e2b82747407d89c0071f5f2,False,False,False,False,False
user-cred-v2/UserCredV2.scala,user-cred-v2,source,.scala,494,20,True,fd551e08885583eb0463671dc061b41c1068a31cf37d2a5c0af7b1fb8f8c6d6b,2b3ba53ea442d29874ac25c7f3c06c15e1ca5208,False,False,False,False,False
user-cred-v2/UserCredV2App.scala,user-cred-v2,source,.scala,17618,534,True,c00134dd9475314af4154a229afa243801df895c49fb22f19a3497ead2b7147d,a7976c71eaed5ba3e05f0af936b29c0381a84047,False,False,False,False,False
user-cred-v2/UserCredV2Config.scala,user-cred-v2,source,.scala,2401,64,True,61f07fefcf15070aafc02477c0838c11528d4d0faf1900bfa922ea4a9bb8fcfd,b81a10bfd4b75a1a64abd90149e81ecde60b9c1d,False,False,False,False,False
user-cred-v2/UserCredV2Injection.scala,user-cred-v2,source,.scala,656,13,True,d9821cebf365ea86c71628a84676d171abf872333ef0d7fb734f9a44d9f73717,1e691183dd0bb0b12bed6b5b017d2ba2b32b8a42,False,False,False,False,False
user-cred-v2/UserMass.scala,user-cred-v2,source,.scala,283,14,True,66c482471eaec3eac1af41d5cfdefe4bca24081cf4a5eec96128aa4ca80a193f,f155874b22cb01e3d5e8dd6e207726a56b609af1,False,False,False,False,False
user-cred-v2/UserNode.scala,user-cred-v2,source,.scala,154,7,True,bb393928649fa49447a71e3be98b801844d01e0ab00c48101710a6f7b3a170e9,279fef31f06fe4f9722662a7f2fdeb0de13a466d,False,False,False,False,False
user-cred-v2/ValidUserInfo.scala,user-cred-v2,source,.scala,1343,43,True,1b62888a2255e880977ffb28b84b932d915d0ad3f4da708baf8ecf10292a37ce,e0fffb87741bb75d114c0fecaf7f924a19a5d78b,False,False,False,False,False
visibility-filtering/clients/gizmoduck_client.rs,visibility-filtering,source,.rs,1758,59,True,00ef2133bad45ca64dcc583331bb83605866389ac9728331c5b67c1f30bf0061,ac7a2d520d59fd73821db04d47f8cb20a3f82642,False,False,False,False,False
visibility-filtering/clients/mod.rs,visibility-filtering,source,.rs,54,2,True,17359b7596435f23b401df4d540bedba058e115e71ab706d02929dcd67fcce08,ea56e83d39758a097d6746b12beeb393bf2252ac,False,False,False,False,False
visibility-filtering/clients/socialgraph_client.rs,visibility-filtering,source,.rs,10655,347,True,7f4e7a08ff9035acc6752f129bafb485beff3edbe85c1133a916edc77ae56f46,f9da5ccf5ffdd2fe38de76e1d65ddbf6d3013345,False,False,False,False,False
visibility-filtering/config.rs,visibility-filtering,source,.rs,4532,137,True,5eb416a4dd980a624b39b0203ea6c333aff0161b89edd368ef1a7bbb24696a3e,8646f3abe244ab2b1866e67a207a0a9abaf7f48e,False,False,False,False,False
visibility-filtering/filter.rs,visibility-filtering,source,.rs,9077,284,True,8af8ab85a4b97e722f42c921801905fbfdd48f8c0e55c9d7a65e4348fc6d80f0,c2d6bb8274d612018e540aca8a26ea61965317f4,False,False,False,False,False
visibility-filtering/filter_tweets.rs,visibility-filtering,source,.rs,5284,164,True,6f402d39acbd11bde4d8edcbc2c2e5c934eeee7ccffa6c2b79f26dfc76c84b4b,aaa3465471a4639fbb696ab835093b1a8cbdca50,False,False,False,False,False
visibility-filtering/get_safety_labels.rs,visibility-filtering,source,.rs,8850,272,True,fb9c6fa69803a06b411a31501a6e62130fe33bab5e25d1db19541c4a60ab62b5,84054fe405335e3f6a38efd771605fc76535c417,False,False,False,False,False
visibility-filtering/hydration/batch.rs,visibility-filtering,source,.rs,9026,307,True,ce63a58bcd5c80b894efd3a977c7524b09f3a0ce8612e9f6c5d6b665caa88b66,a071211588268cbff1abe5bcd47d68832af632ea,False,False,False,False,False
visibility-filtering/hydration/exclusive_content_hydrator.rs,visibility-filtering,source,.rs,3136,90,True,d4661542cc69fc0274ff6f9408ee31758da47c8df7de07093c01facca97abf13,d5a2b745005d96f17a8f774e0b28d0ae315d9b0f,False,False,False,False,False
visibility-filtering/hydration/fallback_cache.rs,visibility-filtering,source,.rs,9658,307,True,7d2889bbef1685e65170c370d2ee26b4c8cee23742e367de037d3c78c6636023,0c00a34375eb8eebf05f128354487fd62c040585,False,False,False,False,False
visibility-filtering/hydration/gizmoduck_hydrator.rs,visibility-filtering,source,.rs,10082,287,True,7adff09dd38a572119c4ad3ea60fbfd0a53d8f13c0d89c253b662c3b7f6f67b7,175dc4064cb9f04e22273912d2112c7a9c5b3ae9,False,False,False,False,False
visibility-filtering/hydration/metrics.rs,visibility-filtering,source,.rs,17739,612,True,34c65449c06e105c5f057d49ca4c2ed2f9ff96e0c05725727b75045ac6d3b721,1cf2e3eb9afd7945f733215582d303a3bc1f582c,False,False,False,False,False
visibility-filtering/hydration/mod.rs,visibility-filtering,source,.rs,15349,412,True,7ab7b440d5baea91c98b27f97eea3aae7502c9037392ae9c9c37f7b81b5258f6,ff66570cc248262098e9bec22594c55f6681bc70,False,False,False,False,False
visibility-filtering/hydration/safety_label_hydrator.rs,visibility-filtering,source,.rs,7032,200,True,c431b8cfa1f39a33d849b28edbd2e0bf39db589dbcffe848be8800fcc18c98ad,e7ec264434ba51dc21b92402698749bc7760905c,False,False,False,False,False
visibility-filtering/hydration/socialgraph_hydrator.rs,visibility-filtering,source,.rs,4340,132,True,c8bcd271ade28f9fe683cb075f54ba10668009ceee53f08870559a4ce58655ad,7d833965c453f8c195925498adafe3e4f28e9cd0,False,False,False,False,False
visibility-filtering/hydration/tes_hydrator.rs,visibility-filtering,source,.rs,25231,766,True,f977b5ba523f6a9f6d96742adad17192a03745583c3f54e203615bcfd3cb7b30,220e2171ebf37e58723bfffbd3ea045a354dde6e,False,False,False,False,False
visibility-filtering/hydration/viewer_hydrator.rs,visibility-filtering,source,.rs,9044,267,True,c794b8458b16a7afc5c739bd1b8a877d8380f59c08c138fd23d98efa1adff33e,51b9b3bdece211790ccfff3a2033509d500455dd,False,False,False,False,False
visibility-filtering/lib.rs,visibility-filtering,source,.rs,262,12,True,c9da6a448eaa5d67c733276afd4fbec04718cf3f1a98227e69b68ee4d71bc436,e83fc76daa3b43345a197d20e9ca4503f72afff6,False,False,False,False,False
visibility-filtering/main.rs,visibility-filtering,source,.rs,1141,36,True,2fb692c6283d65a49478efb7a4578dd90e742a22835c39ca1d56e84b4e329f85,0f47c471287ce5beaf65166b1343375c35825854,False,False,False,False,False
visibility-filtering/models/author.rs,visibility-filtering,source,.rs,687,30,True,ff97d9636ce437ac8d0d779d586b5b11fc2808c32aed91de4e701874b5c713b1,3a7834c1dd5476ea544932b4e93a8f63d5342c5e,False,False,False,False,False
visibility-filtering/models/exclusive_content.rs,visibility-filtering,source,.rs,144,5,True,d7502ccf9b377ecb9df4df09a43e06e9ef062fc139b9a8e5a9629746cf297966,edf3b70d92aa895386eb8f3ebfca0cf30853db74,False,False,False,False,False
visibility-filtering/models/mod.rs,visibility-filtering,source,.rs,8830,300,True,b92c09e0d8423367a0f4d3bb4d9d670461b0e898d5f76da5b15275f243057030,6fbfc0bf562ee4cb5aa2af4e938f3001a807c273,False,False,False,False,False
visibility-filtering/models/relationship.rs,visibility-filtering,source,.rs,230,7,True,085823d6d9ef129ac1a0133a2d424f0578fed48e96337befacd4c3b1ceb4df6e,3e9531d221df418870f2245876f445aa07467cad,False,False,False,False,False
visibility-filtering/models/safety_labels.rs,visibility-filtering,source,.rs,977,34,True,ecbe5b2275fae48b2ca3eb8063514d377a727d0c8d366d6d0c01cfe587e06e7b,cb7e0b7dd7c59c19dfe49bc05d27518612582430,False,False,False,False,False
visibility-filtering/models/tweet.rs,visibility-filtering,source,.rs,919,37,True,84779f25ac4257986e36db6da729f61f79f5e2aa5f3b13ae81c5a2bcdf2df821,46c01db04efa69beb578b7a639e4e57638b05951,False,False,False,False,False
visibility-filtering/models/viewer.rs,visibility-filtering,source,.rs,1247,54,True,c7f5fef8ca21657aac170d6f099eaec6d036848fe44d9dc3c05397df9c8b084d,46a9b6b04980505aaf8dccd0e75710374e2dcbe3,False,False,False,False,False
visibility-filtering/rules/metrics.rs,visibility-filtering,source,.rs,6323,221,True,98189ee797cb0e49988a3ad65fc45688f43ed5af4598909216c1931462212e13,32df21028db49b6a863cb56778485e7d75818020,False,False,False,False,False
visibility-filtering/rules/mod.rs,visibility-filtering,source,.rs,6911,244,True,175d3f715ceb329f5170f125f42671784e59ec795f6ba02fcd8518feb2986041,2750312adc9f25118f1cf64672183c07ebeed172,False,False,False,False,False
visibility-filtering/rules/nsfw_age_gating.rs,visibility-filtering,source,.rs,21071,654,True,e586b94c444b8ac42ee2e51e0705f3b21dd794fde37735540fced2ff0e778830,a2a0e65efdd2b0a8320a19c714bcec09fbafc7c0,False,False,False,False,False
visibility-filtering/rules/nsfw_interstitial.rs,visibility-filtering,source,.rs,8301,275,True,52b8f56941560b6f229a6b7ef75b53f05cb1ddc28171c1ecb42c045c12396ce0,c1d25ee303e95910a26b5ae19944daf0c6004227,False,False,False,False,False
visibility-filtering/rules/nullcast_rule.rs,visibility-filtering,source,.rs,3011,107,True,641f7d328621174b194c2bc22688fa194f298cd54639589505f9fda71e7e7cfe,d6ce983fc94c1bd394df21a8c08409e6005a48ff,False,False,False,False,False
visibility-filtering/rules/registry.rs,visibility-filtering,source,.rs,31126,912,True,337169c0e5fc3818e5eac7f8adfe134b4d3a3b5c132739b4a7678865895388f9,64ac414ac5358075f59b24911a8388b087ee8238,False,False,False,False,False
visibility-filtering/rules/socialgraph_rules.rs,visibility-filtering,source,.rs,10527,337,True,916309aa2ea4155a81095e85c02eead65fcf887cdb1e368ba82f2326530d08e2,691c13c7a8c4c936c5b636e1c8e205d0e04a3746,False,False,False,False,False
visibility-filtering/rules/tes_rules.rs,visibility-filtering,source,.rs,19407,614,True,282f649048a8edf43aae5f25f50a66a9dada6c9d5626bcab910026791c693d2f,6f90983a187d522b5322cf29a79bee793e177f08,False,False,False,False,False
visibility-filtering/rules/tweet_flag_rules.rs,visibility-filtering,source,.rs,3608,125,True,5d308b7db735fdc56cc25d5aaaed023e0a171260783daec56e33c2ef46d2359c,0738c240604fb1e19b26240e285b35e3afc21725,False,False,False,False,False
visibility-filtering/rules/tweet_label_drops.rs,visibility-filtering,source,.rs,11608,358,True,9ec3feeff21ccea1e474ce1d2ad936e833773bbc71c5e33da790c2e97c873676,d5c9b2abaa1e16e4aef21fde2f0a4cff925531f4,False,False,False,False,False
visibility-filtering/rules/user_label_drops.rs,visibility-filtering,source,.rs,8554,263,True,0ead5515913cd571ad26ef9a53cec689dca28dae29a98a96d70fb6f72fef719c,54b87a8e0a1da2da4b2e80053a235d753f9bef1b,False,False,False,False,False
visibility-filtering/rules/user_rules.rs,visibility-filtering,source,.rs,9501,316,True,97eaff3d4b738833c8e5e419f148c950687153876e09d20108300ce032a2de17,893ddd03ccd05e088142e498af2be26fbde10843,False,False,False,False,False
visibility-filtering/safety_label_source/cached_value.rs,visibility-filtering,source,.rs,5014,162,True,32fed957234e0562c16927db193c0f239261ae118f7d2a3935a10b71e8b07cf4,0ef07b4166a134d2df3aed73ec36dab3708c6764,False,False,False,False,False
visibility-filtering/safety_label_source/codec.rs,visibility-filtering,source,.rs,10097,313,True,9e85544200e5af71163fcd0305368f0e3a9861c15572ce9fb29d1bf395022b82,bc52054c330f6dacd3d506d80b0c2f4b4e53396c,False,False,False,False,False
visibility-filtering/safety_label_source/expiring_cache.rs,visibility-filtering,source,.rs,2915,116,True,f62bbe6e0f0368b279b37ce83338c394d88f8bfddb87900a6528586d0923ff0f,a9cba12fa27cead4d3fc0f694cddd15553a6ad5f,False,False,False,False,False
visibility-filtering/safety_label_source/lookup.rs,visibility-filtering,source,.rs,10521,311,True,4aad6465ffaf698d061bf5a6fd9a1453e078a1bfb7a18fa1ac73ab6692070c8d,36e8fd04647f4867cf4386232138398a433e8cdc,False,False,False,False,False
visibility-filtering/safety_label_source/manhattan.rs,visibility-filtering,source,.rs,11556,339,True,70e96efea4c731798535241fc0df1d5001e462365c0f00a60e91cd36118c5f30,58f68a78902214ec5ad87d36bb110955d72aca95,False,False,False,False,False
visibility-filtering/safety_label_source/metrics.rs,visibility-filtering,source,.rs,5820,236,True,0a6df1019ce2c84430cfdf5bfc9c4f25be5141fcab86aa67264f6b38ca37417b,770eb6afef4485f1c940da15d7ef1974bc3b2714,False,False,False,False,False
visibility-filtering/safety_label_source/mh_client.rs,visibility-filtering,source,.rs,3327,100,True,bede448dedb6270bdfdf26cdfbaa285937ea6b33815808c13b4b28f487b56dd5,b0768d87c571fb2ae14c35d07b17e29e79290ab1,False,False,False,False,False
visibility-filtering/safety_label_source/mod.rs,visibility-filtering,source,.rs,344,15,True,5043678d8e52255930568cfc7d88495564c8c7e7dba30d6b6750e734e3757244,960bc3790f36a878b517dcdd2672a51ccc092285,False,False,False,False,False
visibility-filtering/safety_label_source/proto.rs,visibility-filtering,source,.rs,4478,130,True,a4e905cb0b2bf3f247208f1124a00a2222dd1182d370e5366f222fef8b00f05e,21fd7cf332ac09765ac9cc20fee67c5c91e8005b,False,False,False,False,False
visibility-filtering/safety_label_source/source.rs,visibility-filtering,source,.rs,13581,395,True,12c0e2f522dfc3ec35e3f929b70b1311044a08705e71052521135d690384d915,92e9b2634891489705bee8cee63228db35529256,False,False,False,False,False
visibility-filtering/safety_label_source/twemcache.rs,visibility-filtering,source,.rs,9109,294,True,ed45666b4c9ba56b1ebfd78d3cc38fd261337aa1991516a174328a8dca779185,2813debec213d04dadd1990ed505eac8732484ad,False,False,False,False,False
visibility-filtering/safety_label_source/types.rs,visibility-filtering,source,.rs,1584,69,True,0aad3c24a69cb647e7dbac733c8a405f6d038332210e4e75822d39741681b46c,a62c348eb1c6081e2c1a59cae88ace229ef52eb0,False,False,False,False,False
visibility-filtering/server.rs,visibility-filtering,source,.rs,1811,61,True,a5cdc1002cff4ab6ffe97b69cb9d3737d24405d70f59885e13e3a8bd92dbf938,64f760e3887b7a5a612c4e9cb311adaf0d0071df,False,False,False,False,False
visibility-filtering/server_deps.rs,visibility-filtering,source,.rs,17431,501,True,b61865c67adff709f91912b22c502704a6f3e34df09a8533f166da4f7af5e4c8,6e41332aaa8215001930750772c65c8ecf1ca099,False,False,False,False,False
visibility-filtering/twemcache/accrual.rs,visibility-filtering,source,.rs,7961,267,True,b8eb8837d44d6bb7a13bbdff4590ba299fef5ae8a62d7af16318acd1d9787043,ed33260eb9dde00dd6c819f3252e7a76848937b9,False,False,False,False,False
visibility-filtering/twemcache/client.rs,visibility-filtering,source,.rs,21315,644,True,a43c9070a468482aae8db5685901deb282dd28dc980bcabf7ba669d5c91a195f,c55beef21d7e5b32a5a79c4a951153d80e88bf59,False,False,False,False,False
visibility-filtering/twemcache/connection.rs,visibility-filtering,source,.rs,24493,750,True,dd04e1ccd8d0587ff0e020d43fc72106bd71402369f9cf66be78cba55e69a161,150d5ce9514c0a51655a38a66beb91630e697393,False,False,False,False,False
visibility-filtering/twemcache/discovery.rs,visibility-filtering,source,.rs,3391,121,True,1c09a442e3004e111d223150d9a617e9f5c472450527a1cfd98a279fe112a2ba,b7608e52c458c9ed636ada0e1786f1999f558add,False,False,False,False,False
visibility-filtering/twemcache/error.rs,visibility-filtering,source,.rs,357,15,True,defb62fc8869bdbe9d6a30d4d856a22ee5adbfa0ac7aa426174d4b12c2a9edbd,d043f69ea2bc4b41cf9659c753c147a30875339c,False,False,False,False,False
visibility-filtering/twemcache/host_pool.rs,visibility-filtering,source,.rs,10542,346,True,48f78d41f51b734aa4de1c25ff43f92cb23665aebfb21486f1d93e0251a3bbdc,d21ab4f57419a0e9adf5aed29ce0c281e148c1e8,False,False,False,False,False
visibility-filtering/twemcache/host_pool_tests.rs,visibility-filtering,source,.rs,18653,639,True,2dcdfaa459b124615e25f1dd7a95829815f04277d768660b94fa694a7716559a,b9f685da87974badaa3f9734035ae5347c6fc194,False,False,False,False,False
visibility-filtering/twemcache/key.rs,visibility-filtering,source,.rs,2248,97,True,fe8df9b3b44d4d7abc6aa9ec14ef9b76643b7cb8fbd68cdcb9015a1b1bfac212,db19ebaa9e6fa94f1f253912c6333442abd0ae50,False,False,False,False,False
visibility-filtering/twemcache/metrics.rs,visibility-filtering,source,.rs,2458,98,True,115c0eb169317858e5fc1527dcf34ba60de004dba46ea70e138b3f66d5ddf9e5,3b7761f54b8c8237a2e4a3c9f64c837d87553741,False,False,False,False,False
visibility-filtering/twemcache/mod.rs,visibility-filtering,source,.rs,354,13,True,c91f12636c9a6140a85d5aa9f412bbcd354399c1155d6ad06ed014e9e6eb7520,4d426d6c907977b837316cb880973840d98adefa,False,False,False,False,False
visibility-filtering/twemcache/ring.rs,visibility-filtering,source,.rs,7699,243,True,070695d60408c02e2a2d8e4e82886395472b5850e4e0cf8ca64e27f852513154,323f4d3fddd939cea4003ab087b7c149a6c80aa0,False,False,False,False,False
visibility-filtering-client/discovery.rs,visibility-filtering-client,source,.rs,9534,305,True,96332ee8846d668fb44c22e12b2bd573566d817d6766f046234963f559662f29,a6415f02ecff80da0a583164a0f9b69a96c04e23,False,False,False,False,False
visibility-filtering-client/graphql_results.rs,visibility-filtering-client,source,.rs,13908,414,True,f701999bb6aae5955ff53f1f5ab3ac968d47b864ee46036d1a2f3fd5d7bc096a,52b58f344bb98586fb47ec3f6a1b7160642d09f4,False,False,False,False,False
visibility-filtering-client/lib.rs,visibility-filtering-client,source,.rs,118,6,True,b550f12c7e39781ce2b8c6f1d6080203ef81af1ad35fe650f1028184e4c5cf58,cecaec5bbef976ac3c9338e712ef4d4fb9c81935,False,False,False,False,False
visibility-filtering-client/links.rs,visibility-filtering-client,source,.rs,1663,36,True,da622a9c2fe8c7e08cc17549607a01001bfb2786ed44dcd2249adde484fdefdc,7a7fed0b6e9d0149ad180250a9b465b7ccb024d4,False,False,False,False,False
visibility-filtering-client/models.rs,visibility-filtering-client,source,.rs,21598,589,True,318a52eaa2ddc2b32679732be2c5df7b38c2f7f26d20b2ee4ac011d5e3e5addc,1a47b31e21ff8a8d4e9bba77aa1a3e6a7b564d61,False,False,False,False,False
visibility-filtering-client/tweet_safety_label.rs,visibility-filtering-client,source,.rs,23068,650,True,1781a95a4ff350603da9102f1138d447672f715fa6407ebd0356835c93583bef,b6b89fd3746f5719e44f85ec5c4651c59900f44f,False,False,False,False,False
visibility-filtering-client/vf_client.rs,visibility-filtering-client,source,.rs,34485,999,True,da8ddd67da12431d64f72bd25d919cb6dd6bdbeefecd7248e75c14582d6c6d99,f05e01d18935eca69e13125455cb3c2768b5a7aa,False,False,False,False,False
vm-ranker/args.rs,vm-ranker,source,.rs,905,35,True,5eaa8f40d12014221647412e5c69c6fa343f72f225189a8ae8d92c64b85e9778,eb2ac60cd62e71c5e47de865e5ba5a6c4f723e71,False,False,False,False,False
vm-ranker/dpp.rs,vm-ranker,source,.rs,13818,495,True,75d597f954479dabc1aaae8197a7a3c9dc338914abade2162b198381b1d2ab73,c35e98834d2c6b3b0fa7c2e2168cdaf0c35b6ebc,False,False,False,False,False
vm-ranker/embedding_store.rs,vm-ranker,source,.rs,538,22,True,01a5f065b03893a239c0b4fa3a85bb40d55b8f56050d11de87bc849678118c3f,96739ddd559f56446befc53edc4a9f8ccee2ee51,False,False,False,False,False
vm-ranker/helpers.rs,vm-ranker,source,.rs,5570,152,True,a1153671de7972712f3cf8b6efd472fa8ed34b546e03d04e080669e2ec034263,88a21a7664518d95b0a6551aaace05029d2254bc,False,False,False,False,False
vm-ranker/lib.rs,vm-ranker,source,.rs,127,7,True,9eddab42f82db1a80962336192839bd2d1c97937fe4d6bcd01325d2aa68fe879,722ba389ea6feb83802c769c1d0b8647412c779b,False,False,False,False,False
vm-ranker/main.rs,vm-ranker,source,.rs,2852,92,True,688523ef3cbf9ed43915b9b225495112c2408be2597eec819870165248ec7a49,1850be036acbab2df3cb52a63a3d9dd3591060ad,False,False,False,False,False
vm-ranker/metrics.rs,vm-ranker,source,.rs,5873,173,True,d3bd468aaf2ee0d1fddc6389724d1b5fbb43d3f62a74984e2808b617fcb5b104,bccb2ed48d93a5c6c6c89a9f666348041663e13a,False,False,False,False,False
vm-ranker/ranker_service.rs,vm-ranker,source,.rs,3914,118,True,242b03445dd7ee0a1b0e9744372b069ca13df13b2f7c5972e35c217ec9993065,858cdaf7bf270a9cd967e552ca2a286565be029a,False,False,False,False,False
vm-ranker/scoring/dpp_model.rs,vm-ranker,source,.rs,4687,154,True,b8d898be3aff48ae1c4306ee03c2e33f99e4a91f1580b1961ed515a24255dd42,a6f318f94127ef5957c3b4f6fdc39aabd5924350,False,False,False,False,False
vm-ranker/scoring/mod.rs,vm-ranker,source,.rs,1384,54,True,ccc9b040207eae9503a023ec7826853164cc04fd8e094294c4660518585cc9b5,916b5bd857c5a76c888c6b4ba555f23ee6dfe2fb,False,False,False,False,False
