path,top_component,primary_domain,secondary_domains,all_domains,cross_domain,classification_confidence,classification_basis,review_treatment,is_test,is_fixture,is_example,is_generated,is_vendor,contains_embedded_tests,is_schema,is_doc,is_config,is_build,is_asset,is_symlink,lines,bytes
CODE_OF_CONDUCT.md,[root],D00,,D00,NO,HIGH,component:[root],DOC_CONTEXT_VERIFY_AGAINST_CODE,NO,NO,NO,NO,NO,NO,NO,YES,NO,NO,NO,NO,1,28
LICENSE,[root],D00,,D00,NO,HIGH,component:[root],FULL_SOURCE_REVIEW,NO,NO,NO,NO,NO,NO,NO,NO,NO,NO,NO,NO,201,11357
README.md,[root],D00,,D00,NO,HIGH,component:[root],DOC_CONTEXT_VERIFY_AGAINST_CODE,NO,NO,NO,NO,NO,NO,NO,YES,NO,NO,NO,NO,482,45489
abuse-enforcement-service/server/src/main.rs,abuse-enforcement-service,D13,D16,D13;D16,YES,HIGH,abuse-enforcement,FULL_SOURCE_REVIEW,NO,NO,NO,NO,NO,NO,NO,NO,NO,NO,NO,NO,104,3536
abuse-enforcement-service/service-lib/rules/enforcement_post.yaml,abuse-enforcement-service,D13,D17;D16,D13;D17;D16,YES,HIGH,abuse-enforcement,FULL_SOURCE_REVIEW,NO,NO,NO,NO,NO,NO,NO,NO,YES,NO,NO,NO,82,2132
abuse-enforcement-service/service-lib/rules/enforcement_user.yaml,abuse-enforcement-service,D13,D17;D16,D13;D17;D16,YES,HIGH,abuse-enforcement,FULL_SOURCE_REVIEW,NO,NO,NO,NO,NO,NO,NO,NO,YES,NO,NO,NO,210,6384
abuse-enforcement-service/service-lib/src/ais_client.rs,abuse-enforcement-service,D13,D16,D13;D16,YES,HIGH,abuse-enforcement,FULL_SOURCE_REVIEW,NO,NO,NO,NO,NO,YES,NO,NO,NO,NO,NO,NO,595,18452
abuse-enforcement-service/service-lib/src/allowlist.rs,abuse-enforcement-service,D13,D17;D16,D13;D17;D16,YES,HIGH,abuse-enforcement,FULL_SOURCE_REVIEW,NO,NO,NO,NO,NO,NO,NO,NO,NO,NO,NO,NO,172,5273
abuse-enforcement-service/service-lib/src/api_doc.rs,abuse-enforcement-service,D13,D16,D13;D16,YES,HIGH,abuse-enforcement,FULL_SOURCE_REVIEW,NO,NO,NO,NO,NO,YES,NO,NO,NO,NO,NO,NO,212,8391
abuse-enforcement-service/service-lib/src/auth.rs,abuse-enforcement-service,D13,D16,D13;D16,YES,HIGH,abuse-enforcement,FULL_SOURCE_REVIEW,NO,NO,NO,NO,NO,YES,NO,NO,NO,NO,NO,NO,227,6979
abuse-enforcement-service/service-lib/src/bin/validate_rules_yaml.rs,abuse-enforcement-service,D13,D16,D13;D16,YES,HIGH,abuse-enforcement,FULL_SOURCE_REVIEW,NO,NO,NO,NO,NO,NO,NO,NO,NO,NO,NO,NO,33,969
abuse-enforcement-service/service-lib/src/config.rs,abuse-enforcement-service,D13,D17;D16,D13;D17;D16,YES,HIGH,abuse-enforcement,FULL_SOURCE_REVIEW,NO,NO,NO,NO,NO,YES,NO,NO,YES,NO,NO,NO,336,10097
abuse-enforcement-service/service-lib/src/decision.rs,abuse-enforcement-service,D13,D16,D13;D16,YES,HIGH,abuse-enforcement,FULL_SOURCE_REVIEW,NO,NO,NO,NO,NO,NO,NO,NO,NO,NO,NO,NO,38,947
abuse-enforcement-service/service-lib/src/dedup_cache.rs,abuse-enforcement-service,D13,D16,D13;D16,YES,HIGH,abuse-enforcement,FULL_SOURCE_REVIEW,NO,NO,NO,NO,NO,YES,NO,NO,NO,NO,NO,NO,791,26180
abuse-enforcement-service/service-lib/src/entities.rs,abuse-enforcement-service,D13,D16,D13;D16,YES,HIGH,abuse-enforcement,FULL_SOURCE_REVIEW,NO,NO,NO,NO,NO,NO,NO,NO,NO,NO,NO,NO,62,1885
abuse-enforcement-service/service-lib/src/facts.rs,abuse-enforcement-service,D13,D16,D13;D16,YES,HIGH,abuse-enforcement,FULL_SOURCE_REVIEW,NO,NO,NO,NO,NO,YES,NO,NO,NO,NO,NO,NO,1008,35914
abuse-enforcement-service/service-lib/src/fixtures/mock_rules_post.yaml,abuse-enforcement-service,D13,D16;D17,D13;D16;D17,YES,HIGH,abuse-enforcement,FIXTURE_EVIDENCE,NO,YES,NO,NO,NO,NO,NO,NO,YES,NO,NO,NO,14,484
abuse-enforcement-service/service-lib/src/fixtures/mock_rules_user.yaml,abuse-enforcement-service,D13,D16;D17,D13;D16;D17,YES,HIGH,abuse-enforcement,FIXTURE_EVIDENCE,NO,YES,NO,NO,NO,NO,NO,NO,YES,NO,NO,NO,24,828
abuse-enforcement-service/service-lib/src/gizmoduck.rs,abuse-enforcement-service,D13,D16,D13;D16,YES,HIGH,abuse-enforcement,FULL_SOURCE_REVIEW,NO,NO,NO,NO,NO,YES,NO,NO,NO,NO,NO,NO,175,6302
abuse-enforcement-service/service-lib/src/gizmoduck_labels.rs,abuse-enforcement-service,D13,D16,D13;D16,YES,HIGH,abuse-enforcement,FULL_SOURCE_REVIEW,NO,NO,NO,NO,NO,NO,NO,NO,NO,NO,NO,NO,6,177
abuse-enforcement-service/service-lib/src/growthbook.rs,abuse-enforcement-service,D13,D17;D16,D13;D17;D16,YES,HIGH,abuse-enforcement,FULL_SOURCE_REVIEW,NO,NO,NO,NO,NO,YES,NO,NO,NO,NO,NO,NO,473,15543
abuse-enforcement-service/service-lib/src/growthbook_writer.rs,abuse-enforcement-service,D13,D17;D16,D13;D17;D16,YES,HIGH,abuse-enforcement,FULL_SOURCE_REVIEW,NO,NO,NO,NO,NO,YES,NO,NO,NO,NO,NO,NO,257,8466
abuse-enforcement-service/service-lib/src/lib.rs,abuse-enforcement-service,D13,D16,D13;D16,YES,HIGH,abuse-enforcement,FULL_SOURCE_REVIEW,NO,NO,NO,NO,NO,YES,NO,NO,NO,NO,NO,NO,1955,67593
abuse-enforcement-service/service-lib/src/limiter.rs,abuse-enforcement-service,D13,D16,D13;D16,YES,HIGH,abuse-enforcement,FULL_SOURCE_REVIEW,NO,NO,NO,NO,NO,NO,NO,NO,NO,NO,NO,NO,145,4517
abuse-enforcement-service/service-lib/src/manhattan.rs,abuse-enforcement-service,D13,D16,D13;D16,YES,HIGH,abuse-enforcement,FULL_SOURCE_REVIEW,NO,NO,NO,NO,NO,YES,NO,NO,NO,NO,NO,NO,103,3072
abuse-enforcement-service/service-lib/src/metrics.rs,abuse-enforcement-service,D13,D16;D18,D13;D16;D18,YES,HIGH,abuse-enforcement,FULL_SOURCE_REVIEW,NO,NO,NO,NO,NO,YES,NO,NO,NO,NO,NO,NO,445,16186
abuse-enforcement-service/service-lib/src/rules.rs,abuse-enforcement-service,D13,D16,D13;D16,YES,HIGH,abuse-enforcement,FULL_SOURCE_REVIEW,NO,NO,NO,NO,NO,YES,NO,NO,NO,NO,NO,NO,1202,38647
abuse-enforcement-service/service-lib/src/service.rs,abuse-enforcement-service,D13,D16,D13;D16,YES,HIGH,abuse-enforcement,FULL_SOURCE_REVIEW,NO,NO,NO,NO,NO,YES,NO,NO,NO,NO,NO,NO,2598,88259
abuse-enforcement-service/service-lib/src/sliding_window.rs,abuse-enforcement-service,D13,D16,D13;D16,YES,HIGH,abuse-enforcement,FULL_SOURCE_REVIEW,NO,NO,NO,NO,NO,YES,NO,NO,NO,NO,NO,NO,672,21267
abuse-enforcement-service/service-lib/src/strato.rs,abuse-enforcement-service,D13,D16,D13;D16,YES,HIGH,abuse-enforcement,FULL_SOURCE_REVIEW,NO,NO,NO,NO,NO,YES,NO,NO,NO,NO,NO,NO,283,8813
abuse-enforcement-service/service-lib/src/test_user.rs,abuse-enforcement-service,D13,D16,D13;D16,YES,HIGH,abuse-enforcement,TEST_EVIDENCE,YES,NO,NO,NO,NO,NO,NO,NO,NO,NO,NO,NO,75,2335
abuse-enforcement-service/types/src/allowlist.rs,abuse-enforcement-service,D13,D17;D16,D13;D17;D16,YES,HIGH,abuse-enforcement,FULL_SOURCE_REVIEW,NO,NO,NO,NO,NO,YES,NO,NO,NO,NO,NO,NO,315,9267
abuse-enforcement-service/types/src/config.rs,abuse-enforcement-service,D13,D17;D16,D13;D17;D16,YES,HIGH,abuse-enforcement,FULL_SOURCE_REVIEW,NO,NO,NO,NO,NO,NO,NO,NO,YES,NO,NO,NO,8,235
abuse-enforcement-service/types/src/lib.rs,abuse-enforcement-service,D13,D16,D13;D16,YES,HIGH,abuse-enforcement,FULL_SOURCE_REVIEW,NO,NO,NO,NO,NO,NO,NO,NO,NO,NO,NO,NO,2,35
adult-content/BUILD,adult-content,D09,D19,D09;D19,YES,HIGH,adult-content/media-model,REPRO_BUILD_REVIEW,NO,NO,NO,NO,NO,NO,NO,NO,NO,YES,NO,NO,11,170
adult-content/calibration.py,adult-content,D09,D15,D09;D15,YES,HIGH,adult-content/media-model,FULL_SOURCE_REVIEW,NO,NO,NO,NO,NO,NO,NO,NO,NO,NO,NO,NO,97,3209
adult-content/config.py,adult-content,D09,D17,D09;D17,YES,HIGH,adult-content/media-model,FULL_SOURCE_REVIEW,NO,NO,NO,NO,NO,NO,NO,NO,YES,NO,NO,NO,44,1202
adult-content/dataset_utils.py,adult-content,D09,D15,D09;D15,YES,HIGH,adult-content/media-model,FULL_SOURCE_REVIEW,NO,NO,NO,NO,NO,NO,NO,NO,NO,NO,NO,NO,66,1661
adult-content/scripts/BUILD,adult-content,D09,D19,D09;D19,YES,HIGH,adult-content/media-model,REPRO_BUILD_REVIEW,NO,NO,NO,NO,NO,NO,NO,NO,NO,YES,NO,NO,28,898
adult-content/scripts/calibrate_model_scores.py,adult-content,D09,D15,D09;D15,YES,HIGH,adult-content/media-model,FULL_SOURCE_REVIEW,NO,NO,NO,NO,NO,NO,NO,NO,NO,NO,NO,NO,54,1392
adult-content/scripts/train_model.py,adult-content,D09,D15,D09;D15,YES,HIGH,adult-content/media-model,FULL_SOURCE_REVIEW,NO,NO,NO,NO,NO,NO,NO,NO,NO,NO,NO,NO,97,2501
adult-content/training.py,adult-content,D09,D15,D09;D15,YES,HIGH,adult-content/media-model,FULL_SOURCE_REVIEW,NO,NO,NO,NO,NO,NO,NO,NO,NO,NO,NO,NO,85,2242
agatha/hub/agatha/BUILD,agatha,D10,D16;D19,D10;D16;D19,YES,HIGH,agatha/account-signals,REPRO_BUILD_REVIEW,NO,NO,NO,NO,NO,NO,NO,NO,NO,YES,NO,NO,13,468
agatha/hub/agatha/Bijections.scala,agatha,D10,D16,D10;D16,YES,HIGH,agatha/account-signals,FULL_SOURCE_REVIEW,NO,NO,NO,NO,NO,NO,NO,NO,NO,NO,NO,NO,10,375
agatha/hub/agatha/builder/BUILD,agatha,D10,D16;D19,D10;D16;D19,YES,HIGH,agatha/account-signals,REPRO_BUILD_REVIEW,NO,NO,NO,NO,NO,NO,NO,NO,NO,YES,NO,NO,31,955
agatha/hub/agatha/builder/Builder.scala,agatha,D10,D16,D10;D16,YES,HIGH,agatha/account-signals,FULL_SOURCE_REVIEW,NO,NO,NO,NO,NO,NO,NO,NO,NO,NO,NO,NO,65,2411
agatha/hub/agatha/job/AgathaJobTemplates.scala,agatha,D10,D16,D10;D16,YES,HIGH,agatha/account-signals,FULL_SOURCE_REVIEW,NO,NO,NO,NO,NO,NO,NO,NO,NO,NO,NO,NO,180,6062
agatha/hub/agatha/job/BUILD.bazel,agatha,D10,D16;D19,D10;D16;D19,YES,HIGH,agatha/account-signals,REPRO_BUILD_REVIEW,NO,NO,NO,NO,NO,NO,NO,NO,NO,YES,NO,NO,27,825
agatha/hub/agatha/labels/BUILD,agatha,D10,D16;D19,D10;D16;D19,YES,HIGH,agatha/account-signals,REPRO_BUILD_REVIEW,NO,NO,NO,NO,NO,NO,NO,NO,NO,YES,NO,NO,38,1126
agatha/hub/agatha/labels/LabelGenerator.scala,agatha,D10,D16,D10;D16,YES,HIGH,agatha/account-signals,FULL_SOURCE_REVIEW,NO,NO,NO,NO,NO,NO,NO,NO,NO,NO,NO,NO,10,272
agatha/hub/agatha/labels/LabelManager.scala,agatha,D10,D16,D10;D16,YES,HIGH,agatha/account-signals,FULL_SOURCE_REVIEW,NO,NO,NO,NO,NO,NO,NO,NO,NO,NO,NO,NO,21,712
agatha/hub/agatha/predict/Aggregators.scala,agatha,D10,D16,D10;D16,YES,HIGH,agatha/account-signals,FULL_SOURCE_REVIEW,NO,NO,NO,NO,NO,NO,NO,NO,NO,NO,NO,NO,54,1810
agatha/hub/agatha/predict/BUILD,agatha,D10,D16;D19,D10;D16;D19,YES,HIGH,agatha/account-signals,REPRO_BUILD_REVIEW,NO,NO,NO,NO,NO,NO,NO,NO,NO,YES,NO,NO,14,539
agatha/hub/agatha/predict/Predict.scala,agatha,D10,D16,D10;D16,YES,HIGH,agatha/account-signals,FULL_SOURCE_REVIEW,NO,NO,NO,NO,NO,NO,NO,NO,NO,NO,NO,NO,84,2910
agatha/hub/agatha/predict/package.scala,agatha,D10,D16,D10;D16,YES,HIGH,agatha/account-signals,FULL_SOURCE_REVIEW,NO,NO,NO,NO,NO,NO,NO,NO,NO,NO,NO,NO,7,163
agatha/hub/agatha/thrift/BUILD,agatha,D10,D16;D19,D10;D16;D19,YES,HIGH,agatha/account-signals,REPRO_BUILD_REVIEW,NO,NO,NO,NO,NO,NO,YES,NO,NO,YES,NO,NO,14,319
agatha/hub/agatha/thrift/agatha.thrift,agatha,D10,D16,D10;D16,YES,HIGH,agatha/account-signals,FULL_SOURCE_REVIEW,NO,NO,NO,NO,NO,NO,YES,NO,NO,NO,NO,NO,52,1450
agatha/hub/agatha/thrift/featureSource.thrift,agatha,D10,D16,D10;D16,YES,HIGH,agatha/account-signals,FULL_SOURCE_REVIEW,NO,NO,NO,NO,NO,NO,YES,NO,NO,NO,NO,NO,29,580
agatha/hub/agatha/util/BUILD,agatha,D10,D16;D19,D10;D16;D19,YES,HIGH,agatha/account-signals,REPRO_BUILD_REVIEW,NO,NO,NO,NO,NO,NO,NO,NO,NO,YES,NO,NO,10,282
agatha/hub/agatha/util/CrossedPMIStatToModelledFeature.scala,agatha,D10,D15;D16,D10;D15;D16,YES,HIGH,agatha/account-signals,FULL_SOURCE_REVIEW,NO,NO,NO,NO,NO,NO,NO,NO,NO,NO,NO,NO,31,875
agatha/hub/pmi/BUILD,agatha,D10,D16;D19,D10;D16;D19,YES,HIGH,agatha/account-signals,REPRO_BUILD_REVIEW,NO,NO,NO,NO,NO,NO,NO,NO,NO,YES,NO,NO,11,285
agatha/hub/pmi/ModelCommon.scala,agatha,D10,D15;D16,D10;D15;D16,YES,HIGH,agatha/account-signals,FULL_SOURCE_REVIEW,NO,NO,NO,NO,NO,NO,NO,NO,NO,NO,NO,NO,85,2344
agatha/hub/pmi/PMI.scala,agatha,D10,D16,D10;D16,YES,HIGH,agatha/account-signals,FULL_SOURCE_REVIEW,NO,NO,NO,NO,NO,NO,NO,NO,NO,NO,NO,NO,353,10025
agatha/hub/pmi/PMISetExtractors.scala,agatha,D10,D16,D10;D16,YES,HIGH,agatha/account-signals,FULL_SOURCE_REVIEW,NO,NO,NO,NO,NO,NO,NO,NO,NO,NO,NO,NO,106,3380
agatha/hub/pmi/PMITypes.scala,agatha,D10,D16,D10;D16,YES,HIGH,agatha/account-signals,FULL_SOURCE_REVIEW,NO,NO,NO,NO,NO,NO,NO,NO,NO,NO,NO,NO,115,3910
agatha/hub/pmi/PreProcessors.scala,agatha,D10,D16,D10;D16,YES,HIGH,agatha/account-signals,FULL_SOURCE_REVIEW,NO,NO,NO,NO,NO,NO,NO,NO,NO,NO,NO,NO,50,1251
agatha/hub/pmi/examples/BUILD.bazel,agatha,D10,D16;D19,D10;D16;D19,YES,HIGH,agatha/account-signals,REPRO_BUILD_REVIEW,NO,NO,YES,NO,NO,NO,NO,NO,NO,YES,NO,NO,33,1070
agatha/hub/pmi/examples/TopFollowPmi.scala,agatha,D10,D16;D19,D10;D16;D19,YES,HIGH,agatha/account-signals,EXAMPLE_REFERENCE_REVIEW,NO,NO,YES,NO,NO,NO,NO,NO,NO,NO,NO,NO,128,3760
agatha/hub/pmi/math/BUILD,agatha,D10,D16;D19,D10;D16;D19,YES,HIGH,agatha/account-signals,REPRO_BUILD_REVIEW,NO,NO,NO,NO,NO,NO,NO,NO,NO,YES,NO,NO,7,149
agatha/hub/pmi/math/Math.scala,agatha,D10,D16,D10;D16,YES,HIGH,agatha/account-signals,FULL_SOURCE_REVIEW,NO,NO,NO,NO,NO,NO,NO,NO,NO,NO,NO,NO,103,2649
agatha/hub/pmi/math/aggregators/BUILD,agatha,D10,D16;D19,D10;D16;D19,YES,HIGH,agatha/account-signals,REPRO_BUILD_REVIEW,NO,NO,NO,NO,NO,NO,NO,NO,NO,YES,NO,NO,10,262
agatha/hub/pmi/math/aggregators/Moments.scala,agatha,D10,D16,D10;D16,YES,HIGH,agatha/account-signals,FULL_SOURCE_REVIEW,NO,NO,NO,NO,NO,NO,NO,NO,NO,NO,NO,NO,160,4717
agatha/hub/pmi/math/aggregators/Percentiles.scala,agatha,D10,D16,D10;D16,YES,HIGH,agatha/account-signals,FULL_SOURCE_REVIEW,NO,NO,NO,NO,NO,NO,NO,NO,NO,NO,NO,NO,30,843
agatha/scalding/AgathaFeaturesPredictJob.scala,agatha,D10,D16,D10;D16,YES,HIGH,agatha/account-signals,FULL_SOURCE_REVIEW,NO,NO,NO,NO,NO,NO,NO,NO,NO,NO,NO,NO,88,3372
agatha/scalding/NSFWBuildJob.scala,agatha,D10,D16,D10;D16,YES,HIGH,agatha/account-signals,FULL_SOURCE_REVIEW,NO,NO,NO,NO,NO,NO,NO,NO,NO,NO,NO,NO,57,2106
agatha/scalding/RateBasedBuildJob.scala,agatha,D10,D16,D10;D16,YES,HIGH,agatha/account-signals,FULL_SOURCE_REVIEW,NO,NO,NO,NO,NO,NO,NO,NO,NO,NO,NO,NO,60,2365
agatha/scalding/SpagathaBuildJob.scala,agatha,D10,D16,D10;D16,YES,HIGH,agatha/account-signals,FULL_SOURCE_REVIEW,NO,NO,NO,NO,NO,NO,NO,NO,NO,NO,NO,NO,56,2133
agatha/scalding/blink/BlinkScoreJobTemplate.scala,agatha,D10,D16,D10;D16,YES,HIGH,agatha/account-signals,FULL_SOURCE_REVIEW,NO,NO,NO,NO,NO,NO,NO,NO,NO,NO,NO,NO,338,13339
agatha/scalding/blink/ManhattanImportInjection.scala,agatha,D10,D16,D10;D16,YES,HIGH,agatha/account-signals,FULL_SOURCE_REVIEW,NO,NO,NO,NO,NO,NO,NO,NO,NO,NO,NO,NO,14,692
agatha/scalding/data/ActiveUserFeaturesJob.scala,agatha,D10,D16,D10;D16,YES,HIGH,agatha/account-signals,FULL_SOURCE_REVIEW,NO,NO,NO,NO,NO,NO,NO,NO,NO,NO,NO,NO,64,2272
agatha/scalding/data/BUILD.bazel,agatha,D10,D16;D19,D10;D16;D19,YES,HIGH,agatha/account-signals,REPRO_BUILD_REVIEW,NO,NO,NO,NO,NO,NO,NO,NO,NO,YES,NO,NO,112,3664
agatha/scalding/data/DataLoader.scala,agatha,D10,D16,D10;D16,YES,HIGH,agatha/account-signals,FULL_SOURCE_REVIEW,NO,NO,NO,NO,NO,NO,NO,NO,NO,NO,NO,NO,15,410
agatha/scalding/data/DataLoaderUtil.scala,agatha,D10,D16,D10;D16,YES,HIGH,agatha/account-signals,FULL_SOURCE_REVIEW,NO,NO,NO,NO,NO,NO,NO,NO,NO,NO,NO,NO,53,1474
agatha/scalding/data/FeatureExtractionTemplate.scala,agatha,D10,D16,D10;D16,YES,HIGH,agatha/account-signals,FULL_SOURCE_REVIEW,NO,NO,NO,NO,NO,NO,NO,NO,NO,NO,NO,NO,57,2465
agatha/scalding/data/loaders/AbuseReportGraphDataLoader.scala,agatha,D10,D16,D10;D16,YES,HIGH,agatha/account-signals,FULL_SOURCE_REVIEW,NO,NO,NO,NO,NO,NO,NO,NO,NO,NO,NO,NO,12,538
agatha/scalding/data/loaders/BUILD.bazel,agatha,D10,D16;D19,D10;D16;D19,YES,HIGH,agatha/account-signals,REPRO_BUILD_REVIEW,NO,NO,NO,NO,NO,NO,NO,NO,NO,YES,NO,NO,287,8010
agatha/scalding/data/loaders/BlockGraphDataLoader.scala,agatha,D10,D16,D10;D16,YES,HIGH,agatha/account-signals,FULL_SOURCE_REVIEW,NO,NO,NO,NO,NO,NO,NO,NO,NO,NO,NO,NO,12,512
agatha/scalding/data/loaders/CombinedUserDataLoader.scala,agatha,D10,D16,D10;D16,YES,HIGH,agatha/account-signals,FULL_SOURCE_REVIEW,NO,NO,NO,NO,NO,NO,NO,NO,NO,NO,NO,NO,192,6461
agatha/scalding/data/loaders/ContributorGraphDataLoader.scala,agatha,D10,D16,D10;D16,YES,HIGH,agatha/account-signals,FULL_SOURCE_REVIEW,NO,NO,NO,NO,NO,NO,NO,NO,NO,NO,NO,NO,12,536
agatha/scalding/data/loaders/DirectMessageGraphDataLoader.scala,agatha,D10,D16,D10;D16,YES,HIGH,agatha/account-signals,FULL_SOURCE_REVIEW,NO,NO,NO,NO,NO,NO,NO,NO,NO,NO,NO,NO,34,1331
agatha/scalding/data/loaders/FavGraphDataLoader.scala,agatha,D10,D16,D10;D16,YES,HIGH,agatha/account-signals,FULL_SOURCE_REVIEW,NO,NO,NO,NO,NO,NO,NO,NO,NO,NO,NO,NO,41,1575
agatha/scalding/data/loaders/FavedTweetsDataLoader.scala,agatha,D10,D16,D10;D16,YES,HIGH,agatha/account-signals,FULL_SOURCE_REVIEW,NO,NO,NO,NO,NO,NO,NO,NO,NO,NO,NO,NO,38,1547
agatha/scalding/data/loaders/FollowGraphDataLoader.scala,agatha,D10,D16,D10;D16,YES,HIGH,agatha/account-signals,FULL_SOURCE_REVIEW,NO,NO,NO,NO,NO,NO,NO,NO,NO,NO,NO,NO,12,516
agatha/scalding/data/loaders/HashtagTweetsDataLoader.scala,agatha,D10,D16,D10;D16,YES,HIGH,agatha/account-signals,FULL_SOURCE_REVIEW,NO,NO,NO,NO,NO,NO,NO,NO,NO,NO,NO,NO,64,2018
agatha/scalding/data/loaders/LegitTattleGraphDataLoader.scala,agatha,D10,D16,D10;D16,YES,HIGH,agatha/account-signals,FULL_SOURCE_REVIEW,NO,NO,NO,NO,NO,NO,NO,NO,NO,NO,NO,NO,39,1497
agatha/scalding/data/loaders/ListFollowerGraphDataLoader.scala,agatha,D10,D16,D10;D16,YES,HIGH,agatha/account-signals,FULL_SOURCE_REVIEW,NO,NO,NO,NO,NO,NO,NO,NO,NO,NO,NO,NO,13,559
agatha/scalding/data/loaders/ListMembershipGraphDataLoader.scala,agatha,D10,D16,D10;D16,YES,HIGH,agatha/account-signals,FULL_SOURCE_REVIEW,NO,NO,NO,NO,NO,NO,NO,NO,NO,NO,NO,NO,13,556
agatha/scalding/data/loaders/MostRecentEdgeSourceDataLoader.scala,agatha,D10,D16,D10;D16,YES,HIGH,agatha/account-signals,FULL_SOURCE_REVIEW,NO,NO,NO,NO,NO,NO,NO,NO,NO,NO,NO,NO,49,1703
agatha/scalding/data/loaders/MuteGraphDataLoader.scala,agatha,D10,D16,D10;D16,YES,HIGH,agatha/account-signals,FULL_SOURCE_REVIEW,NO,NO,NO,NO,NO,NO,NO,NO,NO,NO,NO,NO,12,506
agatha/scalding/data/loaders/NonLegitTattlesNoBlocksGraphDataLoader.scala,agatha,D10,D16,D10;D16,YES,HIGH,agatha/account-signals,FULL_SOURCE_REVIEW,NO,NO,NO,NO,NO,NO,NO,NO,NO,NO,NO,NO,41,1613
agatha/scalding/data/loaders/RetweetedTweetsDataLoader.scala,agatha,D10,D16,D10;D16,YES,HIGH,agatha/account-signals,FULL_SOURCE_REVIEW,NO,NO,NO,NO,NO,NO,NO,NO,NO,NO,NO,NO,43,1583
agatha/scalding/data/loaders/TweetAuthorEngagementGraph.scala,agatha,D10,D16,D10;D16,YES,HIGH,agatha/account-signals,FULL_SOURCE_REVIEW,NO,NO,NO,NO,NO,NO,NO,NO,NO,NO,NO,NO,83,2964
agatha/scalding/labels/AgathaLabelManager.scala,agatha,D10,D16,D10;D16,YES,HIGH,agatha/account-signals,FULL_SOURCE_REVIEW,NO,NO,NO,NO,NO,NO,NO,NO,NO,NO,NO,NO,21,828
agatha/scalding/labels/BUILD.bazel,agatha,D10,D16;D19,D10;D16;D19,YES,HIGH,agatha/account-signals,REPRO_BUILD_REVIEW,NO,NO,NO,NO,NO,NO,NO,NO,NO,YES,NO,NO,43,1604
agatha/scalding/labels/LabelExtractionTemplate.scala,agatha,D10,D16,D10;D16,YES,HIGH,agatha/account-signals,FULL_SOURCE_REVIEW,NO,NO,NO,NO,NO,NO,NO,NO,NO,NO,NO,NO,72,2891
agatha/scalding/labels/LabelUtil.scala,agatha,D10,D16,D10;D16,YES,HIGH,agatha/account-signals,FULL_SOURCE_REVIEW,NO,NO,NO,NO,NO,NO,NO,NO,NO,NO,NO,NO,62,1948
agatha/scalding/labels/blocks_per_fav/BUILD.bazel,agatha,D10,D16;D19,D10;D16;D19,YES,HIGH,agatha/account-signals,REPRO_BUILD_REVIEW,NO,NO,NO,NO,NO,NO,NO,NO,NO,YES,NO,NO,55,1961
agatha/scalding/labels/blocks_per_fav/BlocksPerFav.scala,agatha,D10,D16,D10;D16,YES,HIGH,agatha/account-signals,FULL_SOURCE_REVIEW,NO,NO,NO,NO,NO,NO,NO,NO,NO,NO,NO,NO,34,1155
agatha/scalding/labels/favs/BUILD.bazel,agatha,D10,D16;D19,D10;D16;D19,YES,HIGH,agatha/account-signals,REPRO_BUILD_REVIEW,NO,NO,NO,NO,NO,NO,NO,NO,NO,YES,NO,NO,33,1342
agatha/scalding/labels/favs/Favs.scala,agatha,D10,D16,D10;D16,YES,HIGH,agatha/account-signals,FULL_SOURCE_REVIEW,NO,NO,NO,NO,NO,NO,NO,NO,NO,NO,NO,NO,69,2325
agatha/scalding/labels/nsfw/BUILD.bazel,agatha,D10,D16;D19,D10;D16;D19,YES,HIGH,agatha/account-signals,REPRO_BUILD_REVIEW,NO,NO,NO,NO,NO,NO,NO,NO,NO,YES,NO,NO,79,2999
agatha/scalding/labels/nsfw/NSFWLabel.scala,agatha,D10,D16,D10;D16,YES,HIGH,agatha/account-signals,FULL_SOURCE_REVIEW,NO,NO,NO,NO,NO,NO,NO,NO,NO,NO,NO,NO,15,517
agatha/scalding/labels/nsfw/NSFWLabelExtraction.scala,agatha,D10,D16,D10;D16,YES,HIGH,agatha/account-signals,FULL_SOURCE_REVIEW,NO,NO,NO,NO,NO,NO,NO,NO,NO,NO,NO,NO,50,1788
agatha/scalding/labels/nsfw/NsfwAgathaLabelManager.scala,agatha,D10,D16,D10;D16,YES,HIGH,agatha/account-signals,FULL_SOURCE_REVIEW,NO,NO,NO,NO,NO,NO,NO,NO,NO,NO,NO,NO,8,278
agatha/scalding/labels/rate_based_labels/BUILD.bazel,agatha,D10,D16;D19,D10;D16;D19,YES,HIGH,agatha/account-signals,REPRO_BUILD_REVIEW,NO,NO,NO,NO,NO,NO,NO,NO,NO,YES,NO,NO,89,4246
agatha/scalding/labels/rate_based_labels/RateBasedLabels.scala,agatha,D10,D16,D10;D16,YES,HIGH,agatha/account-signals,FULL_SOURCE_REVIEW,NO,NO,NO,NO,NO,NO,NO,NO,NO,NO,NO,NO,230,8126
agatha/scalding/labels/rate_based_labels/RateBasedLabelsExtraction.scala,agatha,D10,D16,D10;D16,YES,HIGH,agatha/account-signals,FULL_SOURCE_REVIEW,NO,NO,NO,NO,NO,NO,NO,NO,NO,NO,NO,NO,23,988
agatha/scalding/labels/reports_per_fav/BUILD.bazel,agatha,D10,D16;D19,D10;D16;D19,YES,HIGH,agatha/account-signals,REPRO_BUILD_REVIEW,NO,NO,NO,NO,NO,NO,NO,NO,NO,YES,NO,NO,57,2079
agatha/scalding/labels/reports_per_fav/ReportsPerFav.scala,agatha,D10,D16,D10;D16,YES,HIGH,agatha/account-signals,FULL_SOURCE_REVIEW,NO,NO,NO,NO,NO,NO,NO,NO,NO,NO,NO,NO,38,1302
agatha/scalding/labels/spam_reports_per_fav/BUILD.bazel,agatha,D10,D16;D19,D10;D16;D19,YES,HIGH,agatha/account-signals,REPRO_BUILD_REVIEW,NO,NO,NO,NO,NO,NO,NO,NO,NO,YES,NO,NO,57,2097
agatha/scalding/labels/spam_reports_per_fav/SpamReportsPerFav.scala,agatha,D10,D16,D10;D16,YES,HIGH,agatha/account-signals,FULL_SOURCE_REVIEW,NO,NO,NO,NO,NO,NO,NO,NO,NO,NO,NO,NO,35,1271
agatha/scalding/labels/spam_suspended/BUILD.bazel,agatha,D10,D16;D19,D10;D16;D19,YES,HIGH,agatha/account-signals,REPRO_BUILD_REVIEW,NO,NO,NO,NO,NO,NO,NO,NO,NO,YES,NO,NO,74,2895
agatha/scalding/labels/spam_suspended/SpamSuspendedLabel.scala,agatha,D10,D16,D10;D16,YES,HIGH,agatha/account-signals,FULL_SOURCE_REVIEW,NO,NO,NO,NO,NO,NO,NO,NO,NO,NO,NO,NO,20,764
agatha/scalding/labels/spam_suspended/SpamSuspendedLabelExtraction.scala,agatha,D10,D16,D10;D16,YES,HIGH,agatha/account-signals,FULL_SOURCE_REVIEW,NO,NO,NO,NO,NO,NO,NO,NO,NO,NO,NO,NO,35,1489
agatha/scalding/quantile/BUILD.bazel,agatha,D10,D15;D16;D19,D10;D15;D16;D19,YES,HIGH,agatha/account-signals,REPRO_BUILD_REVIEW,NO,NO,NO,NO,NO,NO,NO,NO,NO,YES,NO,NO,69,2507
agatha/scalding/quantile/QuantileFeatureExport.scala,agatha,D10,D15;D16,D10;D15;D16,YES,HIGH,agatha/account-signals,FULL_SOURCE_REVIEW,NO,NO,NO,NO,NO,NO,NO,NO,NO,NO,NO,NO,210,8161
agatha/scalding/util/BUILD.bazel,agatha,D10,D16;D19,D10;D16;D19,YES,HIGH,agatha/account-signals,REPRO_BUILD_REVIEW,NO,NO,NO,NO,NO,NO,NO,NO,NO,YES,NO,NO,38,1425
agatha/scalding/util/FeaturesToLabels.scala,agatha,D10,D16,D10;D16,YES,HIGH,agatha/account-signals,FULL_SOURCE_REVIEW,NO,NO,NO,NO,NO,NO,NO,NO,NO,NO,NO,NO,120,4160
agatha/scalding/util/GetActiveUsers.scala,agatha,D10,D16,D10;D16,YES,HIGH,agatha/account-signals,FULL_SOURCE_REVIEW,NO,NO,NO,NO,NO,NO,NO,NO,NO,NO,NO,NO,27,944
agatha/scalding/util/GetSuspendedUsers.scala,agatha,D10,D16,D10;D16,YES,HIGH,agatha/account-signals,FULL_SOURCE_REVIEW,NO,NO,NO,NO,NO,NO,NO,NO,NO,NO,NO,NO,28,997
agatha/scalding/util/PredictionsToDataSetPipe.scala,agatha,D10,D16,D10;D16,YES,HIGH,agatha/account-signals,FULL_SOURCE_REVIEW,NO,NO,NO,NO,NO,NO,NO,NO,NO,NO,NO,NO,123,4855
agatha/thrift/agatha.thrift,agatha,D10,D16,D10;D16,YES,HIGH,agatha/account-signals,FULL_SOURCE_REVIEW,NO,NO,NO,NO,NO,NO,YES,NO,NO,NO,NO,NO,23,696
bdsm/README.md,bdsm,D10,D16,D10;D16,YES,HIGH,bdsm/account-signals,DOC_CONTEXT_VERIFY_AGAINST_CODE,NO,NO,NO,NO,NO,NO,NO,YES,NO,NO,NO,NO,122,6706
bdsm/proto/abuse_inference.proto,bdsm,D10,D16,D10;D16,YES,HIGH,bdsm/account-signals,FULL_SOURCE_REVIEW,NO,NO,NO,NO,NO,NO,YES,NO,NO,NO,NO,NO,133,3469
bdsm/pyproject.toml,bdsm,D10,D16;D17;D19,D10;D16;D17;D19,YES,HIGH,bdsm/account-signals,REPRO_BUILD_REVIEW,NO,NO,NO,NO,NO,YES,NO,NO,YES,YES,NO,NO,44,813
bdsm/runtime/__init__.py,bdsm,D10,D16,D10;D16,YES,HIGH,bdsm/account-signals,FULL_SOURCE_REVIEW,NO,NO,NO,NO,NO,NO,NO,NO,NO,NO,NO,NO,0,0
bdsm/runtime/action_names.json,bdsm,D10,D16;D17,D10;D16;D17,YES,HIGH,bdsm/account-signals,FULL_SOURCE_REVIEW,NO,NO,NO,NO,NO,NO,NO,NO,YES,NO,NO,NO,198,7853
bdsm/runtime/batch_prefetcher.py,bdsm,D10,D16,D10;D16,YES,HIGH,bdsm/account-signals,FULL_SOURCE_REVIEW,NO,NO,NO,NO,NO,NO,NO,NO,NO,NO,NO,NO,1029,39891
bdsm/runtime/feature_norm.py,bdsm,D10,D16,D10;D16,YES,HIGH,bdsm/account-signals,FULL_SOURCE_REVIEW,NO,NO,NO,NO,NO,NO,NO,NO,NO,NO,NO,NO,70,1325
bdsm/runtime/gizmoduck_age.py,bdsm,D10,D16,D10;D16,YES,HIGH,bdsm/account-signals,FULL_SOURCE_REVIEW,NO,NO,NO,NO,NO,NO,NO,NO,NO,NO,NO,NO,90,2550
bdsm/runtime/gpu_scorer.py,bdsm,D10,D16,D10;D16,YES,HIGH,bdsm/account-signals,FULL_SOURCE_REVIEW,NO,NO,NO,NO,NO,NO,NO,NO,NO,NO,NO,NO,250,8858
bdsm/runtime/heads.py,bdsm,D10,D16,D10;D16,YES,HIGH,bdsm/account-signals,FULL_SOURCE_REVIEW,NO,NO,NO,NO,NO,NO,NO,NO,NO,NO,NO,NO,130,3026
bdsm/runtime/labels.py,bdsm,D10,D16,D10;D16,YES,HIGH,bdsm/account-signals,FULL_SOURCE_REVIEW,NO,NO,NO,NO,NO,NO,NO,NO,NO,NO,NO,NO,24,665
bdsm/runtime/load_backbone.py,bdsm,D10,D16,D10;D16,YES,HIGH,bdsm/account-signals,FULL_SOURCE_REVIEW,NO,NO,NO,NO,NO,NO,NO,NO,NO,NO,NO,NO,39,1409
bdsm/runtime/login_starter_pack_counter.py,bdsm,D10,D16,D10;D16,YES,HIGH,bdsm/account-signals,FULL_SOURCE_REVIEW,NO,NO,NO,NO,NO,NO,NO,NO,NO,NO,NO,NO,110,3250
bdsm/runtime/loss.py,bdsm,D10,D16,D10;D16,YES,HIGH,bdsm/account-signals,FULL_SOURCE_REVIEW,NO,NO,NO,NO,NO,NO,NO,NO,NO,NO,NO,NO,50,1751
bdsm/runtime/manhattan_arrow_adapter.py,bdsm,D10,D16,D10;D16,YES,HIGH,bdsm/account-signals,FULL_SOURCE_REVIEW,NO,NO,NO,NO,NO,NO,NO,NO,NO,NO,NO,NO,255,8905
bdsm/runtime/manhattan_scorer.py,bdsm,D10,D16,D10;D16,YES,HIGH,bdsm/account-signals,FULL_SOURCE_REVIEW,NO,NO,NO,NO,NO,NO,NO,NO,NO,NO,NO,NO,85,3212
bdsm/runtime/metrics.py,bdsm,D10,D16;D18,D10;D16;D18,YES,HIGH,bdsm/account-signals,FULL_SOURCE_REVIEW,NO,NO,NO,NO,NO,NO,NO,NO,NO,NO,NO,NO,14,400
bdsm/runtime/model.py,bdsm,D10,D15;D16,D10;D15;D16,YES,HIGH,bdsm/account-signals,FULL_SOURCE_REVIEW,NO,NO,NO,NO,NO,NO,NO,NO,NO,NO,NO,NO,334,12998
bdsm/runtime/pipeline_security.py,bdsm,D10,D16,D10;D16,YES,HIGH,bdsm/account-signals,FULL_SOURCE_REVIEW,NO,NO,NO,NO,NO,NO,NO,NO,NO,NO,NO,NO,41,1284
bdsm/runtime/proto_gen/__init__.py,bdsm,D10,D16,D10;D16,YES,HIGH,bdsm/account-signals,BOUNDARY_TRACE_GENERATED,NO,NO,NO,YES,NO,NO,NO,NO,NO,NO,NO,NO,0,0
bdsm/runtime/proto_gen/abuse_inference_pb2.py,bdsm,D10,D16,D10;D16,YES,HIGH,bdsm/account-signals,BOUNDARY_TRACE_GENERATED,NO,NO,NO,YES,NO,NO,NO,NO,NO,NO,NO,NO,40,6699
bdsm/runtime/score_layout.py,bdsm,D10,D16,D10;D16,YES,HIGH,bdsm/account-signals,FULL_SOURCE_REVIEW,NO,NO,NO,NO,NO,NO,NO,NO,NO,NO,NO,NO,70,2344
bdsm/runtime/score_results_sink_focal.py,bdsm,D10,D16,D10;D16,YES,HIGH,bdsm/account-signals,FULL_SOURCE_REVIEW,NO,NO,NO,NO,NO,NO,NO,NO,NO,NO,NO,NO,1689,65056
bdsm/runtime/sequence_cache.py,bdsm,D10,D16,D10;D16,YES,HIGH,bdsm/account-signals,FULL_SOURCE_REVIEW,NO,NO,NO,NO,NO,NO,NO,NO,NO,NO,NO,NO,274,9289
bdsm/runtime/sink_policy.yaml,bdsm,D10,D16;D17,D10;D16;D17,YES,HIGH,bdsm/account-signals,FULL_SOURCE_REVIEW,NO,NO,NO,NO,NO,NO,NO,NO,YES,NO,NO,NO,41,1209
bdsm/runtime/starter_pack_follows.py,bdsm,D10,D16,D10;D16,YES,HIGH,bdsm/account-signals,FULL_SOURCE_REVIEW,NO,NO,NO,NO,NO,NO,NO,NO,NO,NO,NO,NO,103,3002
bdsm/runtime/task_heads.py,bdsm,D10,D16,D10;D16,YES,HIGH,bdsm/account-signals,FULL_SOURCE_REVIEW,NO,NO,NO,NO,NO,NO,NO,NO,NO,NO,NO,NO,46,1296
bdsm/rust/abuse-v3-features/Cargo.toml,bdsm,D10,D16;D17;D19,D10;D16;D17;D19,YES,HIGH,bdsm/account-signals,REPRO_BUILD_REVIEW,NO,NO,NO,NO,NO,NO,NO,NO,YES,YES,NO,NO,30,793
bdsm/rust/abuse-v3-features/src/derived.rs,bdsm,D10,D16,D10;D16,YES,HIGH,bdsm/account-signals,FULL_SOURCE_REVIEW,NO,NO,NO,NO,NO,NO,NO,NO,NO,NO,NO,NO,149,4320
bdsm/rust/abuse-v3-features/src/lib.rs,bdsm,D10,D16,D10;D16,YES,HIGH,bdsm/account-signals,FULL_SOURCE_REVIEW,NO,NO,NO,NO,NO,NO,NO,NO,NO,NO,NO,NO,646,22837
bdsm/rust/accumulator/Cargo.lock,bdsm,D10,D16;D19,D10;D16;D19,YES,HIGH,bdsm/account-signals,BOUNDARY_TRACE_GENERATED,NO,NO,NO,YES,NO,NO,NO,NO,NO,YES,NO,NO,1953,49603
bdsm/rust/accumulator/Cargo.toml,bdsm,D10,D16;D17;D19,D10;D16;D17;D19,YES,HIGH,bdsm/account-signals,REPRO_BUILD_REVIEW,NO,NO,NO,NO,NO,NO,NO,NO,YES,YES,NO,NO,24,704
bdsm/rust/accumulator/Dockerfile,bdsm,D10,D16,D10;D16,YES,HIGH,bdsm/account-signals,FULL_SOURCE_REVIEW,NO,NO,NO,NO,NO,NO,NO,NO,NO,NO,NO,NO,31,617
bdsm/rust/accumulator/src/main.rs,bdsm,D10,D16,D10;D16,YES,HIGH,bdsm/account-signals,FULL_SOURCE_REVIEW,NO,NO,NO,NO,NO,NO,NO,NO,NO,NO,NO,NO,776,27097
bdsm/rust/accumulator/src/trace.rs,bdsm,D10,D16;D18,D10;D16;D18,YES,HIGH,bdsm/account-signals,FULL_SOURCE_REVIEW,NO,NO,NO,NO,NO,NO,NO,NO,NO,NO,NO,NO,379,12928
bdsm/tests/conftest.py,bdsm,D10,D16,D10;D16,YES,HIGH,bdsm/account-signals,TEST_EVIDENCE,YES,NO,NO,NO,NO,NO,NO,NO,NO,NO,NO,NO,7,219
bdsm/tests/test_feature_norm.py,bdsm,D10,D16,D10;D16,YES,HIGH,bdsm/account-signals,TEST_EVIDENCE,YES,NO,NO,NO,NO,NO,NO,NO,NO,NO,NO,NO,35,1190
bdsm/tests/test_heads.py,bdsm,D10,D16,D10;D16,YES,HIGH,bdsm/account-signals,TEST_EVIDENCE,YES,NO,NO,NO,NO,NO,NO,NO,NO,NO,NO,NO,33,884
bdsm/tests/test_labels.py,bdsm,D10,D16,D10;D16,YES,HIGH,bdsm/account-signals,TEST_EVIDENCE,YES,NO,NO,NO,NO,NO,NO,NO,NO,NO,NO,NO,50,1598
bdsm/tests/test_loss.py,bdsm,D10,D16,D10;D16,YES,HIGH,bdsm/account-signals,TEST_EVIDENCE,YES,NO,NO,NO,NO,NO,NO,NO,NO,NO,NO,NO,56,2070
bdsm/tests/test_pipeline_security.py,bdsm,D10,D16,D10;D16,YES,HIGH,bdsm/account-signals,TEST_EVIDENCE,YES,NO,NO,NO,NO,NO,NO,NO,NO,NO,NO,NO,26,766
bdsm/tests/test_score_layout.py,bdsm,D10,D16,D10;D16,YES,HIGH,bdsm/account-signals,TEST_EVIDENCE,YES,NO,NO,NO,NO,NO,NO,NO,NO,NO,NO,NO,74,2578
bdsm/tests/test_sink_policy.py,bdsm,D10,D16,D10;D16,YES,HIGH,bdsm/account-signals,TEST_EVIDENCE,YES,NO,NO,NO,NO,NO,NO,NO,NO,NO,NO,NO,86,2631
bdsm/tests/test_train_head.py,bdsm,D10,D15;D16,D10;D15;D16,YES,HIGH,bdsm/account-signals,TEST_EVIDENCE,YES,NO,NO,NO,NO,NO,NO,NO,NO,NO,NO,NO,82,2483
bdsm/training/__init__.py,bdsm,D10,D15;D16,D10;D15;D16,YES,HIGH,bdsm/account-signals,FULL_SOURCE_REVIEW,NO,NO,NO,NO,NO,NO,NO,NO,NO,NO,NO,NO,0,0
bdsm/training/train_head.py,bdsm,D10,D15;D16,D10;D15;D16,YES,HIGH,bdsm/account-signals,FULL_SOURCE_REVIEW,NO,NO,NO,NO,NO,NO,NO,NO,NO,NO,NO,NO,286,10931
botmaker/BUILD.bazel,botmaker,D11,D16;D19,D11;D16;D19,YES,HIGH,botmaker/label-system,REPRO_BUILD_REVIEW,NO,NO,NO,NO,NO,NO,NO,NO,NO,YES,NO,NO,0,0
botmaker/CONFIG.ini,botmaker,D11,D16;D17,D11;D16;D17,YES,HIGH,botmaker/label-system,FULL_SOURCE_REVIEW,NO,NO,NO,NO,NO,NO,NO,NO,YES,NO,NO,NO,3,21
botmaker/botmaker_aggregator/src/main/scala/com/twitter/botmaker/BUILD,botmaker,D11,D16;D19,D11;D16;D19,YES,HIGH,botmaker/label-system,REPRO_BUILD_REVIEW,NO,NO,NO,NO,NO,NO,NO,NO,NO,YES,NO,NO,17,660
botmaker/botmaker_aggregator/src/main/scala/com/twitter/botmaker/runtime/LocalAggregator.scala,botmaker,D11,D16,D11;D16,YES,HIGH,botmaker/label-system,FULL_SOURCE_REVIEW,NO,NO,NO,NO,NO,NO,NO,NO,NO,NO,NO,NO,228,6979
botmaker/botmaker_aggregator/src/main/scala/com/twitter/botmaker/runtime/MoniodAggregator.scala,botmaker,D11,D16,D11;D16,YES,HIGH,botmaker/label-system,FULL_SOURCE_REVIEW,NO,NO,NO,NO,NO,NO,NO,NO,NO,NO,NO,NO,132,3946
botmaker/botmaker_aggregator/src/main/scala/com/twitter/botmaker/runtime/config/BloomFilterAggregator.scala,botmaker,D11,D16;D17,D11;D16;D17,YES,HIGH,botmaker/label-system,FULL_SOURCE_REVIEW,NO,NO,NO,NO,NO,NO,NO,NO,YES,NO,NO,NO,67,1833
botmaker/botmaker_aggregator/src/main/scala/com/twitter/botmaker/runtime/config/ComboAggregator.scala,botmaker,D11,D16;D17,D11;D16;D17,YES,HIGH,botmaker/label-system,FULL_SOURCE_REVIEW,NO,NO,NO,NO,NO,NO,NO,NO,YES,NO,NO,NO,101,3304
botmaker/botmaker_aggregator/src/main/scala/com/twitter/botmaker/runtime/config/CounterAggregator.scala,botmaker,D11,D16;D17,D11;D16;D17,YES,HIGH,botmaker/label-system,FULL_SOURCE_REVIEW,NO,NO,NO,NO,NO,NO,NO,NO,YES,NO,NO,NO,34,971
botmaker/botmaker_aggregator/src/main/scala/com/twitter/botmaker/runtime/config/HllAggregator.scala,botmaker,D11,D16;D17,D11;D16;D17,YES,HIGH,botmaker/label-system,FULL_SOURCE_REVIEW,NO,NO,NO,NO,NO,NO,NO,NO,YES,NO,NO,NO,64,1743
botmaker/botmaker_aggregator/src/main/scala/com/twitter/botmaker/runtime/config/LocalAggregatorConfigs.scala,botmaker,D11,D16;D17,D11;D16;D17,YES,HIGH,botmaker/label-system,FULL_SOURCE_REVIEW,NO,NO,NO,NO,NO,NO,NO,NO,YES,NO,NO,NO,112,3349
botmaker/botmaker_aggregator/src/main/scala/com/twitter/botmaker/runtime/config/QTreeAggregator.scala,botmaker,D11,D16;D17,D11;D16;D17,YES,HIGH,botmaker/label-system,FULL_SOURCE_REVIEW,NO,NO,NO,NO,NO,NO,NO,NO,YES,NO,NO,NO,63,1698
botmaker/botmaker_aggregator/src/main/scala/com/twitter/botmaker/runtime/config/SetAggregator.scala,botmaker,D11,D16;D17,D11;D16;D17,YES,HIGH,botmaker/label-system,FULL_SOURCE_REVIEW,NO,NO,NO,NO,NO,NO,NO,NO,YES,NO,NO,NO,50,1198
botmaker/botmaker_aggregator/src/main/scala/com/twitter/botmaker/runtime/config/SimpleStatsAggregator.scala,botmaker,D11,D16;D17,D11;D16;D17,YES,HIGH,botmaker/label-system,FULL_SOURCE_REVIEW,NO,NO,NO,NO,NO,NO,NO,NO,YES,NO,NO,NO,60,1544
botmaker/botmaker_aggregator/src/main/scala/com/twitter/botmaker/runtime/config/SketchMapAggregator.scala,botmaker,D11,D16;D17,D11;D16;D17,YES,HIGH,botmaker/label-system,FULL_SOURCE_REVIEW,NO,NO,NO,NO,NO,NO,NO,NO,YES,NO,NO,NO,83,2336
botmaker/botmaker_aggregator/src/main/scala/com/twitter/botmaker/runtime/function/BloomFilterFunctions.scala,botmaker,D11,D16,D11;D16,YES,HIGH,botmaker/label-system,FULL_SOURCE_REVIEW,NO,NO,NO,NO,NO,NO,NO,NO,NO,NO,NO,NO,47,1619
botmaker/botmaker_aggregator/src/main/scala/com/twitter/botmaker/runtime/function/HllFunctions.scala,botmaker,D11,D16,D11;D16,YES,HIGH,botmaker/label-system,FULL_SOURCE_REVIEW,NO,NO,NO,NO,NO,NO,NO,NO,NO,NO,NO,NO,46,1533
botmaker/botmaker_aggregator/src/main/scala/com/twitter/botmaker/runtime/function/QTreeFunctions.scala,botmaker,D11,D16,D11;D16,YES,HIGH,botmaker/label-system,FULL_SOURCE_REVIEW,NO,NO,NO,NO,NO,NO,NO,NO,NO,NO,NO,NO,68,2706
botmaker/botmaker_aggregator/src/main/scala/com/twitter/botmaker/runtime/function/SketchMapFunctions.scala,botmaker,D11,D16,D11;D16,YES,HIGH,botmaker/label-system,FULL_SOURCE_REVIEW,NO,NO,NO,NO,NO,NO,NO,NO,NO,NO,NO,NO,69,2330
botmaker/botmaker_app/src/main/resources/BUILD,botmaker,D11,D16;D19,D11;D16;D19,YES,HIGH,botmaker/label-system,REPRO_BUILD_REVIEW,NO,NO,NO,NO,NO,NO,NO,NO,NO,YES,NO,NO,3,38
botmaker/botmaker_app/src/main/resources/logback.xml,botmaker,D11,D16,D11;D16,YES,HIGH,botmaker/label-system,FULL_SOURCE_REVIEW,NO,NO,NO,NO,NO,NO,NO,NO,NO,NO,NO,NO,111,4176
botmaker/botmaker_app/src/main/scala/com/twitter/botmaker/app/client/AppClient.scala,botmaker,D11,D16,D11;D16,YES,HIGH,botmaker/label-system,FULL_SOURCE_REVIEW,NO,NO,NO,NO,NO,NO,NO,NO,NO,NO,NO,NO,469,14403
botmaker/botmaker_app/src/main/scala/com/twitter/botmaker/app/client/BUILD.bazel,botmaker,D11,D16;D19,D11;D16;D19,YES,HIGH,botmaker/label-system,REPRO_BUILD_REVIEW,NO,NO,NO,NO,NO,NO,NO,NO,NO,YES,NO,NO,10,258
botmaker/botmaker_app/src/main/scala/com/twitter/botmaker/app/client/BotMakerAppClient.scala,botmaker,D11,D16,D11;D16,YES,HIGH,botmaker/label-system,FULL_SOURCE_REVIEW,NO,NO,NO,NO,NO,NO,NO,NO,NO,NO,NO,NO,237,7422
botmaker/botmaker_app/src/main/scala/com/twitter/botmaker/app/module/AppBotMaker.scala,botmaker,D11,D16,D11;D16,YES,HIGH,botmaker/label-system,FULL_SOURCE_REVIEW,NO,NO,NO,NO,NO,NO,NO,NO,NO,NO,NO,NO,85,2915
botmaker/botmaker_app/src/main/scala/com/twitter/botmaker/app/module/BUILD,botmaker,D11,D16;D19,D11;D16;D19,YES,HIGH,botmaker/label-system,REPRO_BUILD_REVIEW,NO,NO,NO,NO,NO,NO,NO,NO,NO,YES,NO,NO,25,1208
botmaker/botmaker_app/src/main/scala/com/twitter/botmaker/app/module/BotMakerApp.scala,botmaker,D11,D16,D11;D16,YES,HIGH,botmaker/label-system,FULL_SOURCE_REVIEW,NO,NO,NO,NO,NO,NO,NO,NO,NO,NO,NO,NO,153,4406
botmaker/botmaker_app/src/main/scala/com/twitter/botmaker/app/module/BotMakerAppController.scala,botmaker,D11,D16,D11;D16,YES,HIGH,botmaker/label-system,FULL_SOURCE_REVIEW,NO,NO,NO,NO,NO,NO,NO,NO,NO,NO,NO,NO,252,9261
botmaker/botmaker_app/src/main/scala/com/twitter/botmaker/app/module/BotMakerAppModule.scala,botmaker,D11,D16,D11;D16,YES,HIGH,botmaker/label-system,FULL_SOURCE_REVIEW,NO,NO,NO,NO,NO,NO,NO,NO,NO,NO,NO,NO,215,6792
botmaker/botmaker_app/src/main/scala/com/twitter/botmaker/app/module/InjectionNamedConstants.scala,botmaker,D11,D16,D11;D16,YES,HIGH,botmaker/label-system,FULL_SOURCE_REVIEW,NO,NO,NO,NO,NO,NO,NO,NO,NO,NO,NO,NO,16,867
botmaker/botmaker_app/src/main/scala/com/twitter/botmaker/app/publisher/function/Arguments.scala,botmaker,D11,D16,D11;D16,YES,HIGH,botmaker/label-system,FULL_SOURCE_REVIEW,NO,NO,NO,NO,NO,NO,NO,NO,NO,NO,NO,NO,50,1498
botmaker/botmaker_app/src/main/scala/com/twitter/botmaker/app/publisher/function/WriteToConfigBus.scala,botmaker,D11,D16;D17,D11;D16;D17,YES,HIGH,botmaker/label-system,FULL_SOURCE_REVIEW,NO,NO,NO,NO,NO,NO,NO,NO,YES,NO,NO,NO,76,2592
botmaker/botmaker_app/src/main/scala/com/twitter/botmaker/app/publisher/function/WriteToFile.scala,botmaker,D11,D16,D11;D16,YES,HIGH,botmaker/label-system,FULL_SOURCE_REVIEW,NO,NO,NO,NO,NO,NO,NO,NO,NO,NO,NO,NO,81,2539
botmaker/botmaker_app/src/main/scala/com/twitter/botmaker/app/runtime/BUILD.bazel,botmaker,D11,D16;D19,D11;D16;D19,YES,HIGH,botmaker/label-system,REPRO_BUILD_REVIEW,NO,NO,NO,NO,NO,NO,NO,NO,NO,YES,NO,NO,17,738
botmaker/botmaker_app/src/main/scala/com/twitter/botmaker/app/runtime/StdBotMakerAppRuntime.scala,botmaker,D11,D16,D11;D16,YES,HIGH,botmaker/label-system,FULL_SOURCE_REVIEW,NO,NO,NO,NO,NO,NO,NO,NO,NO,NO,NO,NO,40,1254
botmaker/botmaker_app/src/main/scala/com/twitter/botmaker/app/server/BUILD.bazel,botmaker,D11,D16;D19,D11;D16;D19,YES,HIGH,botmaker/label-system,REPRO_BUILD_REVIEW,NO,NO,NO,NO,NO,NO,NO,NO,NO,YES,NO,NO,68,3859
botmaker/botmaker_app/src/main/scala/com/twitter/botmaker/app/server/BotMakerAppServer.scala,botmaker,D11,D16,D11;D16,YES,HIGH,botmaker/label-system,FULL_SOURCE_REVIEW,NO,NO,NO,NO,NO,NO,NO,NO,NO,NO,NO,NO,80,2700
botmaker/botmaker_app/src/main/scala/com/twitter/botmaker/app/server/BotMakerAppThriftController.scala,botmaker,D11,D16,D11;D16,YES,HIGH,botmaker/label-system,FULL_SOURCE_REVIEW,NO,NO,NO,NO,NO,NO,NO,NO,NO,NO,NO,NO,12,407
botmaker/botmaker_app/src/main/scala/com/twitter/botmaker/app/util/BUILD,botmaker,D11,D16;D19,D11;D16;D19,YES,HIGH,botmaker/label-system,REPRO_BUILD_REVIEW,NO,NO,NO,NO,NO,NO,NO,NO,NO,YES,NO,NO,9,227
botmaker/botmaker_app/src/main/scala/com/twitter/botmaker/app/util/JsonUtils.scala,botmaker,D11,D16,D11;D16,YES,HIGH,botmaker/label-system,FULL_SOURCE_REVIEW,NO,NO,NO,NO,NO,NO,NO,NO,NO,NO,NO,NO,53,1477
botmaker/botmaker_common/src/main/scala/com/twitter/botmaker/common/BUILD,botmaker,D11,D16;D19,D11;D16;D19,YES,HIGH,botmaker/label-system,REPRO_BUILD_REVIEW,NO,NO,NO,NO,NO,NO,NO,NO,NO,YES,NO,NO,11,359
botmaker/botmaker_common/src/main/scala/com/twitter/botmaker/common/UserAgent.scala,botmaker,D11,D16,D11;D16,YES,HIGH,botmaker/label-system,FULL_SOURCE_REVIEW,NO,NO,NO,NO,NO,NO,NO,NO,NO,NO,NO,NO,87,3735
botmaker/botmaker_common/src/main/scala/com/twitter/botmaker/common/UserAgentProperties.scala,botmaker,D11,D16,D11;D16,YES,HIGH,botmaker/label-system,FULL_SOURCE_REVIEW,NO,NO,NO,NO,NO,NO,NO,NO,NO,NO,NO,NO,81,2574
botmaker/botmaker_eventbus/src/main/scala/com/twitter/botmaker/BUILD.bazel,botmaker,D11,D16;D19,D11;D16;D19,YES,HIGH,botmaker/label-system,REPRO_BUILD_REVIEW,NO,NO,NO,NO,NO,NO,NO,NO,NO,YES,NO,NO,16,670
botmaker/botmaker_eventbus/src/main/scala/com/twitter/botmaker/runtime/EventBusContainer.scala,botmaker,D11,D16,D11;D16,YES,HIGH,botmaker/label-system,FULL_SOURCE_REVIEW,NO,NO,NO,NO,NO,NO,NO,NO,NO,NO,NO,NO,12,310
botmaker/botmaker_eventbus/src/main/scala/com/twitter/botmaker/runtime/EventPublisher.scala,botmaker,D11,D16,D11;D16,YES,HIGH,botmaker/label-system,FULL_SOURCE_REVIEW,NO,NO,NO,NO,NO,NO,NO,NO,NO,NO,NO,NO,170,5746
botmaker/botmaker_eventbus/src/main/scala/com/twitter/botmaker/runtime/EventSubscriber.scala,botmaker,D11,D16,D11;D16,YES,HIGH,botmaker/label-system,FULL_SOURCE_REVIEW,NO,NO,NO,NO,NO,NO,NO,NO,NO,NO,NO,NO,129,4579
botmaker/botmaker_eventbus/src/main/scala/com/twitter/botmaker/runtime/KafkaConsumer.scala,botmaker,D11,D16,D11;D16,YES,HIGH,botmaker/label-system,FULL_SOURCE_REVIEW,NO,NO,NO,NO,NO,NO,NO,NO,NO,NO,NO,NO,143,5573
botmaker/botmaker_eventbus/src/main/scala/com/twitter/botmaker/runtime/KafkaProducer.scala,botmaker,D11,D16,D11;D16,YES,HIGH,botmaker/label-system,FULL_SOURCE_REVIEW,NO,NO,NO,NO,NO,NO,NO,NO,NO,NO,NO,NO,247,9181
botmaker/botmaker_eventbus/src/main/scala/com/twitter/botmaker/runtime/KafkaSerdes.scala,botmaker,D11,D16,D11;D16,YES,HIGH,botmaker/label-system,FULL_SOURCE_REVIEW,NO,NO,NO,NO,NO,NO,NO,NO,NO,NO,NO,NO,121,4119
botmaker/botmaker_eventbus/src/main/scala/com/twitter/botmaker/runtime/TwitterKafkaUtil.scala,botmaker,D11,D16,D11;D16,YES,HIGH,botmaker/label-system,FULL_SOURCE_REVIEW,NO,NO,NO,NO,NO,NO,NO,NO,NO,NO,NO,NO,28,782
botmaker/botmaker_eventbus/src/main/scala/com/twitter/botmaker/runtime/config/EventBusConfigs.scala,botmaker,D11,D16;D17,D11;D16;D17,YES,HIGH,botmaker/label-system,FULL_SOURCE_REVIEW,NO,NO,NO,NO,NO,NO,NO,NO,YES,NO,NO,NO,7,193
botmaker/botmaker_eventbus/src/main/scala/com/twitter/botmaker/runtime/config/EventPublisherConfigs.scala,botmaker,D11,D16;D17,D11;D16;D17,YES,HIGH,botmaker/label-system,FULL_SOURCE_REVIEW,NO,NO,NO,NO,NO,NO,NO,NO,YES,NO,NO,NO,59,1752
botmaker/botmaker_eventbus/src/main/scala/com/twitter/botmaker/runtime/config/EventSubscriberConfigs.scala,botmaker,D11,D16;D17,D11;D16;D17,YES,HIGH,botmaker/label-system,FULL_SOURCE_REVIEW,NO,NO,NO,NO,NO,NO,NO,NO,YES,NO,NO,NO,118,3792
botmaker/botmaker_eventbus/src/main/scala/com/twitter/botmaker/runtime/config/KafkaConsumerConfigs.scala,botmaker,D11,D16;D17,D11;D16;D17,YES,HIGH,botmaker/label-system,FULL_SOURCE_REVIEW,NO,NO,NO,NO,NO,NO,NO,NO,YES,NO,NO,NO,114,3418
botmaker/botmaker_eventbus/src/main/scala/com/twitter/botmaker/runtime/config/KafkaProducerConfigs.scala,botmaker,D11,D16;D17,D11;D16;D17,YES,HIGH,botmaker/label-system,FULL_SOURCE_REVIEW,NO,NO,NO,NO,NO,NO,NO,NO,YES,NO,NO,NO,86,2684
botmaker/botmaker_http/src/main/scala/com/twitter/botmaker/BUILD,botmaker,D11,D16;D19,D11;D16;D19,YES,HIGH,botmaker/label-system,REPRO_BUILD_REVIEW,NO,NO,NO,NO,NO,NO,NO,NO,NO,YES,NO,NO,14,463
botmaker/botmaker_http/src/main/scala/com/twitter/botmaker/runtime/HttpEndpoint.scala,botmaker,D11,D16,D11;D16,YES,HIGH,botmaker/label-system,FULL_SOURCE_REVIEW,NO,NO,NO,NO,NO,NO,NO,NO,NO,NO,NO,NO,190,6689
botmaker/botmaker_http/src/main/scala/com/twitter/botmaker/runtime/config/HttpEndpointConfigs.scala,botmaker,D11,D16;D17,D11;D16;D17,YES,HIGH,botmaker/label-system,FULL_SOURCE_REVIEW,NO,NO,NO,NO,NO,NO,NO,NO,YES,NO,NO,NO,61,1819
botmaker/botmaker_loader/src/main/scala/com/twitter/botmaker/loader/BUILD,botmaker,D11,D16;D19,D11;D16;D19,YES,HIGH,botmaker/label-system,REPRO_BUILD_REVIEW,NO,NO,NO,NO,NO,NO,NO,NO,NO,YES,NO,NO,11,298
botmaker/botmaker_loader/src/main/scala/com/twitter/botmaker/loader/BotmakerRulesConfigbusLoader.scala,botmaker,D11,D16;D17,D11;D16;D17,YES,HIGH,botmaker/label-system,FULL_SOURCE_REVIEW,NO,NO,NO,NO,NO,NO,NO,NO,YES,NO,NO,NO,46,1476
botmaker/botmaker_loader/src/main/scala/com/twitter/botmaker/loader/ConfigbusLoader.scala,botmaker,D11,D16;D17,D11;D16;D17,YES,HIGH,botmaker/label-system,FULL_SOURCE_REVIEW,NO,NO,NO,NO,NO,NO,NO,NO,YES,NO,NO,NO,134,4622
botmaker/botmaker_manhattan/src/main/scala/com/twitter/botmaker/BUILD,botmaker,D11,D16;D19,D11;D16;D19,YES,HIGH,botmaker/label-system,REPRO_BUILD_REVIEW,NO,NO,NO,NO,NO,NO,NO,NO,NO,YES,NO,NO,15,510
botmaker/botmaker_manhattan/src/main/scala/com/twitter/botmaker/runtime/ManhattanClient.scala,botmaker,D11,D16,D11;D16,YES,HIGH,botmaker/label-system,FULL_SOURCE_REVIEW,NO,NO,NO,NO,NO,NO,NO,NO,NO,NO,NO,NO,459,14089
botmaker/botmaker_manhattan/src/main/scala/com/twitter/botmaker/runtime/ManhattanContainer.scala,botmaker,D11,D16,D11;D16,YES,HIGH,botmaker/label-system,FULL_SOURCE_REVIEW,NO,NO,NO,NO,NO,NO,NO,NO,NO,NO,NO,NO,3,98
botmaker/botmaker_manhattan/src/main/scala/com/twitter/botmaker/runtime/ManhattanEndpoint.scala,botmaker,D11,D16,D11;D16,YES,HIGH,botmaker/label-system,FULL_SOURCE_REVIEW,NO,NO,NO,NO,NO,NO,NO,NO,NO,NO,NO,NO,70,2609
botmaker/botmaker_manhattan/src/main/scala/com/twitter/botmaker/runtime/config/ManhattanClientConfigs.scala,botmaker,D11,D16;D17,D11;D16;D17,YES,HIGH,botmaker/label-system,FULL_SOURCE_REVIEW,NO,NO,NO,NO,NO,NO,NO,NO,YES,NO,NO,NO,76,2341
botmaker/botmaker_manhattan/src/main/scala/com/twitter/botmaker/runtime/config/ManhattanConfigs.scala,botmaker,D11,D16;D17,D11;D16;D17,YES,HIGH,botmaker/label-system,FULL_SOURCE_REVIEW,NO,NO,NO,NO,NO,NO,NO,NO,YES,NO,NO,NO,3,129
botmaker/botmaker_manhattan/src/main/scala/com/twitter/botmaker/runtime/config/ManhattanEndpointConfigs.scala,botmaker,D11,D16;D17,D11;D16;D17,YES,HIGH,botmaker/label-system,FULL_SOURCE_REVIEW,NO,NO,NO,NO,NO,NO,NO,NO,YES,NO,NO,NO,49,1462
botmaker/botmaker_memcached/src/main/scala/com/twitter/botmaker/BUILD,botmaker,D11,D16;D19,D11;D16;D19,YES,HIGH,botmaker/label-system,REPRO_BUILD_REVIEW,NO,NO,NO,NO,NO,NO,NO,NO,NO,YES,NO,NO,13,422
botmaker/botmaker_memcached/src/main/scala/com/twitter/botmaker/runtime/MemCachedClient.scala,botmaker,D11,D16,D11;D16,YES,HIGH,botmaker/label-system,FULL_SOURCE_REVIEW,NO,NO,NO,NO,NO,NO,NO,NO,NO,NO,NO,NO,158,5256
botmaker/botmaker_memcached/src/main/scala/com/twitter/botmaker/runtime/MemCachedContainer.scala,botmaker,D11,D16,D11;D16,YES,HIGH,botmaker/label-system,FULL_SOURCE_REVIEW,NO,NO,NO,NO,NO,NO,NO,NO,NO,NO,NO,NO,3,98
botmaker/botmaker_memcached/src/main/scala/com/twitter/botmaker/runtime/MemCachedCounter.scala,botmaker,D11,D16,D11;D16,YES,HIGH,botmaker/label-system,FULL_SOURCE_REVIEW,NO,NO,NO,NO,NO,NO,NO,NO,NO,NO,NO,NO,260,8277
botmaker/botmaker_memcached/src/main/scala/com/twitter/botmaker/runtime/MemCachedEndpoint.scala,botmaker,D11,D16,D11;D16,YES,HIGH,botmaker/label-system,FULL_SOURCE_REVIEW,NO,NO,NO,NO,NO,NO,NO,NO,NO,NO,NO,NO,72,2831
botmaker/botmaker_memcached/src/main/scala/com/twitter/botmaker/runtime/config/MemCachedClientConfigs.scala,botmaker,D11,D16;D17,D11;D16;D17,YES,HIGH,botmaker/label-system,FULL_SOURCE_REVIEW,NO,NO,NO,NO,NO,NO,NO,NO,YES,NO,NO,NO,74,2248
botmaker/botmaker_memcached/src/main/scala/com/twitter/botmaker/runtime/config/MemCachedConfigs.scala,botmaker,D11,D16;D17,D11;D16;D17,YES,HIGH,botmaker/label-system,FULL_SOURCE_REVIEW,NO,NO,NO,NO,NO,NO,NO,NO,YES,NO,NO,NO,6,170
botmaker/botmaker_memcached/src/main/scala/com/twitter/botmaker/runtime/config/MemCachedCounterConfigs.scala,botmaker,D11,D16;D17,D11;D16;D17,YES,HIGH,botmaker/label-system,FULL_SOURCE_REVIEW,NO,NO,NO,NO,NO,NO,NO,NO,YES,NO,NO,NO,72,2256
botmaker/botmaker_memcached/src/main/scala/com/twitter/botmaker/runtime/config/MemCachedEndpointConfigs.scala,botmaker,D11,D16;D17,D11;D16;D17,YES,HIGH,botmaker/label-system,FULL_SOURCE_REVIEW,NO,NO,NO,NO,NO,NO,NO,NO,YES,NO,NO,NO,52,1608
botmaker/botmaker_package/src/main/scala/com/twitter/botmaker/botmaker_package/BUILD.bazel,botmaker,D11,D16;D19,D11;D16;D19,YES,HIGH,botmaker/label-system,REPRO_BUILD_REVIEW,NO,NO,NO,NO,NO,NO,NO,NO,NO,YES,NO,NO,11,299
botmaker/botmaker_package/src/main/scala/com/twitter/botmaker/botmaker_package/BotMakerPackageDetails.scala,botmaker,D11,D16,D11;D16,YES,HIGH,botmaker/label-system,FULL_SOURCE_REVIEW,NO,NO,NO,NO,NO,NO,NO,NO,NO,NO,NO,NO,49,1519
botmaker/botmaker_thrift/src/main/scala/com/twitter/botmaker/BUILD,botmaker,D11,D16;D19,D11;D16;D19,YES,HIGH,botmaker/label-system,REPRO_BUILD_REVIEW,NO,NO,NO,NO,NO,NO,NO,NO,NO,YES,NO,NO,19,813
botmaker/botmaker_thrift/src/main/scala/com/twitter/botmaker/runtime/ScribePublisher.scala,botmaker,D11,D16,D11;D16,YES,HIGH,botmaker/label-system,FULL_SOURCE_REVIEW,NO,NO,NO,NO,NO,NO,NO,NO,NO,NO,NO,NO,118,3810
botmaker/botmaker_thrift/src/main/scala/com/twitter/botmaker/runtime/ThriftEndpoint.scala,botmaker,D11,D16,D11;D16,YES,HIGH,botmaker/label-system,FULL_SOURCE_REVIEW,NO,NO,NO,NO,NO,NO,NO,NO,NO,NO,NO,NO,339,11133
botmaker/botmaker_thrift/src/main/scala/com/twitter/botmaker/runtime/config/ScribePublisherConfigs.scala,botmaker,D11,D16;D17,D11;D16;D17,YES,HIGH,botmaker/label-system,FULL_SOURCE_REVIEW,NO,NO,NO,NO,NO,NO,NO,NO,YES,NO,NO,NO,83,2398
botmaker/botmaker_thrift/src/main/scala/com/twitter/botmaker/runtime/config/ThriftEndpointConfigs.scala,botmaker,D11,D16;D17,D11;D16;D17,YES,HIGH,botmaker/label-system,FULL_SOURCE_REVIEW,NO,NO,NO,NO,NO,NO,NO,NO,YES,NO,NO,NO,114,3544
botmaker/scarecrow_features/src/main/java/com/twitter/scarecrow/features/BUILD,botmaker,D11,D16;D19,D11;D16;D19,YES,HIGH,botmaker/label-system,REPRO_BUILD_REVIEW,NO,NO,NO,NO,NO,NO,NO,NO,NO,YES,NO,NO,68,4435
botmaker/scarecrow_features/src/main/java/com/twitter/scarecrow/features/FeaturesOfArkoseVerifyEvent.java,botmaker,D11,D16,D11;D16,YES,HIGH,botmaker/label-system,FULL_SOURCE_REVIEW,NO,NO,NO,NO,NO,NO,NO,NO,NO,NO,NO,NO,31,1217
botmaker/scarecrow_features/src/main/java/com/twitter/scarecrow/features/FeaturesOfAudioSpaceBaseEvent.java,botmaker,D11,D16,D11;D16,YES,HIGH,botmaker/label-system,FULL_SOURCE_REVIEW,NO,NO,NO,NO,NO,NO,NO,NO,NO,NO,NO,NO,24,852
botmaker/scarecrow_features/src/main/java/com/twitter/scarecrow/features/FeaturesOfAudioSpaceCoHostJoinEvent.java,botmaker,D11,D16,D11;D16,YES,HIGH,botmaker/label-system,FULL_SOURCE_REVIEW,NO,NO,NO,NO,NO,NO,NO,NO,NO,NO,NO,NO,29,1130
botmaker/scarecrow_features/src/main/java/com/twitter/scarecrow/features/FeaturesOfAudioSpaceCoHostLeaveEvent.java,botmaker,D11,D16,D11;D16,YES,HIGH,botmaker/label-system,FULL_SOURCE_REVIEW,NO,NO,NO,NO,NO,NO,NO,NO,NO,NO,NO,NO,29,1142
botmaker/scarecrow_features/src/main/java/com/twitter/scarecrow/features/FeaturesOfAudioSpaceEndEvent.java,botmaker,D11,D16,D11;D16,YES,HIGH,botmaker/label-system,FULL_SOURCE_REVIEW,NO,NO,NO,NO,NO,NO,NO,NO,NO,NO,NO,NO,29,1091
botmaker/scarecrow_features/src/main/java/com/twitter/scarecrow/features/FeaturesOfAudioSpaceListenerJoinEvent.java,botmaker,D11,D16,D11;D16,YES,HIGH,botmaker/label-system,FULL_SOURCE_REVIEW,NO,NO,NO,NO,NO,NO,NO,NO,NO,NO,NO,NO,29,1154
botmaker/scarecrow_features/src/main/java/com/twitter/scarecrow/features/FeaturesOfAudioSpaceListenerLeaveEvent.java,botmaker,D11,D16,D11;D16,YES,HIGH,botmaker/label-system,FULL_SOURCE_REVIEW,NO,NO,NO,NO,NO,NO,NO,NO,NO,NO,NO,NO,29,1166
botmaker/scarecrow_features/src/main/java/com/twitter/scarecrow/features/FeaturesOfAudioSpacePublishEvent.java,botmaker,D11,D16,D11;D16,YES,HIGH,botmaker/label-system,FULL_SOURCE_REVIEW,NO,NO,NO,NO,NO,NO,NO,NO,NO,NO,NO,NO,29,1139
botmaker/scarecrow_features/src/main/java/com/twitter/scarecrow/features/FeaturesOfAudioSpaceReplayToggleOffEvent.java,botmaker,D11,D16,D11;D16,YES,HIGH,botmaker/label-system,FULL_SOURCE_REVIEW,NO,NO,NO,NO,NO,NO,NO,NO,NO,NO,NO,NO,29,1209
botmaker/scarecrow_features/src/main/java/com/twitter/scarecrow/features/FeaturesOfAudioSpaceScheduledEvent.java,botmaker,D11,D16,D11;D16,YES,HIGH,botmaker/label-system,FULL_SOURCE_REVIEW,NO,NO,NO,NO,NO,NO,NO,NO,NO,NO,NO,NO,33,1394
botmaker/scarecrow_features/src/main/java/com/twitter/scarecrow/features/FeaturesOfAudioSpaceSpeakerPublishEvent.java,botmaker,D11,D16,D11;D16,YES,HIGH,botmaker/label-system,FULL_SOURCE_REVIEW,NO,NO,NO,NO,NO,NO,NO,NO,NO,NO,NO,NO,35,1508
botmaker/scarecrow_features/src/main/java/com/twitter/scarecrow/features/FeaturesOfAudioSpaceTopicsUpdatedEvent.java,botmaker,D11,D16,D11;D16,YES,HIGH,botmaker/label-system,FULL_SOURCE_REVIEW,NO,NO,NO,NO,NO,NO,NO,NO,NO,NO,NO,NO,37,1385
botmaker/scarecrow_features/src/main/java/com/twitter/scarecrow/features/FeaturesOfAudioSpaceTranscriptionEvent.java,botmaker,D11,D16,D11;D16,YES,HIGH,botmaker/label-system,FULL_SOURCE_REVIEW,NO,NO,NO,NO,NO,NO,NO,NO,NO,NO,NO,NO,33,1267
botmaker/scarecrow_features/src/main/java/com/twitter/scarecrow/features/FeaturesOfAudioSpaceUserBannedEvent.java,botmaker,D11,D16,D11;D16,YES,HIGH,botmaker/label-system,FULL_SOURCE_REVIEW,NO,NO,NO,NO,NO,NO,NO,NO,NO,NO,NO,NO,53,2470
botmaker/scarecrow_features/src/main/java/com/twitter/scarecrow/features/FeaturesOfAudioSpaceUserUnbannedEvent.java,botmaker,D11,D16,D11;D16,YES,HIGH,botmaker/label-system,FULL_SOURCE_REVIEW,NO,NO,NO,NO,NO,NO,NO,NO,NO,NO,NO,NO,50,2323
botmaker/scarecrow_features/src/main/java/com/twitter/scarecrow/features/FeaturesOfAuthCompletion.java,botmaker,D11,D16,D11;D16,YES,HIGH,botmaker/label-system,FULL_SOURCE_REVIEW,NO,NO,NO,NO,NO,NO,NO,NO,NO,NO,NO,NO,498,22010
botmaker/scarecrow_features/src/main/java/com/twitter/scarecrow/features/FeaturesOfAuthTransactionLog.java,botmaker,D11,D16,D11;D16,YES,HIGH,botmaker/label-system,FULL_SOURCE_REVIEW,NO,NO,NO,NO,NO,NO,NO,NO,NO,NO,NO,NO,74,3965
botmaker/scarecrow_features/src/main/java/com/twitter/scarecrow/features/FeaturesOfBirdwatchStatusChangeEvent.java,botmaker,D11,D16,D11;D16,YES,HIGH,botmaker/label-system,FULL_SOURCE_REVIEW,NO,NO,NO,NO,NO,NO,NO,NO,NO,NO,NO,NO,44,2159
botmaker/scarecrow_features/src/main/java/com/twitter/scarecrow/features/FeaturesOfBookmarkEvent.java,botmaker,D11,D16,D11;D16,YES,HIGH,botmaker/label-system,FULL_SOURCE_REVIEW,NO,NO,NO,NO,NO,NO,NO,NO,NO,NO,NO,NO,27,944
botmaker/scarecrow_features/src/main/java/com/twitter/scarecrow/features/FeaturesOfBotSmyterLabel.java,botmaker,D11,D16,D11;D16,YES,HIGH,botmaker/label-system,FULL_SOURCE_REVIEW,NO,NO,NO,NO,NO,NO,NO,NO,NO,NO,NO,NO,30,1422
botmaker/scarecrow_features/src/main/java/com/twitter/scarecrow/features/FeaturesOfBouncerEvent.java,botmaker,D11,D16,D11;D16,YES,HIGH,botmaker/label-system,FULL_SOURCE_REVIEW,NO,NO,NO,NO,NO,NO,NO,NO,NO,NO,NO,NO,115,3370
botmaker/scarecrow_features/src/main/java/com/twitter/scarecrow/features/FeaturesOfCastleEvent.java,botmaker,D11,D16,D11;D16,YES,HIGH,botmaker/label-system,FULL_SOURCE_REVIEW,NO,NO,NO,NO,NO,NO,NO,NO,NO,NO,NO,NO,33,1340
botmaker/scarecrow_features/src/main/java/com/twitter/scarecrow/features/FeaturesOfClientApplicationEvent.java,botmaker,D11,D16,D11;D16,YES,HIGH,botmaker/label-system,FULL_SOURCE_REVIEW,NO,NO,NO,NO,NO,NO,NO,NO,NO,NO,NO,NO,42,1768
botmaker/scarecrow_features/src/main/java/com/twitter/scarecrow/features/FeaturesOfClientEventTcoResolution.java,botmaker,D11,D16,D11;D16,YES,HIGH,botmaker/label-system,FULL_SOURCE_REVIEW,NO,NO,NO,NO,NO,NO,NO,NO,NO,NO,NO,NO,42,1575
botmaker/scarecrow_features/src/main/java/com/twitter/scarecrow/features/FeaturesOfCommunityEvent.java,botmaker,D11,D16,D11;D16,YES,HIGH,botmaker/label-system,FULL_SOURCE_REVIEW,NO,NO,NO,NO,NO,NO,NO,NO,NO,NO,NO,NO,30,1055
botmaker/scarecrow_features/src/main/java/com/twitter/scarecrow/features/FeaturesOfCommunityJoinEvent.java,botmaker,D11,D16,D11;D16,YES,HIGH,botmaker/label-system,FULL_SOURCE_REVIEW,NO,NO,NO,NO,NO,NO,NO,NO,NO,NO,NO,NO,30,1235
botmaker/scarecrow_features/src/main/java/com/twitter/scarecrow/features/FeaturesOfCommunityJoinRequestsAutoEnrollData.java,botmaker,D11,D16,D11;D16,YES,HIGH,botmaker/label-system,FULL_SOURCE_REVIEW,NO,NO,NO,NO,NO,NO,NO,NO,NO,NO,NO,NO,30,1187
botmaker/scarecrow_features/src/main/java/com/twitter/scarecrow/features/FeaturesOfCommunityPinEntryData.java,botmaker,D11,D16,D11;D16,YES,HIGH,botmaker/label-system,FULL_SOURCE_REVIEW,NO,NO,NO,NO,NO,NO,NO,NO,NO,NO,NO,NO,38,1540
botmaker/scarecrow_features/src/main/java/com/twitter/scarecrow/features/FeaturesOfCommunityRuleCreateData.java,botmaker,D11,D16,D11;D16,YES,HIGH,botmaker/label-system,FULL_SOURCE_REVIEW,NO,NO,NO,NO,NO,NO,NO,NO,NO,NO,NO,NO,35,1408
botmaker/scarecrow_features/src/main/java/com/twitter/scarecrow/features/FeaturesOfCommunityRuleRemoveData.java,botmaker,D11,D16,D11;D16,YES,HIGH,botmaker/label-system,FULL_SOURCE_REVIEW,NO,NO,NO,NO,NO,NO,NO,NO,NO,NO,NO,NO,28,1063
botmaker/scarecrow_features/src/main/java/com/twitter/scarecrow/features/FeaturesOfCommunityRuleUpdateData.java,botmaker,D11,D16,D11;D16,YES,HIGH,botmaker/label-system,FULL_SOURCE_REVIEW,NO,NO,NO,NO,NO,NO,NO,NO,NO,NO,NO,NO,45,1636
botmaker/scarecrow_features/src/main/java/com/twitter/scarecrow/features/FeaturesOfCommunityTweetHideData.java,botmaker,D11,D16,D11;D16,YES,HIGH,botmaker/label-system,FULL_SOURCE_REVIEW,NO,NO,NO,NO,NO,NO,NO,NO,NO,NO,NO,NO,28,1060
botmaker/scarecrow_features/src/main/java/com/twitter/scarecrow/features/FeaturesOfCommunityTweetReportData.java,botmaker,D11,D16,D11;D16,YES,HIGH,botmaker/label-system,FULL_SOURCE_REVIEW,NO,NO,NO,NO,NO,NO,NO,NO,NO,NO,NO,NO,35,1346
botmaker/scarecrow_features/src/main/java/com/twitter/scarecrow/features/FeaturesOfCommunityUnpinEntryData.java,botmaker,D11,D16,D11;D16,YES,HIGH,botmaker/label-system,FULL_SOURCE_REVIEW,NO,NO,NO,NO,NO,NO,NO,NO,NO,NO,NO,NO,39,1555
botmaker/scarecrow_features/src/main/java/com/twitter/scarecrow/features/FeaturesOfDMConversationReport.java,botmaker,D11,D16,D11;D16,YES,HIGH,botmaker/label-system,FULL_SOURCE_REVIEW,NO,NO,NO,NO,NO,NO,NO,NO,NO,NO,NO,NO,32,1065
botmaker/scarecrow_features/src/main/java/com/twitter/scarecrow/features/FeaturesOfDMReport.java,botmaker,D11,D16,D11;D16,YES,HIGH,botmaker/label-system,FULL_SOURCE_REVIEW,NO,NO,NO,NO,NO,NO,NO,NO,NO,NO,NO,NO,39,1403
botmaker/scarecrow_features/src/main/java/com/twitter/scarecrow/features/FeaturesOfDestroyStatus.java,botmaker,D11,D16,D11;D16,YES,HIGH,botmaker/label-system,FULL_SOURCE_REVIEW,NO,NO,NO,NO,NO,NO,NO,NO,NO,NO,NO,NO,36,1815
botmaker/scarecrow_features/src/main/java/com/twitter/scarecrow/features/FeaturesOfEmailChange.java,botmaker,D11,D16,D11;D16,YES,HIGH,botmaker/label-system,FULL_SOURCE_REVIEW,NO,NO,NO,NO,NO,NO,NO,NO,NO,NO,NO,NO,38,1746
botmaker/scarecrow_features/src/main/java/com/twitter/scarecrow/features/FeaturesOfEventBusFanoutEvent.java,botmaker,D11,D16,D11;D16,YES,HIGH,botmaker/label-system,FULL_SOURCE_REVIEW,NO,NO,NO,NO,NO,NO,NO,NO,NO,NO,NO,NO,285,13690
botmaker/scarecrow_features/src/main/java/com/twitter/scarecrow/features/FeaturesOfExploreClientEvent.java,botmaker,D11,D16,D11;D16,YES,HIGH,botmaker/label-system,FULL_SOURCE_REVIEW,NO,NO,NO,NO,NO,NO,NO,NO,NO,NO,NO,NO,93,3075
botmaker/scarecrow_features/src/main/java/com/twitter/scarecrow/features/FeaturesOfFavorite.java,botmaker,D11,D16,D11;D16,YES,HIGH,botmaker/label-system,FULL_SOURCE_REVIEW,NO,NO,NO,NO,NO,NO,NO,NO,NO,NO,NO,NO,41,1683
botmaker/scarecrow_features/src/main/java/com/twitter/scarecrow/features/FeaturesOfFilteredAuthRequest.java,botmaker,D11,D16,D11;D16,YES,HIGH,botmaker/label-system,FULL_SOURCE_REVIEW,NO,NO,NO,NO,NO,NO,NO,NO,NO,NO,NO,NO,49,2037
botmaker/scarecrow_features/src/main/java/com/twitter/scarecrow/features/FeaturesOfGrokShareEvent.java,botmaker,D11,D16,D11;D16,YES,HIGH,botmaker/label-system,FULL_SOURCE_REVIEW,NO,NO,NO,NO,NO,NO,NO,NO,NO,NO,NO,NO,35,1723
botmaker/scarecrow_features/src/main/java/com/twitter/scarecrow/features/FeaturesOfHealthGenericEntityEvent.java,botmaker,D11,D16,D11;D16,YES,HIGH,botmaker/label-system,FULL_SOURCE_REVIEW,NO,NO,NO,NO,NO,NO,NO,NO,NO,NO,NO,NO,29,990
botmaker/scarecrow_features/src/main/java/com/twitter/scarecrow/features/FeaturesOfHealthSideEffectEvent.java,botmaker,D11,D16,D11;D16,YES,HIGH,botmaker/label-system,FULL_SOURCE_REVIEW,NO,NO,NO,NO,NO,NO,NO,NO,NO,NO,NO,NO,255,12171
botmaker/scarecrow_features/src/main/java/com/twitter/scarecrow/features/FeaturesOfHmlSignupPredictionEvent.java,botmaker,D11,D16,D11;D16,YES,HIGH,botmaker/label-system,FULL_SOURCE_REVIEW,NO,NO,NO,NO,NO,NO,NO,NO,NO,NO,NO,NO,25,1068
botmaker/scarecrow_features/src/main/java/com/twitter/scarecrow/features/FeaturesOfInAppReport.java,botmaker,D11,D16,D11;D16,YES,HIGH,botmaker/label-system,FULL_SOURCE_REVIEW,NO,NO,NO,NO,NO,NO,NO,NO,NO,NO,NO,NO,331,14685
botmaker/scarecrow_features/src/main/java/com/twitter/scarecrow/features/FeaturesOfListReport.java,botmaker,D11,D16,D11;D16,YES,HIGH,botmaker/label-system,FULL_SOURCE_REVIEW,NO,NO,NO,NO,NO,NO,NO,NO,NO,NO,NO,NO,28,822
botmaker/scarecrow_features/src/main/java/com/twitter/scarecrow/features/FeaturesOfLoginChallengeAction.java,botmaker,D11,D16,D11;D16,YES,HIGH,botmaker/label-system,FULL_SOURCE_REVIEW,NO,NO,NO,NO,NO,NO,NO,NO,NO,NO,NO,NO,57,2457
botmaker/scarecrow_features/src/main/java/com/twitter/scarecrow/features/FeaturesOfMediaUpdate.java,botmaker,D11,D16,D11;D16,YES,HIGH,botmaker/label-system,FULL_SOURCE_REVIEW,NO,NO,NO,NO,NO,NO,NO,NO,NO,NO,NO,NO,184,8978
botmaker/scarecrow_features/src/main/java/com/twitter/scarecrow/features/FeaturesOfNsfwFlag.java,botmaker,D11,D16,D11;D16,YES,HIGH,botmaker/label-system,FULL_SOURCE_REVIEW,NO,NO,NO,NO,NO,NO,NO,NO,NO,NO,NO,NO,56,1971
botmaker/scarecrow_features/src/main/java/com/twitter/scarecrow/features/FeaturesOfPeriscopePublishBroadcastEvent.java,botmaker,D11,D16,D11;D16,YES,HIGH,botmaker/label-system,FULL_SOURCE_REVIEW,NO,NO,NO,NO,NO,NO,NO,NO,NO,NO,NO,NO,59,2290
botmaker/scarecrow_features/src/main/java/com/twitter/scarecrow/features/FeaturesOfPinkStealthResolutionsNotification.java,botmaker,D11,D16,D11;D16,YES,HIGH,botmaker/label-system,FULL_SOURCE_REVIEW,NO,NO,NO,NO,NO,NO,NO,NO,NO,NO,NO,NO,157,5866
botmaker/scarecrow_features/src/main/java/com/twitter/scarecrow/features/FeaturesOfPromotedTweet.java,botmaker,D11,D16,D11;D16,YES,HIGH,botmaker/label-system,FULL_SOURCE_REVIEW,NO,NO,NO,NO,NO,NO,NO,NO,NO,NO,NO,NO,74,2997
botmaker/scarecrow_features/src/main/java/com/twitter/scarecrow/features/FeaturesOfPublishedTicket.java,botmaker,D11,D16,D11;D16,YES,HIGH,botmaker/label-system,FULL_SOURCE_REVIEW,NO,NO,NO,NO,NO,NO,NO,NO,NO,NO,NO,NO,59,2145
botmaker/scarecrow_features/src/main/java/com/twitter/scarecrow/features/FeaturesOfReportAsSpam.java,botmaker,D11,D16,D11;D16,YES,HIGH,botmaker/label-system,FULL_SOURCE_REVIEW,NO,NO,NO,NO,NO,NO,NO,NO,NO,NO,NO,NO,35,1466
botmaker/scarecrow_features/src/main/java/com/twitter/scarecrow/features/FeaturesOfRtpCaseUpdateEvent.java,botmaker,D11,D16,D11;D16,YES,HIGH,botmaker/label-system,FULL_SOURCE_REVIEW,NO,NO,NO,NO,NO,NO,NO,NO,NO,NO,NO,NO,446,18912
botmaker/scarecrow_features/src/main/java/com/twitter/scarecrow/features/FeaturesOfSgsBlockGraphEvent.java,botmaker,D11,D16,D11;D16,YES,HIGH,botmaker/label-system,FULL_SOURCE_REVIEW,NO,NO,NO,NO,NO,NO,NO,NO,NO,NO,NO,NO,64,2478
botmaker/scarecrow_features/src/main/java/com/twitter/scarecrow/features/FeaturesOfSgsFollowGraphEvent.java,botmaker,D11,D16,D11;D16,YES,HIGH,botmaker/label-system,FULL_SOURCE_REVIEW,NO,NO,NO,NO,NO,NO,NO,NO,NO,NO,NO,NO,69,2787
botmaker/scarecrow_features/src/main/java/com/twitter/scarecrow/features/FeaturesOfSgsListCreateRequestResult.java,botmaker,D11,D16,D11;D16,YES,HIGH,botmaker/label-system,FULL_SOURCE_REVIEW,NO,NO,NO,NO,NO,NO,NO,NO,NO,NO,NO,NO,48,2037
botmaker/scarecrow_features/src/main/java/com/twitter/scarecrow/features/FeaturesOfSgsListMemberAddRequestResult.java,botmaker,D11,D16,D11;D16,YES,HIGH,botmaker/label-system,FULL_SOURCE_REVIEW,NO,NO,NO,NO,NO,NO,NO,NO,NO,NO,NO,NO,49,1962
botmaker/scarecrow_features/src/main/java/com/twitter/scarecrow/features/FeaturesOfSgsListMemberRemoveRequestResult.java,botmaker,D11,D16,D11;D16,YES,HIGH,botmaker/label-system,FULL_SOURCE_REVIEW,NO,NO,NO,NO,NO,NO,NO,NO,NO,NO,NO,NO,49,1980
botmaker/scarecrow_features/src/main/java/com/twitter/scarecrow/features/FeaturesOfSgsListRemoveRequestResult.java,botmaker,D11,D16,D11;D16,YES,HIGH,botmaker/label-system,FULL_SOURCE_REVIEW,NO,NO,NO,NO,NO,NO,NO,NO,NO,NO,NO,NO,47,1862
botmaker/scarecrow_features/src/main/java/com/twitter/scarecrow/features/FeaturesOfSgsListSubscribeRequestResult.java,botmaker,D11,D16,D11;D16,YES,HIGH,botmaker/label-system,FULL_SOURCE_REVIEW,NO,NO,NO,NO,NO,NO,NO,NO,NO,NO,NO,NO,49,1966
botmaker/scarecrow_features/src/main/java/com/twitter/scarecrow/features/FeaturesOfSgsListUnsubscribeRequestResult.java,botmaker,D11,D16,D11;D16,YES,HIGH,botmaker/label-system,FULL_SOURCE_REVIEW,NO,NO,NO,NO,NO,NO,NO,NO,NO,NO,NO,NO,49,1978
botmaker/scarecrow_features/src/main/java/com/twitter/scarecrow/features/FeaturesOfSgsListUpdateRequestResult.java,botmaker,D11,D16,D11;D16,YES,HIGH,botmaker/label-system,FULL_SOURCE_REVIEW,NO,NO,NO,NO,NO,NO,NO,NO,NO,NO,NO,NO,58,2540
botmaker/scarecrow_features/src/main/java/com/twitter/scarecrow/features/FeaturesOfSgsMuteGraphEvent.java,botmaker,D11,D16,D11;D16,YES,HIGH,botmaker/label-system,FULL_SOURCE_REVIEW,NO,NO,NO,NO,NO,NO,NO,NO,NO,NO,NO,NO,64,2393
botmaker/scarecrow_features/src/main/java/com/twitter/scarecrow/features/FeaturesOfSgsWriteRequestResult.java,botmaker,D11,D16,D11;D16,YES,HIGH,botmaker/label-system,FULL_SOURCE_REVIEW,NO,NO,NO,NO,NO,NO,NO,NO,NO,NO,NO,NO,53,2230
botmaker/scarecrow_features/src/main/java/com/twitter/scarecrow/features/FeaturesOfSoftFollowEvent.java,botmaker,D11,D16,D11;D16,YES,HIGH,botmaker/label-system,FULL_SOURCE_REVIEW,NO,NO,NO,NO,NO,NO,NO,NO,NO,NO,NO,NO,37,1456
botmaker/scarecrow_features/src/main/java/com/twitter/scarecrow/features/FeaturesOfSqrlEvent.java,botmaker,D11,D16,D11;D16,YES,HIGH,botmaker/label-system,FULL_SOURCE_REVIEW,NO,NO,NO,NO,NO,NO,NO,NO,NO,NO,NO,NO,29,1142
botmaker/scarecrow_features/src/main/java/com/twitter/scarecrow/features/FeaturesOfThornInfo.java,botmaker,D11,D16,D11;D16,YES,HIGH,botmaker/label-system,FULL_SOURCE_REVIEW,NO,NO,NO,NO,NO,NO,NO,NO,NO,NO,NO,NO,97,4254
botmaker/scarecrow_features/src/main/java/com/twitter/scarecrow/features/FeaturesOfTitleUpdatedEvent.java,botmaker,D11,D16,D11;D16,YES,HIGH,botmaker/label-system,FULL_SOURCE_REVIEW,NO,NO,NO,NO,NO,NO,NO,NO,NO,NO,NO,NO,27,1071
botmaker/scarecrow_features/src/main/java/com/twitter/scarecrow/features/FeaturesOfTweet.java,botmaker,D11,D16,D11;D16,YES,HIGH,botmaker/label-system,FULL_SOURCE_REVIEW,NO,NO,NO,NO,NO,NO,NO,NO,NO,NO,NO,NO,318,12478
botmaker/scarecrow_features/src/main/java/com/twitter/scarecrow/features/FeaturesOfTweetCreate.java,botmaker,D11,D16,D11;D16,YES,HIGH,botmaker/label-system,FULL_SOURCE_REVIEW,NO,NO,NO,NO,NO,NO,NO,NO,NO,NO,NO,NO,65,2252
botmaker/scarecrow_features/src/main/java/com/twitter/scarecrow/features/FeaturesOfTweetDelete.java,botmaker,D11,D16,D11;D16,YES,HIGH,botmaker/label-system,FULL_SOURCE_REVIEW,NO,NO,NO,NO,NO,NO,NO,NO,NO,NO,NO,NO,40,1354
botmaker/scarecrow_features/src/main/java/com/twitter/scarecrow/features/FeaturesOfTweetReport.java,botmaker,D11,D16,D11;D16,YES,HIGH,botmaker/label-system,FULL_SOURCE_REVIEW,NO,NO,NO,NO,NO,NO,NO,NO,NO,NO,NO,NO,106,3839
botmaker/scarecrow_features/src/main/java/com/twitter/scarecrow/features/FeaturesOfTweetSafetyLabelEvent.java,botmaker,D11,D16,D11;D16,YES,HIGH,botmaker/label-system,FULL_SOURCE_REVIEW,NO,NO,NO,NO,NO,NO,NO,NO,NO,NO,NO,NO,82,3602
botmaker/scarecrow_features/src/main/java/com/twitter/scarecrow/features/FeaturesOfTweetUndelete.java,botmaker,D11,D16,D11;D16,YES,HIGH,botmaker/label-system,FULL_SOURCE_REVIEW,NO,NO,NO,NO,NO,NO,NO,NO,NO,NO,NO,NO,59,2161
botmaker/scarecrow_features/src/main/java/com/twitter/scarecrow/features/FeaturesOfTwitterContext.java,botmaker,D11,D16,D11;D16,YES,HIGH,botmaker/label-system,FULL_SOURCE_REVIEW,NO,NO,NO,NO,NO,NO,NO,NO,NO,NO,NO,NO,62,1999
botmaker/scarecrow_features/src/main/java/com/twitter/scarecrow/features/FeaturesOfUnbookmarkEvent.java,botmaker,D11,D16,D11;D16,YES,HIGH,botmaker/label-system,FULL_SOURCE_REVIEW,NO,NO,NO,NO,NO,NO,NO,NO,NO,NO,NO,NO,27,954
botmaker/scarecrow_features/src/main/java/com/twitter/scarecrow/features/FeaturesOfUnfavorite.java,botmaker,D11,D16,D11;D16,YES,HIGH,botmaker/label-system,FULL_SOURCE_REVIEW,NO,NO,NO,NO,NO,NO,NO,NO,NO,NO,NO,NO,41,1711
botmaker/scarecrow_features/src/main/java/com/twitter/scarecrow/features/FeaturesOfUnifiedPostAnnotationsEvent.java,botmaker,D11,D16,D11;D16,YES,HIGH,botmaker/label-system,FULL_SOURCE_REVIEW,NO,NO,NO,NO,NO,NO,NO,NO,NO,NO,NO,NO,73,3791
botmaker/scarecrow_features/src/main/java/com/twitter/scarecrow/features/FeaturesOfUrlEvent.java,botmaker,D11,D16,D11;D16,YES,HIGH,botmaker/label-system,FULL_SOURCE_REVIEW,NO,NO,NO,NO,NO,NO,NO,NO,NO,NO,NO,NO,157,6316
botmaker/scarecrow_features/src/main/java/com/twitter/scarecrow/features/FeaturesOfUrlReputationChange.java,botmaker,D11,D16,D11;D16,YES,HIGH,botmaker/label-system,FULL_SOURCE_REVIEW,NO,NO,NO,NO,NO,NO,NO,NO,NO,NO,NO,NO,45,2079
botmaker/scarecrow_features/src/main/java/com/twitter/scarecrow/features/FeaturesOfUserCreate.java,botmaker,D11,D16,D11;D16,YES,HIGH,botmaker/label-system,FULL_SOURCE_REVIEW,NO,NO,NO,NO,NO,NO,NO,NO,NO,NO,NO,NO,57,2450
botmaker/scarecrow_features/src/main/java/com/twitter/scarecrow/features/FeaturesOfUserModification.java,botmaker,D11,D16,D11;D16,YES,HIGH,botmaker/label-system,FULL_SOURCE_REVIEW,NO,NO,NO,NO,NO,NO,NO,NO,NO,NO,NO,NO,74,3143
botmaker/scarecrow_features/src/main/java/com/twitter/scarecrow/features/FeaturesOfUserReport.java,botmaker,D11,D16,D11;D16,YES,HIGH,botmaker/label-system,FULL_SOURCE_REVIEW,NO,NO,NO,NO,NO,NO,NO,NO,NO,NO,NO,NO,85,3345
botmaker/scarecrow_features/src/main/java/com/twitter/scarecrow/features/FeaturesOfXchatMessageCreateEvent.java,botmaker,D11,D16,D11;D16,YES,HIGH,botmaker/label-system,FULL_SOURCE_REVIEW,NO,NO,NO,NO,NO,NO,NO,NO,NO,NO,NO,NO,53,1832
botmaker/scarecrow_features/src/main/java/com/twitter/scarecrow/features/FeaturesOfXchatMessageEvent.java,botmaker,D11,D16,D11;D16,YES,HIGH,botmaker/label-system,FULL_SOURCE_REVIEW,NO,NO,NO,NO,NO,NO,NO,NO,NO,NO,NO,NO,111,4171
botmaker/scarecrow_features/src/main/java/com/twitter/scarecrow/features/SqrlEventThriftSimpleJSONProtocol.java,botmaker,D11,D16,D11;D16,YES,HIGH,botmaker/label-system,FULL_SOURCE_REVIEW,NO,NO,NO,NO,NO,NO,NO,NO,NO,NO,NO,NO,33,992
botmaker/src/antlr/com/twitter/botmaker/BUILD,botmaker,D11,D16;D19,D11;D16;D19,YES,HIGH,botmaker/label-system,REPRO_BUILD_REVIEW,NO,NO,NO,NO,NO,NO,NO,NO,NO,YES,NO,NO,7,169
botmaker/src/antlr/com/twitter/botmaker/CONFIG.ini,botmaker,D11,D16;D17,D11;D16;D17,YES,HIGH,botmaker/label-system,FULL_SOURCE_REVIEW,NO,NO,NO,NO,NO,NO,NO,NO,YES,NO,NO,NO,3,21
botmaker/src/antlr/com/twitter/botmaker/antlr/BotMaker.g,botmaker,D11,D16,D11;D16,YES,HIGH,botmaker/label-system,FULL_SOURCE_REVIEW,NO,NO,NO,NO,NO,NO,NO,NO,NO,NO,NO,NO,248,5773
botmaker/src/java/com/twitter/botmaker/ASTNode.java,botmaker,D11,D16,D11;D16,YES,HIGH,botmaker/label-system,FULL_SOURCE_REVIEW,NO,NO,NO,NO,NO,NO,NO,NO,NO,NO,NO,NO,462,13869
botmaker/src/java/com/twitter/botmaker/BUILD,botmaker,D11,D16;D19,D11;D16;D19,YES,HIGH,botmaker/label-system,REPRO_BUILD_REVIEW,NO,NO,NO,NO,NO,NO,NO,NO,NO,YES,NO,NO,16,567
botmaker/src/java/com/twitter/botmaker/CONFIG.ini,botmaker,D11,D16;D17,D11;D16;D17,YES,HIGH,botmaker/label-system,FULL_SOURCE_REVIEW,NO,NO,NO,NO,NO,NO,NO,NO,YES,NO,NO,NO,3,21
botmaker/src/java/com/twitter/botmaker/Context.java,botmaker,D11,D16,D11;D16,YES,HIGH,botmaker/label-system,FULL_SOURCE_REVIEW,NO,NO,NO,NO,NO,NO,NO,NO,NO,NO,NO,NO,378,10931
botmaker/src/java/com/twitter/botmaker/ContextBuilder.java,botmaker,D11,D16,D11;D16,YES,HIGH,botmaker/label-system,FULL_SOURCE_REVIEW,NO,NO,NO,NO,NO,NO,NO,NO,NO,NO,NO,NO,107,2793
botmaker/src/java/com/twitter/botmaker/Extractor.java,botmaker,D11,D16,D11;D16,YES,HIGH,botmaker/label-system,FULL_SOURCE_REVIEW,NO,NO,NO,NO,NO,NO,NO,NO,NO,NO,NO,NO,174,4917
botmaker/src/java/com/twitter/botmaker/compiler/ActionLevel.java,botmaker,D11,D16,D11;D16,YES,HIGH,botmaker/label-system,FULL_SOURCE_REVIEW,NO,NO,NO,NO,NO,NO,NO,NO,NO,NO,NO,NO,12,284
botmaker/src/java/com/twitter/botmaker/compiler/BotMakerDoc.java,botmaker,D11,D16,D11;D16,YES,HIGH,botmaker/label-system,FULL_SOURCE_REVIEW,NO,NO,NO,NO,NO,NO,NO,NO,NO,NO,NO,NO,286,5416
botmaker/src/java/com/twitter/botmaker/compiler/BotMakerFunction.java,botmaker,D11,D16,D11;D16,YES,HIGH,botmaker/label-system,FULL_SOURCE_REVIEW,NO,NO,NO,NO,NO,NO,NO,NO,NO,NO,NO,NO,28,616
botmaker/src/java/com/twitter/botmaker/compiler/ClassCache.java,botmaker,D11,D16,D11;D16,YES,HIGH,botmaker/label-system,FULL_SOURCE_REVIEW,NO,NO,NO,NO,NO,NO,NO,NO,NO,NO,NO,NO,79,2776
botmaker/src/java/com/twitter/botmaker/compiler/Compiler.java,botmaker,D11,D16,D11;D16,YES,HIGH,botmaker/label-system,FULL_SOURCE_REVIEW,NO,NO,NO,NO,NO,NO,NO,NO,NO,NO,NO,NO,1617,59766
botmaker/src/java/com/twitter/botmaker/compiler/CompilerBuilder.java,botmaker,D11,D16,D11;D16,YES,HIGH,botmaker/label-system,FULL_SOURCE_REVIEW,NO,NO,NO,NO,NO,NO,NO,NO,NO,NO,NO,NO,261,8981
botmaker/src/java/com/twitter/botmaker/compiler/CompilerContext.java,botmaker,D11,D16,D11;D16,YES,HIGH,botmaker/label-system,FULL_SOURCE_REVIEW,NO,NO,NO,NO,NO,NO,NO,NO,NO,NO,NO,NO,478,15653
botmaker/src/java/com/twitter/botmaker/compiler/CompilerScope.java,botmaker,D11,D16,D11;D16,YES,HIGH,botmaker/label-system,FULL_SOURCE_REVIEW,NO,NO,NO,NO,NO,NO,NO,NO,NO,NO,NO,NO,140,4470
botmaker/src/java/com/twitter/botmaker/compiler/CompilerUnit.java,botmaker,D11,D16,D11;D16,YES,HIGH,botmaker/label-system,FULL_SOURCE_REVIEW,NO,NO,NO,NO,NO,NO,NO,NO,NO,NO,NO,NO,299,8688
botmaker/src/java/com/twitter/botmaker/compiler/DerivedFeature.java,botmaker,D11,D16,D11;D16,YES,HIGH,botmaker/label-system,FULL_SOURCE_REVIEW,NO,NO,NO,NO,NO,NO,NO,NO,NO,NO,NO,NO,168,4071
botmaker/src/java/com/twitter/botmaker/compiler/DerivedFeatureProvider.java,botmaker,D11,D16,D11;D16,YES,HIGH,botmaker/label-system,FULL_SOURCE_REVIEW,NO,NO,NO,NO,NO,NO,NO,NO,NO,NO,NO,NO,91,2589
botmaker/src/java/com/twitter/botmaker/compiler/Fingerprint.java,botmaker,D11,D16,D11;D16,YES,HIGH,botmaker/label-system,FULL_SOURCE_REVIEW,NO,NO,NO,NO,NO,NO,NO,NO,NO,NO,NO,NO,91,2183
botmaker/src/java/com/twitter/botmaker/compiler/InterruptibleCharSequence.java,botmaker,D11,D16,D11;D16,YES,HIGH,botmaker/label-system,FULL_SOURCE_REVIEW,NO,NO,NO,NO,NO,NO,NO,NO,NO,NO,NO,NO,48,1206
botmaker/src/java/com/twitter/botmaker/compiler/Mock.java,botmaker,D11,D16,D11;D16,YES,HIGH,botmaker/label-system,FIXTURE_EVIDENCE,NO,YES,NO,NO,NO,NO,NO,NO,NO,NO,NO,NO,163,5162
botmaker/src/java/com/twitter/botmaker/compiler/Parameter.java,botmaker,D11,D16;D17,D11;D16;D17,YES,HIGH,botmaker/label-system,FULL_SOURCE_REVIEW,NO,NO,NO,NO,NO,NO,NO,NO,YES,NO,NO,NO,95,2901
botmaker/src/java/com/twitter/botmaker/compiler/Parser.java,botmaker,D11,D16,D11;D16,YES,HIGH,botmaker/label-system,FULL_SOURCE_REVIEW,NO,NO,NO,NO,NO,NO,NO,NO,NO,NO,NO,NO,244,9212
botmaker/src/java/com/twitter/botmaker/compiler/RegexCache.java,botmaker,D11,D16,D11;D16,YES,HIGH,botmaker/label-system,FULL_SOURCE_REVIEW,NO,NO,NO,NO,NO,NO,NO,NO,NO,NO,NO,NO,162,5224
botmaker/src/java/com/twitter/botmaker/compiler/Serializer.java,botmaker,D11,D16,D11;D16,YES,HIGH,botmaker/label-system,FULL_SOURCE_REVIEW,NO,NO,NO,NO,NO,NO,NO,NO,NO,NO,NO,NO,1903,60814
botmaker/src/java/com/twitter/botmaker/compiler/Timeout.java,botmaker,D11,D16,D11;D16,YES,HIGH,botmaker/label-system,FULL_SOURCE_REVIEW,NO,NO,NO,NO,NO,NO,NO,NO,NO,NO,NO,NO,6,90
botmaker/src/java/com/twitter/botmaker/compiler/UsageUnit.java,botmaker,D11,D16,D11;D16,YES,HIGH,botmaker/label-system,FULL_SOURCE_REVIEW,NO,NO,NO,NO,NO,NO,NO,NO,NO,NO,NO,NO,103,2767
botmaker/src/java/com/twitter/botmaker/compiler/exceptions/BadFetchedDataException.java,botmaker,D11,D16,D11;D16,YES,HIGH,botmaker/label-system,FULL_SOURCE_REVIEW,NO,NO,NO,NO,NO,NO,NO,NO,NO,NO,NO,NO,10,207
botmaker/src/java/com/twitter/botmaker/compiler/exceptions/ContextCancelledException.java,botmaker,D11,D16,D11;D16,YES,HIGH,botmaker/label-system,FULL_SOURCE_REVIEW,NO,NO,NO,NO,NO,NO,NO,NO,NO,NO,NO,NO,9,205
botmaker/src/java/com/twitter/botmaker/compiler/exceptions/FunctionFailure.java,botmaker,D11,D16,D11;D16,YES,HIGH,botmaker/label-system,FULL_SOURCE_REVIEW,NO,NO,NO,NO,NO,NO,NO,NO,NO,NO,NO,NO,58,1443
botmaker/src/java/com/twitter/botmaker/compiler/exceptions/MissingFeatureException.java,botmaker,D11,D16,D11;D16,YES,HIGH,botmaker/label-system,FULL_SOURCE_REVIEW,NO,NO,NO,NO,NO,NO,NO,NO,NO,NO,NO,NO,9,190
botmaker/src/java/com/twitter/botmaker/compiler/exceptions/ParseFailure.java,botmaker,D11,D16,D11;D16,YES,HIGH,botmaker/label-system,FULL_SOURCE_REVIEW,NO,NO,NO,NO,NO,NO,NO,NO,NO,NO,NO,NO,11,234
botmaker/src/java/com/twitter/botmaker/compiler/exceptions/RegexTimeoutException.java,botmaker,D11,D16,D11;D16,YES,HIGH,botmaker/label-system,FULL_SOURCE_REVIEW,NO,NO,NO,NO,NO,NO,NO,NO,NO,NO,NO,NO,10,203
botmaker/src/java/com/twitter/botmaker/compiler/exceptions/RuntimeFailure.java,botmaker,D11,D16,D11;D16,YES,HIGH,botmaker/label-system,FULL_SOURCE_REVIEW,NO,NO,NO,NO,NO,NO,NO,NO,NO,NO,NO,NO,17,316
botmaker/src/java/com/twitter/botmaker/compiler/exceptions/SemanticCheckFailure.java,botmaker,D11,D16,D11;D16,YES,HIGH,botmaker/label-system,FULL_SOURCE_REVIEW,NO,NO,NO,NO,NO,NO,NO,NO,NO,NO,NO,NO,12,236
botmaker/src/java/com/twitter/botmaker/compiler/thrift/FieldMetaData.java,botmaker,D11,D16,D11;D16,YES,HIGH,botmaker/label-system,FULL_SOURCE_REVIEW,NO,NO,NO,NO,NO,NO,YES,NO,NO,NO,NO,NO,18,493
botmaker/src/java/com/twitter/botmaker/compiler/thrift/FieldValueMetaData.java,botmaker,D11,D16,D11;D16,YES,HIGH,botmaker/label-system,FULL_SOURCE_REVIEW,NO,NO,NO,NO,NO,NO,YES,NO,NO,NO,NO,NO,51,1120
botmaker/src/java/com/twitter/botmaker/compiler/thrift/ListMetaData.java,botmaker,D11,D16,D11;D16,YES,HIGH,botmaker/label-system,FULL_SOURCE_REVIEW,NO,NO,NO,NO,NO,NO,YES,NO,NO,NO,NO,NO,28,608
botmaker/src/java/com/twitter/botmaker/compiler/thrift/MapMetaData.java,botmaker,D11,D16,D11;D16,YES,HIGH,botmaker/label-system,FULL_SOURCE_REVIEW,NO,NO,NO,NO,NO,NO,YES,NO,NO,NO,NO,NO,31,762
botmaker/src/java/com/twitter/botmaker/compiler/thrift/PrimitiveValueMetaData.java,botmaker,D11,D16,D11;D16,YES,HIGH,botmaker/label-system,FULL_SOURCE_REVIEW,NO,NO,NO,NO,NO,NO,YES,NO,NO,NO,NO,NO,70,1437
botmaker/src/java/com/twitter/botmaker/compiler/thrift/SetMetaData.java,botmaker,D11,D16,D11;D16,YES,HIGH,botmaker/label-system,FULL_SOURCE_REVIEW,NO,NO,NO,NO,NO,NO,YES,NO,NO,NO,NO,NO,28,603
botmaker/src/java/com/twitter/botmaker/compiler/thrift/TBaseStructMetaData.java,botmaker,D11,D16,D11;D16,YES,HIGH,botmaker/label-system,FULL_SOURCE_REVIEW,NO,NO,NO,NO,NO,NO,YES,NO,NO,NO,NO,NO,28,720
botmaker/src/java/com/twitter/botmaker/compiler/thrift/TEnumMetaData.java,botmaker,D11,D16,D11;D16,YES,HIGH,botmaker/label-system,FULL_SOURCE_REVIEW,NO,NO,NO,NO,NO,NO,YES,NO,NO,NO,NO,NO,26,528
botmaker/src/java/com/twitter/botmaker/compiler/thrift/TFieldRequirementType.java,botmaker,D11,D16,D11;D16,YES,HIGH,botmaker/label-system,FULL_SOURCE_REVIEW,NO,NO,NO,NO,NO,NO,YES,NO,NO,NO,NO,NO,12,401
botmaker/src/java/com/twitter/botmaker/compiler/thrift/TType.java,botmaker,D11,D16,D11;D16,YES,HIGH,botmaker/label-system,FULL_SOURCE_REVIEW,NO,NO,NO,NO,NO,NO,YES,NO,NO,NO,NO,NO,24,1181
botmaker/src/java/com/twitter/botmaker/compiler/thrift/ThriftEnumMetaData.java,botmaker,D11,D16,D11;D16,YES,HIGH,botmaker/label-system,FULL_SOURCE_REVIEW,NO,NO,NO,NO,NO,NO,YES,NO,NO,NO,NO,NO,25,554
botmaker/src/java/com/twitter/botmaker/compiler/thrift/ThriftStructMetaData.java,botmaker,D11,D16,D11;D16,YES,HIGH,botmaker/label-system,FULL_SOURCE_REVIEW,NO,NO,NO,NO,NO,NO,YES,NO,NO,NO,NO,NO,27,762
botmaker/src/java/com/twitter/botmaker/compiler/tuples/OutputKey.java,botmaker,D11,D16,D11;D16,YES,HIGH,botmaker/label-system,FULL_SOURCE_REVIEW,NO,NO,NO,NO,NO,NO,NO,NO,NO,NO,NO,NO,19,437
botmaker/src/java/com/twitter/botmaker/compiler/tuples/Pair.java,botmaker,D11,D16,D11;D16,YES,HIGH,botmaker/label-system,FULL_SOURCE_REVIEW,NO,NO,NO,NO,NO,NO,NO,NO,NO,NO,NO,NO,56,891
botmaker/src/java/com/twitter/botmaker/compiler/tuples/StackFrame.java,botmaker,D11,D16,D11;D16,YES,HIGH,botmaker/label-system,FULL_SOURCE_REVIEW,NO,NO,NO,NO,NO,NO,NO,NO,NO,NO,NO,NO,32,701
botmaker/src/java/com/twitter/botmaker/compiler/tuples/StructTuple.java,botmaker,D11,D16,D11;D16,YES,HIGH,botmaker/label-system,FULL_SOURCE_REVIEW,NO,NO,NO,NO,NO,NO,NO,NO,NO,NO,NO,NO,80,1885
botmaker/src/java/com/twitter/botmaker/compiler/tuples/Symbol.java,botmaker,D11,D16,D11;D16,YES,HIGH,botmaker/label-system,FULL_SOURCE_REVIEW,NO,NO,NO,NO,NO,NO,NO,NO,NO,NO,NO,NO,30,639
botmaker/src/java/com/twitter/botmaker/compiler/tuples/Try.java,botmaker,D11,D16,D11;D16,YES,HIGH,botmaker/label-system,FULL_SOURCE_REVIEW,NO,NO,NO,NO,NO,NO,NO,NO,NO,NO,NO,NO,34,718
botmaker/src/java/com/twitter/botmaker/compiler/tuples/TryWithStack.java,botmaker,D11,D16,D11;D16,YES,HIGH,botmaker/label-system,FULL_SOURCE_REVIEW,NO,NO,NO,NO,NO,NO,NO,NO,NO,NO,NO,NO,47,996
botmaker/src/java/com/twitter/botmaker/compiler/tuples/Tuple.java,botmaker,D11,D16,D11;D16,YES,HIGH,botmaker/label-system,FULL_SOURCE_REVIEW,NO,NO,NO,NO,NO,NO,NO,NO,NO,NO,NO,NO,111,2372
botmaker/src/java/com/twitter/botmaker/compiler/tuples/Tuple3.java,botmaker,D11,D16,D11;D16,YES,HIGH,botmaker/label-system,FULL_SOURCE_REVIEW,NO,NO,NO,NO,NO,NO,NO,NO,NO,NO,NO,NO,61,946
botmaker/src/java/com/twitter/botmaker/compiler/tuples/Tuple4.java,botmaker,D11,D16,D11;D16,YES,HIGH,botmaker/label-system,FULL_SOURCE_REVIEW,NO,NO,NO,NO,NO,NO,NO,NO,NO,NO,NO,NO,68,1089
botmaker/src/java/com/twitter/botmaker/compiler/types/FieldAccessibleType.java,botmaker,D11,D16,D11;D16,YES,HIGH,botmaker/label-system,FULL_SOURCE_REVIEW,NO,NO,NO,NO,NO,NO,NO,NO,NO,NO,NO,NO,16,382
botmaker/src/java/com/twitter/botmaker/compiler/types/StructTupleType.java,botmaker,D11,D16,D11;D16,YES,HIGH,botmaker/label-system,FULL_SOURCE_REVIEW,NO,NO,NO,NO,NO,NO,NO,NO,NO,NO,NO,NO,201,6118
botmaker/src/java/com/twitter/botmaker/compiler/types/Symbol.java,botmaker,D11,D16,D11;D16,YES,HIGH,botmaker/label-system,FULL_SOURCE_REVIEW,NO,NO,NO,NO,NO,NO,NO,NO,NO,NO,NO,NO,34,657
botmaker/src/java/com/twitter/botmaker/compiler/types/ThriftEnumType.java,botmaker,D11,D16,D11;D16,YES,HIGH,botmaker/label-system,FULL_SOURCE_REVIEW,NO,NO,NO,NO,NO,NO,NO,NO,NO,NO,NO,NO,21,546
botmaker/src/java/com/twitter/botmaker/compiler/types/ThriftStructType.java,botmaker,D11,D16,D11;D16,YES,HIGH,botmaker/label-system,FULL_SOURCE_REVIEW,NO,NO,NO,NO,NO,NO,NO,NO,NO,NO,NO,NO,838,27076
botmaker/src/java/com/twitter/botmaker/compiler/types/ThriftType.java,botmaker,D11,D16,D11;D16,YES,HIGH,botmaker/label-system,FULL_SOURCE_REVIEW,NO,NO,NO,NO,NO,NO,NO,NO,NO,NO,NO,NO,464,17170
botmaker/src/java/com/twitter/botmaker/compiler/types/TupleType.java,botmaker,D11,D16,D11;D16,YES,HIGH,botmaker/label-system,FULL_SOURCE_REVIEW,NO,NO,NO,NO,NO,NO,NO,NO,NO,NO,NO,NO,85,2526
botmaker/src/java/com/twitter/botmaker/compiler/types/Type.java,botmaker,D11,D16,D11;D16,YES,HIGH,botmaker/label-system,FULL_SOURCE_REVIEW,NO,NO,NO,NO,NO,NO,NO,NO,NO,NO,NO,NO,692,22685
botmaker/src/java/com/twitter/botmaker/compiler/types/TypeCompiler.java,botmaker,D11,D16,D11;D16,YES,HIGH,botmaker/label-system,FULL_SOURCE_REVIEW,NO,NO,NO,NO,NO,NO,NO,NO,NO,NO,NO,NO,114,3997
botmaker/src/java/com/twitter/botmaker/compiler/types/TypeContext.java,botmaker,D11,D16,D11;D16,YES,HIGH,botmaker/label-system,FULL_SOURCE_REVIEW,NO,NO,NO,NO,NO,NO,NO,NO,NO,NO,NO,NO,16,334
botmaker/src/java/com/twitter/botmaker/config/ConfigContainer.java,botmaker,D11,D16;D17,D11;D16;D17,YES,HIGH,botmaker/label-system,FULL_SOURCE_REVIEW,NO,NO,NO,NO,NO,NO,NO,NO,YES,NO,NO,NO,27,719
botmaker/src/java/com/twitter/botmaker/config/ConfigNode.java,botmaker,D11,D16;D17,D11;D16;D17,YES,HIGH,botmaker/label-system,FULL_SOURCE_REVIEW,NO,NO,NO,NO,NO,NO,NO,NO,YES,NO,NO,NO,59,1757
botmaker/src/java/com/twitter/botmaker/function/Block.java,botmaker,D11,D16,D11;D16,YES,HIGH,botmaker/label-system,FULL_SOURCE_REVIEW,NO,NO,NO,NO,NO,NO,NO,NO,NO,NO,NO,NO,157,5443
botmaker/src/java/com/twitter/botmaker/function/Constant.java,botmaker,D11,D16,D11;D16,YES,HIGH,botmaker/label-system,FULL_SOURCE_REVIEW,NO,NO,NO,NO,NO,NO,NO,NO,NO,NO,NO,NO,181,5407
botmaker/src/java/com/twitter/botmaker/function/DerivedFeatureCall.java,botmaker,D11,D16,D11;D16,YES,HIGH,botmaker/label-system,FULL_SOURCE_REVIEW,NO,NO,NO,NO,NO,NO,NO,NO,NO,NO,NO,NO,238,7609
botmaker/src/java/com/twitter/botmaker/function/Do.java,botmaker,D11,D16,D11;D16,YES,HIGH,botmaker/label-system,FULL_SOURCE_REVIEW,NO,NO,NO,NO,NO,NO,NO,NO,NO,NO,NO,NO,49,1200
botmaker/src/java/com/twitter/botmaker/function/DoAsync.java,botmaker,D11,D16,D11;D16,YES,HIGH,botmaker/label-system,FULL_SOURCE_REVIEW,NO,NO,NO,NO,NO,NO,NO,NO,NO,NO,NO,NO,63,1718
botmaker/src/java/com/twitter/botmaker/function/DoSequential.java,botmaker,D11,D16,D11;D16,YES,HIGH,botmaker/label-system,FULL_SOURCE_REVIEW,NO,NO,NO,NO,NO,NO,NO,NO,NO,NO,NO,NO,89,2568
botmaker/src/java/com/twitter/botmaker/function/FunctionNode.java,botmaker,D11,D16,D11;D16,YES,HIGH,botmaker/label-system,FULL_SOURCE_REVIEW,NO,NO,NO,NO,NO,NO,NO,NO,NO,NO,NO,NO,79,2528
botmaker/src/java/com/twitter/botmaker/function/FunctionNode0.java,botmaker,D11,D16,D11;D16,YES,HIGH,botmaker/label-system,FULL_SOURCE_REVIEW,NO,NO,NO,NO,NO,NO,NO,NO,NO,NO,NO,NO,72,2209
botmaker/src/java/com/twitter/botmaker/function/FunctionNode1.java,botmaker,D11,D16,D11;D16,YES,HIGH,botmaker/label-system,FULL_SOURCE_REVIEW,NO,NO,NO,NO,NO,NO,NO,NO,NO,NO,NO,NO,74,2429
botmaker/src/java/com/twitter/botmaker/function/FunctionNode1O1.java,botmaker,D11,D16,D11;D16,YES,HIGH,botmaker/label-system,FULL_SOURCE_REVIEW,NO,NO,NO,NO,NO,NO,NO,NO,NO,NO,NO,NO,110,3639
botmaker/src/java/com/twitter/botmaker/function/FunctionNode1O3.java,botmaker,D11,D16,D11;D16,YES,HIGH,botmaker/label-system,FULL_SOURCE_REVIEW,NO,NO,NO,NO,NO,NO,NO,NO,NO,NO,NO,NO,119,4152
botmaker/src/java/com/twitter/botmaker/function/FunctionNode2.java,botmaker,D11,D16,D11;D16,YES,HIGH,botmaker/label-system,FULL_SOURCE_REVIEW,NO,NO,NO,NO,NO,NO,NO,NO,NO,NO,NO,NO,77,2549
botmaker/src/java/com/twitter/botmaker/function/FunctionNode2O1.java,botmaker,D11,D16,D11;D16,YES,HIGH,botmaker/label-system,FULL_SOURCE_REVIEW,NO,NO,NO,NO,NO,NO,NO,NO,NO,NO,NO,NO,108,3828
botmaker/src/java/com/twitter/botmaker/function/FunctionNode3.java,botmaker,D11,D16,D11;D16,YES,HIGH,botmaker/label-system,FULL_SOURCE_REVIEW,NO,NO,NO,NO,NO,NO,NO,NO,NO,NO,NO,NO,79,2728
botmaker/src/java/com/twitter/botmaker/function/FunctionNode6O5.java,botmaker,D11,D16,D11;D16,YES,HIGH,botmaker/label-system,FULL_SOURCE_REVIEW,NO,NO,NO,NO,NO,NO,NO,NO,NO,NO,NO,NO,169,6748
botmaker/src/java/com/twitter/botmaker/function/GeneralNode.java,botmaker,D11,D16,D11;D16,YES,HIGH,botmaker/label-system,FULL_SOURCE_REVIEW,NO,NO,NO,NO,NO,NO,NO,NO,NO,NO,NO,NO,68,2139
botmaker/src/java/com/twitter/botmaker/function/IfThenElse.java,botmaker,D11,D16,D11;D16,YES,HIGH,botmaker/label-system,FULL_SOURCE_REVIEW,NO,NO,NO,NO,NO,NO,NO,NO,NO,NO,NO,NO,121,3679
botmaker/src/java/com/twitter/botmaker/function/Val.java,botmaker,D11,D16,D11;D16,YES,HIGH,botmaker/label-system,FULL_SOURCE_REVIEW,NO,NO,NO,NO,NO,NO,NO,NO,NO,NO,NO,NO,68,2009
botmaker/src/java/com/twitter/botmaker/function/Variable.java,botmaker,D11,D16,D11;D16,YES,HIGH,botmaker/label-system,FULL_SOURCE_REVIEW,NO,NO,NO,NO,NO,NO,NO,NO,NO,NO,NO,NO,56,1403
botmaker/src/java/com/twitter/botmaker/function/With.java,botmaker,D11,D16,D11;D16,YES,HIGH,botmaker/label-system,FULL_SOURCE_REVIEW,NO,NO,NO,NO,NO,NO,NO,NO,NO,NO,NO,NO,149,5067
botmaker/src/java/com/twitter/botmaker/function/bitwise/BitwiseAnd.java,botmaker,D11,D16,D11;D16,YES,HIGH,botmaker/label-system,FULL_SOURCE_REVIEW,NO,NO,NO,NO,NO,NO,NO,NO,NO,NO,NO,NO,36,855
botmaker/src/java/com/twitter/botmaker/function/bitwise/BitwiseInvert.java,botmaker,D11,D16,D11;D16,YES,HIGH,botmaker/label-system,FULL_SOURCE_REVIEW,NO,NO,NO,NO,NO,NO,NO,NO,NO,NO,NO,NO,53,1368
botmaker/src/java/com/twitter/botmaker/function/bitwise/BitwiseOp.java,botmaker,D11,D16,D11;D16,YES,HIGH,botmaker/label-system,FULL_SOURCE_REVIEW,NO,NO,NO,NO,NO,NO,NO,NO,NO,NO,NO,NO,39,1056
botmaker/src/java/com/twitter/botmaker/function/bitwise/BitwiseOr.java,botmaker,D11,D16,D11;D16,YES,HIGH,botmaker/label-system,FULL_SOURCE_REVIEW,NO,NO,NO,NO,NO,NO,NO,NO,NO,NO,NO,NO,41,940
botmaker/src/java/com/twitter/botmaker/function/bitwise/BitwiseSignedLeftShift.java,botmaker,D11,D16,D11;D16,YES,HIGH,botmaker/label-system,FULL_SOURCE_REVIEW,NO,NO,NO,NO,NO,NO,NO,NO,NO,NO,NO,NO,36,900
botmaker/src/java/com/twitter/botmaker/function/bitwise/BitwiseSignedRightShift.java,botmaker,D11,D16,D11;D16,YES,HIGH,botmaker/label-system,FULL_SOURCE_REVIEW,NO,NO,NO,NO,NO,NO,NO,NO,NO,NO,NO,NO,36,903
botmaker/src/java/com/twitter/botmaker/function/bitwise/BitwiseUnsignedRightShift.java,botmaker,D11,D16,D11;D16,YES,HIGH,botmaker/label-system,FULL_SOURCE_REVIEW,NO,NO,NO,NO,NO,NO,NO,NO,NO,NO,NO,NO,36,913
botmaker/src/java/com/twitter/botmaker/function/bitwise/BitwiseXor.java,botmaker,D11,D16,D11;D16,YES,HIGH,botmaker/label-system,FULL_SOURCE_REVIEW,NO,NO,NO,NO,NO,NO,NO,NO,NO,NO,NO,NO,36,855
botmaker/src/java/com/twitter/botmaker/function/bitwise/ReverseBits.java,botmaker,D11,D16,D11;D16,YES,HIGH,botmaker/label-system,FULL_SOURCE_REVIEW,NO,NO,NO,NO,NO,NO,NO,NO,NO,NO,NO,NO,54,1419
botmaker/src/java/com/twitter/botmaker/function/collection/Any.java,botmaker,D11,D16,D11;D16,YES,HIGH,botmaker/label-system,FULL_SOURCE_REVIEW,NO,NO,NO,NO,NO,NO,NO,NO,NO,NO,NO,NO,175,7073
botmaker/src/java/com/twitter/botmaker/function/collection/Contains.java,botmaker,D11,D16,D11;D16,YES,HIGH,botmaker/label-system,FULL_SOURCE_REVIEW,NO,NO,NO,NO,NO,NO,NO,NO,NO,NO,NO,NO,92,2850
botmaker/src/java/com/twitter/botmaker/function/collection/Copy.java,botmaker,D11,D16,D11;D16,YES,HIGH,botmaker/label-system,FULL_SOURCE_REVIEW,NO,NO,NO,NO,NO,NO,NO,NO,NO,NO,NO,NO,181,5769
botmaker/src/java/com/twitter/botmaker/function/collection/Count.java,botmaker,D11,D16,D11;D16,YES,HIGH,botmaker/label-system,FULL_SOURCE_REVIEW,NO,NO,NO,NO,NO,NO,NO,NO,NO,NO,NO,NO,73,2219
botmaker/src/java/com/twitter/botmaker/function/collection/Distinct.java,botmaker,D11,D16,D11;D16,YES,HIGH,botmaker/label-system,FULL_SOURCE_REVIEW,NO,NO,NO,NO,NO,NO,NO,NO,NO,NO,NO,NO,55,1682
botmaker/src/java/com/twitter/botmaker/function/collection/ElementAtIndex.java,botmaker,D11,D16,D11;D16,YES,HIGH,botmaker/label-system,FULL_SOURCE_REVIEW,NO,NO,NO,NO,NO,NO,NO,NO,NO,NO,NO,NO,61,1592
botmaker/src/java/com/twitter/botmaker/function/collection/Filter.java,botmaker,D11,D16,D11;D16,YES,HIGH,botmaker/label-system,FULL_SOURCE_REVIEW,NO,NO,NO,NO,NO,NO,NO,NO,NO,NO,NO,NO,218,8101
botmaker/src/java/com/twitter/botmaker/function/collection/First.java,botmaker,D11,D16,D11;D16,YES,HIGH,botmaker/label-system,FULL_SOURCE_REVIEW,NO,NO,NO,NO,NO,NO,NO,NO,NO,NO,NO,NO,51,1425
botmaker/src/java/com/twitter/botmaker/function/collection/FirstN.java,botmaker,D11,D16,D11;D16,YES,HIGH,botmaker/label-system,FULL_SOURCE_REVIEW,NO,NO,NO,NO,NO,NO,NO,NO,NO,NO,NO,NO,59,1651
botmaker/src/java/com/twitter/botmaker/function/collection/Flatten.java,botmaker,D11,D16,D11;D16,YES,HIGH,botmaker/label-system,FULL_SOURCE_REVIEW,NO,NO,NO,NO,NO,NO,NO,NO,NO,NO,NO,NO,63,1976
botmaker/src/java/com/twitter/botmaker/function/collection/Fold.java,botmaker,D11,D16,D11;D16,YES,HIGH,botmaker/label-system,FULL_SOURCE_REVIEW,NO,NO,NO,NO,NO,NO,NO,NO,NO,NO,NO,NO,190,6575
botmaker/src/java/com/twitter/botmaker/function/collection/ForEach.java,botmaker,D11,D16,D11;D16,YES,HIGH,botmaker/label-system,FULL_SOURCE_REVIEW,NO,NO,NO,NO,NO,NO,NO,NO,NO,NO,NO,NO,183,6853
botmaker/src/java/com/twitter/botmaker/function/collection/IndexAccessor.java,botmaker,D11,D16,D11;D16,YES,HIGH,botmaker/label-system,FULL_SOURCE_REVIEW,NO,NO,NO,NO,NO,NO,NO,NO,NO,NO,NO,NO,160,5087
botmaker/src/java/com/twitter/botmaker/function/collection/IsCollection.java,botmaker,D11,D16,D11;D16,YES,HIGH,botmaker/label-system,FULL_SOURCE_REVIEW,NO,NO,NO,NO,NO,NO,NO,NO,NO,NO,NO,NO,56,1481
botmaker/src/java/com/twitter/botmaker/function/collection/Last.java,botmaker,D11,D16,D11;D16,YES,HIGH,botmaker/label-system,FULL_SOURCE_REVIEW,NO,NO,NO,NO,NO,NO,NO,NO,NO,NO,NO,NO,51,1435
botmaker/src/java/com/twitter/botmaker/function/collection/LastN.java,botmaker,D11,D16,D11;D16,YES,HIGH,botmaker/label-system,FULL_SOURCE_REVIEW,NO,NO,NO,NO,NO,NO,NO,NO,NO,NO,NO,NO,55,1787
botmaker/src/java/com/twitter/botmaker/function/collection/ListAppend.java,botmaker,D11,D16,D11;D16,YES,HIGH,botmaker/label-system,FULL_SOURCE_REVIEW,NO,NO,NO,NO,NO,NO,NO,NO,NO,NO,NO,NO,73,1960
botmaker/src/java/com/twitter/botmaker/function/collection/ListConcat.java,botmaker,D11,D16,D11;D16,YES,HIGH,botmaker/label-system,FULL_SOURCE_REVIEW,NO,NO,NO,NO,NO,NO,NO,NO,NO,NO,NO,NO,64,1954
botmaker/src/java/com/twitter/botmaker/function/collection/ListJoin.java,botmaker,D11,D16,D11;D16,YES,HIGH,botmaker/label-system,FULL_SOURCE_REVIEW,NO,NO,NO,NO,NO,NO,NO,NO,NO,NO,NO,NO,69,1913
botmaker/src/java/com/twitter/botmaker/function/collection/ListOperator.java,botmaker,D11,D16,D11;D16,YES,HIGH,botmaker/label-system,FULL_SOURCE_REVIEW,NO,NO,NO,NO,NO,NO,NO,NO,NO,NO,NO,NO,57,1561
botmaker/src/java/com/twitter/botmaker/function/collection/ListPrepend.java,botmaker,D11,D16,D11;D16,YES,HIGH,botmaker/label-system,FULL_SOURCE_REVIEW,NO,NO,NO,NO,NO,NO,NO,NO,NO,NO,NO,NO,73,1971
botmaker/src/java/com/twitter/botmaker/function/collection/MapContains.java,botmaker,D11,D16,D11;D16,YES,HIGH,botmaker/label-system,FULL_SOURCE_REVIEW,NO,NO,NO,NO,NO,NO,NO,NO,NO,NO,NO,NO,63,1759
botmaker/src/java/com/twitter/botmaker/function/collection/MapEntries.java,botmaker,D11,D16,D11;D16,YES,HIGH,botmaker/label-system,FULL_SOURCE_REVIEW,NO,NO,NO,NO,NO,NO,NO,NO,NO,NO,NO,NO,62,1951
botmaker/src/java/com/twitter/botmaker/function/collection/MapGet.java,botmaker,D11,D16,D11;D16,YES,HIGH,botmaker/label-system,FULL_SOURCE_REVIEW,NO,NO,NO,NO,NO,NO,NO,NO,NO,NO,NO,NO,76,2049
botmaker/src/java/com/twitter/botmaker/function/collection/MapKeys.java,botmaker,D11,D16,D11;D16,YES,HIGH,botmaker/label-system,FULL_SOURCE_REVIEW,NO,NO,NO,NO,NO,NO,NO,NO,NO,NO,NO,NO,55,1675
botmaker/src/java/com/twitter/botmaker/function/collection/MapMerge.java,botmaker,D11,D16,D11;D16,YES,HIGH,botmaker/label-system,FULL_SOURCE_REVIEW,NO,NO,NO,NO,NO,NO,NO,NO,NO,NO,NO,NO,70,2088
botmaker/src/java/com/twitter/botmaker/function/collection/MapOperator.java,botmaker,D11,D16,D11;D16,YES,HIGH,botmaker/label-system,FULL_SOURCE_REVIEW,NO,NO,NO,NO,NO,NO,NO,NO,NO,NO,NO,NO,72,2103
botmaker/src/java/com/twitter/botmaker/function/collection/MapRemove.java,botmaker,D11,D16,D11;D16,YES,HIGH,botmaker/label-system,FULL_SOURCE_REVIEW,NO,NO,NO,NO,NO,NO,NO,NO,NO,NO,NO,NO,78,2221
botmaker/src/java/com/twitter/botmaker/function/collection/MapValues.java,botmaker,D11,D16,D11;D16,YES,HIGH,botmaker/label-system,FULL_SOURCE_REVIEW,NO,NO,NO,NO,NO,NO,NO,NO,NO,NO,NO,NO,53,1576
botmaker/src/java/com/twitter/botmaker/function/collection/PairFirst.java,botmaker,D11,D16,D11;D16,YES,HIGH,botmaker/label-system,FULL_SOURCE_REVIEW,NO,NO,NO,NO,NO,NO,NO,NO,NO,NO,NO,NO,53,1522
botmaker/src/java/com/twitter/botmaker/function/collection/PairSecond.java,botmaker,D11,D16,D11;D16,YES,HIGH,botmaker/label-system,FULL_SOURCE_REVIEW,NO,NO,NO,NO,NO,NO,NO,NO,NO,NO,NO,NO,54,1562
botmaker/src/java/com/twitter/botmaker/function/collection/Range.java,botmaker,D11,D16,D11;D16,YES,HIGH,botmaker/label-system,FULL_SOURCE_REVIEW,NO,NO,NO,NO,NO,NO,NO,NO,NO,NO,NO,NO,83,2033
botmaker/src/java/com/twitter/botmaker/function/collection/SetDiff.java,botmaker,D11,D16,D11;D16,YES,HIGH,botmaker/label-system,FULL_SOURCE_REVIEW,NO,NO,NO,NO,NO,NO,NO,NO,NO,NO,NO,NO,61,1637
botmaker/src/java/com/twitter/botmaker/function/collection/SetIntersect.java,botmaker,D11,D16,D11;D16,YES,HIGH,botmaker/label-system,FULL_SOURCE_REVIEW,NO,NO,NO,NO,NO,NO,NO,NO,NO,NO,NO,NO,70,2173
botmaker/src/java/com/twitter/botmaker/function/collection/SetOperator.java,botmaker,D11,D16,D11;D16,YES,HIGH,botmaker/label-system,FULL_SOURCE_REVIEW,NO,NO,NO,NO,NO,NO,NO,NO,NO,NO,NO,NO,57,1561
botmaker/src/java/com/twitter/botmaker/function/collection/SetSymmetricDiff.java,botmaker,D11,D16,D11;D16,YES,HIGH,botmaker/label-system,FULL_SOURCE_REVIEW,NO,NO,NO,NO,NO,NO,NO,NO,NO,NO,NO,NO,61,1690
botmaker/src/java/com/twitter/botmaker/function/collection/SetUnion.java,botmaker,D11,D16,D11;D16,YES,HIGH,botmaker/label-system,FULL_SOURCE_REVIEW,NO,NO,NO,NO,NO,NO,NO,NO,NO,NO,NO,NO,62,1731
botmaker/src/java/com/twitter/botmaker/function/collection/Slice.java,botmaker,D11,D16,D11;D16,YES,HIGH,botmaker/label-system,FULL_SOURCE_REVIEW,NO,NO,NO,NO,NO,NO,NO,NO,NO,NO,NO,NO,105,3434
botmaker/src/java/com/twitter/botmaker/function/collection/Sort.java,botmaker,D11,D16,D11;D16,YES,HIGH,botmaker/label-system,FULL_SOURCE_REVIEW,NO,NO,NO,NO,NO,NO,NO,NO,NO,NO,NO,NO,171,5888
botmaker/src/java/com/twitter/botmaker/function/collection/ToStructTuple.java,botmaker,D11,D16,D11;D16,YES,HIGH,botmaker/label-system,FULL_SOURCE_REVIEW,NO,NO,NO,NO,NO,NO,NO,NO,NO,NO,NO,NO,76,2511
botmaker/src/java/com/twitter/botmaker/function/collection/ToTuple.java,botmaker,D11,D16,D11;D16,YES,HIGH,botmaker/label-system,FULL_SOURCE_REVIEW,NO,NO,NO,NO,NO,NO,NO,NO,NO,NO,NO,NO,53,1496
botmaker/src/java/com/twitter/botmaker/function/conversion/Cast.java,botmaker,D11,D16,D11;D16,YES,HIGH,botmaker/label-system,FULL_SOURCE_REVIEW,NO,NO,NO,NO,NO,NO,NO,NO,NO,NO,NO,NO,163,5442
botmaker/src/java/com/twitter/botmaker/function/conversion/FromBase64.java,botmaker,D11,D16,D11;D16,YES,HIGH,botmaker/label-system,FULL_SOURCE_REVIEW,NO,NO,NO,NO,NO,NO,NO,NO,NO,NO,NO,NO,53,1497
botmaker/src/java/com/twitter/botmaker/function/conversion/FromHex.java,botmaker,D11,D16,D11;D16,YES,HIGH,botmaker/label-system,FULL_SOURCE_REVIEW,NO,NO,NO,NO,NO,NO,NO,NO,NO,NO,NO,NO,47,1347
botmaker/src/java/com/twitter/botmaker/function/conversion/StringFromBase64.java,botmaker,D11,D16,D11;D16,YES,HIGH,botmaker/label-system,FULL_SOURCE_REVIEW,NO,NO,NO,NO,NO,NO,NO,NO,NO,NO,NO,NO,49,1376
botmaker/src/java/com/twitter/botmaker/function/conversion/StringToBase64.java,botmaker,D11,D16,D11;D16,YES,HIGH,botmaker/label-system,FULL_SOURCE_REVIEW,NO,NO,NO,NO,NO,NO,NO,NO,NO,NO,NO,NO,49,1381
botmaker/src/java/com/twitter/botmaker/function/conversion/ThriftFromDict.java,botmaker,D11,D16,D11;D16,YES,HIGH,botmaker/label-system,FULL_SOURCE_REVIEW,NO,NO,NO,NO,NO,NO,NO,NO,NO,NO,NO,NO,83,2338
botmaker/src/java/com/twitter/botmaker/function/conversion/ToBase64.java,botmaker,D11,D16,D11;D16,YES,HIGH,botmaker/label-system,FULL_SOURCE_REVIEW,NO,NO,NO,NO,NO,NO,NO,NO,NO,NO,NO,NO,57,1698
botmaker/src/java/com/twitter/botmaker/function/conversion/ToBinary.java,botmaker,D11,D16,D11;D16,YES,HIGH,botmaker/label-system,FULL_SOURCE_REVIEW,NO,NO,NO,NO,NO,NO,NO,NO,NO,NO,NO,NO,54,1561
botmaker/src/java/com/twitter/botmaker/function/conversion/ToDouble.java,botmaker,D11,D16,D11;D16,YES,HIGH,botmaker/label-system,FULL_SOURCE_REVIEW,NO,NO,NO,NO,NO,NO,NO,NO,NO,NO,NO,NO,55,1474
botmaker/src/java/com/twitter/botmaker/function/conversion/ToHex.java,botmaker,D11,D16,D11;D16,YES,HIGH,botmaker/label-system,FULL_SOURCE_REVIEW,NO,NO,NO,NO,NO,NO,NO,NO,NO,NO,NO,NO,50,1498
botmaker/src/java/com/twitter/botmaker/function/conversion/ToList.java,botmaker,D11,D16,D11;D16,YES,HIGH,botmaker/label-system,FULL_SOURCE_REVIEW,NO,NO,NO,NO,NO,NO,NO,NO,NO,NO,NO,NO,60,1740
botmaker/src/java/com/twitter/botmaker/function/conversion/ToLong.java,botmaker,D11,D16,D11;D16,YES,HIGH,botmaker/label-system,FULL_SOURCE_REVIEW,NO,NO,NO,NO,NO,NO,NO,NO,NO,NO,NO,NO,55,1456
botmaker/src/java/com/twitter/botmaker/function/conversion/ToMap.java,botmaker,D11,D16,D11;D16,YES,HIGH,botmaker/label-system,FULL_SOURCE_REVIEW,NO,NO,NO,NO,NO,NO,NO,NO,NO,NO,NO,NO,83,2699
botmaker/src/java/com/twitter/botmaker/function/conversion/ToPair.java,botmaker,D11,D16,D11;D16,YES,HIGH,botmaker/label-system,FULL_SOURCE_REVIEW,NO,NO,NO,NO,NO,NO,NO,NO,NO,NO,NO,NO,95,2832
botmaker/src/java/com/twitter/botmaker/function/conversion/ToScript.java,botmaker,D11,D16,D11;D16,YES,HIGH,botmaker/label-system,FULL_SOURCE_REVIEW,NO,NO,NO,NO,NO,NO,NO,NO,NO,NO,NO,NO,47,1384
botmaker/src/java/com/twitter/botmaker/function/conversion/ToSet.java,botmaker,D11,D16,D11;D16,YES,HIGH,botmaker/label-system,FULL_SOURCE_REVIEW,NO,NO,NO,NO,NO,NO,NO,NO,NO,NO,NO,NO,60,1823
botmaker/src/java/com/twitter/botmaker/function/conversion/ToString.java,botmaker,D11,D16,D11;D16,YES,HIGH,botmaker/label-system,FULL_SOURCE_REVIEW,NO,NO,NO,NO,NO,NO,NO,NO,NO,NO,NO,NO,47,1312
botmaker/src/java/com/twitter/botmaker/function/conversion/ToThrift.java,botmaker,D11,D16,D11;D16,YES,HIGH,botmaker/label-system,FULL_SOURCE_REVIEW,NO,NO,NO,NO,NO,NO,NO,NO,NO,NO,NO,NO,78,2195
botmaker/src/java/com/twitter/botmaker/function/datetime/CurrentTimeMs.java,botmaker,D11,D16,D11;D16,YES,HIGH,botmaker/label-system,FULL_SOURCE_REVIEW,NO,NO,NO,NO,NO,NO,NO,NO,NO,NO,NO,NO,48,1305
botmaker/src/java/com/twitter/botmaker/function/datetime/StringToTimeMs.java,botmaker,D11,D16,D11;D16,YES,HIGH,botmaker/label-system,FULL_SOURCE_REVIEW,NO,NO,NO,NO,NO,NO,NO,NO,NO,NO,NO,NO,84,2590
botmaker/src/java/com/twitter/botmaker/function/datetime/TimeMsToString.java,botmaker,D11,D16,D11;D16,YES,HIGH,botmaker/label-system,FULL_SOURCE_REVIEW,NO,NO,NO,NO,NO,NO,NO,NO,NO,NO,NO,NO,87,2604
botmaker/src/java/com/twitter/botmaker/function/exception/Assert.java,botmaker,D11,D16,D11;D16,YES,HIGH,botmaker/label-system,FULL_SOURCE_REVIEW,NO,NO,NO,NO,NO,NO,NO,NO,NO,NO,NO,NO,70,1939
botmaker/src/java/com/twitter/botmaker/function/exception/Try.java,botmaker,D11,D16,D11;D16,YES,HIGH,botmaker/label-system,FULL_SOURCE_REVIEW,NO,NO,NO,NO,NO,NO,NO,NO,NO,NO,NO,NO,128,4146
botmaker/src/java/com/twitter/botmaker/function/exception/TryOrElse.java,botmaker,D11,D16,D11;D16,YES,HIGH,botmaker/label-system,FULL_SOURCE_REVIEW,NO,NO,NO,NO,NO,NO,NO,NO,NO,NO,NO,NO,107,3105
botmaker/src/java/com/twitter/botmaker/function/exception/TryWithStack.java,botmaker,D11,D16,D11;D16,YES,HIGH,botmaker/label-system,FULL_SOURCE_REVIEW,NO,NO,NO,NO,NO,NO,NO,NO,NO,NO,NO,NO,139,4903
botmaker/src/java/com/twitter/botmaker/function/feature/Exists.java,botmaker,D11,D16,D11;D16,YES,HIGH,botmaker/label-system,FULL_SOURCE_REVIEW,NO,NO,NO,NO,NO,NO,NO,NO,NO,NO,NO,NO,64,1864
botmaker/src/java/com/twitter/botmaker/function/feature/GetOrElse.java,botmaker,D11,D16,D11;D16,YES,HIGH,botmaker/label-system,FULL_SOURCE_REVIEW,NO,NO,NO,NO,NO,NO,NO,NO,NO,NO,NO,NO,96,2873
botmaker/src/java/com/twitter/botmaker/function/feature/InputFeature.java,botmaker,D11,D16,D11;D16,YES,HIGH,botmaker/label-system,FULL_SOURCE_REVIEW,NO,NO,NO,NO,NO,NO,NO,NO,NO,NO,NO,NO,61,2038
botmaker/src/java/com/twitter/botmaker/function/feature/OutputFeature.java,botmaker,D11,D16,D11;D16,YES,HIGH,botmaker/label-system,FULL_SOURCE_REVIEW,NO,NO,NO,NO,NO,NO,NO,NO,NO,NO,NO,NO,61,1684
botmaker/src/java/com/twitter/botmaker/function/logic/BatchedOr.java,botmaker,D11,D16,D11;D16,YES,HIGH,botmaker/label-system,FULL_SOURCE_REVIEW,NO,NO,NO,NO,NO,NO,NO,NO,NO,NO,NO,NO,149,5121
botmaker/src/java/com/twitter/botmaker/function/logic/Conjunction.java,botmaker,D11,D16,D11;D16,YES,HIGH,botmaker/label-system,FULL_SOURCE_REVIEW,NO,NO,NO,NO,NO,NO,NO,NO,NO,NO,NO,NO,158,5022
botmaker/src/java/com/twitter/botmaker/function/logic/Disjunction.java,botmaker,D11,D16,D11;D16,YES,HIGH,botmaker/label-system,FULL_SOURCE_REVIEW,NO,NO,NO,NO,NO,NO,NO,NO,NO,NO,NO,NO,160,5009
botmaker/src/java/com/twitter/botmaker/function/logic/Equals.java,botmaker,D11,D16,D11;D16,YES,HIGH,botmaker/label-system,FULL_SOURCE_REVIEW,NO,NO,NO,NO,NO,NO,NO,NO,NO,NO,NO,NO,48,1391
botmaker/src/java/com/twitter/botmaker/function/logic/GreaterThan.java,botmaker,D11,D16,D11;D16,YES,HIGH,botmaker/label-system,FULL_SOURCE_REVIEW,NO,NO,NO,NO,NO,NO,NO,NO,NO,NO,NO,NO,54,1520
botmaker/src/java/com/twitter/botmaker/function/logic/GreaterThanOrEquals.java,botmaker,D11,D16,D11;D16,YES,HIGH,botmaker/label-system,FULL_SOURCE_REVIEW,NO,NO,NO,NO,NO,NO,NO,NO,NO,NO,NO,NO,54,1539
botmaker/src/java/com/twitter/botmaker/function/logic/LessThan.java,botmaker,D11,D16,D11;D16,YES,HIGH,botmaker/label-system,FULL_SOURCE_REVIEW,NO,NO,NO,NO,NO,NO,NO,NO,NO,NO,NO,NO,54,1514
botmaker/src/java/com/twitter/botmaker/function/logic/LessThanOrEquals.java,botmaker,D11,D16,D11;D16,YES,HIGH,botmaker/label-system,FULL_SOURCE_REVIEW,NO,NO,NO,NO,NO,NO,NO,NO,NO,NO,NO,NO,54,1533
botmaker/src/java/com/twitter/botmaker/function/logic/NotEquals.java,botmaker,D11,D16,D11;D16,YES,HIGH,botmaker/label-system,FULL_SOURCE_REVIEW,NO,NO,NO,NO,NO,NO,NO,NO,NO,NO,NO,NO,63,1745
botmaker/src/java/com/twitter/botmaker/function/math/Abs.java,botmaker,D11,D16,D11;D16,YES,HIGH,botmaker/label-system,FULL_SOURCE_REVIEW,NO,NO,NO,NO,NO,NO,NO,NO,NO,NO,NO,NO,55,1548
botmaker/src/java/com/twitter/botmaker/function/math/ArithmeticOperation.java,botmaker,D11,D16,D11;D16,YES,HIGH,botmaker/label-system,FULL_SOURCE_REVIEW,NO,NO,NO,NO,NO,NO,NO,NO,NO,NO,NO,NO,194,7204
botmaker/src/java/com/twitter/botmaker/function/math/Ceil.java,botmaker,D11,D16,D11;D16,YES,HIGH,botmaker/label-system,FULL_SOURCE_REVIEW,NO,NO,NO,NO,NO,NO,NO,NO,NO,NO,NO,NO,48,1340
botmaker/src/java/com/twitter/botmaker/function/math/Exp.java,botmaker,D11,D16,D11;D16,YES,HIGH,botmaker/label-system,FULL_SOURCE_REVIEW,NO,NO,NO,NO,NO,NO,NO,NO,NO,NO,NO,NO,49,1343
botmaker/src/java/com/twitter/botmaker/function/math/Floor.java,botmaker,D11,D16,D11;D16,YES,HIGH,botmaker/label-system,FULL_SOURCE_REVIEW,NO,NO,NO,NO,NO,NO,NO,NO,NO,NO,NO,NO,49,1347
botmaker/src/java/com/twitter/botmaker/function/math/Ln.java,botmaker,D11,D16,D11;D16,YES,HIGH,botmaker/label-system,FULL_SOURCE_REVIEW,NO,NO,NO,NO,NO,NO,NO,NO,NO,NO,NO,NO,49,1426
botmaker/src/java/com/twitter/botmaker/function/math/Max.java,botmaker,D11,D16,D11;D16,YES,HIGH,botmaker/label-system,FULL_SOURCE_REVIEW,NO,NO,NO,NO,NO,NO,NO,NO,NO,NO,NO,NO,62,1710
botmaker/src/java/com/twitter/botmaker/function/math/Min.java,botmaker,D11,D16,D11;D16,YES,HIGH,botmaker/label-system,FULL_SOURCE_REVIEW,NO,NO,NO,NO,NO,NO,NO,NO,NO,NO,NO,NO,62,1713
botmaker/src/java/com/twitter/botmaker/function/math/Mod.java,botmaker,D11,D16,D11;D16,YES,HIGH,botmaker/label-system,FULL_SOURCE_REVIEW,NO,NO,NO,NO,NO,NO,NO,NO,NO,NO,NO,NO,58,1410
botmaker/src/java/com/twitter/botmaker/function/math/Negate.java,botmaker,D11,D16,D11;D16,YES,HIGH,botmaker/label-system,FULL_SOURCE_REVIEW,NO,NO,NO,NO,NO,NO,NO,NO,NO,NO,NO,NO,54,1358
botmaker/src/java/com/twitter/botmaker/function/math/Pow.java,botmaker,D11,D16,D11;D16,YES,HIGH,botmaker/label-system,FULL_SOURCE_REVIEW,NO,NO,NO,NO,NO,NO,NO,NO,NO,NO,NO,NO,59,1566
botmaker/src/java/com/twitter/botmaker/function/math/Random.java,botmaker,D11,D16,D11;D16,YES,HIGH,botmaker/label-system,FULL_SOURCE_REVIEW,NO,NO,NO,NO,NO,NO,NO,NO,NO,NO,NO,NO,46,1262
botmaker/src/java/com/twitter/botmaker/function/math/Round.java,botmaker,D11,D16,D11;D16,YES,HIGH,botmaker/label-system,FULL_SOURCE_REVIEW,NO,NO,NO,NO,NO,NO,NO,NO,NO,NO,NO,NO,50,1358
botmaker/src/java/com/twitter/botmaker/function/math/Sqrt.java,botmaker,D11,D16,D11;D16,YES,HIGH,botmaker/label-system,FULL_SOURCE_REVIEW,NO,NO,NO,NO,NO,NO,NO,NO,NO,NO,NO,NO,57,1628
botmaker/src/java/com/twitter/botmaker/function/misc/DebugOutput.java,botmaker,D11,D16,D11;D16,YES,HIGH,botmaker/label-system,FULL_SOURCE_REVIEW,NO,NO,NO,NO,NO,NO,NO,NO,NO,NO,NO,NO,60,1673
botmaker/src/java/com/twitter/botmaker/function/misc/FarmFingerprintAsLong.java,botmaker,D11,D16,D11;D16,YES,HIGH,botmaker/label-system,FULL_SOURCE_REVIEW,NO,NO,NO,NO,NO,NO,NO,NO,NO,NO,NO,NO,49,1535
botmaker/src/java/com/twitter/botmaker/function/misc/GetMurmur3Hashes.java,botmaker,D11,D16,D11;D16,YES,HIGH,botmaker/label-system,FULL_SOURCE_REVIEW,NO,NO,NO,NO,NO,NO,NO,NO,NO,NO,NO,NO,56,1813
botmaker/src/java/com/twitter/botmaker/function/misc/GetStackTrace.java,botmaker,D11,D16;D18,D11;D16;D18,YES,HIGH,botmaker/label-system,FULL_SOURCE_REVIEW,NO,NO,NO,NO,NO,NO,NO,NO,NO,NO,NO,NO,49,1414
botmaker/src/java/com/twitter/botmaker/function/misc/InstanceOf.java,botmaker,D11,D16,D11;D16,YES,HIGH,botmaker/label-system,FULL_SOURCE_REVIEW,NO,NO,NO,NO,NO,NO,NO,NO,NO,NO,NO,NO,53,1719
botmaker/src/java/com/twitter/botmaker/function/misc/Nop.java,botmaker,D11,D16,D11;D16,YES,HIGH,botmaker/label-system,FULL_SOURCE_REVIEW,NO,NO,NO,NO,NO,NO,NO,NO,NO,NO,NO,NO,47,1197
botmaker/src/java/com/twitter/botmaker/function/misc/Print.java,botmaker,D11,D16,D11;D16,YES,HIGH,botmaker/label-system,FULL_SOURCE_REVIEW,NO,NO,NO,NO,NO,NO,NO,NO,NO,NO,NO,NO,54,1510
botmaker/src/java/com/twitter/botmaker/function/misc/SHA256.java,botmaker,D11,D16,D11;D16,YES,HIGH,botmaker/label-system,FULL_SOURCE_REVIEW,NO,NO,NO,NO,NO,NO,NO,NO,NO,NO,NO,NO,51,1560
botmaker/src/java/com/twitter/botmaker/function/misc/TestRun.java,botmaker,D11,D16,D11;D16,YES,HIGH,botmaker/label-system,TEST_EVIDENCE,YES,NO,NO,NO,NO,NO,NO,NO,NO,NO,NO,NO,89,2515
botmaker/src/java/com/twitter/botmaker/function/misc/TypeName.java,botmaker,D11,D16,D11;D16,YES,HIGH,botmaker/label-system,FULL_SOURCE_REVIEW,NO,NO,NO,NO,NO,NO,NO,NO,NO,NO,NO,NO,54,1448
botmaker/src/java/com/twitter/botmaker/function/misc/UUID.java,botmaker,D11,D16,D11;D16,YES,HIGH,botmaker/label-system,FULL_SOURCE_REVIEW,NO,NO,NO,NO,NO,NO,NO,NO,NO,NO,NO,NO,47,1259
botmaker/src/java/com/twitter/botmaker/function/string/Chr.java,botmaker,D11,D16,D11;D16,YES,HIGH,botmaker/label-system,FULL_SOURCE_REVIEW,NO,NO,NO,NO,NO,NO,NO,NO,NO,NO,NO,NO,47,1380
botmaker/src/java/com/twitter/botmaker/function/string/Concat.java,botmaker,D11,D16,D11;D16,YES,HIGH,botmaker/label-system,FULL_SOURCE_REVIEW,NO,NO,NO,NO,NO,NO,NO,NO,NO,NO,NO,NO,56,1598
botmaker/src/java/com/twitter/botmaker/function/string/CosineDist.java,botmaker,D11,D16,D11;D16,YES,HIGH,botmaker/label-system,FULL_SOURCE_REVIEW,NO,NO,NO,NO,NO,NO,NO,NO,NO,NO,NO,NO,63,2215
botmaker/src/java/com/twitter/botmaker/function/string/EndsWith.java,botmaker,D11,D16,D11;D16,YES,HIGH,botmaker/label-system,FULL_SOURCE_REVIEW,NO,NO,NO,NO,NO,NO,NO,NO,NO,NO,NO,NO,54,1484
botmaker/src/java/com/twitter/botmaker/function/string/HammingDist.java,botmaker,D11,D16,D11;D16,YES,HIGH,botmaker/label-system,FULL_SOURCE_REVIEW,NO,NO,NO,NO,NO,NO,NO,NO,NO,NO,NO,NO,70,2246
botmaker/src/java/com/twitter/botmaker/function/string/IndexOf.java,botmaker,D11,D16,D11;D16,YES,HIGH,botmaker/label-system,FULL_SOURCE_REVIEW,NO,NO,NO,NO,NO,NO,NO,NO,NO,NO,NO,NO,71,1888
botmaker/src/java/com/twitter/botmaker/function/string/Join.java,botmaker,D11,D16,D11;D16,YES,HIGH,botmaker/label-system,FULL_SOURCE_REVIEW,NO,NO,NO,NO,NO,NO,NO,NO,NO,NO,NO,NO,60,1644
botmaker/src/java/com/twitter/botmaker/function/string/LastIndexOf.java,botmaker,D11,D16,D11;D16,YES,HIGH,botmaker/label-system,FULL_SOURCE_REVIEW,NO,NO,NO,NO,NO,NO,NO,NO,NO,NO,NO,NO,71,1903
botmaker/src/java/com/twitter/botmaker/function/string/Quotes.java,botmaker,D11,D16,D11;D16,YES,HIGH,botmaker/label-system,FULL_SOURCE_REVIEW,NO,NO,NO,NO,NO,NO,NO,NO,NO,NO,NO,NO,51,1384
botmaker/src/java/com/twitter/botmaker/function/string/RegexExtract.java,botmaker,D11,D16,D11;D16,YES,HIGH,botmaker/label-system,FULL_SOURCE_REVIEW,NO,NO,NO,NO,NO,NO,NO,NO,NO,NO,NO,NO,70,2018
botmaker/src/java/com/twitter/botmaker/function/string/RegexMatch.java,botmaker,D11,D16,D11;D16,YES,HIGH,botmaker/label-system,FULL_SOURCE_REVIEW,NO,NO,NO,NO,NO,NO,NO,NO,NO,NO,NO,NO,47,1299
botmaker/src/java/com/twitter/botmaker/function/string/Replace.java,botmaker,D11,D16,D11;D16,YES,HIGH,botmaker/label-system,FULL_SOURCE_REVIEW,NO,NO,NO,NO,NO,NO,NO,NO,NO,NO,NO,NO,70,1905
botmaker/src/java/com/twitter/botmaker/function/string/SplitString.java,botmaker,D11,D16,D11;D16,YES,HIGH,botmaker/label-system,FULL_SOURCE_REVIEW,NO,NO,NO,NO,NO,NO,NO,NO,NO,NO,NO,NO,66,1790
botmaker/src/java/com/twitter/botmaker/function/string/StartsWith.java,botmaker,D11,D16,D11;D16,YES,HIGH,botmaker/label-system,FULL_SOURCE_REVIEW,NO,NO,NO,NO,NO,NO,NO,NO,NO,NO,NO,NO,65,1860
botmaker/src/java/com/twitter/botmaker/function/string/StrLen.java,botmaker,D11,D16,D11;D16,YES,HIGH,botmaker/label-system,FULL_SOURCE_REVIEW,NO,NO,NO,NO,NO,NO,NO,NO,NO,NO,NO,NO,51,1370
botmaker/src/java/com/twitter/botmaker/function/string/StringFormat.java,botmaker,D11,D16,D11;D16,YES,HIGH,botmaker/label-system,FULL_SOURCE_REVIEW,NO,NO,NO,NO,NO,NO,NO,NO,NO,NO,NO,NO,55,1658
botmaker/src/java/com/twitter/botmaker/function/string/ToLower.java,botmaker,D11,D16,D11;D16,YES,HIGH,botmaker/label-system,FULL_SOURCE_REVIEW,NO,NO,NO,NO,NO,NO,NO,NO,NO,NO,NO,NO,49,1361
botmaker/src/java/com/twitter/botmaker/function/string/ToUpper.java,botmaker,D11,D16,D11;D16,YES,HIGH,botmaker/label-system,FULL_SOURCE_REVIEW,NO,NO,NO,NO,NO,NO,NO,NO,NO,NO,NO,NO,50,1363
botmaker/src/java/com/twitter/botmaker/function/string/Trim.java,botmaker,D11,D16,D11;D16,YES,HIGH,botmaker/label-system,FULL_SOURCE_REVIEW,NO,NO,NO,NO,NO,NO,NO,NO,NO,NO,NO,NO,52,1426
botmaker/src/java/com/twitter/botmaker/function/thrift/FieldAccessor.java,botmaker,D11,D16,D11;D16,YES,HIGH,botmaker/label-system,FULL_SOURCE_REVIEW,NO,NO,NO,NO,NO,NO,YES,NO,NO,NO,NO,NO,123,4121
botmaker/src/java/com/twitter/botmaker/function/thrift/ThriftOperator.java,botmaker,D11,D16,D11;D16,YES,HIGH,botmaker/label-system,FULL_SOURCE_REVIEW,NO,NO,NO,NO,NO,NO,YES,NO,NO,NO,NO,NO,140,4428
botmaker/src/java/com/twitter/botmaker/function/thrift/ThriftStructOperator.java,botmaker,D11,D16,D11;D16,YES,HIGH,botmaker/label-system,FULL_SOURCE_REVIEW,NO,NO,NO,NO,NO,NO,YES,NO,NO,NO,NO,NO,139,4491
botmaker/src/java/com/twitter/botmaker/runtime/Runtime.java,botmaker,D11,D16,D11;D16,YES,HIGH,botmaker/label-system,FULL_SOURCE_REVIEW,NO,NO,NO,NO,NO,NO,NO,NO,NO,NO,NO,NO,5,69
botmaker/src/java/com/twitter/botmaker/util/TriConsumer.java,botmaker,D11,D16,D11;D16,YES,HIGH,botmaker/label-system,FULL_SOURCE_REVIEW,NO,NO,NO,NO,NO,NO,NO,NO,NO,NO,NO,NO,18,415
botmaker/src/scala/com/twitter/botmaker/BUILD,botmaker,D11,D16;D19,D11;D16;D19,YES,HIGH,botmaker/label-system,REPRO_BUILD_REVIEW,NO,NO,NO,NO,NO,NO,NO,NO,NO,YES,NO,NO,23,1030
botmaker/src/scala/com/twitter/botmaker/CONFIG.ini,botmaker,D11,D16;D17,D11;D16;D17,YES,HIGH,botmaker/label-system,FULL_SOURCE_REVIEW,NO,NO,NO,NO,NO,NO,NO,NO,YES,NO,NO,NO,3,21
botmaker/src/scala/com/twitter/botmaker/FunctionUnit.scala,botmaker,D11,D16,D11;D16,YES,HIGH,botmaker/label-system,FULL_SOURCE_REVIEW,NO,NO,NO,NO,NO,NO,NO,NO,NO,NO,NO,NO,403,13470
botmaker/src/scala/com/twitter/botmaker/FunctionUnitGen.scala,botmaker,D11,D16,D11;D16,YES,HIGH,botmaker/label-system,FULL_SOURCE_REVIEW,NO,NO,NO,NO,NO,NO,NO,NO,NO,NO,NO,NO,12644,554425
botmaker/src/scala/com/twitter/botmaker/common/AsyncRateLimiter.scala,botmaker,D11,D16,D11;D16,YES,HIGH,botmaker/label-system,FULL_SOURCE_REVIEW,NO,NO,NO,NO,NO,NO,NO,NO,NO,NO,NO,NO,131,3535
botmaker/src/scala/com/twitter/botmaker/common/BatchDispatcher.scala,botmaker,D11,D16,D11;D16,YES,HIGH,botmaker/label-system,FULL_SOURCE_REVIEW,NO,NO,NO,NO,NO,NO,NO,NO,NO,NO,NO,NO,133,3553
botmaker/src/scala/com/twitter/botmaker/common/FeatureDataConverter.scala,botmaker,D11,D16,D11;D16,YES,HIGH,botmaker/label-system,FULL_SOURCE_REVIEW,NO,NO,NO,NO,NO,NO,NO,NO,NO,NO,NO,NO,568,23313
botmaker/src/scala/com/twitter/botmaker/common/RatelimitedLogger.scala,botmaker,D11,D16;D18,D11;D16;D18,YES,HIGH,botmaker/label-system,FULL_SOURCE_REVIEW,NO,NO,NO,NO,NO,NO,NO,NO,NO,NO,NO,NO,115,3421
botmaker/src/scala/com/twitter/botmaker/common/TypedFeatureDataInjection.scala,botmaker,D11,D16,D11;D16,YES,HIGH,botmaker/label-system,FULL_SOURCE_REVIEW,NO,NO,NO,NO,NO,NO,NO,NO,NO,NO,NO,NO,452,15406
botmaker/src/scala/com/twitter/botmaker/common/Using.scala,botmaker,D11,D16,D11;D16,YES,HIGH,botmaker/label-system,FULL_SOURCE_REVIEW,NO,NO,NO,NO,NO,NO,NO,NO,NO,NO,NO,NO,160,4123
botmaker/src/scala/com/twitter/botmaker/compiler/types/ScalaType.scala,botmaker,D11,D16,D11;D16,YES,HIGH,botmaker/label-system,FULL_SOURCE_REVIEW,NO,NO,NO,NO,NO,NO,NO,NO,NO,NO,NO,NO,251,9634
botmaker/src/scala/com/twitter/botmaker/loader/Loader.scala,botmaker,D11,D16,D11;D16,YES,HIGH,botmaker/label-system,FULL_SOURCE_REVIEW,NO,NO,NO,NO,NO,NO,NO,NO,NO,NO,NO,NO,70,2077
botmaker/src/scala/com/twitter/botmaker/loader/Scheduler.scala,botmaker,D11,D16,D11;D16,YES,HIGH,botmaker/label-system,FULL_SOURCE_REVIEW,NO,NO,NO,NO,NO,NO,NO,NO,NO,NO,NO,NO,141,4110
botmaker/src/scala/com/twitter/botmaker/rule/ActionRateLimiter.scala,botmaker,D11,D16,D11;D16,YES,HIGH,botmaker/label-system,FULL_SOURCE_REVIEW,NO,NO,NO,NO,NO,NO,NO,NO,NO,NO,NO,NO,32,886
botmaker/src/scala/com/twitter/botmaker/rule/BotMaker.scala,botmaker,D11,D16,D11;D16,YES,HIGH,botmaker/label-system,FULL_SOURCE_REVIEW,NO,NO,NO,NO,NO,NO,NO,NO,NO,NO,NO,NO,1072,36991
botmaker/src/scala/com/twitter/botmaker/rule/ConfigContainer.scala,botmaker,D11,D16;D17,D11;D16;D17,YES,HIGH,botmaker/label-system,FULL_SOURCE_REVIEW,NO,NO,NO,NO,NO,NO,NO,NO,YES,NO,NO,NO,206,7382
botmaker/src/scala/com/twitter/botmaker/rule/DerivedFeatureContainer.scala,botmaker,D11,D16,D11;D16,YES,HIGH,botmaker/label-system,FULL_SOURCE_REVIEW,NO,NO,NO,NO,NO,NO,NO,NO,NO,NO,NO,NO,116,3994
botmaker/src/scala/com/twitter/botmaker/rule/EventContext.scala,botmaker,D11,D16,D11;D16,YES,HIGH,botmaker/label-system,FULL_SOURCE_REVIEW,NO,NO,NO,NO,NO,NO,NO,NO,NO,NO,NO,NO,146,4360
botmaker/src/scala/com/twitter/botmaker/rule/EventEvaluator.scala,botmaker,D11,D16,D11;D16,YES,HIGH,botmaker/label-system,FULL_SOURCE_REVIEW,NO,NO,NO,NO,NO,NO,NO,NO,NO,NO,NO,NO,32,951
botmaker/src/scala/com/twitter/botmaker/rule/EventOutput.scala,botmaker,D11,D16,D11;D16,YES,HIGH,botmaker/label-system,FULL_SOURCE_REVIEW,NO,NO,NO,NO,NO,NO,NO,NO,NO,NO,NO,NO,462,14201
botmaker/src/scala/com/twitter/botmaker/rule/EventProcessor.scala,botmaker,D11,D16,D11;D16,YES,HIGH,botmaker/label-system,FULL_SOURCE_REVIEW,NO,NO,NO,NO,NO,NO,NO,NO,NO,NO,NO,NO,18,434
botmaker/src/scala/com/twitter/botmaker/rule/ExceptionCategory.scala,botmaker,D11,D16,D11;D16,YES,HIGH,botmaker/label-system,FULL_SOURCE_REVIEW,NO,NO,NO,NO,NO,NO,NO,NO,NO,NO,NO,NO,9,222
botmaker/src/scala/com/twitter/botmaker/rule/ExprCache.scala,botmaker,D11,D16,D11;D16,YES,HIGH,botmaker/label-system,FULL_SOURCE_REVIEW,NO,NO,NO,NO,NO,NO,NO,NO,NO,NO,NO,NO,107,3240
botmaker/src/scala/com/twitter/botmaker/rule/ExtractorVisitorUnit.scala,botmaker,D11,D16,D11;D16,YES,HIGH,botmaker/label-system,FULL_SOURCE_REVIEW,NO,NO,NO,NO,NO,NO,NO,NO,NO,NO,NO,NO,11,309
botmaker/src/scala/com/twitter/botmaker/rule/FailureCollector.scala,botmaker,D11,D16,D11;D16,YES,HIGH,botmaker/label-system,FULL_SOURCE_REVIEW,NO,NO,NO,NO,NO,NO,NO,NO,NO,NO,NO,NO,23,454
botmaker/src/scala/com/twitter/botmaker/rule/InputProvider.scala,botmaker,D11,D16,D11;D16,YES,HIGH,botmaker/label-system,FULL_SOURCE_REVIEW,NO,NO,NO,NO,NO,NO,NO,NO,NO,NO,NO,NO,96,3088
botmaker/src/scala/com/twitter/botmaker/rule/OutputCollector.scala,botmaker,D11,D16,D11;D16,YES,HIGH,botmaker/label-system,FULL_SOURCE_REVIEW,NO,NO,NO,NO,NO,NO,NO,NO,NO,NO,NO,NO,27,511
botmaker/src/scala/com/twitter/botmaker/rule/Package.scala,botmaker,D11,D16,D11;D16,YES,HIGH,botmaker/label-system,FULL_SOURCE_REVIEW,NO,NO,NO,NO,NO,NO,NO,NO,NO,NO,NO,NO,26,602
botmaker/src/scala/com/twitter/botmaker/rule/ProfilingCollector.scala,botmaker,D11,D16,D11;D16,YES,HIGH,botmaker/label-system,FULL_SOURCE_REVIEW,NO,NO,NO,NO,NO,NO,NO,NO,NO,NO,NO,NO,24,506
botmaker/src/scala/com/twitter/botmaker/rule/RuleAst.scala,botmaker,D11,D16,D11;D16,YES,HIGH,botmaker/label-system,FULL_SOURCE_REVIEW,NO,NO,NO,NO,NO,NO,NO,NO,NO,NO,NO,NO,411,14593
botmaker/src/scala/com/twitter/botmaker/rule/RuleAstExtractorForAnalysis.scala,botmaker,D11,D16,D11;D16,YES,HIGH,botmaker/label-system,FULL_SOURCE_REVIEW,NO,NO,NO,NO,NO,NO,NO,NO,NO,NO,NO,NO,91,3274
botmaker/src/scala/com/twitter/botmaker/rule/RuleContainer.scala,botmaker,D11,D16,D11;D16,YES,HIGH,botmaker/label-system,FULL_SOURCE_REVIEW,NO,NO,NO,NO,NO,NO,NO,NO,NO,NO,NO,NO,349,12754
botmaker/src/scala/com/twitter/botmaker/rule/RuleContext.scala,botmaker,D11,D16,D11;D16,YES,HIGH,botmaker/label-system,FULL_SOURCE_REVIEW,NO,NO,NO,NO,NO,NO,NO,NO,NO,NO,NO,NO,160,5055
botmaker/src/scala/com/twitter/botmaker/rule/RuleEvaluator.scala,botmaker,D11,D16,D11;D16,YES,HIGH,botmaker/label-system,FULL_SOURCE_REVIEW,NO,NO,NO,NO,NO,NO,NO,NO,NO,NO,NO,NO,299,9400
botmaker/src/scala/com/twitter/botmaker/rule/RuleResult.scala,botmaker,D11,D16,D11;D16,YES,HIGH,botmaker/label-system,FULL_SOURCE_REVIEW,NO,NO,NO,NO,NO,NO,NO,NO,NO,NO,NO,NO,7,218
botmaker/src/scala/com/twitter/botmaker/rule/StatCollector.scala,botmaker,D11,D16,D11;D16,YES,HIGH,botmaker/label-system,FULL_SOURCE_REVIEW,NO,NO,NO,NO,NO,NO,NO,NO,NO,NO,NO,NO,23,426
botmaker/src/scala/com/twitter/botmaker/rule/config/SystemConfigs.scala,botmaker,D11,D16;D17,D11;D16;D17,YES,HIGH,botmaker/label-system,FULL_SOURCE_REVIEW,NO,NO,NO,NO,NO,NO,NO,NO,YES,NO,NO,NO,133,4108
botmaker/src/scala/com/twitter/botmaker/rule/function/CacheGet.scala,botmaker,D11,D16,D11;D16,YES,HIGH,botmaker/label-system,FULL_SOURCE_REVIEW,NO,NO,NO,NO,NO,NO,NO,NO,NO,NO,NO,NO,90,3524
botmaker/src/scala/com/twitter/botmaker/rule/function/CacheSet.scala,botmaker,D11,D16,D11;D16,YES,HIGH,botmaker/label-system,FULL_SOURCE_REVIEW,NO,NO,NO,NO,NO,NO,NO,NO,NO,NO,NO,NO,56,2386
botmaker/src/scala/com/twitter/botmaker/rule/function/FeatureDataMapToInputFeatures.scala,botmaker,D11,D16,D11;D16,YES,HIGH,botmaker/label-system,FULL_SOURCE_REVIEW,NO,NO,NO,NO,NO,NO,NO,NO,NO,NO,NO,NO,31,1246
botmaker/src/scala/com/twitter/botmaker/rule/function/GetFunctionOrFeatureDirectUsages.scala,botmaker,D11,D16,D11;D16,YES,HIGH,botmaker/label-system,FULL_SOURCE_REVIEW,NO,NO,NO,NO,NO,NO,NO,NO,NO,NO,NO,NO,39,1673
botmaker/src/scala/com/twitter/botmaker/rule/function/GetRule.scala,botmaker,D11,D16,D11;D16,YES,HIGH,botmaker/label-system,FULL_SOURCE_REVIEW,NO,NO,NO,NO,NO,NO,NO,NO,NO,NO,NO,NO,25,1129
botmaker/src/scala/com/twitter/botmaker/rule/function/InputFeatures.scala,botmaker,D11,D16,D11;D16,YES,HIGH,botmaker/label-system,FULL_SOURCE_REVIEW,NO,NO,NO,NO,NO,NO,NO,NO,NO,NO,NO,NO,108,3941
botmaker/src/scala/com/twitter/botmaker/rule/function/IsFunctionOrFeatureUsed.scala,botmaker,D11,D16,D11;D16,YES,HIGH,botmaker/label-system,FULL_SOURCE_REVIEW,NO,NO,NO,NO,NO,NO,NO,NO,NO,NO,NO,NO,29,1179
botmaker/src/scala/com/twitter/botmaker/rule/function/ResponseCodes.scala,botmaker,D11,D16,D11;D16,YES,HIGH,botmaker/label-system,FULL_SOURCE_REVIEW,NO,NO,NO,NO,NO,NO,NO,NO,NO,NO,NO,NO,422,16878
botmaker/src/scala/com/twitter/botmaker/rule/sys/PreEventOutput.scala,botmaker,D11,D16,D11;D16,YES,HIGH,botmaker/label-system,FULL_SOURCE_REVIEW,NO,NO,NO,NO,NO,NO,NO,NO,NO,NO,NO,NO,119,3489
botmaker/src/scala/com/twitter/botmaker/runtime/BatchQueue.scala,botmaker,D11,D16,D11;D16,YES,HIGH,botmaker/label-system,FULL_SOURCE_REVIEW,NO,NO,NO,NO,NO,NO,NO,NO,NO,NO,NO,NO,474,14963
botmaker/src/scala/com/twitter/botmaker/runtime/LocalCounter.scala,botmaker,D11,D16,D11;D16,YES,HIGH,botmaker/label-system,FULL_SOURCE_REVIEW,NO,NO,NO,NO,NO,NO,NO,NO,NO,NO,NO,NO,457,14904
botmaker/src/scala/com/twitter/botmaker/runtime/LocalStore.scala,botmaker,D11,D16,D11;D16,YES,HIGH,botmaker/label-system,FULL_SOURCE_REVIEW,NO,NO,NO,NO,NO,NO,NO,NO,NO,NO,NO,NO,375,11784
botmaker/src/scala/com/twitter/botmaker/runtime/LogWriter.scala,botmaker,D11,D16,D11;D16,YES,HIGH,botmaker/label-system,FULL_SOURCE_REVIEW,NO,NO,NO,NO,NO,NO,NO,NO,NO,NO,NO,NO,172,4751
botmaker/src/scala/com/twitter/botmaker/runtime/RegexOptions.scala,botmaker,D11,D16,D11;D16,YES,HIGH,botmaker/label-system,FULL_SOURCE_REVIEW,NO,NO,NO,NO,NO,NO,NO,NO,NO,NO,NO,NO,153,5163
botmaker/src/scala/com/twitter/botmaker/runtime/RuntimeDebugger.scala,botmaker,D11,D16,D11;D16,YES,HIGH,botmaker/label-system,FULL_SOURCE_REVIEW,NO,NO,NO,NO,NO,NO,NO,NO,NO,NO,NO,NO,73,1728
botmaker/src/scala/com/twitter/botmaker/runtime/RuntimeFailures.scala,botmaker,D11,D16,D11;D16,YES,HIGH,botmaker/label-system,FULL_SOURCE_REVIEW,NO,NO,NO,NO,NO,NO,NO,NO,NO,NO,NO,NO,3,99
botmaker/src/scala/com/twitter/botmaker/runtime/ScheduledEvent.scala,botmaker,D11,D16,D11;D16,YES,HIGH,botmaker/label-system,FULL_SOURCE_REVIEW,NO,NO,NO,NO,NO,NO,NO,NO,NO,NO,NO,NO,70,2201
botmaker/src/scala/com/twitter/botmaker/runtime/ServiceContainer.scala,botmaker,D11,D16,D11;D16,YES,HIGH,botmaker/label-system,FULL_SOURCE_REVIEW,NO,NO,NO,NO,NO,NO,NO,NO,NO,NO,NO,NO,55,1532
botmaker/src/scala/com/twitter/botmaker/runtime/TwitterRuntime.scala,botmaker,D11,D16,D11;D16,YES,HIGH,botmaker/label-system,FULL_SOURCE_REVIEW,NO,NO,NO,NO,NO,NO,NO,NO,NO,NO,NO,NO,144,3870
botmaker/src/scala/com/twitter/botmaker/runtime/config/BatchQueueConfigs.scala,botmaker,D11,D16;D17,D11;D16;D17,YES,HIGH,botmaker/label-system,FULL_SOURCE_REVIEW,NO,NO,NO,NO,NO,NO,NO,NO,YES,NO,NO,NO,112,3730
botmaker/src/scala/com/twitter/botmaker/runtime/config/EventTypeConfigs.scala,botmaker,D11,D16;D17,D11;D16;D17,YES,HIGH,botmaker/label-system,FULL_SOURCE_REVIEW,NO,NO,NO,NO,NO,NO,NO,NO,YES,NO,NO,NO,91,2844
botmaker/src/scala/com/twitter/botmaker/runtime/config/LocalCounterConfigs.scala,botmaker,D11,D16;D17,D11;D16;D17,YES,HIGH,botmaker/label-system,FULL_SOURCE_REVIEW,NO,NO,NO,NO,NO,NO,NO,NO,YES,NO,NO,NO,72,2248
botmaker/src/scala/com/twitter/botmaker/runtime/config/LocalStoreConfigs.scala,botmaker,D11,D16;D17,D11;D16;D17,YES,HIGH,botmaker/label-system,FULL_SOURCE_REVIEW,NO,NO,NO,NO,NO,NO,NO,NO,YES,NO,NO,NO,72,2209
botmaker/src/scala/com/twitter/botmaker/runtime/config/LogWriterConfigs.scala,botmaker,D11,D16;D17,D11;D16;D17,YES,HIGH,botmaker/label-system,FULL_SOURCE_REVIEW,NO,NO,NO,NO,NO,NO,NO,NO,YES,NO,NO,NO,43,1335
botmaker/src/scala/com/twitter/botmaker/runtime/config/PackageConfigs.scala,botmaker,D11,D16;D17,D11;D16;D17,YES,HIGH,botmaker/label-system,FULL_SOURCE_REVIEW,NO,NO,NO,NO,NO,NO,NO,NO,YES,NO,NO,NO,57,2062
botmaker/src/scala/com/twitter/botmaker/runtime/config/RegexConfigs.scala,botmaker,D11,D16;D17,D11;D16;D17,YES,HIGH,botmaker/label-system,FULL_SOURCE_REVIEW,NO,NO,NO,NO,NO,NO,NO,NO,YES,NO,NO,NO,54,1422
botmaker/src/scala/com/twitter/botmaker/runtime/config/ScheduledEventConfigs.scala,botmaker,D11,D16;D17,D11;D16;D17,YES,HIGH,botmaker/label-system,FULL_SOURCE_REVIEW,NO,NO,NO,NO,NO,NO,NO,NO,YES,NO,NO,NO,57,1704
botmaker/src/scala/com/twitter/botmaker/runtime/config/ServiceConfigs.scala,botmaker,D11,D16;D17,D11;D16;D17,YES,HIGH,botmaker/label-system,FULL_SOURCE_REVIEW,NO,NO,NO,NO,NO,NO,NO,NO,YES,NO,NO,NO,312,10924
botmaker/src/scala/com/twitter/botmaker/runtime/config/StructTupleTypeConfigs.scala,botmaker,D11,D16;D17,D11;D16;D17,YES,HIGH,botmaker/label-system,FULL_SOURCE_REVIEW,NO,NO,NO,NO,NO,NO,NO,NO,YES,NO,NO,NO,18,533
botmaker/src/scala/com/twitter/botmaker/runtime/config/TeamConfigs.scala,botmaker,D11,D16;D17,D11;D16;D17,YES,HIGH,botmaker/label-system,FULL_SOURCE_REVIEW,NO,NO,NO,NO,NO,NO,NO,NO,YES,NO,NO,NO,43,1098
botmaker/src/scala/com/twitter/botmaker/runtime/config/ThriftTypeConfigs.scala,botmaker,D11,D16;D17,D11;D16;D17,YES,HIGH,botmaker/label-system,FULL_SOURCE_REVIEW,NO,NO,NO,NO,NO,NO,NO,NO,YES,NO,NO,NO,18,498
botmaker/src/scala/com/twitter/botmaker/runtime/function/GetHelp.scala,botmaker,D11,D16,D11;D16,YES,HIGH,botmaker/label-system,FULL_SOURCE_REVIEW,NO,NO,NO,NO,NO,NO,NO,NO,NO,NO,NO,NO,33,1062
botmaker/src/scala/com/twitter/botmaker/runtime/function/IncrementStat.scala,botmaker,D11,D16,D11;D16,YES,HIGH,botmaker/label-system,FULL_SOURCE_REVIEW,NO,NO,NO,NO,NO,NO,NO,NO,NO,NO,NO,NO,42,1576
botmaker/src/scala/com/twitter/botmaker/runtime/function/IncrementStatEventwise.scala,botmaker,D11,D16,D11;D16,YES,HIGH,botmaker/label-system,FULL_SOURCE_REVIEW,NO,NO,NO,NO,NO,NO,NO,NO,NO,NO,NO,NO,37,1570
botmaker/src/scala/com/twitter/botmaker/runtime/function/IncrementStats.scala,botmaker,D11,D16,D11;D16,YES,HIGH,botmaker/label-system,FULL_SOURCE_REVIEW,NO,NO,NO,NO,NO,NO,NO,NO,NO,NO,NO,NO,33,1175
botmaker/src/scala/com/twitter/botmaker/runtime/function/IncrementStatsEventwise.scala,botmaker,D11,D16,D11;D16,YES,HIGH,botmaker/label-system,FULL_SOURCE_REVIEW,NO,NO,NO,NO,NO,NO,NO,NO,NO,NO,NO,NO,39,1662
botmaker/src/scala/com/twitter/botmaker/runtime/function/RPrint.scala,botmaker,D11,D16,D11;D16,YES,HIGH,botmaker/label-system,FULL_SOURCE_REVIEW,NO,NO,NO,NO,NO,NO,NO,NO,NO,NO,NO,NO,50,1597
botmaker/src/scala/com/twitter/botmaker/runtime/function/SampleStat.scala,botmaker,D11,D16,D11;D16,YES,HIGH,botmaker/label-system,FULL_SOURCE_REVIEW,NO,NO,NO,NO,NO,NO,NO,NO,NO,NO,NO,NO,27,1057
botmaker/src/scala/com/twitter/botmaker/runtime/function/SampleStats.scala,botmaker,D11,D16,D11;D16,YES,HIGH,botmaker/label-system,FULL_SOURCE_REVIEW,NO,NO,NO,NO,NO,NO,NO,NO,NO,NO,NO,NO,33,1162
botmaker/src/scala/com/twitter/botmaker/runtime/function/SetStat.scala,botmaker,D11,D16,D11;D16,YES,HIGH,botmaker/label-system,FULL_SOURCE_REVIEW,NO,NO,NO,NO,NO,NO,NO,NO,NO,NO,NO,NO,24,1042
botmaker/src/scala/com/twitter/botmaker/runtime/function/SetStats.scala,botmaker,D11,D16,D11;D16,YES,HIGH,botmaker/label-system,FULL_SOURCE_REVIEW,NO,NO,NO,NO,NO,NO,NO,NO,NO,NO,NO,NO,33,1161
botmaker/src/scala/com/twitter/botmaker/runtime/function/ToFeatureDataMap.scala,botmaker,D11,D16,D11;D16,YES,HIGH,botmaker/label-system,FULL_SOURCE_REVIEW,NO,NO,NO,NO,NO,NO,NO,NO,NO,NO,NO,NO,72,2818
botmaker/src/scala/com/twitter/botmaker/runtime/function/TryAcquire.scala,botmaker,D11,D16,D11;D16,YES,HIGH,botmaker/label-system,FULL_SOURCE_REVIEW,NO,NO,NO,NO,NO,NO,NO,NO,NO,NO,NO,NO,35,1273
botmaker/src/scala/com/twitter/botmaker/util/CodeAnalysisUtil.scala,botmaker,D11,D16,D11;D16,YES,HIGH,botmaker/label-system,FULL_SOURCE_REVIEW,NO,NO,NO,NO,NO,NO,NO,NO,NO,NO,NO,NO,78,2955
botmaker/src/scala/com/twitter/botmaker/util/FileUtil.scala,botmaker,D11,D16,D11;D16,YES,HIGH,botmaker/label-system,FULL_SOURCE_REVIEW,NO,NO,NO,NO,NO,NO,NO,NO,NO,NO,NO,NO,53,1277
botmaker/src/scala/com/twitter/botmaker/util/ThriftUtil.scala,botmaker,D11,D16,D11;D16,YES,HIGH,botmaker/label-system,FULL_SOURCE_REVIEW,NO,NO,NO,NO,NO,NO,NO,NO,NO,NO,NO,NO,392,12737
botmaker/src/thrift/com/twitter/botmaker/app/BUILD,botmaker,D11,D16;D19,D11;D16;D19,YES,HIGH,botmaker/label-system,REPRO_BUILD_REVIEW,NO,NO,NO,NO,NO,NO,YES,NO,NO,YES,NO,NO,27,919
botmaker/src/thrift/com/twitter/botmaker/app/app.thrift,botmaker,D11,D16,D11;D16,YES,HIGH,botmaker/label-system,FULL_SOURCE_REVIEW,NO,NO,NO,NO,NO,NO,YES,NO,NO,NO,NO,NO,189,4089
botmaker/src/thrift/com/twitter/botmaker/rule/BUILD,botmaker,D11,D16;D19,D11;D16;D19,YES,HIGH,botmaker/label-system,REPRO_BUILD_REVIEW,NO,NO,NO,NO,NO,NO,YES,NO,NO,YES,NO,NO,20,443
botmaker/src/thrift/com/twitter/botmaker/rule/rule.thrift,botmaker,D11,D16,D11;D16,YES,HIGH,botmaker/label-system,FULL_SOURCE_REVIEW,NO,NO,NO,NO,NO,NO,YES,NO,NO,NO,NO,NO,53,1398
botmaker/src/thrift/com/twitter/botmaker/runtime/BUILD,botmaker,D11,D16;D19,D11;D16;D19,YES,HIGH,botmaker/label-system,REPRO_BUILD_REVIEW,NO,NO,NO,NO,NO,NO,YES,NO,NO,YES,NO,NO,20,503
botmaker/src/thrift/com/twitter/botmaker/runtime/runtime.thrift,botmaker,D11,D16,D11;D16,YES,HIGH,botmaker/label-system,FULL_SOURCE_REVIEW,NO,NO,NO,NO,NO,NO,YES,NO,NO,NO,NO,NO,344,10655
botmaker-rules/scarecrow/bot/AgathaSpamProduction__ApplySearchTopTweetLabel.bot,botmaker-rules,D11,D17,D11;D17,YES,HIGH,botmaker-rules/label-system,FULL_SOURCE_REVIEW,NO,NO,NO,NO,NO,NO,NO,NO,NO,NO,NO,NO,31,942
botmaker-rules/scarecrow/bot/BBQDuplicateTextProd.bot,botmaker-rules,D11,D17,D11;D17,YES,HIGH,botmaker-rules/label-system,FULL_SOURCE_REVIEW,NO,NO,NO,NO,NO,NO,NO,NO,NO,NO,NO,NO,77,2583
botmaker-rules/scarecrow/bot/BBQDuplicateTextRepliesProd.bot,botmaker-rules,D11,D17,D11;D17,YES,HIGH,botmaker-rules/label-system,FULL_SOURCE_REVIEW,NO,NO,NO,NO,NO,NO,NO,NO,NO,NO,NO,NO,62,2091
botmaker-rules/scarecrow/bot/FollowFromActorWithPinnedLowQualityOrBadUrl.bot,botmaker-rules,D11,D17,D11;D17,YES,HIGH,botmaker-rules/label-system,FULL_SOURCE_REVIEW,NO,NO,NO,NO,NO,NO,NO,NO,NO,NO,NO,NO,50,1397
botmaker-rules/scarecrow/bot/GroxTweetProcessor.bot,botmaker-rules,D11,D17,D11;D17,YES,HIGH,botmaker-rules/label-system,FULL_SOURCE_REVIEW,NO,NO,NO,NO,NO,NO,NO,NO,NO,NO,NO,NO,40,1636
botmaker-rules/scarecrow/bot/LQ_Tweets_With_LQ_URL_Verdict_At_Mention_To_NonFollower.bot,botmaker-rules,D11,D17,D11;D17,YES,HIGH,botmaker-rules/label-system,FULL_SOURCE_REVIEW,NO,NO,NO,NO,NO,NO,NO,NO,NO,NO,NO,NO,54,1557
botmaker-rules/scarecrow/bot/LQ_Tweets_With_LQ_URL_Verdict_At_Mention_To_NonFollower_v2.bot,botmaker-rules,D11,D17,D11;D17,YES,HIGH,botmaker-rules/label-system,FULL_SOURCE_REVIEW,NO,NO,NO,NO,NO,NO,NO,NO,NO,NO,NO,NO,22,683
botmaker-rules/scarecrow/bot/NSFW_Card_Image_Media_To_URL_Verdict.bot,botmaker-rules,D11,D17,D11;D17,YES,HIGH,botmaker-rules/label-system,FULL_SOURCE_REVIEW,NO,NO,NO,NO,NO,NO,NO,NO,NO,NO,NO,NO,33,1279
botmaker-rules/scarecrow/bot/NSFW_Card_Image_URL_to_Tweet_Verdict.bot,botmaker-rules,D11,D17,D11;D17,YES,HIGH,botmaker-rules/label-system,FULL_SOURCE_REVIEW,NO,NO,NO,NO,NO,NO,NO,NO,NO,NO,NO,NO,39,1480
botmaker-rules/scarecrow/bot/NSFW_Grok_Generated_Image_To_URL_Verdict.bot,botmaker-rules,D11,D17,D11;D17,YES,HIGH,botmaker-rules/label-system,FULL_SOURCE_REVIEW,NO,NO,NO,NO,NO,NO,NO,NO,NO,NO,NO,NO,31,842
botmaker-rules/scarecrow/bot/NSFW_Grok_Share.bot,botmaker-rules,D11,D17,D11;D17,YES,HIGH,botmaker-rules/label-system,FULL_SOURCE_REVIEW,NO,NO,NO,NO,NO,NO,NO,NO,NO,NO,NO,NO,25,985
botmaker-rules/scarecrow/bot/NsfwTweetMediaProcessor.bot,botmaker-rules,D11,D17,D11;D17,YES,HIGH,botmaker-rules/label-system,FULL_SOURCE_REVIEW,NO,NO,NO,NO,NO,NO,NO,NO,NO,NO,NO,NO,43,1217
botmaker-rules/scarecrow/bot/PinnedLowQualityOrBadUrl.bot,botmaker-rules,D11,D17,D11;D17,YES,HIGH,botmaker-rules/label-system,FULL_SOURCE_REVIEW,NO,NO,NO,NO,NO,NO,NO,NO,NO,NO,NO,NO,45,1341
botmaker-rules/scarecrow/bot/ProductionAgatha__FilterOutOrganicNotifications.bot,botmaker-rules,D11,D17,D11;D17,YES,HIGH,botmaker-rules/label-system,FULL_SOURCE_REVIEW,NO,NO,NO,NO,NO,NO,NO,NO,NO,NO,NO,NO,39,1357
botmaker-rules/scarecrow/bot/Tweet_Search_Blacklist_RTF_All_UNSAFE_URL_Sources.bot,botmaker-rules,D11,D17,D11;D17,YES,HIGH,botmaker-rules/label-system,FULL_SOURCE_REVIEW,NO,NO,NO,NO,NO,NO,NO,NO,NO,NO,NO,NO,64,2924
botmaker-rules/scarecrow/bot/Tweet_Spam_High_Recall_RTF_All_Bad_URL_Sources.bot,botmaker-rules,D11,D17,D11;D17,YES,HIGH,botmaker-rules/label-system,FULL_SOURCE_REVIEW,NO,NO,NO,NO,NO,NO,NO,NO,NO,NO,NO,NO,51,1555
botmaker-rules/scarecrow/bot/ViolenceAndGore_ImageModel_MTT.bot,botmaker-rules,D11,D17,D11;D17,YES,HIGH,botmaker-rules/label-system,FULL_SOURCE_REVIEW,NO,NO,NO,NO,NO,NO,NO,NO,NO,NO,NO,NO,107,4403
botmaker-rules/scarecrow/bot/nsfw_user_write_user_label.bot,botmaker-rules,D11,D17,D11;D17,YES,HIGH,botmaker-rules/label-system,FULL_SOURCE_REVIEW,NO,NO,NO,NO,NO,NO,NO,NO,NO,NO,NO,NO,14,467
botmaker-rules/scarecrow/bot/rtf_tweets_on_unsafe_verdict.bot,botmaker-rules,D11,D17,D11;D17,YES,HIGH,botmaker-rules/label-system,FULL_SOURCE_REVIEW,NO,NO,NO,NO,NO,NO,NO,NO,NO,NO,NO,NO,38,1587
botmaker-rules/scarecrow/bot/tweet_rtf_or_unrtf_on_bad_verdict.bot,botmaker-rules,D11,D17,D11;D17,YES,HIGH,botmaker-rules/label-system,FULL_SOURCE_REVIEW,NO,NO,NO,NO,NO,NO,NO,NO,NO,NO,NO,NO,41,1483
botmaker-rules/scarecrow/derived-feature/AddToHLLForDataCenter.df,botmaker-rules,D11,D17,D11;D17,YES,HIGH,botmaker-rules/label-system,FULL_SOURCE_REVIEW,NO,NO,NO,NO,NO,NO,NO,NO,NO,NO,NO,NO,12,414
botmaker-rules/scarecrow/derived-feature/AddTwitterSupportGuanoNote.df,botmaker-rules,D11,D17,D11;D17,YES,HIGH,botmaker-rules/label-system,FULL_SOURCE_REVIEW,NO,NO,NO,NO,NO,NO,NO,NO,NO,NO,NO,NO,33,891
botmaker-rules/scarecrow/derived-feature/ApplyNsfwUserLabel.df,botmaker-rules,D11,D17,D11;D17,YES,HIGH,botmaker-rules/label-system,FULL_SOURCE_REVIEW,NO,NO,NO,NO,NO,NO,NO,NO,NO,NO,NO,NO,54,1527
botmaker-rules/scarecrow/derived-feature/ApplyNsfwUserLabelOrCreateReport.df,botmaker-rules,D11,D17,D11;D17,YES,HIGH,botmaker-rules/label-system,FULL_SOURCE_REVIEW,NO,NO,NO,NO,NO,NO,NO,NO,NO,NO,NO,NO,93,4162
botmaker-rules/scarecrow/derived-feature/BQ_to_BM_namespace.df,botmaker-rules,D11,D17,D11;D17,YES,HIGH,botmaker-rules/label-system,FULL_SOURCE_REVIEW,NO,NO,NO,NO,NO,NO,NO,NO,NO,NO,NO,NO,4,88
botmaker-rules/scarecrow/derived-feature/Coalesce.df,botmaker-rules,D11,D17,D11;D17,YES,HIGH,botmaker-rules/label-system,FULL_SOURCE_REVIEW,NO,NO,NO,NO,NO,NO,NO,NO,NO,NO,NO,NO,6,147
botmaker-rules/scarecrow/derived-feature/CreateRemediationFatigueNamespace.df,botmaker-rules,D11,D17,D11;D17,YES,HIGH,botmaker-rules/label-system,FULL_SOURCE_REVIEW,NO,NO,NO,NO,NO,NO,NO,NO,NO,NO,NO,NO,4,123
botmaker-rules/scarecrow/derived-feature/DayInSecs.df,botmaker-rules,D11,D17,D11;D17,YES,HIGH,botmaker-rules/label-system,FULL_SOURCE_REVIEW,NO,NO,NO,NO,NO,NO,NO,NO,NO,NO,NO,NO,4,74
botmaker-rules/scarecrow/derived-feature/EmptyLongList.df,botmaker-rules,D11,D17,D11;D17,YES,HIGH,botmaker-rules/label-system,FULL_SOURCE_REVIEW,NO,NO,NO,NO,NO,NO,NO,NO,NO,NO,NO,NO,4,112
botmaker-rules/scarecrow/derived-feature/EmptyStringSet.df,botmaker-rules,D11,D17,D11;D17,YES,HIGH,botmaker-rules/label-system,FULL_SOURCE_REVIEW,NO,NO,NO,NO,NO,NO,NO,NO,NO,NO,NO,NO,4,106
botmaker-rules/scarecrow/derived-feature/FollowerCountFromGizmoduck.df,botmaker-rules,D11,D17,D11;D17,YES,HIGH,botmaker-rules/label-system,FULL_SOURCE_REVIEW,NO,NO,NO,NO,NO,NO,NO,NO,NO,NO,NO,NO,7,135
botmaker-rules/scarecrow/derived-feature/GetDataCenterName.df,botmaker-rules,D11,D17,D11;D17,YES,HIGH,botmaker-rules/label-system,FULL_SOURCE_REVIEW,NO,NO,NO,NO,NO,NO,NO,NO,NO,NO,NO,NO,4,102
botmaker-rules/scarecrow/derived-feature/GetExpandedUrlsForTweet.df,botmaker-rules,D11,D17,D11;D17,YES,HIGH,botmaker-rules/label-system,FULL_SOURCE_REVIEW,NO,NO,NO,NO,NO,NO,NO,NO,NO,NO,NO,NO,22,810
botmaker-rules/scarecrow/derived-feature/GetGrokShareIdsFromGrokMediaId.df,botmaker-rules,D11,D17,D11;D17,YES,HIGH,botmaker-rules/label-system,FULL_SOURCE_REVIEW,NO,NO,NO,NO,NO,NO,NO,NO,NO,NO,NO,NO,24,661
botmaker-rules/scarecrow/derived-feature/GetHLLCountFromDataCenters.df,botmaker-rules,D11,D17,D11;D17,YES,HIGH,botmaker-rules/label-system,FULL_SOURCE_REVIEW,NO,NO,NO,NO,NO,NO,NO,NO,NO,NO,NO,NO,13,405
botmaker-rules/scarecrow/derived-feature/GetTweetAuthorId.df,botmaker-rules,D11,D17,D11;D17,YES,HIGH,botmaker-rules/label-system,FULL_SOURCE_REVIEW,NO,NO,NO,NO,NO,NO,NO,NO,NO,NO,NO,NO,7,154
botmaker-rules/scarecrow/derived-feature/GetTweetCardOrEmptyObject.df,botmaker-rules,D11,D17,D11;D17,YES,HIGH,botmaker-rules/label-system,FULL_SOURCE_REVIEW,NO,NO,NO,NO,NO,NO,NO,NO,NO,NO,NO,NO,34,819
botmaker-rules/scarecrow/derived-feature/GetTweetFullText.df,botmaker-rules,D11,D17,D11;D17,YES,HIGH,botmaker-rules/label-system,FULL_SOURCE_REVIEW,NO,NO,NO,NO,NO,NO,NO,NO,NO,NO,NO,NO,10,358
botmaker-rules/scarecrow/derived-feature/GetTweetLabelInfoFromURL.df,botmaker-rules,D11,D17,D11;D17,YES,HIGH,botmaker-rules/label-system,FULL_SOURCE_REVIEW,NO,NO,NO,NO,NO,NO,NO,NO,NO,NO,NO,NO,30,1002
botmaker-rules/scarecrow/derived-feature/GetTweetOrNull.df,botmaker-rules,D11,D17,D11;D17,YES,HIGH,botmaker-rules/label-system,FULL_SOURCE_REVIEW,NO,NO,NO,NO,NO,NO,NO,NO,NO,NO,NO,NO,6,171
botmaker-rules/scarecrow/derived-feature/GetUrlResolutionChains.df,botmaker-rules,D11,D17,D11;D17,YES,HIGH,botmaker-rules/label-system,FULL_SOURCE_REVIEW,NO,NO,NO,NO,NO,NO,NO,NO,NO,NO,NO,NO,12,320
botmaker-rules/scarecrow/derived-feature/GetUserLabels.df,botmaker-rules,D11,D17,D11;D17,YES,HIGH,botmaker-rules/label-system,FULL_SOURCE_REVIEW,NO,NO,NO,NO,NO,NO,NO,NO,NO,NO,NO,NO,17,435
botmaker-rules/scarecrow/derived-feature/GetUserPinnedTweetIds.df,botmaker-rules,D11,D17,D11;D17,YES,HIGH,botmaker-rules/label-system,FULL_SOURCE_REVIEW,NO,NO,NO,NO,NO,NO,NO,NO,NO,NO,NO,NO,12,325
botmaker-rules/scarecrow/derived-feature/GetVerifiedFollowers.df,botmaker-rules,D11,D17,D11;D17,YES,HIGH,botmaker-rules/label-system,FULL_SOURCE_REVIEW,NO,NO,NO,NO,NO,NO,NO,NO,NO,NO,NO,NO,12,296
botmaker-rules/scarecrow/derived-feature/HasBigQuerytoBotmakerLabel.df,botmaker-rules,D11,D17,D11;D17,YES,HIGH,botmaker-rules/label-system,FULL_SOURCE_REVIEW,NO,NO,NO,NO,NO,NO,NO,NO,NO,NO,NO,NO,5,165
botmaker-rules/scarecrow/derived-feature/HasLabel.df,botmaker-rules,D11,D17,D11;D17,YES,HIGH,botmaker-rules/label-system,FULL_SOURCE_REVIEW,NO,NO,NO,NO,NO,NO,NO,NO,NO,NO,NO,NO,5,144
botmaker-rules/scarecrow/derived-feature/HasRemediationFatigueLabel.df,botmaker-rules,D11,D17,D11;D17,YES,HIGH,botmaker-rules/label-system,FULL_SOURCE_REVIEW,NO,NO,NO,NO,NO,NO,NO,NO,NO,NO,NO,NO,7,183
botmaker-rules/scarecrow/derived-feature/HighPageRankThreshold.df,botmaker-rules,D11,D17,D11;D17,YES,HIGH,botmaker-rules/label-system,FULL_SOURCE_REVIEW,NO,NO,NO,NO,NO,NO,NO,NO,NO,NO,NO,NO,4,66
botmaker-rules/scarecrow/derived-feature/IsHighPageRankUser.df,botmaker-rules,D11,D17,D11;D17,YES,HIGH,botmaker-rules/label-system,FULL_SOURCE_REVIEW,NO,NO,NO,NO,NO,NO,NO,NO,NO,NO,NO,NO,30,1195
botmaker-rules/scarecrow/derived-feature/IsHighPrecisionNsfw.df,botmaker-rules,D11,D17,D11;D17,YES,HIGH,botmaker-rules/label-system,FULL_SOURCE_REVIEW,NO,NO,NO,NO,NO,NO,NO,NO,NO,NO,NO,NO,10,236
botmaker-rules/scarecrow/derived-feature/IsHighPrecisionNsfwNewModelLogic.df,botmaker-rules,D11,D17,D11;D17,YES,HIGH,botmaker-rules/label-system,FULL_SOURCE_REVIEW,NO,NO,NO,NO,NO,NO,NO,NO,NO,NO,NO,NO,7,217
botmaker-rules/scarecrow/derived-feature/IsHighRecallNsfw.df,botmaker-rules,D11,D17,D11;D17,YES,HIGH,botmaker-rules/label-system,FULL_SOURCE_REVIEW,NO,NO,NO,NO,NO,NO,NO,NO,NO,NO,NO,NO,10,230
botmaker-rules/scarecrow/derived-feature/IsHighRecallNsfwNewModelLogic.df,botmaker-rules,D11,D17,D11;D17,YES,HIGH,botmaker-rules/label-system,FULL_SOURCE_REVIEW,NO,NO,NO,NO,NO,NO,NO,NO,NO,NO,NO,NO,12,446
botmaker-rules/scarecrow/derived-feature/IsNearPerfectNsfw.df,botmaker-rules,D11,D17,D11;D17,YES,HIGH,botmaker-rules/label-system,FULL_SOURCE_REVIEW,NO,NO,NO,NO,NO,NO,NO,NO,NO,NO,NO,NO,10,232
botmaker-rules/scarecrow/derived-feature/IsNearPerfectNsfwNewModelLogic.df,botmaker-rules,D11,D17,D11;D17,YES,HIGH,botmaker-rules/label-system,FULL_SOURCE_REVIEW,NO,NO,NO,NO,NO,NO,NO,NO,NO,NO,NO,NO,7,215
botmaker-rules/scarecrow/derived-feature/IsTweetFound.df,botmaker-rules,D11,D17,D11;D17,YES,HIGH,botmaker-rules/label-system,FULL_SOURCE_REVIEW,NO,NO,NO,NO,NO,NO,NO,NO,NO,NO,NO,NO,7,150
botmaker-rules/scarecrow/derived-feature/IsUserGoldVerified.df,botmaker-rules,D11,D17,D11;D17,YES,HIGH,botmaker-rules/label-system,FULL_SOURCE_REVIEW,NO,NO,NO,NO,NO,NO,NO,NO,NO,NO,NO,NO,13,264
botmaker-rules/scarecrow/derived-feature/IsUserGrayVerified.df,botmaker-rules,D11,D17,D11;D17,YES,HIGH,botmaker-rules/label-system,FULL_SOURCE_REVIEW,NO,NO,NO,NO,NO,NO,NO,NO,NO,NO,NO,NO,13,266
botmaker-rules/scarecrow/derived-feature/OneDayInMillis.df,botmaker-rules,D11,D17,D11;D17,YES,HIGH,botmaker-rules/label-system,FULL_SOURCE_REVIEW,NO,NO,NO,NO,NO,NO,NO,NO,NO,NO,NO,NO,4,77
botmaker-rules/scarecrow/derived-feature/OneDayInSecs.df,botmaker-rules,D11,D17,D11;D17,YES,HIGH,botmaker-rules/label-system,FULL_SOURCE_REVIEW,NO,NO,NO,NO,NO,NO,NO,NO,NO,NO,NO,NO,4,74
botmaker-rules/scarecrow/derived-feature/OneMinuteInSecs.df,botmaker-rules,D11,D17,D11;D17,YES,HIGH,botmaker-rules/label-system,FULL_SOURCE_REVIEW,NO,NO,NO,NO,NO,NO,NO,NO,NO,NO,NO,NO,4,71
botmaker-rules/scarecrow/derived-feature/OneWeekInSecs.df,botmaker-rules,D11,D17,D11;D17,YES,HIGH,botmaker-rules/label-system,FULL_SOURCE_REVIEW,NO,NO,NO,NO,NO,NO,NO,NO,NO,NO,NO,NO,4,75
botmaker-rules/scarecrow/derived-feature/RULE_ID.df,botmaker-rules,D11,D17,D11;D17,YES,HIGH,botmaker-rules/label-system,FULL_SOURCE_REVIEW,NO,NO,NO,NO,NO,NO,NO,NO,NO,NO,NO,NO,4,72
botmaker-rules/scarecrow/derived-feature/RemediationFatigueLabel.df,botmaker-rules,D11,D17,D11;D17,YES,HIGH,botmaker-rules/label-system,FULL_SOURCE_REVIEW,NO,NO,NO,NO,NO,NO,NO,NO,NO,NO,NO,NO,4,95
botmaker-rules/scarecrow/derived-feature/SetBigQuerytoBotmakerLabel.df,botmaker-rules,D11,D17,D11;D17,YES,HIGH,botmaker-rules/label-system,FULL_SOURCE_REVIEW,NO,NO,NO,NO,NO,NO,NO,NO,NO,NO,NO,NO,5,213
botmaker-rules/scarecrow/derived-feature/SetRemediationFatigueLabel.df,botmaker-rules,D11,D17,D11;D17,YES,HIGH,botmaker-rules/label-system,FULL_SOURCE_REVIEW,NO,NO,NO,NO,NO,NO,NO,NO,NO,NO,NO,NO,14,297
botmaker-rules/scarecrow/derived-feature/SetTweetRtfApplyLabelWithExpirationMs.df,botmaker-rules,D11,D17,D11;D17,YES,HIGH,botmaker-rules/label-system,FULL_SOURCE_REVIEW,NO,NO,NO,NO,NO,NO,NO,NO,NO,NO,NO,NO,22,490
botmaker-rules/scarecrow/derived-feature/SevenDaysInSecs.df,botmaker-rules,D11,D17,D11;D17,YES,HIGH,botmaker-rules/label-system,FULL_SOURCE_REVIEW,NO,NO,NO,NO,NO,NO,NO,NO,NO,NO,NO,NO,4,75
botmaker-rules/scarecrow/derived-feature/SpammerIdString.df,botmaker-rules,D11,D17,D11;D17,YES,HIGH,botmaker-rules/label-system,FULL_SOURCE_REVIEW,NO,NO,NO,NO,NO,NO,NO,NO,NO,NO,NO,NO,4,87
botmaker-rules/scarecrow/derived-feature/StringIdListToLongList.df,botmaker-rules,D11,D17,D11;D17,YES,HIGH,botmaker-rules/label-system,FULL_SOURCE_REVIEW,NO,NO,NO,NO,NO,NO,NO,NO,NO,NO,NO,NO,5,201
botmaker-rules/scarecrow/derived-feature/SubLongList.df,botmaker-rules,D11,D17,D11;D17,YES,HIGH,botmaker-rules/label-system,FULL_SOURCE_REVIEW,NO,NO,NO,NO,NO,NO,NO,NO,NO,NO,NO,NO,16,448
botmaker-rules/scarecrow/derived-feature/ThirtyDaysInSecs.df,botmaker-rules,D11,D17,D11;D17,YES,HIGH,botmaker-rules/label-system,FULL_SOURCE_REVIEW,NO,NO,NO,NO,NO,NO,NO,NO,NO,NO,NO,NO,4,76
botmaker-rules/scarecrow/derived-feature/TwitterSafetyUserId.df,botmaker-rules,D11,D17,D11;D17,YES,HIGH,botmaker-rules/label-system,FULL_SOURCE_REVIEW,NO,NO,NO,NO,NO,NO,NO,NO,NO,NO,NO,NO,6,87
candidate-pipeline/candidate_pipeline.rs,candidate-pipeline,D01,D16,D01;D16,YES,HIGH,candidate-pipeline,FULL_SOURCE_REVIEW,NO,NO,NO,NO,NO,NO,NO,NO,NO,NO,NO,NO,426,15397
candidate-pipeline/filter.rs,candidate-pipeline,D01,D16,D01;D16,YES,HIGH,candidate-pipeline,FULL_SOURCE_REVIEW,NO,NO,NO,NO,NO,NO,NO,NO,NO,NO,NO,NO,74,2367
candidate-pipeline/hydrator.rs,candidate-pipeline,D01,D16,D01;D16,YES,HIGH,candidate-pipeline,FULL_SOURCE_REVIEW,NO,NO,NO,NO,NO,NO,NO,NO,NO,NO,NO,NO,196,6548
candidate-pipeline/lib.rs,candidate-pipeline,D01,D16,D01;D16,YES,HIGH,candidate-pipeline,FULL_SOURCE_REVIEW,NO,NO,NO,NO,NO,NO,NO,NO,NO,NO,NO,NO,15,390
candidate-pipeline/pipeline_summary.rs,candidate-pipeline,D01,D16,D01;D16,YES,HIGH,candidate-pipeline,FULL_SOURCE_REVIEW,NO,NO,NO,NO,NO,NO,NO,NO,NO,NO,NO,NO,229,6604
candidate-pipeline/query_hydrator.rs,candidate-pipeline,D01,D16,D01;D16,YES,HIGH,candidate-pipeline,FULL_SOURCE_REVIEW,NO,NO,NO,NO,NO,NO,NO,NO,NO,NO,NO,NO,41,1151
candidate-pipeline/scorer.rs,candidate-pipeline,D01,D16,D01;D16,YES,HIGH,candidate-pipeline,FULL_SOURCE_REVIEW,NO,NO,NO,NO,NO,NO,NO,NO,NO,NO,NO,NO,61,1865
candidate-pipeline/selector.rs,candidate-pipeline,D01,D16,D01;D16,YES,HIGH,candidate-pipeline,FULL_SOURCE_REVIEW,NO,NO,NO,NO,NO,NO,NO,NO,NO,NO,NO,NO,109,3252
candidate-pipeline/side_effect.rs,candidate-pipeline,D01,D16;D18,D01;D16;D18,YES,HIGH,candidate-pipeline,FULL_SOURCE_REVIEW,NO,NO,NO,NO,NO,NO,NO,NO,NO,NO,NO,NO,34,851
candidate-pipeline/source.rs,candidate-pipeline,D01,D16,D01;D16,YES,HIGH,candidate-pipeline,FULL_SOURCE_REVIEW,NO,NO,NO,NO,NO,NO,NO,NO,NO,NO,NO,NO,46,1389
candidate-pipeline/util.rs,candidate-pipeline,D01,D16,D01;D16,YES,HIGH,candidate-pipeline,FULL_SOURCE_REVIEW,NO,NO,NO,NO,NO,NO,NO,NO,NO,NO,NO,NO,3,108
clip/BUILD,clip,D09,D19,D09;D19,YES,HIGH,clip/media-model,REPRO_BUILD_REVIEW,NO,NO,NO,NO,NO,NO,NO,NO,NO,YES,NO,NO,115,3191
clip/config.py,clip,D09,D17,D09;D17,YES,HIGH,clip/media-model,FULL_SOURCE_REVIEW,NO,NO,NO,NO,NO,NO,NO,NO,YES,NO,NO,NO,35,1076
clip/datasets/language_image_dataset.py,clip,D09,D15,D09;D15,YES,HIGH,clip/media-model,FULL_SOURCE_REVIEW,NO,NO,NO,NO,NO,NO,NO,NO,NO,NO,NO,NO,82,2951
clip/datasets/media_cache_dataset.py,clip,D09,D15,D09;D15,YES,HIGH,clip/media-model,FULL_SOURCE_REVIEW,NO,NO,NO,NO,NO,NO,NO,NO,NO,NO,NO,NO,117,3873
clip/keras_model.py,clip,D09,,D09,NO,HIGH,clip/media-model,FULL_SOURCE_REVIEW,NO,NO,NO,NO,NO,NO,NO,NO,NO,NO,NO,NO,155,5177
clip/model.py,clip,D09,,D09,NO,HIGH,clip/media-model,FULL_SOURCE_REVIEW,NO,NO,NO,NO,NO,NO,NO,NO,NO,NO,NO,NO,359,13265
clip/modules.py,clip,D09,,D09,NO,HIGH,clip/media-model,FULL_SOURCE_REVIEW,NO,NO,NO,NO,NO,NO,NO,NO,NO,NO,NO,NO,81,2702
clip/notebooks/BUILD,clip,D09,D15;D19,D09;D15;D19,YES,HIGH,clip/media-model,REPRO_BUILD_REVIEW,NO,NO,YES,NO,NO,NO,NO,NO,NO,YES,NO,NO,9,411
clip/notebooks/create_bq_language_image_dataset.ipynb,clip,D09,D15;D19,D09;D15;D19,YES,HIGH,clip/media-model,EXAMPLE_REFERENCE_REVIEW,NO,NO,YES,NO,NO,NO,NO,NO,NO,NO,NO,NO,225,7560
clip/notebooks/create_gcs_language_image_dataset.ipynb,clip,D09,D15;D19,D09;D15;D19,YES,HIGH,clip/media-model,EXAMPLE_REFERENCE_REVIEW,NO,NO,YES,NO,NO,NO,NO,NO,NO,NO,NO,NO,210,5800
clip/notebooks/gcs_lifecycle_config.json,clip,D09,D15;D17;D19,D09;D15;D17;D19,YES,HIGH,clip/media-model,EXAMPLE_REFERENCE_REVIEW,NO,NO,YES,NO,NO,NO,NO,NO,YES,NO,NO,NO,9,101
clip/notebooks/media_embeddings_dataflow.ipynb,clip,D09,D15;D19,D09;D15;D19,YES,HIGH,clip/media-model,EXAMPLE_REFERENCE_REVIEW,NO,NO,YES,NO,NO,NO,NO,NO,NO,NO,NO,NO,636,21359
clip/scripts/BUILD,clip,D09,D19,D09;D19,YES,HIGH,clip/media-model,REPRO_BUILD_REVIEW,NO,NO,NO,NO,NO,NO,NO,NO,NO,YES,NO,NO,24,734
clip/scripts/export_dbv2_image_model.py,clip,D09,,D09,NO,HIGH,clip/media-model,FULL_SOURCE_REVIEW,NO,NO,NO,NO,NO,NO,NO,NO,NO,NO,NO,NO,64,1688
clip/scripts/export_keras_models.py,clip,D09,,D09,NO,HIGH,clip/media-model,FULL_SOURCE_REVIEW,NO,NO,NO,NO,NO,NO,NO,NO,NO,NO,NO,NO,74,2144
clip/training.py,clip,D09,D15,D09;D15,YES,HIGH,clip/media-model,FULL_SOURCE_REVIEW,NO,NO,NO,NO,NO,NO,NO,NO,NO,NO,NO,NO,242,7627
clip/utils/data_utils.py,clip,D09,,D09,NO,HIGH,clip/media-model,FULL_SOURCE_REVIEW,NO,NO,NO,NO,NO,NO,NO,NO,NO,NO,NO,NO,284,8420
clip/utils/io_utils.py,clip,D09,,D09,NO,HIGH,clip/media-model,FULL_SOURCE_REVIEW,NO,NO,NO,NO,NO,NO,NO,NO,NO,NO,NO,NO,52,1431
clip/utils/model_utils.py,clip,D09,,D09,NO,HIGH,clip/media-model,FULL_SOURCE_REVIEW,NO,NO,NO,NO,NO,NO,NO,NO,NO,NO,NO,NO,31,878
clip/utils/train_utils.py,clip,D09,D15,D09;D15,YES,HIGH,clip/media-model,FULL_SOURCE_REVIEW,NO,NO,NO,NO,NO,NO,NO,NO,NO,NO,NO,NO,52,1558
docs/BIDIRECTIONAL_BOOST_CHANGE.md,docs,D00,D05;D17,D00;D05;D17,YES,HIGH,component:docs,DOC_CONTEXT_VERIFY_AGAINST_CODE,NO,NO,NO,NO,NO,YES,NO,YES,NO,NO,NO,NO,495,19293
grox/config/config.py,grox,D09,D16;D17,D09;D16;D17,YES,HIGH,grox/content-understanding,FULL_SOURCE_REVIEW,NO,NO,NO,NO,NO,NO,NO,NO,YES,NO,NO,NO,268,8265
grox/core/__init__.py,grox,D09,D16,D09;D16,YES,HIGH,grox/content-understanding,FULL_SOURCE_REVIEW,NO,NO,NO,NO,NO,NO,NO,NO,NO,NO,NO,NO,0,0
grox/core/clients/nightowl_client.py,grox,D09,D16,D09;D16,YES,HIGH,grox/content-understanding,FULL_SOURCE_REVIEW,NO,NO,NO,NO,NO,NO,NO,NO,NO,NO,NO,NO,81,2574
grox/core/constants.py,grox,D09,D16,D09;D16,YES,HIGH,grox/content-understanding,FULL_SOURCE_REVIEW,NO,NO,NO,NO,NO,NO,NO,NO,NO,NO,NO,NO,2,70
grox/core/data_loaders/asr_processor.py,grox,D09,D16,D09;D16,YES,HIGH,grox/content-understanding,FULL_SOURCE_REVIEW,NO,NO,NO,NO,NO,NO,NO,NO,NO,NO,NO,NO,381,13590
grox/core/data_loaders/data_types.py,grox,D09,D16,D09;D16,YES,HIGH,grox/content-understanding,FULL_SOURCE_REVIEW,NO,NO,NO,NO,NO,NO,NO,NO,NO,NO,NO,NO,849,30784
grox/core/data_loaders/descendant_hydrator.py,grox,D09,D16,D09;D16,YES,HIGH,grox/content-understanding,FULL_SOURCE_REVIEW,NO,NO,NO,NO,NO,NO,NO,NO,NO,NO,NO,NO,41,1390
grox/core/data_loaders/descendant_id_provider.py,grox,D09,D16,D09;D16,YES,HIGH,grox/content-understanding,FULL_SOURCE_REVIEW,NO,NO,NO,NO,NO,NO,NO,NO,NO,NO,NO,NO,27,992
grox/core/data_loaders/kafka_loader.py,grox,D09,D16,D09;D16,YES,HIGH,grox/content-understanding,FULL_SOURCE_REVIEW,NO,NO,NO,NO,NO,NO,NO,NO,NO,NO,NO,NO,227,8722
grox/core/data_loaders/media_loader.py,grox,D09,D16,D09;D16,YES,HIGH,grox/content-understanding,FULL_SOURCE_REVIEW,NO,NO,NO,NO,NO,NO,NO,NO,NO,NO,NO,NO,583,24111
grox/core/data_loaders/media_processor.py,grox,D09,D16,D09;D16,YES,HIGH,grox/content-understanding,FULL_SOURCE_REVIEW,NO,NO,NO,NO,NO,NO,NO,NO,NO,NO,NO,NO,208,7644
grox/core/data_loaders/message_queue_loader.py,grox,D09,D16,D09;D16,YES,HIGH,grox/content-understanding,FULL_SOURCE_REVIEW,NO,NO,NO,NO,NO,NO,NO,NO,NO,NO,NO,NO,36,790
grox/core/data_loaders/post_mapper.py,grox,D09,D16,D09;D16,YES,HIGH,grox/content-understanding,FULL_SOURCE_REVIEW,NO,NO,NO,NO,NO,NO,NO,NO,NO,NO,NO,NO,387,14615
grox/core/data_loaders/strato_loader.py,grox,D09,D16,D09;D16,YES,HIGH,grox/content-understanding,FULL_SOURCE_REVIEW,NO,NO,NO,NO,NO,NO,NO,NO,NO,NO,NO,NO,136,4926
grox/core/dispatcher.py,grox,D09,D16,D09;D16,YES,HIGH,grox/content-understanding,FULL_SOURCE_REVIEW,NO,NO,NO,NO,NO,NO,NO,NO,NO,NO,NO,NO,209,8318
grox/core/engine.py,grox,D09,D16,D09;D16,YES,HIGH,grox/content-understanding,FULL_SOURCE_REVIEW,NO,NO,NO,NO,NO,NO,NO,NO,NO,NO,NO,NO,173,6805
grox/core/generators/__init__.py,grox,D09,D16,D09;D16,YES,HIGH,grox/content-understanding,FULL_SOURCE_REVIEW,NO,NO,NO,NO,NO,NO,NO,NO,NO,NO,NO,NO,0,0
grox/core/generators/registry.py,grox,D09,D16,D09;D16,YES,HIGH,grox/content-understanding,FULL_SOURCE_REVIEW,NO,NO,NO,NO,NO,NO,NO,NO,NO,NO,NO,NO,36,1217
grox/core/generators/stream_generator.py,grox,D09,D16,D09;D16,YES,HIGH,grox/content-understanding,FULL_SOURCE_REVIEW,NO,NO,NO,NO,NO,NO,NO,NO,NO,NO,NO,NO,48,1555
grox/core/generators/task_generator.py,grox,D09,D16,D09;D16,YES,HIGH,grox/content-understanding,FULL_SOURCE_REVIEW,NO,NO,NO,NO,NO,NO,NO,NO,NO,NO,NO,NO,166,6318
grox/core/lib/utils.py,grox,D09,D16,D09;D16,YES,HIGH,grox/content-understanding,FULL_SOURCE_REVIEW,NO,NO,NO,NO,NO,NO,NO,NO,NO,NO,NO,NO,12,434
grox/core/lm/convo.py,grox,D09,D16,D09;D16,YES,HIGH,grox/content-understanding,FULL_SOURCE_REVIEW,NO,NO,NO,NO,NO,NO,NO,NO,NO,NO,NO,NO,393,14252
grox/core/lm/post.py,grox,D09,D16,D09;D16,YES,HIGH,grox/content-understanding,FULL_SOURCE_REVIEW,NO,NO,NO,NO,NO,NO,NO,NO,NO,NO,NO,NO,176,7094
grox/core/lm/thread.py,grox,D09,D16,D09;D16,YES,HIGH,grox/content-understanding,FULL_SOURCE_REVIEW,NO,NO,NO,NO,NO,NO,NO,NO,NO,NO,NO,NO,86,3390
grox/core/lm/user.py,grox,D09,D16,D09;D16,YES,HIGH,grox/content-understanding,FULL_SOURCE_REVIEW,NO,NO,NO,NO,NO,NO,NO,NO,NO,NO,NO,NO,50,1971
grox/core/loading.py,grox,D09,D16,D09;D16,YES,HIGH,grox/content-understanding,FULL_SOURCE_REVIEW,NO,NO,NO,NO,NO,NO,NO,NO,NO,NO,NO,NO,66,2167
grox/core/plans/__init__.py,grox,D09,D16;D11,D09;D16;D11,YES,HIGH,grox/content-understanding,FULL_SOURCE_REVIEW,NO,NO,NO,NO,NO,NO,NO,NO,NO,NO,NO,NO,0,0
grox/core/plans/plan.py,grox,D09,D16;D11,D09;D16;D11,YES,HIGH,grox/content-understanding,FULL_SOURCE_REVIEW,NO,NO,NO,NO,NO,NO,NO,NO,NO,NO,NO,NO,103,3957
grox/core/plans/plan_master.py,grox,D09,D16;D11,D09;D16;D11,YES,HIGH,grox/content-understanding,FULL_SOURCE_REVIEW,NO,NO,NO,NO,NO,NO,NO,NO,NO,NO,NO,NO,42,1564
grox/core/plans/registry.py,grox,D09,D16;D11,D09;D16;D11,YES,HIGH,grox/content-understanding,FULL_SOURCE_REVIEW,NO,NO,NO,NO,NO,NO,NO,NO,NO,NO,NO,NO,15,412
grox/core/processors.py,grox,D09,D16,D09;D16,YES,HIGH,grox/content-understanding,FULL_SOURCE_REVIEW,NO,NO,NO,NO,NO,NO,NO,NO,NO,NO,NO,NO,47,1276
grox/core/registry.py,grox,D09,D16,D09;D16,YES,HIGH,grox/content-understanding,FULL_SOURCE_REVIEW,NO,NO,NO,NO,NO,NO,NO,NO,NO,NO,NO,NO,17,745
grox/core/schedules/context.py,grox,D09,D16,D09;D16,YES,HIGH,grox/content-understanding,FULL_SOURCE_REVIEW,NO,NO,NO,NO,NO,NO,NO,NO,NO,NO,NO,NO,45,1155
grox/core/schedules/init.py,grox,D09,D16,D09;D16,YES,HIGH,grox/content-understanding,FULL_SOURCE_REVIEW,NO,NO,NO,NO,NO,NO,NO,NO,NO,NO,NO,NO,40,1185
grox/core/schedules/types.py,grox,D09,D16,D09;D16,YES,HIGH,grox/content-understanding,FULL_SOURCE_REVIEW,NO,NO,NO,NO,NO,NO,NO,NO,NO,NO,NO,NO,56,1491
grox/core/services/__init__.py,grox,D09,D16,D09;D16,YES,HIGH,grox/content-understanding,FULL_SOURCE_REVIEW,NO,NO,NO,NO,NO,NO,NO,NO,NO,NO,NO,NO,0,0
grox/core/services/registry.py,grox,D09,D16,D09;D16,YES,HIGH,grox/content-understanding,FULL_SOURCE_REVIEW,NO,NO,NO,NO,NO,NO,NO,NO,NO,NO,NO,NO,29,702
grox/core/services/service.py,grox,D09,D16,D09;D16,YES,HIGH,grox/content-understanding,FULL_SOURCE_REVIEW,NO,NO,NO,NO,NO,NO,NO,NO,NO,NO,NO,NO,58,2175
grox/core/tasks/disable_rules.py,grox,D09,D16;D11,D09;D16;D11,YES,HIGH,grox/content-understanding,FULL_SOURCE_REVIEW,NO,NO,NO,NO,NO,NO,NO,NO,NO,NO,NO,NO,24,561
grox/core/tasks/task.py,grox,D09,D16;D11,D09;D16;D11,YES,HIGH,grox/content-understanding,FULL_SOURCE_REVIEW,NO,NO,NO,NO,NO,NO,NO,NO,NO,NO,NO,NO,117,3730
grox/core/tasks/task_asr.py,grox,D09,D16;D11,D09;D16;D11,YES,HIGH,grox/content-understanding,FULL_SOURCE_REVIEW,NO,NO,NO,NO,NO,NO,NO,NO,NO,NO,NO,NO,151,5989
grox/core/tasks/task_filters.py,grox,D09,D16;D11,D09;D16;D11,YES,HIGH,grox/content-understanding,FULL_SOURCE_REVIEW,NO,NO,NO,NO,NO,NO,NO,NO,NO,NO,NO,NO,35,980
grox/core/tasks/task_load_post.py,grox,D09,D16;D11,D09;D16;D11,YES,HIGH,grox/content-understanding,FULL_SOURCE_REVIEW,NO,NO,NO,NO,NO,NO,NO,NO,NO,NO,NO,NO,15,595
grox/core/tasks/task_media.py,grox,D09,D16;D11,D09;D16;D11,YES,HIGH,grox/content-understanding,FULL_SOURCE_REVIEW,NO,NO,NO,NO,NO,NO,NO,NO,NO,NO,NO,NO,13,560
grox/core/tasks/task_rate_limit.py,grox,D09,D16;D11,D09;D16;D11,YES,HIGH,grox/content-understanding,FULL_SOURCE_REVIEW,NO,NO,NO,NO,NO,NO,NO,NO,NO,NO,NO,NO,59,1782
grox/flows/mm_emb/__init__.py,grox,D09,D16;D11,D09;D16;D11,YES,HIGH,grox/content-understanding,FULL_SOURCE_REVIEW,NO,NO,NO,NO,NO,NO,NO,NO,NO,NO,NO,NO,0,0
grox/flows/mm_emb/constants.py,grox,D09,D16;D11,D09;D16;D11,YES,HIGH,grox/content-understanding,FULL_SOURCE_REVIEW,NO,NO,NO,NO,NO,NO,NO,NO,NO,NO,NO,NO,17,1011
grox/flows/mm_emb/disable_rules.py,grox,D09,D16;D11,D09;D16;D11,YES,HIGH,grox/content-understanding,FULL_SOURCE_REVIEW,NO,NO,NO,NO,NO,NO,NO,NO,NO,NO,NO,NO,11,376
grox/flows/mm_emb/embedder.py,grox,D09,D16;D11,D09;D16;D11,YES,HIGH,grox/content-understanding,FULL_SOURCE_REVIEW,NO,NO,NO,NO,NO,NO,NO,NO,NO,NO,NO,NO,116,4372
grox/flows/mm_emb/embedder_v82.py,grox,D09,D16;D11,D09;D16;D11,YES,HIGH,grox/content-understanding,FULL_SOURCE_REVIEW,NO,NO,NO,NO,NO,NO,NO,NO,NO,NO,NO,NO,114,4268
grox/flows/mm_emb/generators.py,grox,D09,D16;D11,D09;D16;D11,YES,HIGH,grox/content-understanding,FULL_SOURCE_REVIEW,NO,NO,NO,NO,NO,NO,NO,NO,NO,NO,NO,NO,77,2563
grox/flows/mm_emb/plan_post_embedding_v5.py,grox,D09,D16;D11,D09;D16;D11,YES,HIGH,grox/content-understanding,FULL_SOURCE_REVIEW,NO,NO,NO,NO,NO,NO,NO,NO,NO,NO,NO,NO,37,1517
grox/flows/mm_emb/plan_post_embedding_v5_for_reply.py,grox,D09,D16;D11,D09;D16;D11,YES,HIGH,grox/content-understanding,FULL_SOURCE_REVIEW,NO,NO,NO,NO,NO,NO,NO,NO,NO,NO,NO,NO,35,1571
grox/flows/mm_emb/plan_post_embedding_v82.py,grox,D09,D16;D11,D09;D16;D11,YES,HIGH,grox/content-understanding,FULL_SOURCE_REVIEW,NO,NO,NO,NO,NO,NO,NO,NO,NO,NO,NO,NO,32,1304
grox/flows/mm_emb/plan_post_embedding_v82_for_reply.py,grox,D09,D16;D11,D09;D16;D11,YES,HIGH,grox/content-understanding,FULL_SOURCE_REVIEW,NO,NO,NO,NO,NO,NO,NO,NO,NO,NO,NO,NO,35,1588
grox/flows/mm_emb/renderer.py,grox,D09,D16;D11,D09;D16;D11,YES,HIGH,grox/content-understanding,FULL_SOURCE_REVIEW,NO,NO,NO,NO,NO,NO,NO,NO,NO,NO,NO,NO,195,6465
grox/flows/mm_emb/renderer_v82.py,grox,D09,D16;D11,D09;D16;D11,YES,HIGH,grox/content-understanding,FULL_SOURCE_REVIEW,NO,NO,NO,NO,NO,NO,NO,NO,NO,NO,NO,NO,372,11770
grox/flows/mm_emb/state.py,grox,D09,D16;D11,D09;D16;D11,YES,HIGH,grox/content-understanding,FULL_SOURCE_REVIEW,NO,NO,NO,NO,NO,NO,NO,NO,NO,NO,NO,NO,6,159
grox/flows/mm_emb/task_embedding_pub.py,grox,D09,D16;D11,D09;D16;D11,YES,HIGH,grox/content-understanding,FULL_SOURCE_REVIEW,NO,NO,NO,NO,NO,NO,NO,NO,NO,NO,NO,NO,56,1875
grox/flows/mm_emb/task_filter.py,grox,D09,D16;D11,D09;D16;D11,YES,HIGH,grox/content-understanding,FULL_SOURCE_REVIEW,NO,NO,NO,NO,NO,NO,NO,NO,NO,NO,NO,NO,50,1875
grox/flows/mm_emb/task_multimodal_post_embedding.py,grox,D09,D16;D11,D09;D16;D11,YES,HIGH,grox/content-understanding,FULL_SOURCE_REVIEW,NO,NO,NO,NO,NO,NO,NO,NO,NO,NO,NO,NO,77,3311
grox/flows/mm_emb/task_rate_limit.py,grox,D09,D16;D11,D09;D16;D11,YES,HIGH,grox/content-understanding,FULL_SOURCE_REVIEW,NO,NO,NO,NO,NO,NO,NO,NO,NO,NO,NO,NO,23,697
grox/flows/mm_emb/task_write_mm_embedding_sink.py,grox,D09,D16;D11,D09;D16;D11,YES,HIGH,grox/content-understanding,FULL_SOURCE_REVIEW,NO,NO,NO,NO,NO,NO,NO,NO,NO,NO,NO,NO,160,5829
grox/flows/ptos/__init__.py,grox,D09,D16;D11,D09;D16;D11,YES,HIGH,grox/content-understanding,FULL_SOURCE_REVIEW,NO,NO,NO,NO,NO,NO,NO,NO,NO,NO,NO,NO,0,0
grox/flows/ptos/classifier.py,grox,D09,D16;D11,D09;D16;D11,YES,HIGH,grox/content-understanding,FULL_SOURCE_REVIEW,NO,NO,NO,NO,NO,NO,NO,NO,NO,NO,NO,NO,543,21408
grox/flows/ptos/constants.py,grox,D09,D16;D11,D09;D16;D11,YES,HIGH,grox/content-understanding,FULL_SOURCE_REVIEW,NO,NO,NO,NO,NO,NO,NO,NO,NO,NO,NO,NO,25,1121
grox/flows/ptos/disable_rules.py,grox,D09,D16;D11,D09;D16;D11,YES,HIGH,grox/content-understanding,FULL_SOURCE_REVIEW,NO,NO,NO,NO,NO,NO,NO,NO,NO,NO,NO,NO,11,369
grox/flows/ptos/generators.py,grox,D09,D16;D11,D09;D16;D11,YES,HIGH,grox/content-understanding,FULL_SOURCE_REVIEW,NO,NO,NO,NO,NO,NO,NO,NO,NO,NO,NO,NO,90,2858
grox/flows/ptos/kafka_loader.py,grox,D09,D16;D11,D09;D16;D11,YES,HIGH,grox/content-understanding,FULL_SOURCE_REVIEW,NO,NO,NO,NO,NO,NO,NO,NO,NO,NO,NO,NO,49,1790
grox/flows/ptos/mode.py,grox,D09,D16;D11,D09;D16;D11,YES,HIGH,grox/content-understanding,FULL_SOURCE_REVIEW,NO,NO,NO,NO,NO,NO,NO,NO,NO,NO,NO,NO,28,869
grox/flows/ptos/plan_safety_ptos.py,grox,D09,D16;D11,D09;D16;D11,YES,HIGH,grox/content-understanding,FULL_SOURCE_REVIEW,NO,NO,NO,NO,NO,NO,NO,NO,NO,NO,NO,NO,48,2296
grox/flows/ptos/plan_safety_ptos_live_cluster_anchors.py,grox,D09,D16;D11,D09;D16;D11,YES,HIGH,grox/content-understanding,FULL_SOURCE_REVIEW,NO,NO,NO,NO,NO,NO,NO,NO,NO,NO,NO,NO,38,1823
grox/flows/ptos/plan_safety_ptos_realtime_with_signals.py,grox,D09,D16;D11,D09;D16;D11,YES,HIGH,grox/content-understanding,FULL_SOURCE_REVIEW,NO,NO,NO,NO,NO,NO,NO,NO,NO,NO,NO,NO,32,1511
grox/flows/ptos/prompts.py,grox,D09,D16;D11,D09;D16;D11,YES,HIGH,grox/content-understanding,FULL_SOURCE_REVIEW,NO,NO,NO,NO,NO,NO,NO,NO,NO,NO,NO,NO,57,1472
grox/flows/ptos/state.py,grox,D09,D16;D11,D09;D16;D11,YES,HIGH,grox/content-understanding,FULL_SOURCE_REVIEW,NO,NO,NO,NO,NO,NO,NO,NO,NO,NO,NO,NO,125,4661
grox/flows/ptos/task_filter.py,grox,D09,D16;D11,D09;D16;D11,YES,HIGH,grox/content-understanding,FULL_SOURCE_REVIEW,NO,NO,NO,NO,NO,NO,NO,NO,NO,NO,NO,NO,86,3239
grox/flows/ptos/task_ptos_spam_detection.py,grox,D09,D16;D11,D09;D16;D11,YES,HIGH,grox/content-understanding,FULL_SOURCE_REVIEW,NO,NO,NO,NO,NO,NO,NO,NO,NO,NO,NO,NO,62,2399
grox/flows/ptos/task_rate_limit.py,grox,D09,D16;D11,D09;D16;D11,YES,HIGH,grox/content-understanding,FULL_SOURCE_REVIEW,NO,NO,NO,NO,NO,NO,NO,NO,NO,NO,NO,NO,35,1301
grox/flows/ptos/task_safety_ptos_category.py,grox,D09,D16;D11,D09;D16;D11,YES,HIGH,grox/content-understanding,FULL_SOURCE_REVIEW,NO,NO,NO,NO,NO,NO,NO,NO,NO,NO,NO,NO,83,3396
grox/flows/ptos/task_safety_ptos_min_traction_dedupe_filter.py,grox,D09,D16;D11,D09;D16;D11,YES,HIGH,grox/content-understanding,FULL_SOURCE_REVIEW,NO,NO,NO,NO,NO,NO,NO,NO,NO,NO,NO,NO,65,2476
grox/flows/ptos/task_safety_ptos_policy.py,grox,D09,D16;D11,D09;D16;D11,YES,HIGH,grox/content-understanding,FULL_SOURCE_REVIEW,NO,NO,NO,NO,NO,NO,NO,NO,NO,NO,NO,NO,174,6746
grox/flows/ptos/task_safety_ptos_safemodel_sex_nudity.py,grox,D09,D16;D11,D09;D16;D11,YES,HIGH,grox/content-understanding,FULL_SOURCE_REVIEW,NO,NO,NO,NO,NO,NO,NO,NO,NO,NO,NO,NO,277,10862
grox/flows/ptos/task_write_live_cluster_anchor_verdict_sink.py,grox,D09,D16;D11,D09;D16;D11,YES,HIGH,grox/content-understanding,FULL_SOURCE_REVIEW,NO,NO,NO,NO,NO,NO,NO,NO,NO,NO,NO,NO,183,6504
grox/flows/ptos/task_write_safety_post_annotations_result_sink.py,grox,D09,D16;D11,D09;D16;D11,YES,HIGH,grox/content-understanding,FULL_SOURCE_REVIEW,NO,NO,NO,NO,NO,NO,NO,NO,NO,NO,NO,NO,499,20901
grox/flows/reply_spam/__init__.py,grox,D09,D16;D11,D09;D16;D11,YES,HIGH,grox/content-understanding,FULL_SOURCE_REVIEW,NO,NO,NO,NO,NO,NO,NO,NO,NO,NO,NO,NO,0,0
grox/flows/reply_spam/classifier_coordinated_spam.py,grox,D09,D16;D11,D09;D16;D11,YES,HIGH,grox/content-understanding,FULL_SOURCE_REVIEW,NO,NO,NO,NO,NO,NO,NO,NO,NO,NO,NO,NO,218,8342
grox/flows/reply_spam/classifier_reply_ranking.py,grox,D09,D16;D11,D09;D16;D11,YES,HIGH,grox/content-understanding,FULL_SOURCE_REVIEW,NO,NO,NO,NO,NO,NO,NO,NO,NO,NO,NO,NO,171,6401
grox/flows/reply_spam/classifier_simple_reply_scorer.py,grox,D09,D16;D11,D09;D16;D11,YES,HIGH,grox/content-understanding,FULL_SOURCE_REVIEW,NO,NO,NO,NO,NO,NO,NO,NO,NO,NO,NO,NO,30,1247
grox/flows/reply_spam/constants.py,grox,D09,D16;D11,D09;D16;D11,YES,HIGH,grox/content-understanding,FULL_SOURCE_REVIEW,NO,NO,NO,NO,NO,NO,NO,NO,NO,NO,NO,NO,5,246
grox/flows/reply_spam/generators.py,grox,D09,D16;D11,D09;D16;D11,YES,HIGH,grox/content-understanding,FULL_SOURCE_REVIEW,NO,NO,NO,NO,NO,NO,NO,NO,NO,NO,NO,NO,34,1101
grox/flows/reply_spam/plan_coordinated_spam.py,grox,D09,D16;D11,D09;D16;D11,YES,HIGH,grox/content-understanding,FULL_SOURCE_REVIEW,NO,NO,NO,NO,NO,NO,NO,NO,NO,NO,NO,NO,32,1393
grox/flows/reply_spam/plan_reply_ranking.py,grox,D09,D16;D11,D09;D16;D11,YES,HIGH,grox/content-understanding,FULL_SOURCE_REVIEW,NO,NO,NO,NO,NO,NO,NO,NO,NO,NO,NO,NO,30,1237
grox/flows/reply_spam/plan_spam_comment.py,grox,D09,D16;D11,D09;D16;D11,YES,HIGH,grox/content-understanding,FULL_SOURCE_REVIEW,NO,NO,NO,NO,NO,NO,NO,NO,NO,NO,NO,NO,30,1189
grox/flows/reply_spam/prompts.py,grox,D09,D16;D11,D09;D16;D11,YES,HIGH,grox/content-understanding,FULL_SOURCE_REVIEW,NO,NO,NO,NO,NO,NO,NO,NO,NO,NO,NO,NO,30,947
grox/flows/reply_spam/state_coordinated_spam.py,grox,D09,D16;D11,D09;D16;D11,YES,HIGH,grox/content-understanding,FULL_SOURCE_REVIEW,NO,NO,NO,NO,NO,NO,NO,NO,NO,NO,NO,NO,13,284
grox/flows/reply_spam/state_reply_ranking.py,grox,D09,D16;D11,D09;D16;D11,YES,HIGH,grox/content-understanding,FULL_SOURCE_REVIEW,NO,NO,NO,NO,NO,NO,NO,NO,NO,NO,NO,NO,13,217
grox/flows/reply_spam/strato_loader.py,grox,D09,D16;D11,D09;D16;D11,YES,HIGH,grox/content-understanding,FULL_SOURCE_REVIEW,NO,NO,NO,NO,NO,NO,NO,NO,NO,NO,NO,NO,32,935
grox/flows/reply_spam/task_coordinated_spam.py,grox,D09,D16;D11,D09;D16;D11,YES,HIGH,grox/content-understanding,FULL_SOURCE_REVIEW,NO,NO,NO,NO,NO,NO,NO,NO,NO,NO,NO,NO,48,1952
grox/flows/reply_spam/task_filter.py,grox,D09,D16;D11,D09;D16;D11,YES,HIGH,grox/content-understanding,FULL_SOURCE_REVIEW,NO,NO,NO,NO,NO,NO,NO,NO,NO,NO,NO,NO,248,9972
grox/flows/reply_spam/task_rank_replies.py,grox,D09,D16;D11,D09;D16;D11,YES,HIGH,grox/content-understanding,FULL_SOURCE_REVIEW,NO,NO,NO,NO,NO,NO,NO,NO,NO,NO,NO,NO,31,1277
grox/flows/reply_spam/task_rate_limit.py,grox,D09,D16;D11,D09;D16;D11,YES,HIGH,grox/content-understanding,FULL_SOURCE_REVIEW,NO,NO,NO,NO,NO,NO,NO,NO,NO,NO,NO,NO,18,585
grox/flows/reply_spam/task_spam_detection.py,grox,D09,D16;D11,D09;D16;D11,YES,HIGH,grox/content-understanding,FULL_SOURCE_REVIEW,NO,NO,NO,NO,NO,NO,NO,NO,NO,NO,NO,NO,54,2193
grox/flows/reply_spam/task_write.py,grox,D09,D16;D11,D09;D16;D11,YES,HIGH,grox/content-understanding,FULL_SOURCE_REVIEW,NO,NO,NO,NO,NO,NO,NO,NO,NO,NO,NO,NO,193,7021
grox/flows/upa/__init__.py,grox,D09,D16;D11,D09;D16;D11,YES,HIGH,grox/content-understanding,FULL_SOURCE_REVIEW,NO,NO,NO,NO,NO,NO,NO,NO,NO,NO,NO,NO,0,0
grox/flows/upa/classifier_banger_initial_screen_gemma.py,grox,D09,D16;D11,D09;D16;D11,YES,HIGH,grox/content-understanding,FULL_SOURCE_REVIEW,NO,NO,NO,NO,NO,NO,NO,NO,NO,NO,NO,NO,154,5606
grox/flows/upa/classifier_post_safety_screen_deluxe.py,grox,D09,D16;D11,D09;D16;D11,YES,HIGH,grox/content-understanding,FULL_SOURCE_REVIEW,NO,NO,NO,NO,NO,NO,NO,NO,NO,NO,NO,NO,75,2820
grox/flows/upa/constants.py,grox,D09,D16;D11,D09;D16;D11,YES,HIGH,grox/content-understanding,FULL_SOURCE_REVIEW,NO,NO,NO,NO,NO,NO,NO,NO,NO,NO,NO,NO,9,438
grox/flows/upa/generators.py,grox,D09,D16;D11,D09;D16;D11,YES,HIGH,grox/content-understanding,FULL_SOURCE_REVIEW,NO,NO,NO,NO,NO,NO,NO,NO,NO,NO,NO,NO,40,1230
grox/flows/upa/models.py,grox,D09,D16;D11,D09;D16;D11,YES,HIGH,grox/content-understanding,FULL_SOURCE_REVIEW,NO,NO,NO,NO,NO,NO,NO,NO,NO,NO,NO,NO,20,452
grox/flows/upa/plan_initial_banger.py,grox,D09,D16;D11,D09;D16;D11,YES,HIGH,grox/content-understanding,FULL_SOURCE_REVIEW,NO,NO,NO,NO,NO,NO,NO,NO,NO,NO,NO,NO,33,1520
grox/flows/upa/plan_post_safety.py,grox,D09,D16;D11,D09;D16;D11,YES,HIGH,grox/content-understanding,FULL_SOURCE_REVIEW,NO,NO,NO,NO,NO,NO,NO,NO,NO,NO,NO,NO,33,1656
grox/flows/upa/prompts.py,grox,D09,D16;D11,D09;D16;D11,YES,HIGH,grox/content-understanding,FULL_SOURCE_REVIEW,NO,NO,NO,NO,NO,NO,NO,NO,NO,NO,NO,NO,22,629
grox/flows/upa/state_initial_banger.py,grox,D09,D16;D11,D09;D16;D11,YES,HIGH,grox/content-understanding,FULL_SOURCE_REVIEW,NO,NO,NO,NO,NO,NO,NO,NO,NO,NO,NO,NO,20,616
grox/flows/upa/state_post_safety.py,grox,D09,D16;D11,D09;D16;D11,YES,HIGH,grox/content-understanding,FULL_SOURCE_REVIEW,NO,NO,NO,NO,NO,NO,NO,NO,NO,NO,NO,NO,14,290
grox/flows/upa/task_banger_screen.py,grox,D09,D16;D11,D09;D16;D11,YES,HIGH,grox/content-understanding,FULL_SOURCE_REVIEW,NO,NO,NO,NO,NO,NO,NO,NO,NO,NO,NO,NO,76,2860
grox/flows/upa/task_filter.py,grox,D09,D16;D11,D09;D16;D11,YES,HIGH,grox/content-understanding,FULL_SOURCE_REVIEW,NO,NO,NO,NO,NO,NO,NO,NO,NO,NO,NO,NO,87,3263
grox/flows/upa/task_grok_upa_action_with_labels.py,grox,D09,D16;D11,D09;D16;D11,YES,HIGH,grox/content-understanding,FULL_SOURCE_REVIEW,NO,NO,NO,NO,NO,NO,NO,NO,NO,NO,NO,NO,63,2529
grox/flows/upa/task_post_safety_screen_deluxe.py,grox,D09,D16;D11,D09;D16;D11,YES,HIGH,grox/content-understanding,FULL_SOURCE_REVIEW,NO,NO,NO,NO,NO,NO,NO,NO,NO,NO,NO,NO,25,905
grox/flows/upa/task_rate_limit.py,grox,D09,D16;D11,D09;D16;D11,YES,HIGH,grox/content-understanding,FULL_SOURCE_REVIEW,NO,NO,NO,NO,NO,NO,NO,NO,NO,NO,NO,NO,13,406
grox/flows/upa/task_write.py,grox,D09,D16;D11,D09;D16;D11,YES,HIGH,grox/content-understanding,FULL_SOURCE_REVIEW,NO,NO,NO,NO,NO,NO,NO,NO,NO,NO,NO,NO,243,10146
grox/libs/blobstore_http/__init__.py,grox,D09,D16,D09;D16,YES,HIGH,grox/content-understanding,FULL_SOURCE_REVIEW,NO,NO,NO,NO,NO,NO,NO,NO,NO,NO,NO,NO,0,0
grox/libs/blobstore_http/blobstore.py,grox,D09,D16,D09;D16,YES,HIGH,grox/content-understanding,FULL_SOURCE_REVIEW,NO,NO,NO,NO,NO,NO,NO,NO,NO,NO,NO,NO,156,5240
grox/libs/blobstore_http/cdn_downloader.py,grox,D09,D16,D09;D16,YES,HIGH,grox/content-understanding,FULL_SOURCE_REVIEW,NO,NO,NO,NO,NO,NO,NO,NO,NO,NO,NO,NO,71,2520
grox/libs/blobstore_http/py.typed,grox,D09,D16,D09;D16,YES,HIGH,grox/content-understanding,FULL_SOURCE_REVIEW,NO,NO,NO,NO,NO,NO,NO,NO,NO,NO,NO,NO,0,0
grox/libs/circuit_breaker/__init__.py,grox,D09,D16,D09;D16,YES,HIGH,grox/content-understanding,FULL_SOURCE_REVIEW,NO,NO,NO,NO,NO,NO,NO,NO,NO,NO,NO,NO,15,303
grox/libs/circuit_breaker/circuit_breaker.py,grox,D09,D16,D09;D16,YES,HIGH,grox/content-understanding,FULL_SOURCE_REVIEW,NO,NO,NO,NO,NO,NO,NO,NO,NO,NO,NO,NO,215,7377
grox/libs/circuit_breaker/py.typed,grox,D09,D16,D09;D16,YES,HIGH,grox/content-understanding,FULL_SOURCE_REVIEW,NO,NO,NO,NO,NO,NO,NO,NO,NO,NO,NO,NO,1,26
grox/libs/embed/__init__.py,grox,D09,D16,D09;D16,YES,HIGH,grox/content-understanding,FULL_SOURCE_REVIEW,NO,NO,NO,NO,NO,NO,NO,NO,NO,NO,NO,NO,0,0
grox/libs/embed/embed_http.py,grox,D09,D16,D09;D16,YES,HIGH,grox/content-understanding,FULL_SOURCE_REVIEW,NO,NO,NO,NO,NO,NO,NO,NO,NO,NO,NO,NO,280,10026
grox/libs/grok_sampler/__init__.py,grox,D09,D16,D09;D16,YES,HIGH,grox/content-understanding,FULL_SOURCE_REVIEW,NO,NO,NO,NO,NO,NO,NO,NO,NO,NO,NO,NO,0,0
grox/libs/grok_sampler/config.py,grox,D09,D16;D17,D09;D16;D17,YES,HIGH,grox/content-understanding,FULL_SOURCE_REVIEW,NO,NO,NO,NO,NO,NO,NO,NO,YES,NO,NO,NO,34,769
grox/libs/grok_sampler/eapi_sampler.py,grox,D09,D16,D09;D16,YES,HIGH,grox/content-understanding,FULL_SOURCE_REVIEW,NO,NO,NO,NO,NO,NO,NO,NO,NO,NO,NO,NO,214,7822
grox/libs/grok_sampler/llm.py,grox,D09,D16,D09;D16,YES,HIGH,grox/content-understanding,FULL_SOURCE_REVIEW,NO,NO,NO,NO,NO,NO,NO,NO,NO,NO,NO,NO,193,7101
grox/libs/grok_sampler/oai_sampler.py,grox,D09,D16,D09;D16,YES,HIGH,grox/content-understanding,FULL_SOURCE_REVIEW,NO,NO,NO,NO,NO,NO,NO,NO,NO,NO,NO,NO,69,2372
grox/libs/grok_sampler/py.typed,grox,D09,D16,D09;D16,YES,HIGH,grox/content-understanding,FULL_SOURCE_REVIEW,NO,NO,NO,NO,NO,NO,NO,NO,NO,NO,NO,NO,0,0
grox/libs/grok_sampler/text_sampler.py,grox,D09,D16,D09;D16,YES,HIGH,grox/content-understanding,FULL_SOURCE_REVIEW,NO,NO,NO,NO,NO,NO,NO,NO,NO,NO,NO,NO,35,1334
grox/libs/grok_sampler/vision_sampler.py,grox,D09,D16,D09;D16,YES,HIGH,grox/content-understanding,FULL_SOURCE_REVIEW,NO,NO,NO,NO,NO,NO,NO,NO,NO,NO,NO,NO,54,2215
grox/libs/grpc_cli/__init__.py,grox,D09,D16,D09;D16,YES,HIGH,grox/content-understanding,FULL_SOURCE_REVIEW,NO,NO,NO,NO,NO,NO,NO,NO,NO,NO,NO,NO,0,0
grox/libs/grpc_cli/grpc_client.py,grox,D09,D16,D09;D16,YES,HIGH,grox/content-understanding,FULL_SOURCE_REVIEW,NO,NO,NO,NO,NO,NO,NO,NO,NO,NO,NO,NO,150,5548
grox/libs/grpc_cli/py.typed,grox,D09,D16,D09;D16,YES,HIGH,grox/content-understanding,FULL_SOURCE_REVIEW,NO,NO,NO,NO,NO,NO,NO,NO,NO,NO,NO,NO,0,0
grox/libs/html_render/__init__.py,grox,D09,D16,D09;D16,YES,HIGH,grox/content-understanding,FULL_SOURCE_REVIEW,NO,NO,NO,NO,NO,NO,NO,NO,NO,NO,NO,NO,0,0
grox/libs/html_render/py.typed,grox,D09,D16,D09;D16,YES,HIGH,grox/content-understanding,FULL_SOURCE_REVIEW,NO,NO,NO,NO,NO,NO,NO,NO,NO,NO,NO,NO,0,0
grox/libs/html_render/tweet_render_for_grox.py,grox,D09,D16,D09;D16,YES,HIGH,grox/content-understanding,FULL_SOURCE_REVIEW,NO,NO,NO,NO,NO,NO,NO,NO,NO,NO,NO,NO,183,6459
grox/libs/kafka_cli/__init__.py,grox,D09,D16,D09;D16,YES,HIGH,grox/content-understanding,FULL_SOURCE_REVIEW,NO,NO,NO,NO,NO,NO,NO,NO,NO,NO,NO,NO,6,190
grox/libs/kafka_cli/config.py,grox,D09,D16;D17,D09;D16;D17,YES,HIGH,grox/content-understanding,FULL_SOURCE_REVIEW,NO,NO,NO,NO,NO,NO,NO,NO,YES,NO,NO,NO,60,1578
grox/libs/kafka_cli/consumer.py,grox,D09,D16,D09;D16,YES,HIGH,grox/content-understanding,FULL_SOURCE_REVIEW,NO,NO,NO,NO,NO,NO,NO,NO,NO,NO,NO,NO,239,9582
grox/libs/kafka_cli/mtls.py,grox,D09,D16,D09;D16,YES,HIGH,grox/content-understanding,FULL_SOURCE_REVIEW,NO,NO,NO,NO,NO,NO,NO,NO,NO,NO,NO,NO,35,1375
grox/libs/kafka_cli/multi_region_consumer.py,grox,D09,D16,D09;D16,YES,HIGH,grox/content-understanding,FULL_SOURCE_REVIEW,NO,NO,NO,NO,NO,NO,NO,NO,NO,NO,NO,NO,203,8317
grox/libs/kafka_cli/multi_region_producer.py,grox,D09,D16,D09;D16,YES,HIGH,grox/content-understanding,FULL_SOURCE_REVIEW,NO,NO,NO,NO,NO,NO,NO,NO,NO,NO,NO,NO,160,6191
grox/libs/kafka_cli/patched_gssapi.py,grox,D09,D16,D09;D16,YES,HIGH,grox/content-understanding,FULL_SOURCE_REVIEW,NO,NO,NO,NO,NO,NO,NO,NO,NO,NO,NO,NO,15,407
grox/libs/kafka_cli/producer.py,grox,D09,D16,D09;D16,YES,HIGH,grox/content-understanding,FULL_SOURCE_REVIEW,NO,NO,NO,NO,NO,NO,NO,NO,NO,NO,NO,NO,204,7763
grox/libs/kafka_cli/py.typed,grox,D09,D16,D09;D16,YES,HIGH,grox/content-understanding,FULL_SOURCE_REVIEW,NO,NO,NO,NO,NO,NO,NO,NO,NO,NO,NO,NO,0,0
grox/libs/kerberos_cli/__init__.py,grox,D09,D16,D09;D16,YES,HIGH,grox/content-understanding,FULL_SOURCE_REVIEW,NO,NO,NO,NO,NO,NO,NO,NO,NO,NO,NO,NO,0,0
grox/libs/kerberos_cli/kerberos.py,grox,D09,D16,D09;D16,YES,HIGH,grox/content-understanding,FULL_SOURCE_REVIEW,NO,NO,NO,NO,NO,NO,NO,NO,NO,NO,NO,NO,103,3789
grox/libs/kerberos_cli/py.typed,grox,D09,D16,D09;D16,YES,HIGH,grox/content-understanding,FULL_SOURCE_REVIEW,NO,NO,NO,NO,NO,NO,NO,NO,NO,NO,NO,NO,0,0
grox/libs/video_tools/__init__.py,grox,D09,D16,D09;D16,YES,HIGH,grox/content-understanding,FULL_SOURCE_REVIEW,NO,NO,NO,NO,NO,NO,NO,NO,NO,NO,NO,NO,0,0
grox/libs/video_tools/image.py,grox,D09,D16,D09;D16,YES,HIGH,grox/content-understanding,FULL_SOURCE_REVIEW,NO,NO,NO,NO,NO,NO,NO,NO,NO,NO,NO,NO,154,5480
grox/libs/video_tools/py.typed,grox,D09,D16,D09;D16,YES,HIGH,grox/content-understanding,FULL_SOURCE_REVIEW,NO,NO,NO,NO,NO,NO,NO,NO,NO,NO,NO,NO,0,0
grox/libs/video_tools/subtitles.py,grox,D09,D16,D09;D16,YES,HIGH,grox/content-understanding,FULL_SOURCE_REVIEW,NO,NO,NO,NO,NO,NO,NO,NO,NO,NO,NO,NO,79,2794
grox/libs/video_tools/video_frames.py,grox,D09,D16,D09;D16,YES,HIGH,grox/content-understanding,FULL_SOURCE_REVIEW,NO,NO,NO,NO,NO,NO,NO,NO,NO,NO,NO,NO,199,7073
grox/libs/wily_cli/__init__.py,grox,D09,D16,D09;D16,YES,HIGH,grox/content-understanding,FULL_SOURCE_REVIEW,NO,NO,NO,NO,NO,NO,NO,NO,NO,NO,NO,NO,0,0
grox/libs/wily_cli/config.py,grox,D09,D16;D17,D09;D16;D17,YES,HIGH,grox/content-understanding,FULL_SOURCE_REVIEW,NO,NO,NO,NO,NO,NO,NO,NO,YES,NO,NO,NO,12,383
grox/libs/wily_cli/http_client.py,grox,D09,D16,D09;D16,YES,HIGH,grox/content-understanding,FULL_SOURCE_REVIEW,NO,NO,NO,NO,NO,NO,NO,NO,NO,NO,NO,NO,121,4298
grox/libs/wily_cli/py.typed,grox,D09,D16,D09;D16,YES,HIGH,grox/content-understanding,FULL_SOURCE_REVIEW,NO,NO,NO,NO,NO,NO,NO,NO,NO,NO,NO,NO,0,0
grox/libs/wily_cli/wily_client.py,grox,D09,D16,D09;D16,YES,HIGH,grox/content-understanding,FULL_SOURCE_REVIEW,NO,NO,NO,NO,NO,NO,NO,NO,NO,NO,NO,NO,128,4346
home-mixer/ads/following_ad_blender.rs,home-mixer,D08,D01,D08;D01,YES,HIGH,home-mixer/blending,FULL_SOURCE_REVIEW,NO,NO,NO,NO,NO,NO,NO,NO,NO,NO,NO,NO,188,5729
home-mixer/ads/mod.rs,home-mixer,D08,D01,D08;D01,YES,HIGH,home-mixer/blending,FULL_SOURCE_REVIEW,NO,NO,NO,NO,NO,YES,NO,NO,NO,NO,NO,NO,26,889
home-mixer/ads/partition_organic_blender.rs,home-mixer,D08,D01,D08;D01,YES,HIGH,home-mixer/blending,FULL_SOURCE_REVIEW,NO,NO,NO,NO,NO,NO,NO,NO,NO,NO,NO,NO,292,8683
home-mixer/ads/safe_gap_blender.rs,home-mixer,D08,D01,D08;D01,YES,HIGH,home-mixer/blending,FULL_SOURCE_REVIEW,NO,NO,NO,NO,NO,NO,NO,NO,NO,NO,NO,NO,107,2946
home-mixer/ads/tests/blender_comparison_test.rs,home-mixer,D08,D01,D08;D01,YES,HIGH,home-mixer/blending,TEST_EVIDENCE,YES,NO,NO,NO,NO,NO,NO,NO,NO,NO,NO,NO,530,19306
home-mixer/ads/tests/following_ad_blender_tests.rs,home-mixer,D08,D01,D08;D01,YES,HIGH,home-mixer/blending,TEST_EVIDENCE,YES,NO,NO,NO,NO,NO,NO,NO,NO,NO,NO,NO,250,7679
home-mixer/ads/tests/mod.rs,home-mixer,D08,D01,D08;D01,YES,HIGH,home-mixer/blending,TEST_EVIDENCE,YES,NO,NO,NO,NO,NO,NO,NO,NO,NO,NO,NO,5,154
home-mixer/ads/tests/partition_organic_blender_tests.rs,home-mixer,D08,D01,D08;D01,YES,HIGH,home-mixer/blending,TEST_EVIDENCE,YES,NO,NO,NO,NO,NO,NO,NO,NO,NO,NO,NO,1108,31726
home-mixer/ads/tests/safe_gap_blender_tests.rs,home-mixer,D08,D01,D08;D01,YES,HIGH,home-mixer/blending,TEST_EVIDENCE,YES,NO,NO,NO,NO,NO,NO,NO,NO,NO,NO,NO,595,15890
home-mixer/ads/tests/time_gap_blender_tests.rs,home-mixer,D08,D01,D08;D01,YES,HIGH,home-mixer/blending,TEST_EVIDENCE,YES,NO,NO,NO,NO,NO,NO,NO,NO,NO,NO,NO,141,4459
home-mixer/ads/time_gap_blender.rs,home-mixer,D08,D01,D08;D01,YES,HIGH,home-mixer/blending,FULL_SOURCE_REVIEW,NO,NO,NO,NO,NO,NO,NO,NO,NO,NO,NO,NO,271,8065
home-mixer/ads/util.rs,home-mixer,D08,D01,D08;D01,YES,HIGH,home-mixer/blending,FULL_SOURCE_REVIEW,NO,NO,NO,NO,NO,NO,NO,NO,NO,NO,NO,NO,244,6967
home-mixer/bin/pipeline_components_json.rs,home-mixer,D01,D16,D01;D16,YES,HIGH,home-mixer/core-server,FULL_SOURCE_REVIEW,NO,NO,NO,NO,NO,NO,NO,NO,NO,NO,NO,NO,76,3003
home-mixer/candidate_hydrators/ads_brand_safety_vf_hydrator.rs,home-mixer,D01,D16;D12,D01;D16;D12,YES,HIGH,home-mixer/hydration,FULL_SOURCE_REVIEW,NO,NO,NO,NO,NO,YES,NO,NO,NO,NO,NO,NO,531,18494
home-mixer/candidate_hydrators/bidirectional_follow_hydrator.rs,home-mixer,D01,D16;D07,D01;D16;D07,YES,HIGH,home-mixer/hydration,FULL_SOURCE_REVIEW,NO,NO,NO,NO,NO,YES,NO,NO,NO,NO,NO,NO,215,7077
home-mixer/candidate_hydrators/blocked_by_hydrator.rs,home-mixer,D01,D16;D07,D01;D16;D07,YES,HIGH,home-mixer/hydration,FULL_SOURCE_REVIEW,NO,NO,NO,NO,NO,NO,NO,NO,NO,NO,NO,NO,57,1830
home-mixer/candidate_hydrators/broadcast_liveness_hydrator.rs,home-mixer,D01,D16,D01;D16,YES,HIGH,home-mixer/hydration,FULL_SOURCE_REVIEW,NO,NO,NO,NO,NO,YES,NO,NO,NO,NO,NO,NO,245,8287
home-mixer/candidate_hydrators/conversation_gap_ancestor_hydrator.rs,home-mixer,D01,D16,D01;D16,YES,HIGH,home-mixer/hydration,FULL_SOURCE_REVIEW,NO,NO,NO,NO,NO,YES,NO,NO,NO,NO,NO,NO,216,7150
home-mixer/candidate_hydrators/core_data_candidate_hydrator.rs,home-mixer,D01,D16,D01;D16,YES,HIGH,home-mixer/hydration,FULL_SOURCE_REVIEW,NO,NO,NO,NO,NO,NO,NO,NO,NO,NO,NO,NO,180,6522
home-mixer/candidate_hydrators/engagement_counts_hydrator.rs,home-mixer,D01,D16,D01;D16,YES,HIGH,home-mixer/hydration,FULL_SOURCE_REVIEW,NO,NO,NO,NO,NO,YES,NO,NO,NO,NO,NO,NO,316,11127
home-mixer/candidate_hydrators/filtered_topics_hydrator.rs,home-mixer,D01,D16,D01;D16,YES,HIGH,home-mixer/hydration,FULL_SOURCE_REVIEW,NO,NO,NO,NO,NO,NO,NO,NO,NO,NO,NO,NO,132,4988
home-mixer/candidate_hydrators/following_replied_users_hydrator.rs,home-mixer,D01,D16;D07,D01;D16;D07,YES,HIGH,home-mixer/hydration,FULL_SOURCE_REVIEW,NO,NO,NO,NO,NO,YES,NO,NO,NO,NO,NO,NO,361,11640
home-mixer/candidate_hydrators/gizmoduck_hydrator.rs,home-mixer,D01,D16,D01;D16,YES,HIGH,home-mixer/hydration,FULL_SOURCE_REVIEW,NO,NO,NO,NO,NO,NO,NO,NO,NO,NO,NO,NO,177,6796
home-mixer/candidate_hydrators/in_network_candidate_hydrator.rs,home-mixer,D01,D16,D01;D16,YES,HIGH,home-mixer/hydration,FULL_SOURCE_REVIEW,NO,NO,NO,NO,NO,NO,NO,NO,NO,NO,NO,NO,45,1381
home-mixer/candidate_hydrators/language_code_hydrator.rs,home-mixer,D01,D16,D01;D16,YES,HIGH,home-mixer/hydration,FULL_SOURCE_REVIEW,NO,NO,NO,NO,NO,YES,NO,NO,NO,NO,NO,NO,222,6835
home-mixer/candidate_hydrators/media_info_hydrator.rs,home-mixer,D01,D16,D01;D16,YES,HIGH,home-mixer/hydration,FULL_SOURCE_REVIEW,NO,NO,NO,NO,NO,YES,NO,NO,NO,NO,NO,NO,260,8396
home-mixer/candidate_hydrators/mod.rs,home-mixer,D01,D16,D01;D16,YES,HIGH,home-mixer/hydration,FULL_SOURCE_REVIEW,NO,NO,NO,NO,NO,NO,NO,NO,NO,NO,NO,NO,19,662
home-mixer/candidate_hydrators/mutual_follow_jaccard_hydrator.rs,home-mixer,D01,D16;D07,D01;D16;D07,YES,HIGH,home-mixer/hydration,FULL_SOURCE_REVIEW,NO,NO,NO,NO,NO,YES,NO,NO,NO,NO,NO,NO,163,5454
home-mixer/candidate_hydrators/quote_hydrator.rs,home-mixer,D01,D16,D01;D16,YES,HIGH,home-mixer/hydration,FULL_SOURCE_REVIEW,NO,NO,NO,NO,NO,NO,NO,NO,NO,NO,NO,NO,176,6088
home-mixer/candidate_hydrators/semantic_id_hydrator.rs,home-mixer,D01,D16,D01;D16,YES,HIGH,home-mixer/hydration,FULL_SOURCE_REVIEW,NO,NO,NO,NO,NO,NO,NO,NO,NO,NO,NO,NO,119,3798
home-mixer/candidate_hydrators/subscription_hydrator.rs,home-mixer,D01,D16,D01;D16,YES,HIGH,home-mixer/hydration,FULL_SOURCE_REVIEW,NO,NO,NO,NO,NO,NO,NO,NO,NO,NO,NO,NO,82,2714
home-mixer/candidate_hydrators/topic_feedback_context_hydrator.rs,home-mixer,D01,D16,D01;D16,YES,HIGH,home-mixer/hydration,FULL_SOURCE_REVIEW,NO,NO,NO,NO,NO,NO,NO,NO,NO,NO,NO,NO,330,11800
home-mixer/candidate_hydrators/tweet_type_metrics_hydrator.rs,home-mixer,D01,D16;D18,D01;D16;D18,YES,HIGH,home-mixer/hydration,FULL_SOURCE_REVIEW,NO,NO,NO,NO,NO,YES,NO,NO,NO,NO,NO,NO,247,8005
home-mixer/candidate_hydrators/vf_candidate_hydrator.rs,home-mixer,D01,D16;D12,D01;D16;D12,YES,HIGH,home-mixer/hydration,FULL_SOURCE_REVIEW,NO,NO,NO,NO,NO,NO,NO,NO,NO,NO,NO,NO,178,5722
home-mixer/candidate_pipeline/following_candidate_pipeline.rs,home-mixer,D01,,D01,NO,HIGH,home-mixer/candidate_pipeline,FULL_SOURCE_REVIEW,NO,NO,NO,NO,NO,NO,NO,NO,NO,NO,NO,NO,294,12678
home-mixer/candidate_pipeline/for_you_candidate_pipeline.rs,home-mixer,D01,D08,D01;D08,YES,HIGH,home-mixer/candidate_pipeline,FULL_SOURCE_REVIEW,NO,NO,NO,NO,NO,NO,NO,NO,NO,NO,NO,NO,326,13660
home-mixer/candidate_pipeline/mod.rs,home-mixer,D01,,D01,NO,HIGH,home-mixer/candidate_pipeline,FULL_SOURCE_REVIEW,NO,NO,NO,NO,NO,NO,NO,NO,NO,NO,NO,NO,94,3516
home-mixer/candidate_pipeline/phoenix_candidate_pipeline.rs,home-mixer,D01,D03;D05,D01;D03;D05,YES,HIGH,home-mixer/candidate_pipeline,FULL_SOURCE_REVIEW,NO,NO,NO,NO,NO,YES,NO,NO,NO,NO,NO,NO,1070,49271
home-mixer/candidate_pipeline/phoenix_scores_pipeline.rs,home-mixer,D01,D03;D05,D01;D03;D05,YES,HIGH,home-mixer/candidate_pipeline,FULL_SOURCE_REVIEW,NO,NO,NO,NO,NO,NO,NO,NO,NO,NO,NO,NO,448,20043
home-mixer/candidate_pipeline/ranked_following_candidate_pipeline.rs,home-mixer,D01,,D01,NO,HIGH,home-mixer/candidate_pipeline,FULL_SOURCE_REVIEW,NO,NO,NO,NO,NO,NO,NO,NO,NO,NO,NO,NO,227,9402
home-mixer/candidate_pipeline/reverse_chron_posts_pipeline.rs,home-mixer,D01,,D01,NO,HIGH,home-mixer/candidate_pipeline,FULL_SOURCE_REVIEW,NO,NO,NO,NO,NO,NO,NO,NO,NO,NO,NO,NO,204,8060
home-mixer/clients/ad_index_client.rs,home-mixer,D16,D01,D16;D01,YES,HIGH,home-mixer/clients,FULL_SOURCE_REVIEW,NO,NO,NO,NO,NO,YES,NO,NO,NO,NO,NO,NO,304,9659
home-mixer/clients/engagement_counts_client.rs,home-mixer,D16,D01,D16;D01,YES,HIGH,home-mixer/clients,FULL_SOURCE_REVIEW,NO,NO,NO,NO,NO,YES,NO,NO,NO,NO,NO,NO,185,5391
home-mixer/clients/engagement_signals_client.rs,home-mixer,D16,D01,D16;D01,YES,HIGH,home-mixer/clients,FULL_SOURCE_REVIEW,NO,NO,NO,NO,NO,NO,NO,NO,NO,NO,NO,NO,212,6134
home-mixer/clients/gizmoduck_client.rs,home-mixer,D16,D01,D16;D01,YES,HIGH,home-mixer/clients,FULL_SOURCE_REVIEW,NO,NO,NO,NO,NO,NO,NO,NO,NO,NO,NO,NO,1,48
home-mixer/clients/impressed_posts_client.rs,home-mixer,D16,D01,D16;D01,YES,HIGH,home-mixer/clients,FULL_SOURCE_REVIEW,NO,NO,NO,NO,NO,NO,NO,NO,NO,NO,NO,NO,97,3012
home-mixer/clients/mod.rs,home-mixer,D16,D01,D16;D01,YES,HIGH,home-mixer/clients,FULL_SOURCE_REVIEW,NO,NO,NO,NO,NO,NO,NO,NO,NO,NO,NO,NO,19,533
home-mixer/clients/night_owl_client.rs,home-mixer,D16,D01,D16;D01,YES,HIGH,home-mixer/clients,FULL_SOURCE_REVIEW,NO,NO,NO,NO,NO,NO,NO,NO,NO,NO,NO,NO,96,3416
home-mixer/clients/past_request_timestamps_client.rs,home-mixer,D16,D01,D16;D01,YES,HIGH,home-mixer/clients,FULL_SOURCE_REVIEW,NO,NO,NO,NO,NO,NO,NO,NO,NO,NO,NO,NO,106,3471
home-mixer/clients/prompts_client.rs,home-mixer,D16,D01,D16;D01,YES,HIGH,home-mixer/clients,FULL_SOURCE_REVIEW,NO,NO,NO,NO,NO,NO,NO,NO,NO,NO,NO,NO,141,5093
home-mixer/clients/resurrection_date_client.rs,home-mixer,D16,D01,D16;D01,YES,HIGH,home-mixer/clients,FULL_SOURCE_REVIEW,NO,NO,NO,NO,NO,YES,NO,NO,NO,NO,NO,NO,199,6259
home-mixer/clients/rotating_channel.rs,home-mixer,D16,D01,D16;D01,YES,HIGH,home-mixer/clients,FULL_SOURCE_REVIEW,NO,NO,NO,NO,NO,NO,NO,NO,NO,NO,NO,NO,74,2422
home-mixer/clients/s2s.rs,home-mixer,D16,D01,D16;D01,YES,HIGH,home-mixer/clients,FULL_SOURCE_REVIEW,NO,NO,NO,NO,NO,NO,NO,NO,NO,NO,NO,NO,1,35
home-mixer/clients/served_history_client.rs,home-mixer,D16,D01,D16;D01,YES,HIGH,home-mixer/clients,FULL_SOURCE_REVIEW,NO,NO,NO,NO,NO,NO,NO,NO,NO,NO,NO,NO,225,6603
home-mixer/clients/simclusters_ann_client.rs,home-mixer,D16,D01,D16;D01,YES,HIGH,home-mixer/clients,FULL_SOURCE_REVIEW,NO,NO,NO,NO,NO,NO,NO,NO,NO,NO,NO,NO,144,5175
home-mixer/clients/tweet_entity_service_client.rs,home-mixer,D16,D01,D16;D01,YES,HIGH,home-mixer/clients,FULL_SOURCE_REVIEW,NO,NO,NO,NO,NO,NO,NO,NO,NO,NO,NO,NO,1,59
home-mixer/clients/uas_fetcher.rs,home-mixer,D16,D01,D16;D01,YES,HIGH,home-mixer/clients,FULL_SOURCE_REVIEW,NO,NO,NO,NO,NO,YES,NO,NO,NO,NO,NO,NO,84,3172
home-mixer/clients/user_action_aggregation_client.rs,home-mixer,D16,D01,D16;D01,YES,HIGH,home-mixer/clients,FULL_SOURCE_REVIEW,NO,NO,NO,NO,NO,NO,NO,NO,NO,NO,NO,NO,330,12136
home-mixer/clients/vm_ranker_client.rs,home-mixer,D16,D01,D16;D01,YES,HIGH,home-mixer/clients,FULL_SOURCE_REVIEW,NO,NO,NO,NO,NO,YES,NO,NO,NO,NO,NO,NO,401,15208
home-mixer/clients/who_to_follow_client.rs,home-mixer,D16,D01,D16;D01,YES,HIGH,home-mixer/clients,FULL_SOURCE_REVIEW,NO,NO,NO,NO,NO,NO,NO,NO,NO,NO,NO,NO,138,4850
home-mixer/config.rs,home-mixer,D01,D16;D17,D01;D16;D17,YES,HIGH,home-mixer/core-server,FULL_SOURCE_REVIEW,NO,NO,NO,NO,NO,NO,NO,NO,YES,NO,NO,NO,94,3422
home-mixer/dark_traffic_setup.rs,home-mixer,D01,D16;D18,D01;D16;D18,YES,HIGH,home-mixer/core-server,FULL_SOURCE_REVIEW,NO,NO,NO,NO,NO,YES,NO,NO,NO,NO,NO,NO,105,3435
home-mixer/filters/ad_adjacent_served_filter.rs,home-mixer,D07,D01,D07;D01,YES,HIGH,home-mixer/filters,FULL_SOURCE_REVIEW,NO,NO,NO,NO,NO,YES,NO,NO,NO,NO,NO,NO,915,28866
home-mixer/filters/age_filter.rs,home-mixer,D07,D01,D07;D01,YES,HIGH,home-mixer/filters,FULL_SOURCE_REVIEW,NO,NO,NO,NO,NO,NO,NO,NO,NO,NO,NO,NO,35,983
home-mixer/filters/ancillary_vf_filter.rs,home-mixer,D07,D01;D12,D07;D01;D12,YES,HIGH,home-mixer/filters,FULL_SOURCE_REVIEW,NO,NO,NO,NO,NO,NO,NO,NO,NO,NO,NO,NO,19,595
home-mixer/filters/author_socialgraph_filter.rs,home-mixer,D07,D01,D07;D01,YES,HIGH,home-mixer/filters,FULL_SOURCE_REVIEW,NO,NO,NO,NO,NO,YES,NO,NO,NO,NO,NO,NO,335,10652
home-mixer/filters/brazil_2026_election_filter.rs,home-mixer,D07,D01;D12,D07;D01;D12,YES,HIGH,home-mixer/filters,FULL_SOURCE_REVIEW,NO,NO,NO,NO,NO,YES,NO,NO,NO,NO,NO,NO,1573,40837
home-mixer/filters/core_data_hydration_filter.rs,home-mixer,D07,D01,D07;D01,YES,HIGH,home-mixer/filters,FULL_SOURCE_REVIEW,NO,NO,NO,NO,NO,NO,NO,NO,NO,NO,NO,NO,16,539
home-mixer/filters/dedup_conversation_filter.rs,home-mixer,D07,D01,D07;D01,YES,HIGH,home-mixer/filters,FULL_SOURCE_REVIEW,NO,NO,NO,NO,NO,YES,NO,NO,NO,NO,NO,NO,165,5193
home-mixer/filters/drop_duplicates_filter.rs,home-mixer,D07,D01,D07;D01,YES,HIGH,home-mixer/filters,FULL_SOURCE_REVIEW,NO,NO,NO,NO,NO,NO,NO,NO,NO,NO,NO,NO,29,904
home-mixer/filters/following_retweet_deduplication_filter.rs,home-mixer,D07,D01,D07;D01,YES,HIGH,home-mixer/filters,FULL_SOURCE_REVIEW,NO,NO,NO,NO,NO,NO,NO,NO,NO,NO,NO,NO,48,1697
home-mixer/filters/ineligible_subscription_filter.rs,home-mixer,D07,D01,D07;D01,YES,HIGH,home-mixer/filters,FULL_SOURCE_REVIEW,NO,NO,NO,NO,NO,YES,NO,NO,NO,NO,NO,NO,69,2069
home-mixer/filters/invalid_conversation_module_filter.rs,home-mixer,D07,D01,D07;D01,YES,HIGH,home-mixer/filters,FULL_SOURCE_REVIEW,NO,NO,NO,NO,NO,NO,NO,NO,NO,NO,NO,NO,17,585
home-mixer/filters/inventory_holdout_filter.rs,home-mixer,D07,D01,D07;D01,YES,HIGH,home-mixer/filters,FULL_SOURCE_REVIEW,NO,NO,NO,NO,NO,YES,NO,NO,NO,NO,NO,NO,263,8707
home-mixer/filters/mod.rs,home-mixer,D07,D01,D07;D01,YES,HIGH,home-mixer/filters,FULL_SOURCE_REVIEW,NO,NO,NO,NO,NO,NO,NO,NO,NO,NO,NO,NO,28,918
home-mixer/filters/muted_keyword_filter.rs,home-mixer,D07,D01,D07;D01,YES,HIGH,home-mixer/filters,FULL_SOURCE_REVIEW,NO,NO,NO,NO,NO,YES,NO,NO,NO,NO,NO,NO,300,10095
home-mixer/filters/new_user_min_engagement_filter.rs,home-mixer,D07,D01,D07;D01,YES,HIGH,home-mixer/filters,FULL_SOURCE_REVIEW,NO,NO,NO,NO,NO,NO,NO,NO,NO,NO,NO,NO,117,3703
home-mixer/filters/oon_nsfw_simclusters_filter.rs,home-mixer,D07,D01,D07;D01,YES,HIGH,home-mixer/filters,FULL_SOURCE_REVIEW,NO,NO,NO,NO,NO,NO,NO,NO,NO,NO,NO,NO,27,910
home-mixer/filters/oon_retweet_reply_filter.rs,home-mixer,D07,D01,D07;D01,YES,HIGH,home-mixer/filters,FULL_SOURCE_REVIEW,NO,NO,NO,NO,NO,YES,NO,NO,NO,NO,NO,NO,124,4333
home-mixer/filters/popular_topics_author_dedup_filter.rs,home-mixer,D07,D01,D07;D01,YES,HIGH,home-mixer/filters,FULL_SOURCE_REVIEW,NO,NO,NO,NO,NO,YES,NO,NO,NO,NO,NO,NO,95,2997
home-mixer/filters/previously_seen_posts_backup_filter.rs,home-mixer,D07,D01,D07;D01,YES,HIGH,home-mixer/filters,FULL_SOURCE_REVIEW,NO,NO,NO,NO,NO,YES,NO,NO,NO,NO,NO,NO,91,2630
home-mixer/filters/previously_seen_posts_filter.rs,home-mixer,D07,D01,D07;D01,YES,HIGH,home-mixer/filters,FULL_SOURCE_REVIEW,NO,NO,NO,NO,NO,NO,NO,NO,NO,NO,NO,NO,35,1260
home-mixer/filters/previously_served_posts_filter.rs,home-mixer,D07,D01,D07;D01,YES,HIGH,home-mixer/filters,FULL_SOURCE_REVIEW,NO,NO,NO,NO,NO,NO,NO,NO,NO,NO,NO,NO,34,1272
home-mixer/filters/push_to_home_dedup_filter.rs,home-mixer,D07,D01,D07;D01,YES,HIGH,home-mixer/filters,FULL_SOURCE_REVIEW,NO,NO,NO,NO,NO,NO,NO,NO,NO,NO,NO,NO,27,909
home-mixer/filters/result_size_filter.rs,home-mixer,D07,D01,D07;D01,YES,HIGH,home-mixer/filters,FULL_SOURCE_REVIEW,NO,NO,NO,NO,NO,NO,NO,NO,NO,NO,NO,NO,21,676
home-mixer/filters/retweet_deduplication_filter.rs,home-mixer,D07,D01,D07;D01,YES,HIGH,home-mixer/filters,FULL_SOURCE_REVIEW,NO,NO,NO,NO,NO,YES,NO,NO,NO,NO,NO,NO,153,4621
home-mixer/filters/self_reply_chain_filter.rs,home-mixer,D07,D01,D07;D01,YES,HIGH,home-mixer/filters,FULL_SOURCE_REVIEW,NO,NO,NO,NO,NO,YES,NO,NO,NO,NO,NO,NO,168,4894
home-mixer/filters/self_tweet_filter.rs,home-mixer,D07,D01,D07;D01,YES,HIGH,home-mixer/filters,FULL_SOURCE_REVIEW,NO,NO,NO,NO,NO,NO,NO,NO,NO,NO,NO,NO,20,614
home-mixer/filters/topic_ids_filter.rs,home-mixer,D07,D01,D07;D01,YES,HIGH,home-mixer/filters,FULL_SOURCE_REVIEW,NO,NO,NO,NO,NO,YES,NO,NO,NO,NO,NO,NO,1502,56798
home-mixer/filters/vf_filter.rs,home-mixer,D07,D01;D12,D07;D01;D12,YES,HIGH,home-mixer/filters,FULL_SOURCE_REVIEW,NO,NO,NO,NO,NO,YES,NO,NO,NO,NO,NO,NO,98,2877
home-mixer/filters/video_filter.rs,home-mixer,D07,D01,D07;D01,YES,HIGH,home-mixer/filters,FULL_SOURCE_REVIEW,NO,NO,NO,NO,NO,YES,NO,NO,NO,NO,NO,NO,99,2639
home-mixer/following_feed_server.rs,home-mixer,D01,D16,D01;D16,YES,HIGH,home-mixer/core-server,FULL_SOURCE_REVIEW,NO,NO,NO,NO,NO,NO,NO,NO,NO,NO,NO,NO,89,2738
home-mixer/for_you_server.rs,home-mixer,D01,D16,D01;D16,YES,HIGH,home-mixer/core-server,FULL_SOURCE_REVIEW,NO,NO,NO,NO,NO,NO,NO,NO,NO,NO,NO,NO,85,2567
home-mixer/frames/catalog.rs,home-mixer,D08,D01,D08;D01,YES,HIGH,home-mixer/blending,FULL_SOURCE_REVIEW,NO,NO,NO,NO,NO,YES,NO,NO,NO,NO,NO,NO,158,5194
home-mixer/frames/mod.rs,home-mixer,D08,D01,D08;D01,YES,HIGH,home-mixer/blending,FULL_SOURCE_REVIEW,NO,NO,NO,NO,NO,NO,NO,NO,NO,NO,NO,NO,12,322
home-mixer/frames/placement.rs,home-mixer,D08,D01,D08;D01,YES,HIGH,home-mixer/blending,FULL_SOURCE_REVIEW,NO,NO,NO,NO,NO,YES,NO,NO,NO,NO,NO,NO,85,2162
home-mixer/frames/plan.rs,home-mixer,D08,D01,D08;D01,YES,HIGH,home-mixer/blending,FULL_SOURCE_REVIEW,NO,NO,NO,NO,NO,YES,NO,NO,NO,NO,NO,NO,256,7992
home-mixer/frames/served.rs,home-mixer,D08,D01,D08;D01,YES,HIGH,home-mixer/blending,FULL_SOURCE_REVIEW,NO,NO,NO,NO,NO,NO,NO,NO,NO,NO,NO,NO,22,832
home-mixer/lib.rs,home-mixer,D01,D16,D01;D16,YES,HIGH,home-mixer/core-server,FULL_SOURCE_REVIEW,NO,NO,NO,NO,NO,NO,NO,NO,NO,NO,NO,NO,30,814
home-mixer/main.rs,home-mixer,D01,D16,D01;D16,YES,HIGH,home-mixer/core-server,FULL_SOURCE_REVIEW,NO,NO,NO,NO,NO,NO,NO,NO,NO,NO,NO,NO,154,6188
home-mixer/models/brand_safety.rs,home-mixer,D01,D16,D01;D16,YES,HIGH,home-mixer/core-server,FULL_SOURCE_REVIEW,NO,NO,NO,NO,NO,YES,NO,NO,NO,NO,NO,NO,234,6803
home-mixer/models/candidate.rs,home-mixer,D01,D16,D01;D16,YES,HIGH,home-mixer/core-server,FULL_SOURCE_REVIEW,NO,NO,NO,NO,NO,YES,NO,NO,NO,NO,NO,NO,285,10552
home-mixer/models/candidate_features.rs,home-mixer,D01,D16,D01;D16,YES,HIGH,home-mixer/core-server,FULL_SOURCE_REVIEW,NO,NO,NO,NO,NO,NO,NO,NO,NO,NO,NO,NO,146,5193
home-mixer/models/engagement_signals.rs,home-mixer,D01,D16,D01;D16,YES,HIGH,home-mixer/core-server,FULL_SOURCE_REVIEW,NO,NO,NO,NO,NO,NO,NO,NO,NO,NO,NO,NO,51,1626
home-mixer/models/in_network_reply.rs,home-mixer,D01,D16,D01;D16,YES,HIGH,home-mixer/core-server,FULL_SOURCE_REVIEW,NO,NO,NO,NO,NO,NO,NO,NO,NO,NO,NO,NO,23,510
home-mixer/models/mod.rs,home-mixer,D01,D16,D01;D16,YES,HIGH,home-mixer/core-server,FULL_SOURCE_REVIEW,NO,NO,NO,NO,NO,NO,NO,NO,NO,NO,NO,NO,8,162
home-mixer/models/query.rs,home-mixer,D01,D16,D01;D16,YES,HIGH,home-mixer/core-server,FULL_SOURCE_REVIEW,NO,NO,NO,NO,NO,NO,NO,NO,NO,NO,NO,NO,279,9354
home-mixer/models/user_features.rs,home-mixer,D01,D16,D01;D16,YES,HIGH,home-mixer/core-server,FULL_SOURCE_REVIEW,NO,NO,NO,NO,NO,NO,NO,NO,NO,NO,NO,NO,80,2865
home-mixer/params/config.rs,home-mixer,D17,D01;D05,D17;D01;D05,YES,HIGH,home-mixer/params,FULL_SOURCE_REVIEW,NO,NO,NO,NO,NO,NO,NO,NO,YES,NO,NO,NO,40,1603
home-mixer/params/mod.rs,home-mixer,D17,D01;D05,D17;D01;D05,YES,HIGH,home-mixer/params,FULL_SOURCE_REVIEW,NO,NO,NO,NO,NO,NO,NO,NO,NO,NO,NO,NO,5,61
home-mixer/params/param.rs,home-mixer,D17,D01;D05,D17;D01;D05,YES,HIGH,home-mixer/params,FULL_SOURCE_REVIEW,NO,NO,NO,NO,NO,NO,NO,NO,YES,NO,NO,NO,1146,23425
home-mixer/phoenix_scores_server.rs,home-mixer,D01,D16,D01;D16,YES,HIGH,home-mixer/core-server,FULL_SOURCE_REVIEW,NO,NO,NO,NO,NO,NO,NO,NO,NO,NO,NO,NO,80,2389
home-mixer/query_hydrators/blocked_user_ids_query_hydrator.rs,home-mixer,D01,D16;D07,D01;D16;D07,YES,HIGH,home-mixer/hydration,FULL_SOURCE_REVIEW,NO,NO,NO,NO,NO,NO,NO,NO,NO,NO,NO,NO,33,1120
home-mixer/query_hydrators/cached_posts_query_hydrator.rs,home-mixer,D01,D16,D01;D16,YES,HIGH,home-mixer/hydration,FULL_SOURCE_REVIEW,NO,NO,NO,NO,NO,NO,NO,NO,NO,NO,NO,NO,82,2943
home-mixer/query_hydrators/explicit_engagement_signals_query_hydrator.rs,home-mixer,D01,D16,D01;D16,YES,HIGH,home-mixer/hydration,FULL_SOURCE_REVIEW,NO,NO,NO,NO,NO,NO,NO,NO,NO,NO,NO,NO,112,3990
home-mixer/query_hydrators/followed_grok_topics_query_hydrator.rs,home-mixer,D01,D16;D07,D01;D16;D07,YES,HIGH,home-mixer/hydration,FULL_SOURCE_REVIEW,NO,NO,NO,NO,NO,NO,NO,NO,NO,NO,NO,NO,44,1588
home-mixer/query_hydrators/followed_starter_packs_query_hydrator.rs,home-mixer,D01,D16;D07,D01;D16;D07,YES,HIGH,home-mixer/hydration,FULL_SOURCE_REVIEW,NO,NO,NO,NO,NO,NO,NO,NO,NO,NO,NO,NO,44,1594
home-mixer/query_hydrators/followed_user_ids_query_hydrator.rs,home-mixer,D01,D16;D07,D01;D16;D07,YES,HIGH,home-mixer/hydration,FULL_SOURCE_REVIEW,NO,NO,NO,NO,NO,NO,NO,NO,NO,NO,NO,NO,37,1248
home-mixer/query_hydrators/implicit_engagement_signals_query_hydrator.rs,home-mixer,D01,D16,D01;D16,YES,HIGH,home-mixer/hydration,FULL_SOURCE_REVIEW,NO,NO,NO,NO,NO,NO,NO,NO,NO,NO,NO,NO,137,4641
home-mixer/query_hydrators/impressed_posts_query_hydrator.rs,home-mixer,D01,D16,D01;D16,YES,HIGH,home-mixer/hydration,FULL_SOURCE_REVIEW,NO,NO,NO,NO,NO,YES,NO,NO,NO,NO,NO,NO,88,2564
home-mixer/query_hydrators/impression_bloom_filter_query_hydrator.rs,home-mixer,D01,D16,D01;D16,YES,HIGH,home-mixer/hydration,FULL_SOURCE_REVIEW,NO,NO,NO,NO,NO,YES,NO,NO,NO,NO,NO,NO,183,5889
home-mixer/query_hydrators/ip_query_hydrator.rs,home-mixer,D01,D16,D01;D16,YES,HIGH,home-mixer/hydration,FULL_SOURCE_REVIEW,NO,NO,NO,NO,NO,NO,NO,NO,NO,NO,NO,NO,30,927
home-mixer/query_hydrators/mod.rs,home-mixer,D01,D16,D01;D16,YES,HIGH,home-mixer/hydration,FULL_SOURCE_REVIEW,NO,NO,NO,NO,NO,NO,NO,NO,NO,NO,NO,NO,20,854
home-mixer/query_hydrators/muted_user_ids_query_hydrator.rs,home-mixer,D01,D16;D07,D01;D16;D07,YES,HIGH,home-mixer/hydration,FULL_SOURCE_REVIEW,NO,NO,NO,NO,NO,NO,NO,NO,NO,NO,NO,NO,33,1106
home-mixer/query_hydrators/mutual_follow_query_hydrator.rs,home-mixer,D01,D16;D07,D01;D16;D07,YES,HIGH,home-mixer/hydration,FULL_SOURCE_REVIEW,NO,NO,NO,NO,NO,NO,NO,NO,NO,NO,NO,NO,37,1205
home-mixer/query_hydrators/past_request_timestamps_query_hydrator.rs,home-mixer,D01,D16,D01;D16,YES,HIGH,home-mixer/hydration,FULL_SOURCE_REVIEW,NO,NO,NO,NO,NO,NO,NO,NO,NO,NO,NO,NO,36,1184
home-mixer/query_hydrators/retrieval_sequence_query_hydrator.rs,home-mixer,D01,D16,D01;D16,YES,HIGH,home-mixer/hydration,FULL_SOURCE_REVIEW,NO,NO,NO,NO,NO,NO,NO,NO,NO,NO,NO,NO,74,2806
home-mixer/query_hydrators/scoring_sequence_query_hydrator.rs,home-mixer,D01,D16,D01;D16,YES,HIGH,home-mixer/hydration,FULL_SOURCE_REVIEW,NO,NO,NO,NO,NO,NO,NO,NO,NO,NO,NO,NO,74,2949
home-mixer/query_hydrators/served_history_query_hydrator.rs,home-mixer,D01,D16,D01;D16,YES,HIGH,home-mixer/hydration,FULL_SOURCE_REVIEW,NO,NO,NO,NO,NO,NO,NO,NO,NO,NO,NO,NO,119,3829
home-mixer/query_hydrators/subscribed_user_ids_query_hydrator.rs,home-mixer,D01,D16,D01;D16,YES,HIGH,home-mixer/hydration,FULL_SOURCE_REVIEW,NO,NO,NO,NO,NO,NO,NO,NO,NO,NO,NO,NO,33,1141
home-mixer/query_hydrators/user_demographics_query_hydrator.rs,home-mixer,D01,D16,D01;D16,YES,HIGH,home-mixer/hydration,FULL_SOURCE_REVIEW,NO,NO,NO,NO,NO,NO,NO,NO,NO,NO,NO,NO,30,1056
home-mixer/query_hydrators/user_inferred_gender_query_hydrator.rs,home-mixer,D01,D16,D01;D16,YES,HIGH,home-mixer/hydration,FULL_SOURCE_REVIEW,NO,NO,NO,NO,NO,NO,NO,NO,NO,NO,NO,NO,65,2439
home-mixer/query_hydrators/user_installed_apps_query_hydrator.rs,home-mixer,D01,D16,D01;D16,YES,HIGH,home-mixer/hydration,FULL_SOURCE_REVIEW,NO,NO,NO,NO,NO,NO,NO,NO,NO,NO,NO,NO,50,1886
home-mixer/ranked_following_feed_server.rs,home-mixer,D01,D16,D01;D16,YES,HIGH,home-mixer/core-server,FULL_SOURCE_REVIEW,NO,NO,NO,NO,NO,NO,NO,NO,NO,NO,NO,NO,81,2527
home-mixer/scored_posts_server.rs,home-mixer,D01,D16,D01;D16,YES,HIGH,home-mixer/core-server,FULL_SOURCE_REVIEW,NO,NO,NO,NO,NO,NO,NO,NO,NO,NO,NO,NO,226,8987
home-mixer/scorers/author_cold_start.rs,home-mixer,D05,D01,D05;D01,YES,HIGH,home-mixer/scorers,FULL_SOURCE_REVIEW,NO,NO,NO,NO,NO,YES,NO,NO,NO,NO,NO,NO,758,25054
home-mixer/scorers/mod.rs,home-mixer,D05,D01,D05;D01,YES,HIGH,home-mixer/scorers,FULL_SOURCE_REVIEW,NO,NO,NO,NO,NO,NO,NO,NO,NO,NO,NO,NO,6,159
home-mixer/scorers/phoenix_scorer.rs,home-mixer,D05,D01,D05;D01,YES,HIGH,home-mixer/scorers,FULL_SOURCE_REVIEW,NO,NO,NO,NO,NO,NO,NO,NO,NO,NO,NO,NO,123,4237
home-mixer/scorers/phoenix_scores_ranking_scorer.rs,home-mixer,D05,D01,D05;D01,YES,HIGH,home-mixer/scorers,FULL_SOURCE_REVIEW,NO,NO,NO,NO,NO,NO,NO,NO,NO,NO,NO,NO,38,1227
home-mixer/scorers/ranking_scorer.rs,home-mixer,D05,D01,D05;D01,YES,HIGH,home-mixer/scorers,FULL_SOURCE_REVIEW,NO,NO,NO,NO,NO,YES,NO,NO,NO,NO,NO,NO,1708,66310
home-mixer/scorers/value_model_gate.rs,home-mixer,D05,D01,D05;D01,YES,HIGH,home-mixer/scorers,FULL_SOURCE_REVIEW,NO,NO,NO,NO,NO,YES,NO,NO,NO,NO,NO,NO,537,19053
home-mixer/scorers/vm_ranker.rs,home-mixer,D05,D01,D05;D01,YES,HIGH,home-mixer/scorers,FULL_SOURCE_REVIEW,NO,NO,NO,NO,NO,NO,NO,NO,NO,NO,NO,NO,227,9665
home-mixer/selectors/blender_selector.rs,home-mixer,D06,D01;D08,D06;D01;D08,YES,HIGH,home-mixer/selectors,FULL_SOURCE_REVIEW,NO,NO,NO,NO,NO,YES,NO,NO,NO,NO,NO,NO,372,11682
home-mixer/selectors/following_blender_selector.rs,home-mixer,D06,D01;D08,D06;D01;D08,YES,HIGH,home-mixer/selectors,FULL_SOURCE_REVIEW,NO,NO,NO,NO,NO,NO,NO,NO,NO,NO,NO,NO,139,4217
home-mixer/selectors/mod.rs,home-mixer,D06,D01,D06;D01,YES,HIGH,home-mixer/selectors,FULL_SOURCE_REVIEW,NO,NO,NO,NO,NO,NO,NO,NO,NO,NO,NO,NO,9,312
home-mixer/selectors/passthrough_selector.rs,home-mixer,D06,D01,D06;D01,YES,HIGH,home-mixer/selectors,FULL_SOURCE_REVIEW,NO,NO,NO,NO,NO,NO,NO,NO,NO,NO,NO,NO,11,361
home-mixer/selectors/top_k_score_selector.rs,home-mixer,D06,D01,D06;D01,YES,HIGH,home-mixer/selectors,FULL_SOURCE_REVIEW,NO,NO,NO,NO,NO,NO,NO,NO,NO,NO,NO,NO,15,469
home-mixer/server.rs,home-mixer,D01,D16,D01;D16,YES,HIGH,home-mixer/core-server,FULL_SOURCE_REVIEW,NO,NO,NO,NO,NO,NO,NO,NO,NO,NO,NO,NO,979,35809
home-mixer/side_effects/ads_injection_logging_side_effect.rs,home-mixer,D18,D01,D18;D01,YES,HIGH,home-mixer/side_effects,FULL_SOURCE_REVIEW,NO,NO,NO,NO,NO,NO,NO,NO,NO,NO,NO,NO,178,6275
home-mixer/side_effects/author_served_metrics_side_effect.rs,home-mixer,D18,D01,D18;D01,YES,HIGH,home-mixer/side_effects,FULL_SOURCE_REVIEW,NO,NO,NO,NO,NO,YES,NO,NO,NO,NO,NO,NO,186,5416
home-mixer/side_effects/client_events_kafka_side_effect.rs,home-mixer,D18,D01,D18;D01,YES,HIGH,home-mixer/side_effects,FULL_SOURCE_REVIEW,NO,NO,NO,NO,NO,NO,NO,NO,NO,NO,NO,NO,309,9742
home-mixer/side_effects/debug_side_effect.rs,home-mixer,D18,D01,D18;D01,YES,HIGH,home-mixer/side_effects,FULL_SOURCE_REVIEW,NO,NO,NO,NO,NO,NO,NO,NO,NO,NO,NO,NO,40,1247
home-mixer/side_effects/mod.rs,home-mixer,D18,D01,D18;D01,YES,HIGH,home-mixer/side_effects,FULL_SOURCE_REVIEW,NO,NO,NO,NO,NO,NO,NO,NO,NO,NO,NO,NO,17,711
home-mixer/side_effects/mutual_follow_stats_side_effect.rs,home-mixer,D18,D01,D18;D01,YES,HIGH,home-mixer/side_effects,FULL_SOURCE_REVIEW,NO,NO,NO,NO,NO,NO,NO,NO,NO,NO,NO,NO,67,2154
home-mixer/side_effects/phoenix_experiments_side_effect.rs,home-mixer,D18,D01,D18;D01,YES,HIGH,home-mixer/side_effects,FULL_SOURCE_REVIEW,NO,NO,NO,NO,NO,NO,NO,NO,NO,NO,NO,NO,192,8132
home-mixer/side_effects/phoenix_request_cache_side_effect.rs,home-mixer,D18,D01,D18;D01,YES,HIGH,home-mixer/side_effects,FULL_SOURCE_REVIEW,NO,NO,NO,NO,NO,YES,NO,NO,NO,NO,NO,NO,475,16834
home-mixer/side_effects/publish_seen_ids_to_kafka_side_effect.rs,home-mixer,D18,D01,D18;D01,YES,HIGH,home-mixer/side_effects,FULL_SOURCE_REVIEW,NO,NO,NO,NO,NO,NO,NO,NO,NO,NO,NO,NO,79,2599
home-mixer/side_effects/redis_post_candidate_cache_side_effect.rs,home-mixer,D18,D01,D18;D01,YES,HIGH,home-mixer/side_effects,FULL_SOURCE_REVIEW,NO,NO,NO,NO,NO,YES,NO,NO,NO,NO,NO,NO,233,8185
home-mixer/side_effects/reranking_kafka_side_effect.rs,home-mixer,D18,D01,D18;D01,YES,HIGH,home-mixer/side_effects,FULL_SOURCE_REVIEW,NO,NO,NO,NO,NO,YES,NO,NO,NO,NO,NO,NO,275,10192
home-mixer/side_effects/response_stats_side_effect.rs,home-mixer,D18,D01,D18;D01,YES,HIGH,home-mixer/side_effects,FULL_SOURCE_REVIEW,NO,NO,NO,NO,NO,NO,NO,NO,NO,NO,NO,NO,120,4180
home-mixer/side_effects/scored_stats_side_effect.rs,home-mixer,D18,D01,D18;D01,YES,HIGH,home-mixer/side_effects,FULL_SOURCE_REVIEW,NO,NO,NO,NO,NO,NO,NO,NO,NO,NO,NO,NO,435,13086
home-mixer/side_effects/served_ad_history_cache_side_effect.rs,home-mixer,D18,D01,D18;D01,YES,HIGH,home-mixer/side_effects,FULL_SOURCE_REVIEW,NO,NO,NO,NO,NO,NO,NO,NO,NO,NO,NO,NO,66,2055
home-mixer/side_effects/served_candidates_kafka_side_effect.rs,home-mixer,D18,D01,D18;D01,YES,HIGH,home-mixer/side_effects,FULL_SOURCE_REVIEW,NO,NO,NO,NO,NO,NO,NO,NO,NO,NO,NO,NO,215,8312
home-mixer/side_effects/truncate_served_history_side_effect.rs,home-mixer,D18,D01,D18;D01,YES,HIGH,home-mixer/side_effects,FULL_SOURCE_REVIEW,NO,NO,NO,NO,NO,NO,NO,NO,NO,NO,NO,NO,59,1828
home-mixer/side_effects/update_past_request_timestamps_side_effect.rs,home-mixer,D18,D01,D18;D01,YES,HIGH,home-mixer/side_effects,FULL_SOURCE_REVIEW,NO,NO,NO,NO,NO,NO,NO,NO,NO,NO,NO,NO,65,2327
home-mixer/side_effects/update_served_history_side_effect.rs,home-mixer,D18,D01,D18;D01,YES,HIGH,home-mixer/side_effects,FULL_SOURCE_REVIEW,NO,NO,NO,NO,NO,NO,NO,NO,NO,NO,NO,NO,313,10217
home-mixer/sources/ads_source.rs,home-mixer,D03,D01,D03;D01,YES,HIGH,home-mixer/sources,FULL_SOURCE_REVIEW,NO,NO,NO,NO,NO,YES,NO,NO,NO,NO,NO,NO,143,5048
home-mixer/sources/cached_posts_source.rs,home-mixer,D03,D01,D03;D01,YES,HIGH,home-mixer/sources,FULL_SOURCE_REVIEW,NO,NO,NO,NO,NO,NO,NO,NO,NO,NO,NO,NO,17,508
home-mixer/sources/feed_survey_source.rs,home-mixer,D03,D01,D03;D01,YES,HIGH,home-mixer/sources,FULL_SOURCE_REVIEW,NO,NO,NO,NO,NO,NO,NO,NO,NO,NO,NO,NO,21,735
home-mixer/sources/following_night_owl_source.rs,home-mixer,D03,D01,D03;D01,YES,HIGH,home-mixer/sources,FULL_SOURCE_REVIEW,NO,NO,NO,NO,NO,NO,NO,NO,NO,NO,NO,NO,217,7499
home-mixer/sources/jetfuel_frame_source.rs,home-mixer,D03,D01,D03;D01,YES,HIGH,home-mixer/sources,FULL_SOURCE_REVIEW,NO,NO,NO,NO,NO,YES,NO,NO,NO,NO,NO,NO,557,19175
home-mixer/sources/mod.rs,home-mixer,D03,D01,D03;D01,YES,HIGH,home-mixer/sources,FULL_SOURCE_REVIEW,NO,NO,NO,NO,NO,NO,NO,NO,NO,NO,NO,NO,17,486
home-mixer/sources/phoenix_moe_source.rs,home-mixer,D03,D01,D03;D01,YES,HIGH,home-mixer/sources,FULL_SOURCE_REVIEW,NO,NO,NO,NO,NO,NO,NO,NO,NO,NO,NO,NO,77,2956
home-mixer/sources/phoenix_source.rs,home-mixer,D03,D01,D03;D01,YES,HIGH,home-mixer/sources,FULL_SOURCE_REVIEW,NO,NO,NO,NO,NO,YES,NO,NO,NO,NO,NO,NO,153,5437
home-mixer/sources/phoenix_topics_source.rs,home-mixer,D03,D01,D03;D01,YES,HIGH,home-mixer/sources,FULL_SOURCE_REVIEW,NO,NO,NO,NO,NO,NO,NO,NO,NO,NO,NO,NO,105,4088
home-mixer/sources/popular_topics_source.rs,home-mixer,D03,D01,D03;D01,YES,HIGH,home-mixer/sources,FULL_SOURCE_REVIEW,NO,NO,NO,NO,NO,NO,NO,NO,NO,NO,NO,NO,102,3079
home-mixer/sources/prompts_source.rs,home-mixer,D03,D01,D03;D01,YES,HIGH,home-mixer/sources,FULL_SOURCE_REVIEW,NO,NO,NO,NO,NO,NO,NO,NO,NO,NO,NO,NO,102,3321
home-mixer/sources/push_to_home_source.rs,home-mixer,D03,D01,D03;D01,YES,HIGH,home-mixer/sources,FULL_SOURCE_REVIEW,NO,NO,NO,NO,NO,YES,NO,NO,NO,NO,NO,NO,197,6307
home-mixer/sources/reverse_chron_posts_source.rs,home-mixer,D03,D01,D03;D01,YES,HIGH,home-mixer/sources,FULL_SOURCE_REVIEW,NO,NO,NO,NO,NO,NO,NO,NO,NO,NO,NO,NO,83,3389
home-mixer/sources/scored_posts_source.rs,home-mixer,D03,D01,D03;D01,YES,HIGH,home-mixer/sources,FULL_SOURCE_REVIEW,NO,NO,NO,NO,NO,NO,NO,NO,NO,NO,NO,NO,32,944
home-mixer/sources/seed_candidates_source.rs,home-mixer,D03,D01,D03;D01,YES,HIGH,home-mixer/sources,FULL_SOURCE_REVIEW,NO,NO,NO,NO,NO,NO,NO,NO,NO,NO,NO,NO,24,715
home-mixer/sources/simclusters_source.rs,home-mixer,D03,D01,D03;D01,YES,HIGH,home-mixer/sources,FULL_SOURCE_REVIEW,NO,NO,NO,NO,NO,NO,NO,NO,NO,NO,NO,NO,221,7714
home-mixer/sources/thunder_source.rs,home-mixer,D02,D03;D01,D02;D03;D01,YES,HIGH,home-mixer/sources,FULL_SOURCE_REVIEW,NO,NO,NO,NO,NO,NO,NO,NO,NO,NO,NO,NO,122,4695
home-mixer/sources/tweet_mixer_source.rs,home-mixer,D03,D01,D03;D01,YES,HIGH,home-mixer/sources,FULL_SOURCE_REVIEW,NO,NO,NO,NO,NO,YES,NO,NO,NO,NO,NO,NO,138,4676
home-mixer/sources/who_to_follow_source.rs,home-mixer,D03,D01,D03;D01,YES,HIGH,home-mixer/sources,FULL_SOURCE_REVIEW,NO,NO,NO,NO,NO,NO,NO,NO,NO,NO,NO,NO,121,4068
home-mixer/util/author_rules.rs,home-mixer,D01,D16,D01;D16,YES,HIGH,home-mixer/core-server,FULL_SOURCE_REVIEW,NO,NO,NO,NO,NO,YES,NO,NO,NO,NO,NO,NO,157,5167
home-mixer/util/candidates_util.rs,home-mixer,D01,D16,D01;D16,YES,HIGH,home-mixer/core-server,FULL_SOURCE_REVIEW,NO,NO,NO,NO,NO,YES,NO,NO,NO,NO,NO,NO,110,3058
home-mixer/util/conversation_grouping.rs,home-mixer,D01,D16,D01;D16,YES,HIGH,home-mixer/core-server,FULL_SOURCE_REVIEW,NO,NO,NO,NO,NO,YES,NO,NO,NO,NO,NO,NO,125,3945
home-mixer/util/country_codes.rs,home-mixer,D01,D16,D01;D16,YES,HIGH,home-mixer/core-server,FULL_SOURCE_REVIEW,NO,NO,NO,NO,NO,NO,NO,NO,NO,NO,NO,NO,12,311
home-mixer/util/egress.rs,home-mixer,D01,D16,D01;D16,YES,HIGH,home-mixer/core-server,FULL_SOURCE_REVIEW,NO,NO,NO,NO,NO,NO,NO,NO,NO,NO,NO,NO,3,152
home-mixer/util/feed_log.rs,home-mixer,D01,D16,D01;D16,YES,HIGH,home-mixer/core-server,FULL_SOURCE_REVIEW,NO,NO,NO,NO,NO,NO,NO,NO,NO,NO,NO,NO,60,2040
home-mixer/util/mod.rs,home-mixer,D01,D16,D01;D16,YES,HIGH,home-mixer/core-server,FULL_SOURCE_REVIEW,NO,NO,NO,NO,NO,NO,NO,NO,NO,NO,NO,NO,14,281
home-mixer/util/phoenix_request.rs,home-mixer,D01,D16,D01;D16,YES,HIGH,home-mixer/core-server,FULL_SOURCE_REVIEW,NO,NO,NO,NO,NO,NO,NO,NO,NO,NO,NO,NO,151,5146
home-mixer/util/rescore.rs,home-mixer,D01,D16,D01;D16,YES,HIGH,home-mixer/core-server,FULL_SOURCE_REVIEW,NO,NO,NO,NO,NO,YES,NO,NO,NO,NO,NO,NO,152,5271
home-mixer/util/shadow.rs,home-mixer,D01,D16,D01;D16,YES,HIGH,home-mixer/core-server,FULL_SOURCE_REVIEW,NO,NO,NO,NO,NO,YES,NO,NO,NO,NO,NO,NO,133,4798
home-mixer/util/string_case.rs,home-mixer,D01,D16,D01;D16,YES,HIGH,home-mixer/core-server,FULL_SOURCE_REVIEW,NO,NO,NO,NO,NO,NO,NO,NO,NO,NO,NO,NO,15,449
home-mixer/util/tweet_type_metrics.rs,home-mixer,D01,D16;D18,D01;D16;D18,YES,HIGH,home-mixer/core-server,FULL_SOURCE_REVIEW,NO,NO,NO,NO,NO,NO,NO,NO,NO,NO,NO,NO,65,2739
home-mixer/util/url.rs,home-mixer,D01,D16,D01;D16,YES,HIGH,home-mixer/core-server,FULL_SOURCE_REVIEW,NO,NO,NO,NO,NO,YES,NO,NO,NO,NO,NO,NO,35,828
home-mixer/util/urt/ad_marshaller.rs,home-mixer,D01,D16,D01;D16,YES,HIGH,home-mixer/core-server,FULL_SOURCE_REVIEW,NO,NO,NO,NO,NO,YES,NO,NO,NO,NO,NO,NO,465,16507
home-mixer/util/urt/client_event.rs,home-mixer,D01,D16,D01;D16,YES,HIGH,home-mixer/core-server,FULL_SOURCE_REVIEW,NO,NO,NO,NO,NO,NO,NO,NO,NO,NO,NO,NO,114,3676
home-mixer/util/urt/controller_data.rs,home-mixer,D01,D16,D01;D16,YES,HIGH,home-mixer/core-server,FULL_SOURCE_REVIEW,NO,NO,NO,NO,NO,NO,NO,NO,NO,NO,NO,NO,77,2620
home-mixer/util/urt/convo_marshaller.rs,home-mixer,D01,D16,D01;D16,YES,HIGH,home-mixer/core-server,FULL_SOURCE_REVIEW,NO,NO,NO,NO,NO,NO,NO,NO,NO,NO,NO,NO,126,4265
home-mixer/util/urt/cursors.rs,home-mixer,D01,D16,D01;D16,YES,HIGH,home-mixer/core-server,FULL_SOURCE_REVIEW,NO,NO,NO,NO,NO,NO,NO,NO,NO,NO,NO,NO,91,2683
home-mixer/util/urt/feed_survey_marshaller.rs,home-mixer,D01,D16,D01;D16,YES,HIGH,home-mixer/core-server,FULL_SOURCE_REVIEW,NO,NO,NO,NO,NO,YES,NO,NO,NO,NO,NO,NO,172,5873
home-mixer/util/urt/feedback.rs,home-mixer,D01,D16,D01;D16,YES,HIGH,home-mixer/core-server,FULL_SOURCE_REVIEW,NO,NO,NO,NO,NO,NO,NO,NO,NO,NO,NO,NO,288,10495
home-mixer/util/urt/frame_marshaller.rs,home-mixer,D01,D16,D01;D16,YES,HIGH,home-mixer/core-server,FULL_SOURCE_REVIEW,NO,NO,NO,NO,NO,YES,NO,NO,NO,NO,NO,NO,107,3509
home-mixer/util/urt/mod.rs,home-mixer,D01,D16,D01;D16,YES,HIGH,home-mixer/core-server,FULL_SOURCE_REVIEW,NO,NO,NO,NO,NO,YES,NO,NO,NO,NO,NO,NO,318,10619
home-mixer/util/urt/navigation.rs,home-mixer,D01,D16,D01;D16,YES,HIGH,home-mixer/core-server,FULL_SOURCE_REVIEW,NO,NO,NO,NO,NO,NO,NO,NO,NO,NO,NO,NO,79,2292
home-mixer/util/urt/new_tweets_pill.rs,home-mixer,D01,D16,D01;D16,YES,HIGH,home-mixer/core-server,FULL_SOURCE_REVIEW,NO,NO,NO,NO,NO,NO,NO,NO,NO,NO,NO,NO,121,3834
home-mixer/util/urt/post_marshaller.rs,home-mixer,D01,D16,D01;D16,YES,HIGH,home-mixer/core-server,FULL_SOURCE_REVIEW,NO,NO,NO,NO,NO,NO,NO,NO,NO,NO,NO,NO,113,3561
home-mixer/util/urt/prompt_marshaller.rs,home-mixer,D01,D16,D01;D16,YES,HIGH,home-mixer/core-server,FULL_SOURCE_REVIEW,NO,NO,NO,NO,NO,NO,NO,NO,NO,NO,NO,NO,547,19991
home-mixer/util/urt/push_to_home_marshaller.rs,home-mixer,D01,D16,D01;D16,YES,HIGH,home-mixer/core-server,FULL_SOURCE_REVIEW,NO,NO,NO,NO,NO,NO,NO,NO,NO,NO,NO,NO,118,4210
home-mixer/util/urt/reverse_chron_following/cursors.rs,home-mixer,D01,D16,D01;D16,YES,HIGH,home-mixer/core-server,FULL_SOURCE_REVIEW,NO,NO,NO,NO,NO,YES,NO,NO,NO,NO,NO,NO,236,7466
home-mixer/util/urt/reverse_chron_following/mod.rs,home-mixer,D01,D16,D01;D16,YES,HIGH,home-mixer/core-server,FULL_SOURCE_REVIEW,NO,NO,NO,NO,NO,NO,NO,NO,NO,NO,NO,NO,125,4330
home-mixer/util/urt/wtf_marshaller.rs,home-mixer,D01,D16,D01;D16,YES,HIGH,home-mixer/core-server,FULL_SOURCE_REVIEW,NO,NO,NO,NO,NO,NO,NO,NO,NO,NO,NO,NO,145,5292
home-mixer/util/xds.rs,home-mixer,D01,D16,D01;D16,YES,HIGH,home-mixer/core-server,FULL_SOURCE_REVIEW,NO,NO,NO,NO,NO,NO,NO,NO,NO,NO,NO,NO,19,780
media-model-proxy/BUILD.bazel,media-model-proxy,D09,D16;D19,D09;D16;D19,YES,HIGH,media-model-proxy,REPRO_BUILD_REVIEW,NO,NO,NO,NO,NO,NO,NO,NO,NO,YES,NO,NO,53,1338
media-model-proxy/README.rst,media-model-proxy,D09,D16,D09;D16,YES,HIGH,media-model-proxy,DOC_CONTEXT_VERIFY_AGAINST_CODE,NO,NO,NO,NO,NO,NO,NO,YES,NO,NO,NO,NO,38,1423
media-model-proxy/config/decider.yml,media-model-proxy,D09,D16;D17,D09;D16;D17,YES,HIGH,media-model-proxy,FULL_SOURCE_REVIEW,NO,NO,NO,NO,NO,NO,NO,NO,YES,NO,NO,NO,59,2056
media-model-proxy/integrationtest/scripts/local.sh,media-model-proxy,D09,D16;D19,D09;D16;D19,YES,HIGH,media-model-proxy,TEST_EVIDENCE,YES,NO,NO,NO,NO,NO,NO,NO,NO,NO,NO,NO,116,3318
media-model-proxy/integrationtest/scripts/workflow.sh,media-model-proxy,D09,D16;D19,D09;D16;D19,YES,HIGH,media-model-proxy,TEST_EVIDENCE,YES,NO,NO,NO,NO,NO,NO,NO,NO,NO,NO,NO,90,2720
media-model-proxy/integrationtest/src/test/resources/com/twitter/media_understanding/model_proxy/integrationtest/BUILD.bazel,media-model-proxy,D09,D16;D19,D09;D16;D19,YES,HIGH,media-model-proxy,TEST_EVIDENCE,YES,NO,NO,NO,NO,NO,NO,NO,NO,YES,NO,NO,4,50
media-model-proxy/integrationtest/src/test/resources/com/twitter/media_understanding/model_proxy/integrationtest/models.txt,media-model-proxy,D09,D16;D19,D09;D16;D19,YES,HIGH,media-model-proxy,TEST_EVIDENCE,YES,NO,NO,NO,NO,NO,NO,YES,NO,NO,NO,NO,5,86
media-model-proxy/integrationtest/src/test/scala/com/twitter/media_understanding/model_proxy/integrationtest/BUILD.bazel,media-model-proxy,D09,D16;D19,D09;D16;D19,YES,HIGH,media-model-proxy,TEST_EVIDENCE,YES,NO,NO,NO,NO,NO,NO,NO,NO,YES,NO,NO,18,825
media-model-proxy/integrationtest/src/test/scala/com/twitter/media_understanding/model_proxy/integrationtest/MediaModelProxyService.scala,media-model-proxy,D09,D16;D19,D09;D16;D19,YES,HIGH,media-model-proxy,TEST_EVIDENCE,YES,NO,NO,NO,NO,NO,NO,NO,NO,NO,NO,NO,49,1629
media-model-proxy/integrationtest/src/test/scala/com/twitter/media_understanding/model_proxy/integrationtest/MediaModelProxyTest.scala,media-model-proxy,D09,D16;D19,D09;D16;D19,YES,HIGH,media-model-proxy,TEST_EVIDENCE,YES,NO,NO,NO,NO,NO,NO,NO,NO,NO,NO,NO,99,3322
media-model-proxy/loadtest/BUILD,media-model-proxy,D09,D16;D19,D09;D16;D19,YES,HIGH,media-model-proxy,TEST_EVIDENCE,YES,NO,NO,NO,NO,NO,NO,NO,NO,YES,NO,NO,27,586
media-model-proxy/loadtest/config/loadtest.yaml,media-model-proxy,D09,D16;D17;D19,D09;D16;D17;D19,YES,HIGH,media-model-proxy,TEST_EVIDENCE,YES,NO,NO,NO,NO,NO,NO,NO,YES,NO,NO,NO,14,363
media-model-proxy/loadtest/launcher.sh,media-model-proxy,D09,D16;D19,D09;D16;D19,YES,HIGH,media-model-proxy,TEST_EVIDENCE,YES,NO,NO,NO,NO,NO,NO,NO,NO,NO,NO,NO,47,1217
media-model-proxy/loadtest/logs/.gitignore,media-model-proxy,D09,D16;D19,D09;D16;D19,YES,HIGH,media-model-proxy,TEST_EVIDENCE,YES,NO,NO,NO,NO,NO,NO,NO,NO,NO,NO,NO,1,6
media-model-proxy/loadtest/src/scala/com/twitter/media_understanding/media_model_proxy/loadtest/BUILD,media-model-proxy,D09,D16;D19,D09;D16;D19,YES,HIGH,media-model-proxy,TEST_EVIDENCE,YES,NO,NO,NO,NO,NO,NO,NO,NO,YES,NO,NO,54,2110
media-model-proxy/loadtest/src/scala/com/twitter/media_understanding/media_model_proxy/loadtest/MediaModelProxyLoadTest.scala,media-model-proxy,D09,D16;D19,D09;D16;D19,YES,HIGH,media-model-proxy,TEST_EVIDENCE,YES,NO,NO,NO,NO,NO,NO,NO,NO,NO,NO,NO,90,2959
media-model-proxy/loadtest/src/scala/com/twitter/media_understanding/media_model_proxy/loadtest/MediaModelProxyLogSampler.scala,media-model-proxy,D09,D16;D19,D09;D16;D19,YES,HIGH,media-model-proxy,TEST_EVIDENCE,YES,NO,NO,NO,NO,NO,NO,NO,NO,NO,NO,NO,121,4279
media-model-proxy/scripts/local.sh,media-model-proxy,D09,D16,D09;D16,YES,HIGH,media-model-proxy,FULL_SOURCE_REVIEW,NO,NO,NO,NO,NO,NO,NO,NO,NO,NO,NO,NO,122,4034
media-model-proxy/src/main/resources/BUILD,media-model-proxy,D09,D16;D19,D09;D16;D19,YES,HIGH,media-model-proxy,REPRO_BUILD_REVIEW,NO,NO,NO,NO,NO,NO,NO,NO,NO,YES,NO,NO,10,204
media-model-proxy/src/main/resources/META-INF/services/com.twitter.util.tunable.ServiceLoadedTunableMap,media-model-proxy,D09,D16;D17,D09;D16;D17,YES,HIGH,media-model-proxy,FULL_SOURCE_REVIEW,NO,NO,NO,NO,NO,NO,NO,NO,YES,NO,NO,NO,1,62
media-model-proxy/src/main/resources/com/twitter/tunables/cortex_media_annotator/instances.json,media-model-proxy,D09,D16;D17,D09;D16;D17,YES,HIGH,media-model-proxy,FULL_SOURCE_REVIEW,NO,NO,NO,NO,NO,NO,NO,NO,YES,NO,NO,NO,14,284
media-model-proxy/src/main/resources/okta_features_metadata.xml,media-model-proxy,D09,D16,D09;D16,YES,HIGH,media-model-proxy,FULL_SOURCE_REVIEW,NO,NO,NO,NO,NO,NO,NO,NO,NO,NO,NO,NO,17,2296
media-model-proxy/src/main/resources/okta_features_prod_metadata.xml,media-model-proxy,D09,D16,D09;D16,YES,HIGH,media-model-proxy,FULL_SOURCE_REVIEW,NO,NO,NO,NO,NO,NO,NO,NO,NO,NO,NO,NO,17,2290
media-model-proxy/src/main/resources/sample-image.jpg,media-model-proxy,D09,D16,D09;D16,YES,HIGH,media-model-proxy,ASSET_PROVENANCE_REVIEW,NO,NO,NO,NO,NO,NO,NO,NO,NO,NO,YES,NO,,6716
media-model-proxy/src/main/scala/com/twitter/media_understanding/model_proxy/app/BUILD.bazel,media-model-proxy,D09,D16;D19,D09;D16;D19,YES,HIGH,media-model-proxy,REPRO_BUILD_REVIEW,NO,NO,NO,NO,NO,NO,NO,NO,NO,YES,NO,NO,43,2528
media-model-proxy/src/main/scala/com/twitter/media_understanding/model_proxy/app/ModelClientValidator.scala,media-model-proxy,D09,D16,D09;D16,YES,HIGH,media-model-proxy,FULL_SOURCE_REVIEW,NO,NO,NO,NO,NO,NO,NO,NO,NO,NO,NO,NO,46,1509
media-model-proxy/src/main/scala/com/twitter/media_understanding/model_proxy/app/Server.scala,media-model-proxy,D09,D16,D09;D16,YES,HIGH,media-model-proxy,FULL_SOURCE_REVIEW,NO,NO,NO,NO,NO,NO,NO,NO,NO,NO,NO,NO,69,2599
media-model-proxy/src/main/scala/com/twitter/media_understanding/model_proxy/clients/BUILD.bazel,media-model-proxy,D09,D16;D19,D09;D16;D19,YES,HIGH,media-model-proxy,REPRO_BUILD_REVIEW,NO,NO,NO,NO,NO,NO,NO,NO,NO,YES,NO,NO,24,1307
media-model-proxy/src/main/scala/com/twitter/media_understanding/model_proxy/clients/DeepbirdClient.scala,media-model-proxy,D09,D16,D09;D16,YES,HIGH,media-model-proxy,FULL_SOURCE_REVIEW,NO,NO,NO,NO,NO,NO,NO,NO,NO,NO,NO,NO,74,2377
media-model-proxy/src/main/scala/com/twitter/media_understanding/model_proxy/clients/DummyEmbeddingsClient.scala,media-model-proxy,D09,D16,D09;D16,YES,HIGH,media-model-proxy,FULL_SOURCE_REVIEW,NO,NO,NO,NO,NO,NO,NO,NO,NO,NO,NO,NO,76,2426
media-model-proxy/src/main/scala/com/twitter/media_understanding/model_proxy/clients/ModelClient.scala,media-model-proxy,D09,D16,D09;D16,YES,HIGH,media-model-proxy,FULL_SOURCE_REVIEW,NO,NO,NO,NO,NO,NO,NO,NO,NO,NO,NO,NO,19,622
media-model-proxy/src/main/scala/com/twitter/media_understanding/model_proxy/clients/SwitchingModelClient.scala,media-model-proxy,D09,D16,D09;D16,YES,HIGH,media-model-proxy,FULL_SOURCE_REVIEW,NO,NO,NO,NO,NO,NO,NO,NO,NO,NO,NO,NO,47,1718
media-model-proxy/src/main/scala/com/twitter/media_understanding/model_proxy/config/BUILD,media-model-proxy,D09,D16;D17;D19,D09;D16;D17;D19,YES,HIGH,media-model-proxy,REPRO_BUILD_REVIEW,NO,NO,NO,NO,NO,NO,NO,NO,YES,YES,NO,NO,13,497
media-model-proxy/src/main/scala/com/twitter/media_understanding/model_proxy/config/Config.scala,media-model-proxy,D09,D16;D17,D09;D16;D17,YES,HIGH,media-model-proxy,FULL_SOURCE_REVIEW,NO,NO,NO,NO,NO,NO,NO,NO,YES,NO,NO,NO,5,122
media-model-proxy/src/main/scala/com/twitter/media_understanding/model_proxy/config/Deciders.scala,media-model-proxy,D09,D16;D17,D09;D16;D17,YES,HIGH,media-model-proxy,FULL_SOURCE_REVIEW,NO,NO,NO,NO,NO,NO,NO,NO,YES,NO,NO,NO,8,203
media-model-proxy/src/main/scala/com/twitter/media_understanding/model_proxy/config/Features.scala,media-model-proxy,D09,D16;D17,D09;D16;D17,YES,HIGH,media-model-proxy,FULL_SOURCE_REVIEW,NO,NO,NO,NO,NO,NO,NO,NO,YES,NO,NO,NO,40,1968
media-model-proxy/src/main/scala/com/twitter/media_understanding/model_proxy/config/TunableMap.scala,media-model-proxy,D09,D16;D17,D09;D16;D17,YES,HIGH,media-model-proxy,FULL_SOURCE_REVIEW,NO,NO,NO,NO,NO,NO,NO,NO,YES,NO,NO,NO,9,260
media-model-proxy/src/main/scala/com/twitter/media_understanding/model_proxy/config/Tunables.scala,media-model-proxy,D09,D16;D17,D09;D16;D17,YES,HIGH,media-model-proxy,FULL_SOURCE_REVIEW,NO,NO,NO,NO,NO,NO,NO,NO,YES,NO,NO,NO,23,944
media-model-proxy/src/main/scala/com/twitter/media_understanding/model_proxy/controllers/BUILD.bazel,media-model-proxy,D09,D16;D19,D09;D16;D19,YES,HIGH,media-model-proxy,REPRO_BUILD_REVIEW,NO,NO,NO,NO,NO,NO,NO,NO,NO,YES,NO,NO,23,1279
media-model-proxy/src/main/scala/com/twitter/media_understanding/model_proxy/controllers/ProxyController.scala,media-model-proxy,D09,D16,D09;D16,YES,HIGH,media-model-proxy,FULL_SOURCE_REVIEW,NO,NO,NO,NO,NO,NO,NO,NO,NO,NO,NO,NO,94,3637
media-model-proxy/src/main/scala/com/twitter/media_understanding/model_proxy/exception/BUILD.bazel,media-model-proxy,D09,D16;D19,D09;D16;D19,YES,HIGH,media-model-proxy,REPRO_BUILD_REVIEW,NO,NO,NO,NO,NO,NO,NO,NO,NO,YES,NO,NO,13,437
media-model-proxy/src/main/scala/com/twitter/media_understanding/model_proxy/exception/Exceptions.scala,media-model-proxy,D09,D16,D09;D16,YES,HIGH,media-model-proxy,FULL_SOURCE_REVIEW,NO,NO,NO,NO,NO,NO,NO,NO,NO,NO,NO,NO,47,1709
media-model-proxy/src/main/scala/com/twitter/media_understanding/model_proxy/model_descriptors/BUILD.bazel,media-model-proxy,D09,D16;D19,D09;D16;D19,YES,HIGH,media-model-proxy,REPRO_BUILD_REVIEW,NO,NO,NO,NO,NO,NO,NO,NO,NO,YES,NO,NO,25,1423
media-model-proxy/src/main/scala/com/twitter/media_understanding/model_proxy/model_descriptors/CategoryClassificationEmbeddingsModelDescriptor.scala,media-model-proxy,D09,D16,D09;D16,YES,HIGH,media-model-proxy,FULL_SOURCE_REVIEW,NO,NO,NO,NO,NO,NO,NO,NO,NO,NO,NO,NO,68,2536
media-model-proxy/src/main/scala/com/twitter/media_understanding/model_proxy/model_descriptors/CategoryClassificationModelDescriptor.scala,media-model-proxy,D09,D16,D09;D16,YES,HIGH,media-model-proxy,FULL_SOURCE_REVIEW,NO,NO,NO,NO,NO,NO,NO,NO,NO,NO,NO,NO,57,1964
media-model-proxy/src/main/scala/com/twitter/media_understanding/model_proxy/model_descriptors/FingerprintingModelDescriptor.scala,media-model-proxy,D09,D16,D09;D16,YES,HIGH,media-model-proxy,FULL_SOURCE_REVIEW,NO,NO,NO,NO,NO,NO,NO,NO,NO,NO,NO,NO,70,2424
media-model-proxy/src/main/scala/com/twitter/media_understanding/model_proxy/model_descriptors/FingerprintingV2ModelDescriptor.scala,media-model-proxy,D09,D16,D09;D16,YES,HIGH,media-model-proxy,FULL_SOURCE_REVIEW,NO,NO,NO,NO,NO,NO,NO,NO,NO,NO,NO,NO,70,2428
media-model-proxy/src/main/scala/com/twitter/media_understanding/model_proxy/model_descriptors/HatefulSymbolRecognitionModelDescriptor.scala,media-model-proxy,D09,D16,D09;D16,YES,HIGH,media-model-proxy,FULL_SOURCE_REVIEW,NO,NO,NO,NO,NO,NO,NO,NO,NO,NO,NO,NO,52,1795
media-model-proxy/src/main/scala/com/twitter/media_understanding/model_proxy/model_descriptors/ModelDescriptor.scala,media-model-proxy,D09,D16,D09;D16,YES,HIGH,media-model-proxy,FULL_SOURCE_REVIEW,NO,NO,NO,NO,NO,NO,NO,NO,NO,NO,NO,NO,47,1700
media-model-proxy/src/main/scala/com/twitter/media_understanding/model_proxy/model_descriptors/ModelDescriptorRegistry.scala,media-model-proxy,D09,D16,D09;D16,YES,HIGH,media-model-proxy,FULL_SOURCE_REVIEW,NO,NO,NO,NO,NO,NO,NO,NO,NO,NO,NO,NO,28,1166
media-model-proxy/src/main/scala/com/twitter/media_understanding/model_proxy/model_descriptors/ViolenceAndGoreModelDescriptor.scala,media-model-proxy,D09,D16,D09;D16,YES,HIGH,media-model-proxy,FULL_SOURCE_REVIEW,NO,NO,NO,NO,NO,NO,NO,NO,NO,NO,NO,NO,74,2679
media-model-proxy/src/main/scala/com/twitter/media_understanding/model_proxy/model_descriptors/XXNsfwModelDescriptor.scala,media-model-proxy,D09,D16,D09;D16,YES,HIGH,media-model-proxy,FULL_SOURCE_REVIEW,NO,NO,NO,NO,NO,NO,NO,NO,NO,NO,NO,NO,86,3251
media-model-proxy/src/main/scala/com/twitter/media_understanding/model_proxy/modules/BUILD.bazel,media-model-proxy,D09,D16;D19,D09;D16;D19,YES,HIGH,media-model-proxy,REPRO_BUILD_REVIEW,NO,NO,NO,NO,NO,NO,NO,NO,NO,YES,NO,NO,31,1848
media-model-proxy/src/main/scala/com/twitter/media_understanding/model_proxy/modules/BlobStoreModule.scala,media-model-proxy,D09,D16,D09;D16,YES,HIGH,media-model-proxy,FULL_SOURCE_REVIEW,NO,NO,NO,NO,NO,NO,NO,NO,NO,NO,NO,NO,100,3568
media-model-proxy/src/main/scala/com/twitter/media_understanding/model_proxy/modules/ConfigModule.scala,media-model-proxy,D09,D16;D17,D09;D16;D17,YES,HIGH,media-model-proxy,FULL_SOURCE_REVIEW,NO,NO,NO,NO,NO,NO,NO,NO,YES,NO,NO,NO,7,341
media-model-proxy/src/main/scala/com/twitter/media_understanding/model_proxy/modules/FeaturesModule.scala,media-model-proxy,D09,D16,D09;D16,YES,HIGH,media-model-proxy,FULL_SOURCE_REVIEW,NO,NO,NO,NO,NO,NO,NO,NO,NO,NO,NO,NO,46,1553
media-model-proxy/src/main/scala/com/twitter/media_understanding/model_proxy/modules/LoadSheddingFilterModule.scala,media-model-proxy,D09,D16,D09;D16,YES,HIGH,media-model-proxy,FULL_SOURCE_REVIEW,NO,NO,NO,NO,NO,NO,NO,NO,NO,NO,NO,NO,23,808
media-model-proxy/src/main/scala/com/twitter/media_understanding/model_proxy/modules/MediaModelProxyModule.scala,media-model-proxy,D09,D16,D09;D16,YES,HIGH,media-model-proxy,FULL_SOURCE_REVIEW,NO,NO,NO,NO,NO,NO,NO,NO,NO,NO,NO,NO,21,621
media-model-proxy/src/main/scala/com/twitter/media_understanding/model_proxy/modules/ModelsModule.scala,media-model-proxy,D09,D16,D09;D16,YES,HIGH,media-model-proxy,FULL_SOURCE_REVIEW,NO,NO,NO,NO,NO,NO,NO,NO,NO,NO,NO,NO,47,1526
media-model-proxy/src/main/scala/com/twitter/media_understanding/model_proxy/modules/ScribeLoggerModule.scala,media-model-proxy,D09,D16;D18,D09;D16;D18,YES,HIGH,media-model-proxy,FULL_SOURCE_REVIEW,NO,NO,NO,NO,NO,NO,NO,NO,NO,NO,NO,NO,30,1174
media-model-proxy/src/main/scala/com/twitter/media_understanding/model_proxy/modules/StatsReceiverModule.scala,media-model-proxy,D09,D16,D09;D16,YES,HIGH,media-model-proxy,FULL_SOURCE_REVIEW,NO,NO,NO,NO,NO,NO,NO,NO,NO,NO,NO,NO,16,454
media-model-proxy/src/main/scala/com/twitter/media_understanding/model_proxy/modules/ThriftDiffyProxyModule.scala,media-model-proxy,D09,D16,D09;D16,YES,HIGH,media-model-proxy,FULL_SOURCE_REVIEW,NO,NO,NO,NO,NO,NO,NO,NO,NO,NO,NO,NO,32,1111
media-model-proxy/src/main/scala/com/twitter/media_understanding/model_proxy/modules/package.scala,media-model-proxy,D09,D16,D09;D16,YES,HIGH,media-model-proxy,FULL_SOURCE_REVIEW,NO,NO,NO,NO,NO,NO,NO,NO,NO,NO,NO,NO,8,175
media-model-proxy/src/main/scala/com/twitter/media_understanding/model_proxy/services/BUILD.bazel,media-model-proxy,D09,D16;D19,D09;D16;D19,YES,HIGH,media-model-proxy,REPRO_BUILD_REVIEW,NO,NO,NO,NO,NO,NO,NO,NO,NO,YES,NO,NO,16,682
media-model-proxy/src/main/scala/com/twitter/media_understanding/model_proxy/services/BlobStoreService.scala,media-model-proxy,D09,D16,D09;D16,YES,HIGH,media-model-proxy,FULL_SOURCE_REVIEW,NO,NO,NO,NO,NO,NO,NO,NO,NO,NO,NO,NO,32,1146
media-model-proxy/src/main/scala/com/twitter/media_understanding/model_proxy/services/ModelsService.scala,media-model-proxy,D09,D16,D09;D16,YES,HIGH,media-model-proxy,FULL_SOURCE_REVIEW,NO,NO,NO,NO,NO,NO,NO,NO,NO,NO,NO,NO,121,4420
media-model-proxy/src/main/scala/com/twitter/media_understanding/model_proxy/util/BUILD.bazel,media-model-proxy,D09,D16;D19,D09;D16;D19,YES,HIGH,media-model-proxy,REPRO_BUILD_REVIEW,NO,NO,NO,NO,NO,NO,NO,NO,NO,YES,NO,NO,14,560
media-model-proxy/src/main/scala/com/twitter/media_understanding/model_proxy/util/ScribeLogger.scala,media-model-proxy,D09,D16;D18,D09;D16;D18,YES,HIGH,media-model-proxy,FULL_SOURCE_REVIEW,NO,NO,NO,NO,NO,NO,NO,NO,NO,NO,NO,NO,50,1625
media-model-proxy/src/main/scala/com/twitter/media_understanding/model_proxy/util/Scriber.scala,media-model-proxy,D09,D16,D09;D16,YES,HIGH,media-model-proxy,FULL_SOURCE_REVIEW,NO,NO,NO,NO,NO,NO,NO,NO,NO,NO,NO,NO,9,338
media-model-proxy/src/main/thrift/BUILD,media-model-proxy,D09,D16;D19,D09;D16;D19,YES,HIGH,media-model-proxy,REPRO_BUILD_REVIEW,NO,NO,NO,NO,NO,NO,YES,NO,NO,YES,NO,NO,19,536
media-model-proxy/src/main/thrift/com/twitter/cortex_media_annotator/annotate.thrift,media-model-proxy,D09,D16,D09;D16,YES,HIGH,media-model-proxy,FULL_SOURCE_REVIEW,NO,NO,NO,NO,NO,NO,YES,NO,NO,NO,NO,NO,78,1814
media-model-proxy/src/main/thrift/com/twitter/cortex_media_annotator/annotate_scribe.thrift,media-model-proxy,D09,D16,D09;D16,YES,HIGH,media-model-proxy,FULL_SOURCE_REVIEW,NO,NO,NO,NO,NO,NO,YES,NO,NO,NO,NO,NO,8,259
media-model-proxy/src/test/resources/BUILD.bazel,media-model-proxy,D09,D16;D19,D09;D16;D19,YES,HIGH,media-model-proxy,TEST_EVIDENCE,YES,NO,NO,NO,NO,NO,NO,NO,NO,YES,NO,NO,3,34
media-model-proxy/src/test/resources/test_decider_base.yml,media-model-proxy,D09,D16;D19;D17,D09;D16;D19;D17,YES,HIGH,media-model-proxy,SYMLINK_REFERENCE,YES,NO,NO,NO,NO,NO,NO,NO,YES,NO,NO,YES,,27
media-model-proxy/src/test/scala/com/twitter/media_understanding/model_proxy/app/BUILD.bazel,media-model-proxy,D09,D16;D19,D09;D16;D19,YES,HIGH,media-model-proxy,TEST_EVIDENCE,YES,NO,NO,NO,NO,NO,NO,NO,NO,YES,NO,NO,21,1042
media-model-proxy/src/test/scala/com/twitter/media_understanding/model_proxy/app/FeatureTest.scala,media-model-proxy,D09,D16;D19,D09;D16;D19,YES,HIGH,media-model-proxy,TEST_EVIDENCE,YES,NO,NO,NO,NO,NO,NO,NO,NO,NO,NO,NO,152,5289
media-model-proxy/src/test/scala/com/twitter/media_understanding/model_proxy/app/StartupTest.scala,media-model-proxy,D09,D16;D19,D09;D16;D19,YES,HIGH,media-model-proxy,TEST_EVIDENCE,YES,NO,NO,NO,NO,NO,NO,NO,NO,NO,NO,NO,23,723
media-model-proxy/src/test/scala/com/twitter/media_understanding/model_proxy/clients/BUILD.bazel,media-model-proxy,D09,D16;D19,D09;D16;D19,YES,HIGH,media-model-proxy,TEST_EVIDENCE,YES,NO,NO,NO,NO,NO,NO,NO,NO,YES,NO,NO,20,920
media-model-proxy/src/test/scala/com/twitter/media_understanding/model_proxy/clients/DeepbirdClientSpec.scala,media-model-proxy,D09,D16;D19,D09;D16;D19,YES,HIGH,media-model-proxy,TEST_EVIDENCE,YES,NO,NO,NO,NO,NO,NO,NO,NO,NO,NO,NO,59,1857
media-model-proxy/src/test/scala/com/twitter/media_understanding/model_proxy/clients/DummyEmbeddingsClientSpec.scala,media-model-proxy,D09,D16;D19,D09;D16;D19,YES,HIGH,media-model-proxy,TEST_EVIDENCE,YES,NO,NO,NO,NO,NO,NO,NO,NO,NO,NO,NO,66,2059
media-model-proxy/src/test/scala/com/twitter/media_understanding/model_proxy/clients/SwitchingModelClientSpec.scala,media-model-proxy,D09,D16;D19,D09;D16;D19,YES,HIGH,media-model-proxy,TEST_EVIDENCE,YES,NO,NO,NO,NO,NO,NO,NO,NO,NO,NO,NO,106,3434
media-model-proxy/src/test/scala/com/twitter/media_understanding/model_proxy/config/BUILD.bazel,media-model-proxy,D09,D16;D17;D19,D09;D16;D17;D19,YES,HIGH,media-model-proxy,TEST_EVIDENCE,YES,NO,NO,NO,NO,NO,NO,NO,YES,YES,NO,NO,17,746
media-model-proxy/src/test/scala/com/twitter/media_understanding/model_proxy/config/FeaturesSpec.scala,media-model-proxy,D09,D16;D17;D19,D09;D16;D17;D19,YES,HIGH,media-model-proxy,TEST_EVIDENCE,YES,NO,NO,NO,NO,NO,NO,NO,YES,NO,NO,NO,14,405
media-model-proxy/src/test/scala/com/twitter/media_understanding/model_proxy/model_descriptors/BUILD.bazel,media-model-proxy,D09,D16;D19,D09;D16;D19,YES,HIGH,media-model-proxy,TEST_EVIDENCE,YES,NO,NO,NO,NO,NO,NO,NO,NO,YES,NO,NO,19,882
media-model-proxy/src/test/scala/com/twitter/media_understanding/model_proxy/model_descriptors/CategoryClassificationEmbeddingsModelDescriptorSpec.scala,media-model-proxy,D09,D16;D19,D09;D16;D19,YES,HIGH,media-model-proxy,TEST_EVIDENCE,YES,NO,NO,NO,NO,NO,NO,NO,NO,NO,NO,NO,26,1086
media-model-proxy/src/test/scala/com/twitter/media_understanding/model_proxy/model_descriptors/CategoryClassificationModelDescriptorSpec.scala,media-model-proxy,D09,D16;D19,D09;D16;D19,YES,HIGH,media-model-proxy,TEST_EVIDENCE,YES,NO,NO,NO,NO,NO,NO,NO,NO,NO,NO,NO,23,1012
media-model-proxy/src/test/scala/com/twitter/media_understanding/model_proxy/model_descriptors/FingerprintingModelDescriptorSpec.scala,media-model-proxy,D09,D16;D19,D09;D16;D19,YES,HIGH,media-model-proxy,TEST_EVIDENCE,YES,NO,NO,NO,NO,NO,NO,NO,NO,NO,NO,NO,23,993
media-model-proxy/src/test/scala/com/twitter/media_understanding/model_proxy/model_descriptors/FingerprintingV2ModelDescriptorSpec.scala,media-model-proxy,D09,D16;D19,D09;D16;D19,YES,HIGH,media-model-proxy,TEST_EVIDENCE,YES,NO,NO,NO,NO,NO,NO,NO,NO,NO,NO,NO,23,997
media-model-proxy/src/test/scala/com/twitter/media_understanding/model_proxy/model_descriptors/HatefulSymbolRecognitionModelDescriptorSpec.scala,media-model-proxy,D09,D16;D19,D09;D16;D19,YES,HIGH,media-model-proxy,TEST_EVIDENCE,YES,NO,NO,NO,NO,NO,NO,NO,NO,NO,NO,NO,23,1019
media-model-proxy/src/test/scala/com/twitter/media_understanding/model_proxy/model_descriptors/ViolenceAndGoreModelDescriptorSpec.scala,media-model-proxy,D09,D16;D19,D09;D16;D19,YES,HIGH,media-model-proxy,TEST_EVIDENCE,YES,NO,NO,NO,NO,NO,NO,NO,NO,NO,NO,NO,86,3227
media-model-proxy/src/test/scala/com/twitter/media_understanding/model_proxy/model_descriptors/XXNsfwModelDescriptorSpec.scala,media-model-proxy,D09,D16;D19,D09;D16;D19,YES,HIGH,media-model-proxy,TEST_EVIDENCE,YES,NO,NO,NO,NO,NO,NO,NO,NO,NO,NO,NO,73,2908
media-model-proxy/src/test/scala/com/twitter/media_understanding/model_proxy/modules/BUILD.bazel,media-model-proxy,D09,D16;D19,D09;D16;D19,YES,HIGH,media-model-proxy,TEST_EVIDENCE,YES,NO,NO,NO,NO,NO,NO,NO,NO,YES,NO,NO,11,451
media-model-proxy/src/test/scala/com/twitter/media_understanding/model_proxy/modules/TestClientModules.scala,media-model-proxy,D09,D16;D19,D09;D16;D19,YES,HIGH,media-model-proxy,TEST_EVIDENCE,YES,NO,NO,NO,NO,NO,NO,NO,NO,NO,NO,NO,72,2342
media-model-proxy/src/test/scala/com/twitter/media_understanding/model_proxy/services/BUILD.bazel,media-model-proxy,D09,D16;D19,D09;D16;D19,YES,HIGH,media-model-proxy,TEST_EVIDENCE,YES,NO,NO,NO,NO,NO,NO,NO,NO,YES,NO,NO,21,1030
media-model-proxy/src/test/scala/com/twitter/media_understanding/model_proxy/services/BlobStoreServiceSpec.scala,media-model-proxy,D09,D16;D19,D09;D16;D19,YES,HIGH,media-model-proxy,TEST_EVIDENCE,YES,NO,NO,NO,NO,NO,NO,NO,NO,NO,NO,NO,37,1471
media-model-proxy/src/test/scala/com/twitter/media_understanding/model_proxy/services/ModelsServiceSpec.scala,media-model-proxy,D09,D16;D19,D09;D16;D19,YES,HIGH,media-model-proxy,TEST_EVIDENCE,YES,NO,NO,NO,NO,NO,NO,NO,NO,NO,NO,NO,161,6460
media-model-proxy/src/test/scala/com/twitter/media_understanding/model_proxy/util/BUILD.bazel,media-model-proxy,D09,D16;D19,D09;D16;D19,YES,HIGH,media-model-proxy,TEST_EVIDENCE,YES,NO,NO,NO,NO,NO,NO,NO,NO,YES,NO,NO,19,869
media-model-proxy/src/test/scala/com/twitter/media_understanding/model_proxy/util/ScribeLoggerSpec.scala,media-model-proxy,D09,D16;D19;D18,D09;D16;D19;D18,YES,HIGH,media-model-proxy,TEST_EVIDENCE,YES,NO,NO,NO,NO,NO,NO,NO,NO,NO,NO,NO,44,1395
phoenix/Cargo.lock,phoenix,D16,D15;D03;D05;D19,D16;D15;D03;D05;D19,YES,HIGH,phoenix/fallback-cross-domain,BOUNDARY_TRACE_GENERATED,NO,NO,NO,YES,NO,NO,NO,NO,NO,YES,NO,NO,5339,128345
phoenix/Cargo.toml,phoenix,D16,D15;D03;D05;D17;D19,D16;D15;D03;D05;D17;D19,YES,HIGH,phoenix/fallback-cross-domain,REPRO_BUILD_REVIEW,NO,NO,NO,NO,NO,NO,NO,NO,YES,YES,NO,NO,93,3089
phoenix/NOTICE,phoenix,D19,D15;D03;D05,D19;D15;D03;D05,YES,HIGH,phoenix/docs,REPRO_BUILD_REVIEW,NO,NO,NO,NO,NO,NO,NO,NO,NO,YES,NO,NO,844,44073
phoenix/QUICKSTART.md,phoenix,D15,D16,D15;D16,YES,HIGH,phoenix/training-eval,DOC_CONTEXT_VERIFY_AGAINST_CODE,NO,NO,NO,NO,NO,NO,NO,YES,NO,NO,NO,NO,176,6307
phoenix/README.md,phoenix,D19,D15;D03;D05,D19;D15;D03;D05,YES,HIGH,phoenix/docs,DOC_CONTEXT_VERIFY_AGAINST_CODE,NO,NO,NO,NO,NO,NO,NO,YES,NO,NO,NO,NO,447,26793
phoenix/THIRD_PARTY_NOTICES.md,phoenix,D19,D15;D03;D05,D19;D15;D03;D05,YES,HIGH,phoenix/docs,DOC_CONTEXT_VERIFY_AGAINST_CODE,NO,NO,NO,NO,NO,NO,NO,YES,NO,YES,NO,NO,85,4075
phoenix/TRAINING.md,phoenix,D15,D16,D15;D16,YES,HIGH,phoenix/training-eval,DOC_CONTEXT_VERIFY_AGAINST_CODE,NO,NO,NO,NO,NO,NO,NO,YES,NO,NO,NO,NO,102,3748
phoenix/crates/common/xai-recsys/Cargo.toml,phoenix,D16,D03;D05;D15;D17;D19,D16;D03;D05;D15;D17;D19,YES,HIGH,phoenix/common-infra,REPRO_BUILD_REVIEW,NO,NO,NO,NO,NO,NO,NO,NO,YES,YES,NO,NO,17,380
phoenix/crates/common/xai-recsys/build.rs,phoenix,D16,D03;D05;D15;D19,D16;D03;D05;D15;D19,YES,HIGH,phoenix/common-infra,REPRO_BUILD_REVIEW,NO,NO,NO,NO,NO,NO,NO,NO,NO,YES,NO,NO,231,7489
phoenix/crates/common/xai-recsys/pyproject.toml,phoenix,D16,D03;D05;D15;D17;D19,D16;D03;D05;D15;D17;D19,YES,HIGH,phoenix/common-infra,REPRO_BUILD_REVIEW,NO,NO,NO,NO,NO,NO,NO,NO,YES,YES,NO,NO,21,414
phoenix/crates/common/xai-recsys/src/lib.rs,phoenix,D16,D03;D05;D15,D16;D03;D05;D15,YES,HIGH,phoenix/common-infra,FULL_SOURCE_REVIEW,NO,NO,NO,NO,NO,NO,NO,NO,NO,NO,NO,NO,8,204
phoenix/crates/common/xai-recsys/src/model_config.rs,phoenix,D17,D15;D03;D05,D17;D15;D03;D05,YES,HIGH,phoenix/config,FULL_SOURCE_REVIEW,NO,NO,NO,NO,NO,NO,NO,NO,YES,NO,NO,NO,297,8775
phoenix/crates/common/xai-recsys/src/util.rs,phoenix,D16,D03;D05;D15,D16;D03;D05;D15,YES,HIGH,phoenix/common-infra,FULL_SOURCE_REVIEW,NO,NO,NO,NO,NO,YES,NO,NO,NO,NO,NO,NO,2017,80685
phoenix/crates/serving/xai-recsys-engine/Cargo.toml,phoenix,D05,D03;D16;D17;D19,D05;D03;D16;D17;D19,YES,HIGH,phoenix/shared-model-serving,REPRO_BUILD_REVIEW,NO,NO,NO,NO,NO,NO,NO,NO,YES,YES,NO,NO,75,2169
phoenix/crates/serving/xai-recsys-engine/pyproject.toml,phoenix,D05,D03;D16;D17;D19,D05;D03;D16;D17;D19,YES,HIGH,phoenix/shared-model-serving,REPRO_BUILD_REVIEW,NO,NO,NO,NO,NO,NO,NO,NO,YES,YES,NO,NO,25,670
phoenix/crates/serving/xai-recsys-engine/src/adler32.rs,phoenix,D05,D03;D16,D05;D03;D16,YES,HIGH,phoenix/shared-model-serving,FULL_SOURCE_REVIEW,NO,NO,NO,NO,NO,NO,NO,NO,NO,NO,NO,NO,135,4208
phoenix/crates/serving/xai-recsys-engine/src/admission.rs,phoenix,D05,D03;D16,D05;D03;D16,YES,HIGH,phoenix/shared-model-serving,FULL_SOURCE_REVIEW,NO,NO,NO,NO,NO,YES,NO,NO,NO,NO,NO,NO,395,11743
phoenix/crates/serving/xai-recsys-engine/src/bin/checkpoint_server.rs,phoenix,D15,D16,D15;D16,YES,HIGH,phoenix/training-eval,FULL_SOURCE_REVIEW,NO,NO,NO,NO,NO,NO,NO,NO,NO,NO,NO,NO,225,6730
phoenix/crates/serving/xai-recsys-engine/src/checkpoint_proxy.rs,phoenix,D15,D16,D15;D16,YES,HIGH,phoenix/training-eval,FULL_SOURCE_REVIEW,NO,NO,NO,NO,NO,NO,NO,NO,NO,NO,NO,NO,754,23771
phoenix/crates/serving/xai-recsys-engine/src/checkpoint_proxy_metrics.rs,phoenix,D15,D16;D18,D15;D16;D18,YES,HIGH,phoenix/training-eval,FULL_SOURCE_REVIEW,NO,NO,NO,NO,NO,NO,NO,NO,NO,NO,NO,NO,66,2646
phoenix/crates/serving/xai-recsys-engine/src/checkpoint_store.rs,phoenix,D15,D16,D15;D16,YES,HIGH,phoenix/training-eval,FULL_SOURCE_REVIEW,NO,NO,NO,NO,NO,NO,NO,NO,NO,NO,NO,NO,331,11425
phoenix/crates/serving/xai-recsys-engine/src/const.rs,phoenix,D05,D03;D16,D05;D03;D16,YES,HIGH,phoenix/shared-model-serving,FULL_SOURCE_REVIEW,NO,NO,NO,NO,NO,NO,NO,NO,NO,NO,NO,NO,7,243
phoenix/crates/serving/xai-recsys-engine/src/copy.rs,phoenix,D05,D03;D16,D05;D03;D16,YES,HIGH,phoenix/shared-model-serving,FULL_SOURCE_REVIEW,NO,NO,NO,NO,NO,NO,NO,NO,NO,NO,NO,NO,979,33311
phoenix/crates/serving/xai-recsys-engine/src/copy_manifest.rs,phoenix,D05,D03;D16,D05;D03;D16,YES,HIGH,phoenix/shared-model-serving,FULL_SOURCE_REVIEW,NO,NO,NO,NO,NO,YES,NO,NO,NO,NO,NO,NO,761,23697
phoenix/crates/serving/xai-recsys-engine/src/copy_port_client.rs,phoenix,D05,D03;D16,D05;D03;D16,YES,HIGH,phoenix/shared-model-serving,FULL_SOURCE_REVIEW,NO,NO,NO,NO,NO,YES,NO,NO,NO,NO,NO,NO,1430,48574
phoenix/crates/serving/xai-recsys-engine/src/emb_table.rs,phoenix,D05,D03;D16,D05;D03;D16,YES,HIGH,phoenix/shared-model-serving,FULL_SOURCE_REVIEW,NO,NO,NO,NO,NO,YES,NO,NO,NO,NO,NO,NO,1580,58068
phoenix/crates/serving/xai-recsys-engine/src/grpc_compression.rs,phoenix,D05,D03;D16,D05;D03;D16,YES,HIGH,phoenix/shared-model-serving,FULL_SOURCE_REVIEW,NO,NO,NO,NO,NO,YES,NO,NO,NO,NO,NO,NO,197,6372
phoenix/crates/serving/xai-recsys-engine/src/grpc_util.rs,phoenix,D05,D03;D16,D05;D03;D16,YES,HIGH,phoenix/shared-model-serving,FULL_SOURCE_REVIEW,NO,NO,NO,NO,NO,YES,NO,NO,NO,NO,NO,NO,339,11202
phoenix/crates/serving/xai-recsys-engine/src/host_buffer.rs,phoenix,D05,D03;D16,D05;D03;D16,YES,HIGH,phoenix/shared-model-serving,FULL_SOURCE_REVIEW,NO,NO,NO,NO,NO,NO,NO,NO,NO,NO,NO,NO,231,5986
phoenix/crates/serving/xai-recsys-engine/src/ibverbs_util.rs,phoenix,D05,D03;D16,D05;D03;D16,YES,HIGH,phoenix/shared-model-serving,FULL_SOURCE_REVIEW,NO,NO,NO,NO,NO,NO,NO,NO,NO,NO,NO,NO,143,4781
phoenix/crates/serving/xai-recsys-engine/src/lib.rs,phoenix,D05,D03;D16,D05;D03;D16,YES,HIGH,phoenix/shared-model-serving,FULL_SOURCE_REVIEW,NO,NO,NO,NO,NO,NO,NO,NO,NO,NO,NO,NO,31,693
phoenix/crates/serving/xai-recsys-engine/src/mem_util.rs,phoenix,D05,D03;D16,D05;D03;D16,YES,HIGH,phoenix/shared-model-serving,FULL_SOURCE_REVIEW,NO,NO,NO,NO,NO,NO,NO,NO,NO,NO,NO,NO,236,6754
phoenix/crates/serving/xai-recsys-engine/src/multimodal_retrieval.rs,phoenix,D03,D16,D03;D16,YES,HIGH,phoenix/retrieval-explicit,FULL_SOURCE_REVIEW,NO,NO,NO,NO,NO,NO,NO,NO,NO,NO,NO,NO,209,6735
phoenix/crates/serving/xai-recsys-engine/src/proto_parser.rs,phoenix,D05,D03;D16,D05;D03;D16,YES,HIGH,phoenix/shared-model-serving,FULL_SOURCE_REVIEW,NO,NO,NO,NO,NO,NO,NO,NO,NO,NO,NO,NO,553,18528
phoenix/crates/serving/xai-recsys-engine/src/python.rs,phoenix,D05,D03;D16,D05;D03;D16,YES,HIGH,phoenix/shared-model-serving,FULL_SOURCE_REVIEW,NO,NO,NO,NO,NO,NO,NO,NO,NO,NO,NO,NO,3765,152189
phoenix/crates/serving/xai-recsys-engine/src/request_metrics.rs,phoenix,D05,D03;D16;D18,D05;D03;D16;D18,YES,HIGH,phoenix/shared-model-serving,FULL_SOURCE_REVIEW,NO,NO,NO,NO,NO,YES,NO,NO,NO,NO,NO,NO,762,27278
phoenix/crates/serving/xai-recsys-engine/src/request_queue.rs,phoenix,D05,D03;D16,D05;D03;D16,YES,HIGH,phoenix/shared-model-serving,FULL_SOURCE_REVIEW,NO,NO,NO,NO,NO,NO,NO,NO,NO,NO,NO,NO,131,4046
phoenix/crates/serving/xai-recsys-engine/src/sid_client.rs,phoenix,D03,D16,D03;D16,YES,HIGH,phoenix/retrieval-explicit,FULL_SOURCE_REVIEW,NO,NO,NO,NO,NO,NO,NO,NO,NO,NO,NO,NO,144,4859
phoenix/crates/serving/xai-recsys-engine/src/storage_util.rs,phoenix,D05,D03;D16,D05;D03;D16,YES,HIGH,phoenix/shared-model-serving,FULL_SOURCE_REVIEW,NO,NO,NO,NO,NO,NO,NO,NO,NO,NO,NO,NO,2073,71056
phoenix/crates/serving/xai-recsys-engine/src/tls.rs,phoenix,D05,D03;D16,D05;D03;D16,YES,HIGH,phoenix/shared-model-serving,FULL_SOURCE_REVIEW,NO,NO,NO,NO,NO,YES,NO,NO,NO,NO,NO,NO,220,7503
phoenix/crates/serving/xai-recsys-engine/src/util.rs,phoenix,D05,D03;D16,D05;D03;D16,YES,HIGH,phoenix/shared-model-serving,FULL_SOURCE_REVIEW,NO,NO,NO,NO,NO,NO,NO,NO,NO,NO,NO,NO,482,20686
phoenix/crates/serving/xai-recsys-engine/xai_recsys_engine.pyi,phoenix,D05,D03;D16,D05;D03;D16,YES,HIGH,phoenix/shared-model-serving,FULL_SOURCE_REVIEW,NO,NO,NO,NO,NO,NO,NO,NO,NO,NO,NO,NO,499,20251
phoenix/crates/serving/xai-recsys-mm-server/Cargo.toml,phoenix,D05,D03;D16;D17;D19,D05;D03;D16;D17;D19,YES,HIGH,phoenix/shared-model-serving,REPRO_BUILD_REVIEW,NO,NO,NO,NO,NO,NO,NO,NO,YES,YES,NO,NO,32,883
phoenix/crates/serving/xai-recsys-mm-server/src/embedding_cache.rs,phoenix,D05,D03;D16,D05;D03;D16,YES,HIGH,phoenix/shared-model-serving,FULL_SOURCE_REVIEW,NO,NO,NO,NO,NO,YES,NO,NO,NO,NO,NO,NO,640,20579
phoenix/crates/serving/xai-recsys-mm-server/src/events.rs,phoenix,D05,D03;D16,D05;D03;D16,YES,HIGH,phoenix/shared-model-serving,BOUNDARY_TRACE_GENERATED,NO,NO,NO,YES,NO,NO,NO,NO,NO,NO,NO,NO,912,32580
phoenix/crates/serving/xai-recsys-mm-server/src/lib.rs,phoenix,D05,D03;D16,D05;D03;D16,YES,HIGH,phoenix/shared-model-serving,FULL_SOURCE_REVIEW,NO,NO,NO,NO,NO,NO,NO,NO,NO,NO,NO,NO,12,272
phoenix/crates/serving/xai-recsys-mm-server/src/mm_embedding_client.rs,phoenix,D05,D03;D16,D05;D03;D16,YES,HIGH,phoenix/shared-model-serving,FULL_SOURCE_REVIEW,NO,NO,NO,NO,NO,YES,NO,NO,NO,NO,NO,NO,436,15221
phoenix/crates/serving/xai-recsys-mm-server/src/mm_embedding_fetcher.rs,phoenix,D05,D03;D16,D05;D03;D16,YES,HIGH,phoenix/shared-model-serving,FULL_SOURCE_REVIEW,NO,NO,NO,NO,NO,NO,NO,NO,NO,NO,NO,NO,227,7956
phoenix/crates/serving/xai-recsys-mm-server/src/o2.rs,phoenix,D05,D03;D16,D05;D03;D16,YES,HIGH,phoenix/shared-model-serving,FULL_SOURCE_REVIEW,NO,NO,NO,NO,NO,NO,NO,NO,NO,NO,NO,NO,253,8736
phoenix/crates/serving/xai-recsys-mm-server/src/python.rs,phoenix,D05,D03;D16,D05;D03;D16,YES,HIGH,phoenix/shared-model-serving,FULL_SOURCE_REVIEW,NO,NO,NO,NO,NO,NO,NO,NO,NO,NO,NO,NO,112,3750
phoenix/crates/serving/xai-recsys-mm-server/src/snapshot.rs,phoenix,D05,D03;D16,D05;D03;D16,YES,HIGH,phoenix/shared-model-serving,FULL_SOURCE_REVIEW,NO,NO,NO,NO,NO,YES,NO,NO,NO,NO,NO,NO,637,20742
phoenix/crates/serving/xai-recsys-mm-server/src/snowflake.rs,phoenix,D05,D03;D16,D05;D03;D16,YES,HIGH,phoenix/shared-model-serving,FULL_SOURCE_REVIEW,NO,NO,NO,NO,NO,NO,NO,NO,NO,NO,NO,NO,19,568
phoenix/crates/serving/xai-recsys-proto/Cargo.toml,phoenix,D05,D03;D16;D17;D19,D05;D03;D16;D17;D19,YES,HIGH,phoenix/shared-model-serving,REPRO_BUILD_REVIEW,NO,NO,NO,NO,NO,NO,NO,NO,YES,YES,NO,NO,18,378
phoenix/crates/serving/xai-recsys-proto/build.rs,phoenix,D05,D03;D16;D19,D05;D03;D16;D19,YES,HIGH,phoenix/shared-model-serving,REPRO_BUILD_REVIEW,NO,NO,NO,NO,NO,NO,NO,NO,NO,YES,NO,NO,88,2307
phoenix/crates/serving/xai-recsys-proto/proto/recsys.proto,phoenix,D05,D03;D16,D05;D03;D16,YES,HIGH,phoenix/shared-model-serving,FULL_SOURCE_REVIEW,NO,NO,NO,NO,NO,NO,YES,NO,NO,NO,NO,NO,1740,41513
phoenix/crates/serving/xai-recsys-proto/proto/recsys_features.proto,phoenix,D05,D03;D16,D05;D03;D16,YES,HIGH,phoenix/shared-model-serving,FULL_SOURCE_REVIEW,NO,NO,NO,NO,NO,NO,YES,NO,NO,NO,NO,NO,15,376
phoenix/crates/serving/xai-recsys-proto/proto/served_feed.proto,phoenix,D05,D03;D16,D05;D03;D16,YES,HIGH,phoenix/shared-model-serving,FULL_SOURCE_REVIEW,NO,NO,NO,NO,NO,NO,YES,NO,NO,NO,NO,NO,23,466
phoenix/crates/serving/xai-recsys-proto/src/grok_topics.rs,phoenix,D05,D03;D16,D05;D03;D16,YES,HIGH,phoenix/shared-model-serving,FULL_SOURCE_REVIEW,NO,NO,NO,NO,NO,NO,NO,NO,NO,NO,NO,NO,178,6450
phoenix/crates/serving/xai-recsys-proto/src/installed_apps.rs,phoenix,D05,D03;D16,D05;D03;D16,YES,HIGH,phoenix/shared-model-serving,FULL_SOURCE_REVIEW,NO,NO,NO,NO,NO,YES,NO,NO,NO,NO,NO,NO,229,7191
phoenix/crates/serving/xai-recsys-proto/src/lib.rs,phoenix,D05,D03;D16,D05;D03;D16,YES,HIGH,phoenix/shared-model-serving,FULL_SOURCE_REVIEW,NO,NO,NO,NO,NO,YES,NO,NO,NO,NO,NO,NO,149,6878
phoenix/crates/serving/xai-recsys-proto/src/starter_packs.rs,phoenix,D05,D03;D16,D05;D03;D16,YES,HIGH,phoenix/shared-model-serving,FULL_SOURCE_REVIEW,NO,NO,NO,NO,NO,NO,NO,NO,NO,NO,NO,NO,56,2185
phoenix/crates/serving/xai-recsys-server/Cargo.toml,phoenix,D05,D03;D16;D17;D19,D05;D03;D16;D17;D19,YES,HIGH,phoenix/shared-model-serving,REPRO_BUILD_REVIEW,NO,NO,NO,NO,NO,NO,NO,NO,YES,YES,NO,NO,27,686
phoenix/crates/serving/xai-recsys-server/src/lib.rs,phoenix,D05,D03;D16,D05;D03;D16,YES,HIGH,phoenix/shared-model-serving,FULL_SOURCE_REVIEW,NO,NO,NO,NO,NO,NO,NO,NO,NO,NO,NO,NO,806,25938
phoenix/crates/serving/xai-recsys-server/src/load_gauge.rs,phoenix,D05,D03;D16,D05;D03;D16,YES,HIGH,phoenix/shared-model-serving,FULL_SOURCE_REVIEW,NO,NO,NO,NO,NO,NO,NO,NO,NO,NO,NO,NO,40,854
phoenix/crates/serving/xai-recsys-server/src/readyz.rs,phoenix,D05,D03;D16,D05;D03;D16,YES,HIGH,phoenix/shared-model-serving,FULL_SOURCE_REVIEW,NO,NO,NO,NO,NO,YES,NO,NO,NO,NO,NO,NO,210,6472
phoenix/crates/serving/xai-recsys-sid-proto/Cargo.toml,phoenix,D03,D16;D17;D19,D03;D16;D17;D19,YES,HIGH,phoenix/retrieval-explicit,REPRO_BUILD_REVIEW,NO,NO,NO,NO,NO,NO,NO,NO,YES,YES,NO,NO,17,347
phoenix/crates/serving/xai-recsys-sid-proto/build.rs,phoenix,D03,D16;D19,D03;D16;D19,YES,HIGH,phoenix/retrieval-explicit,REPRO_BUILD_REVIEW,NO,NO,NO,NO,NO,NO,NO,NO,NO,YES,NO,NO,6,201
phoenix/crates/serving/xai-recsys-sid-proto/proto/sid_lookup.proto,phoenix,D03,D16,D03;D16,YES,HIGH,phoenix/retrieval-explicit,FULL_SOURCE_REVIEW,NO,NO,NO,NO,NO,NO,YES,NO,NO,NO,NO,NO,21,381
phoenix/crates/serving/xai-recsys-sid-proto/src/lib.rs,phoenix,D03,D16,D03;D16,YES,HIGH,phoenix/retrieval-explicit,FULL_SOURCE_REVIEW,NO,NO,NO,NO,NO,NO,NO,NO,NO,NO,NO,NO,3,105
phoenix/pyproject.toml,phoenix,D16,D15;D03;D05;D17;D19,D16;D15;D03;D05;D17;D19,YES,HIGH,phoenix/fallback-cross-domain,REPRO_BUILD_REVIEW,NO,NO,NO,NO,NO,NO,NO,NO,YES,YES,NO,NO,90,2259
phoenix/python/common/xai-configlib/pyproject.toml,phoenix,D17,D15;D03;D05;D19,D17;D15;D03;D05;D19,YES,HIGH,phoenix/config,REPRO_BUILD_REVIEW,NO,NO,NO,NO,NO,YES,NO,NO,YES,YES,NO,NO,18,323
phoenix/python/common/xai-configlib/src/xai_configlib/__init__.py,phoenix,D17,D15;D03;D05,D17;D15;D03;D05,YES,HIGH,phoenix/config,FULL_SOURCE_REVIEW,NO,NO,NO,NO,NO,NO,NO,NO,NO,NO,NO,NO,633,21370
phoenix/python/common/xai-configlib/src/xai_configlib/py.typed,phoenix,D17,D15;D03;D05,D17;D15;D03;D05,YES,HIGH,phoenix/config,FULL_SOURCE_REVIEW,NO,NO,NO,NO,NO,NO,NO,NO,NO,NO,NO,NO,0,0
phoenix/python/common/xai-gimmick/pyproject.toml,phoenix,D16,D03;D05;D15;D17;D19,D16;D03;D05;D15;D17;D19,YES,HIGH,phoenix/common-infra,REPRO_BUILD_REVIEW,NO,NO,NO,NO,NO,YES,NO,NO,YES,YES,NO,NO,16,286
phoenix/python/common/xai-gimmick/src/xai_gimmick/__init__.py,phoenix,D16,D03;D05;D15,D16;D03;D05;D15,YES,HIGH,phoenix/common-infra,FULL_SOURCE_REVIEW,NO,NO,NO,NO,NO,NO,NO,NO,NO,NO,NO,NO,33,948
phoenix/python/common/xai-proto/backend_proxy.py,phoenix,D16,D03;D05;D15,D16;D03;D05;D15,YES,HIGH,phoenix/common-infra,FULL_SOURCE_REVIEW,NO,NO,NO,NO,NO,NO,NO,NO,NO,NO,NO,NO,29,1072
phoenix/python/common/xai-proto/hatch_build.py,phoenix,D16,D03;D05;D15,D16;D03;D05;D15,YES,HIGH,phoenix/common-infra,FULL_SOURCE_REVIEW,NO,NO,NO,NO,NO,NO,NO,NO,NO,NO,NO,NO,72,1889
phoenix/python/common/xai-proto/proto/copy.proto,phoenix,D16,D03;D05;D15,D16;D03;D05;D15,YES,HIGH,phoenix/common-infra,FULL_SOURCE_REVIEW,NO,NO,NO,NO,NO,NO,YES,NO,NO,NO,NO,NO,19,313
phoenix/python/common/xai-proto/proto/recsys.proto,phoenix,D16,D03;D05;D15,D16;D03;D05;D15,YES,HIGH,phoenix/common-infra,FULL_SOURCE_REVIEW,NO,NO,NO,NO,NO,NO,YES,NO,NO,NO,NO,NO,1740,41513
phoenix/python/common/xai-proto/proto/recsys_kafka.proto,phoenix,D16,D03;D05;D15,D16;D03;D05;D15,YES,HIGH,phoenix/common-infra,FULL_SOURCE_REVIEW,NO,NO,NO,NO,NO,NO,YES,NO,NO,NO,NO,NO,75,1615
phoenix/python/common/xai-proto/pyproject.toml,phoenix,D16,D03;D05;D15;D17;D19,D16;D03;D05;D15;D17;D19,YES,HIGH,phoenix/common-infra,REPRO_BUILD_REVIEW,NO,NO,NO,NO,NO,NO,NO,NO,YES,YES,NO,NO,22,521
phoenix/python/common/xai-proto/xai_proto/__init__.py,phoenix,D16,D03;D05;D15,D16;D03;D05;D15,YES,HIGH,phoenix/common-infra,FULL_SOURCE_REVIEW,NO,NO,NO,NO,NO,NO,NO,NO,NO,NO,NO,NO,2,66
phoenix/python/training/xai-checkpointing/pyproject.toml,phoenix,D15,D16;D17;D19,D15;D16;D17;D19,YES,HIGH,phoenix/training-eval,REPRO_BUILD_REVIEW,NO,NO,NO,NO,NO,NO,NO,NO,YES,YES,NO,NO,17,340
phoenix/python/training/xai-checkpointing/xai_checkpointing/__init__.py,phoenix,D15,D16,D15;D16,YES,HIGH,phoenix/training-eval,FULL_SOURCE_REVIEW,NO,NO,NO,NO,NO,NO,NO,NO,NO,NO,NO,NO,2,66
phoenix/python/training/xai-checkpointing/xai_checkpointing/adler32_zlib.py,phoenix,D15,D16,D15;D16,YES,HIGH,phoenix/training-eval,FULL_SOURCE_REVIEW,NO,NO,NO,NO,NO,NO,NO,NO,NO,NO,NO,NO,27,757
phoenix/python/training/xai-checkpointing/xai_checkpointing/checksum.py,phoenix,D15,D16,D15;D16,YES,HIGH,phoenix/training-eval,FULL_SOURCE_REVIEW,NO,NO,NO,NO,NO,NO,NO,NO,NO,NO,NO,NO,465,15134
phoenix/python/training/xai-checkpointing/xai_checkpointing/common.py,phoenix,D15,D16,D15;D16,YES,HIGH,phoenix/training-eval,FULL_SOURCE_REVIEW,NO,NO,NO,NO,NO,NO,NO,NO,NO,NO,NO,NO,87,2570
phoenix/python/training/xai-checkpointing/xai_checkpointing/fix_jax.py,phoenix,D15,D16,D15;D16,YES,HIGH,phoenix/training-eval,FULL_SOURCE_REVIEW,NO,NO,NO,NO,NO,NO,NO,NO,NO,NO,NO,NO,20,589
phoenix/python/training/xai-checkpointing/xai_checkpointing/load.py,phoenix,D15,D16,D15;D16,YES,HIGH,phoenix/training-eval,FULL_SOURCE_REVIEW,NO,NO,NO,NO,NO,NO,NO,NO,NO,NO,NO,NO,195,6768
phoenix/python/training/xai-checkpointing/xai_checkpointing/tree_util.py,phoenix,D15,D16,D15;D16,YES,HIGH,phoenix/training-eval,FULL_SOURCE_REVIEW,NO,NO,NO,NO,NO,NO,NO,NO,NO,NO,NO,NO,86,2620
phoenix/reference/README.md,phoenix,D19,D15;D03;D05,D19;D15;D03;D05,YES,HIGH,phoenix/reference,DOC_CONTEXT_VERIFY_AGAINST_CODE,NO,NO,YES,NO,NO,NO,NO,YES,NO,NO,NO,NO,193,12213
phoenix/reference/_sid_proto/sid_lookup_pb2.py,phoenix,D03,D16;D19,D03;D16;D19,YES,HIGH,phoenix/retrieval-explicit,BOUNDARY_TRACE_GENERATED,NO,NO,YES,YES,NO,NO,NO,NO,NO,NO,NO,NO,32,1665
phoenix/reference/_sid_proto/sid_lookup_pb2_grpc.py,phoenix,D03,D16;D19,D03;D16;D19,YES,HIGH,phoenix/retrieval-explicit,BOUNDARY_TRACE_GENERATED,NO,NO,YES,YES,NO,NO,NO,NO,NO,NO,NO,NO,89,2963
phoenix/reference/dump_gen.py,phoenix,D19,D15;D03;D05,D19;D15;D03;D05,YES,HIGH,phoenix/reference,EXAMPLE_REFERENCE_REVIEW,NO,NO,YES,NO,NO,NO,NO,NO,NO,NO,NO,NO,735,33438
phoenix/reference/example_data/example_posts.py,phoenix,D19,D15;D03;D05,D19;D15;D03;D05,YES,HIGH,phoenix/reference,EXAMPLE_REFERENCE_REVIEW,NO,NO,YES,NO,NO,NO,NO,NO,NO,NO,NO,NO,117,3538
phoenix/reference/gen_recs_artifacts_gen.py,phoenix,D05,D16;D19,D05;D16;D19,YES,HIGH,phoenix/ranking-explicit,EXAMPLE_REFERENCE_REVIEW,NO,NO,YES,NO,NO,NO,NO,NO,NO,NO,NO,NO,221,8536
phoenix/reference/mm_encoder.py,phoenix,D19,D15;D03;D05,D19;D15;D03;D05,YES,HIGH,phoenix/reference,EXAMPLE_REFERENCE_REVIEW,NO,NO,YES,NO,NO,NO,NO,NO,NO,NO,NO,NO,534,17071
phoenix/reference/mm_snapshot_gen.py,phoenix,D19,D15;D03;D05,D19;D15;D03;D05,YES,HIGH,phoenix/reference,EXAMPLE_REFERENCE_REVIEW,NO,NO,YES,NO,NO,NO,NO,NO,NO,NO,NO,NO,234,9007
phoenix/reference/oss_recsys_synth.py,phoenix,D19,D15;D03;D05,D19;D15;D03;D05,YES,HIGH,phoenix/reference,EXAMPLE_REFERENCE_REVIEW,NO,NO,YES,NO,NO,NO,NO,NO,NO,NO,NO,NO,104,3558
phoenix/reference/repack_checkpoint.py,phoenix,D15,D16;D19,D15;D16;D19,YES,HIGH,phoenix/training-eval,EXAMPLE_REFERENCE_REVIEW,NO,NO,YES,NO,NO,NO,NO,NO,NO,NO,NO,NO,245,8050
phoenix/reference/retrieve_then_rank.py,phoenix,D19,D15;D03;D05,D19;D15;D03;D05,YES,HIGH,phoenix/reference,EXAMPLE_REFERENCE_REVIEW,NO,NO,YES,NO,NO,NO,NO,NO,NO,NO,NO,NO,180,6793
phoenix/reference/sid_assign.py,phoenix,D03,D16;D19,D03;D16;D19,YES,HIGH,phoenix/retrieval-explicit,EXAMPLE_REFERENCE_REVIEW,NO,NO,YES,NO,NO,NO,NO,NO,NO,NO,NO,NO,120,3544
phoenix/reference/sid_codebook.py,phoenix,D03,D16;D19,D03;D16;D19,YES,HIGH,phoenix/retrieval-explicit,EXAMPLE_REFERENCE_REVIEW,NO,NO,YES,NO,NO,NO,NO,NO,NO,NO,NO,NO,864,28989
phoenix/reference/sid_index_server.py,phoenix,D03,D16;D19,D03;D16;D19,YES,HIGH,phoenix/retrieval-explicit,EXAMPLE_REFERENCE_REVIEW,NO,NO,YES,NO,NO,NO,NO,NO,NO,NO,NO,NO,110,3643
phoenix/reference/sid_io.py,phoenix,D03,D16;D19,D03;D16;D19,YES,HIGH,phoenix/retrieval-explicit,EXAMPLE_REFERENCE_REVIEW,NO,NO,YES,NO,NO,NO,NO,NO,NO,NO,NO,NO,235,8016
phoenix/reference/sid_mock_server.py,phoenix,D03,D16;D19,D03;D16;D19,YES,HIGH,phoenix/retrieval-explicit,FIXTURE_EVIDENCE,NO,YES,YES,NO,NO,NO,NO,NO,NO,NO,NO,NO,87,2789
phoenix/reference/sid_snapshot_gen.py,phoenix,D03,D16;D19,D03;D16;D19,YES,HIGH,phoenix/retrieval-explicit,EXAMPLE_REFERENCE_REVIEW,NO,NO,YES,NO,NO,NO,NO,NO,NO,NO,NO,NO,174,6371
phoenix/reference/train_step.py,phoenix,D15,D16;D19,D15;D16;D19,YES,HIGH,phoenix/training-eval,EXAMPLE_REFERENCE_REVIEW,NO,NO,YES,NO,NO,NO,NO,NO,NO,NO,NO,NO,149,5318
phoenix/reference/train_synth.py,phoenix,D15,D16;D19,D15;D16;D19,YES,HIGH,phoenix/training-eval,EXAMPLE_REFERENCE_REVIEW,NO,NO,YES,NO,NO,NO,NO,NO,NO,NO,NO,NO,165,5275
phoenix/reference/world.py,phoenix,D19,D15;D03;D05,D19;D15;D03;D05,YES,HIGH,phoenix/reference,EXAMPLE_REFERENCE_REVIEW,NO,NO,YES,NO,NO,NO,NO,NO,NO,NO,NO,NO,670,25426
phoenix/reference/world_snapshots.py,phoenix,D19,D15;D03;D05,D19;D15;D03;D05,YES,HIGH,phoenix/reference,EXAMPLE_REFERENCE_REVIEW,NO,NO,YES,NO,NO,NO,NO,NO,NO,NO,NO,NO,320,10860
phoenix/xrex/__init__.py,phoenix,D16,D15;D03;D05,D16;D15;D03;D05,YES,HIGH,phoenix/fallback-cross-domain,FULL_SOURCE_REVIEW,NO,NO,NO,NO,NO,NO,NO,NO,NO,NO,NO,NO,2,66
phoenix/xrex/configs/__init__.py,phoenix,D17,D15;D03;D05,D17;D15;D03;D05,YES,HIGH,phoenix/config,FULL_SOURCE_REVIEW,NO,NO,NO,NO,NO,NO,NO,NO,YES,NO,NO,NO,2,66
phoenix/xrex/configs/config.py,phoenix,D17,D15;D03;D05,D17;D15;D03;D05,YES,HIGH,phoenix/config,FULL_SOURCE_REVIEW,NO,NO,NO,NO,NO,NO,NO,NO,YES,NO,NO,NO,31,732
phoenix/xrex/configs/config_loader.py,phoenix,D17,D15;D03;D05,D17;D15;D03;D05,YES,HIGH,phoenix/config,FULL_SOURCE_REVIEW,NO,NO,NO,NO,NO,NO,NO,NO,YES,NO,NO,NO,114,3354
phoenix/xrex/configs/config_registry.py,phoenix,D17,D15;D03;D05,D17;D15;D03;D05,YES,HIGH,phoenix/config,FULL_SOURCE_REVIEW,NO,NO,NO,NO,NO,NO,NO,NO,YES,NO,NO,NO,26,1056
phoenix/xrex/configs/data_feeds.py,phoenix,D17,D15;D03;D05,D17;D15;D03;D05,YES,HIGH,phoenix/config,FULL_SOURCE_REVIEW,NO,NO,NO,NO,NO,NO,NO,NO,YES,NO,NO,NO,423,16772
phoenix/xrex/configs/xrecsys.py,phoenix,D17,D15;D03;D05,D17;D15;D03;D05,YES,HIGH,phoenix/config,FULL_SOURCE_REVIEW,NO,NO,NO,NO,NO,NO,NO,NO,YES,NO,NO,NO,741,30334
phoenix/xrex/configs/xrecsys_gen_recs.py,phoenix,D05,D16;D17,D05;D16;D17,YES,HIGH,phoenix/ranking-explicit,FULL_SOURCE_REVIEW,NO,NO,NO,NO,NO,NO,NO,NO,YES,NO,NO,NO,333,12624
phoenix/xrex/configs/xrecsys_sid_retrieval.py,phoenix,D03,D16;D17,D03;D16;D17,YES,HIGH,phoenix/retrieval-explicit,FULL_SOURCE_REVIEW,NO,NO,NO,NO,NO,NO,NO,NO,YES,NO,NO,NO,262,8999
phoenix/xrex/configs/xrecsys_sid_variants.py,phoenix,D03,D16;D17,D03;D16;D17,YES,HIGH,phoenix/retrieval-explicit,FULL_SOURCE_REVIEW,NO,NO,NO,NO,NO,NO,NO,NO,YES,NO,NO,NO,20,666
phoenix/xrex/configs/xrecsys_two_tower.py,phoenix,D03,D16;D17,D03;D16;D17,YES,HIGH,phoenix/retrieval-explicit,FULL_SOURCE_REVIEW,NO,NO,NO,NO,NO,NO,NO,NO,YES,NO,NO,NO,752,30995
phoenix/xrex/configs/xrecsys_two_tower_evals.py,phoenix,D03,D16;D17,D03;D16;D17,YES,HIGH,phoenix/retrieval-explicit,FULL_SOURCE_REVIEW,NO,NO,NO,NO,NO,NO,NO,NO,YES,NO,NO,NO,91,3451
phoenix/xrex/cuda/__init__.py,phoenix,D16,D15;D05,D16;D15;D05,YES,HIGH,phoenix/compute-infra,FULL_SOURCE_REVIEW,NO,NO,NO,NO,NO,NO,NO,NO,NO,NO,NO,NO,40,2193
phoenix/xrex/cuda/adler32/__init__.py,phoenix,D16,D15;D05,D16;D15;D05,YES,HIGH,phoenix/compute-infra,FULL_SOURCE_REVIEW,NO,NO,NO,NO,NO,NO,NO,NO,NO,NO,NO,NO,53,1310
phoenix/xrex/cuda/adler32/src/adler32_api.cc,phoenix,D16,D15;D05,D16;D15;D05,YES,HIGH,phoenix/compute-infra,FULL_SOURCE_REVIEW,NO,NO,NO,NO,NO,NO,NO,NO,NO,NO,NO,NO,62,1791
phoenix/xrex/cuda/adler32/src/adler32_api.cu,phoenix,D16,D15;D05,D16;D15;D05,YES,HIGH,phoenix/compute-infra,FULL_SOURCE_REVIEW,NO,NO,NO,NO,NO,NO,NO,NO,NO,NO,NO,NO,155,5292
phoenix/xrex/cuda/adler32/src/adler32_api.h,phoenix,D16,D15;D05,D16;D15;D05,YES,HIGH,phoenix/compute-infra,FULL_SOURCE_REVIEW,NO,NO,NO,NO,NO,NO,NO,NO,NO,NO,NO,NO,32,733
phoenix/xrex/cuda/adler32/src/adler32_cpu.cc,phoenix,D16,D15;D05,D16;D15;D05,YES,HIGH,phoenix/compute-infra,FULL_SOURCE_REVIEW,NO,NO,NO,NO,NO,NO,NO,NO,NO,NO,NO,NO,42,1091
phoenix/xrex/cuda/adler32/src/adler32_kernel.cuh,phoenix,D16,D15;D05,D16;D15;D05,YES,HIGH,phoenix/compute-infra,FULL_SOURCE_REVIEW,NO,NO,NO,NO,NO,NO,NO,NO,NO,NO,NO,NO,223,5892
phoenix/xrex/cuda/async_emb/__init__.py,phoenix,D16,D15;D05,D16;D15;D05,YES,HIGH,phoenix/compute-infra,FULL_SOURCE_REVIEW,NO,NO,NO,NO,NO,NO,NO,NO,NO,NO,NO,NO,2,66
phoenix/xrex/cuda/async_emb/async_emb.py,phoenix,D16,D15;D05,D16;D15;D05,YES,HIGH,phoenix/compute-infra,FULL_SOURCE_REVIEW,NO,NO,NO,NO,NO,NO,NO,NO,NO,NO,NO,NO,232,8136
phoenix/xrex/cuda/async_emb/comm_utils.py,phoenix,D16,D15;D05,D16;D15;D05,YES,HIGH,phoenix/compute-infra,FULL_SOURCE_REVIEW,NO,NO,NO,NO,NO,NO,NO,NO,NO,NO,NO,NO,47,1383
phoenix/xrex/cuda/async_emb/src/async_emb_api.cc,phoenix,D16,D15;D05,D16;D15;D05,YES,HIGH,phoenix/compute-infra,FULL_SOURCE_REVIEW,NO,NO,NO,NO,NO,NO,NO,NO,NO,NO,NO,NO,633,21577
phoenix/xrex/cuda/async_emb/src/async_emb_comm.cc,phoenix,D16,D15;D05,D16;D15;D05,YES,HIGH,phoenix/compute-infra,FULL_SOURCE_REVIEW,NO,NO,NO,NO,NO,NO,NO,NO,NO,NO,NO,NO,812,26364
phoenix/xrex/cuda/async_emb/src/async_emb_comm.hpp,phoenix,D16,D15;D05,D16;D15;D05,YES,HIGH,phoenix/compute-infra,FULL_SOURCE_REVIEW,NO,NO,NO,NO,NO,NO,NO,NO,NO,NO,NO,NO,210,5321
phoenix/xrex/cuda/async_emb/src/async_emb_kernel.cu,phoenix,D16,D15;D05,D16;D15;D05,YES,HIGH,phoenix/compute-infra,FULL_SOURCE_REVIEW,NO,NO,NO,NO,NO,NO,NO,NO,NO,NO,NO,NO,381,12889
phoenix/xrex/cuda/async_emb/src/async_emb_kernel.hpp,phoenix,D16,D15;D05,D16;D15;D05,YES,HIGH,phoenix/compute-infra,FULL_SOURCE_REVIEW,NO,NO,NO,NO,NO,NO,NO,NO,NO,NO,NO,NO,78,1541
phoenix/xrex/cuda/async_emb/src/comm_utils.cc,phoenix,D16,D15;D05,D16;D15;D05,YES,HIGH,phoenix/compute-infra,FULL_SOURCE_REVIEW,NO,NO,NO,NO,NO,NO,NO,NO,NO,NO,NO,NO,146,5122
phoenix/xrex/cuda/async_emb/src/comm_utils.h,phoenix,D16,D15;D05,D16;D15;D05,YES,HIGH,phoenix/compute-infra,FULL_SOURCE_REVIEW,NO,NO,NO,NO,NO,NO,NO,NO,NO,NO,NO,NO,57,1392
phoenix/xrex/cuda/async_emb/src/cuda_error_utils.hpp,phoenix,D16,D15;D05,D16;D15;D05,YES,HIGH,phoenix/compute-infra,FULL_SOURCE_REVIEW,NO,NO,NO,NO,NO,NO,NO,NO,NO,NO,NO,NO,68,3904
phoenix/xrex/cuda/top_k_by_key/__init__.py,phoenix,D16,D15;D05,D16;D15;D05,YES,HIGH,phoenix/compute-infra,FULL_SOURCE_REVIEW,NO,NO,NO,NO,NO,NO,NO,NO,NO,NO,NO,NO,78,2426
phoenix/xrex/cuda/top_k_by_key/src/top_k_by_key_api.cc,phoenix,D16,D15;D05,D16;D15;D05,YES,HIGH,phoenix/compute-infra,FULL_SOURCE_REVIEW,NO,NO,NO,NO,NO,NO,NO,NO,NO,NO,NO,NO,32,913
phoenix/xrex/cuda/top_k_by_key/src/top_k_by_key_async_api.cc,phoenix,D16,D15;D05,D16;D15;D05,YES,HIGH,phoenix/compute-infra,FULL_SOURCE_REVIEW,NO,NO,NO,NO,NO,NO,NO,NO,NO,NO,NO,NO,31,920
phoenix/xrex/cuda/top_k_by_key/src/top_k_by_key_async_kernel.cu,phoenix,D16,D15;D05,D16;D15;D05,YES,HIGH,phoenix/compute-infra,FULL_SOURCE_REVIEW,NO,NO,NO,NO,NO,NO,NO,NO,NO,NO,NO,NO,165,6358
phoenix/xrex/cuda/top_k_by_key/src/top_k_by_key_async_kernel.hpp,phoenix,D16,D15;D05,D16;D15;D05,YES,HIGH,phoenix/compute-infra,FULL_SOURCE_REVIEW,NO,NO,NO,NO,NO,NO,NO,NO,NO,NO,NO,NO,16,389
phoenix/xrex/cuda/top_k_by_key/src/top_k_by_key_kernel.cu,phoenix,D16,D15;D05,D16;D15;D05,YES,HIGH,phoenix/compute-infra,FULL_SOURCE_REVIEW,NO,NO,NO,NO,NO,NO,NO,NO,NO,NO,NO,NO,152,5004
phoenix/xrex/cuda/top_k_by_key/src/top_k_by_key_kernel.hpp,phoenix,D16,D15;D05,D16;D15;D05,YES,HIGH,phoenix/compute-infra,FULL_SOURCE_REVIEW,NO,NO,NO,NO,NO,NO,NO,NO,NO,NO,NO,NO,17,417
phoenix/xrex/cuda/top_k_by_key/src/top_k_by_key_radix_select_api.cc,phoenix,D16,D15;D05,D16;D15;D05,YES,HIGH,phoenix/compute-infra,FULL_SOURCE_REVIEW,NO,NO,NO,NO,NO,NO,NO,NO,NO,NO,NO,NO,33,981
phoenix/xrex/cuda/top_k_by_key/src/top_k_by_key_radix_select_kernel.cu,phoenix,D16,D15;D05,D16;D15;D05,YES,HIGH,phoenix/compute-infra,FULL_SOURCE_REVIEW,NO,NO,NO,NO,NO,NO,NO,NO,NO,NO,NO,NO,389,12823
phoenix/xrex/cuda/top_k_by_key/src/top_k_by_key_radix_select_kernel.hpp,phoenix,D16,D15;D05,D16;D15;D05,YES,HIGH,phoenix/compute-infra,FULL_SOURCE_REVIEW,NO,NO,NO,NO,NO,NO,NO,NO,NO,NO,NO,NO,16,396
phoenix/xrex/cuda/unique/__init__.py,phoenix,D16,D15;D05,D16;D15;D05,YES,HIGH,phoenix/compute-infra,FULL_SOURCE_REVIEW,NO,NO,NO,NO,NO,NO,NO,NO,NO,NO,NO,NO,41,1432
phoenix/xrex/cuda/unique/src/unique_api.cc,phoenix,D16,D15;D05,D16;D15;D05,YES,HIGH,phoenix/compute-infra,FULL_SOURCE_REVIEW,NO,NO,NO,NO,NO,NO,NO,NO,NO,NO,NO,NO,36,1063
phoenix/xrex/cuda/unique/src/unique_kernel.cu,phoenix,D16,D15;D05,D16;D15;D05,YES,HIGH,phoenix/compute-infra,FULL_SOURCE_REVIEW,NO,NO,NO,NO,NO,NO,NO,NO,NO,NO,NO,NO,154,4862
phoenix/xrex/cuda/unique/src/unique_kernel.hpp,phoenix,D16,D15;D05,D16;D15;D05,YES,HIGH,phoenix/compute-infra,FULL_SOURCE_REVIEW,NO,NO,NO,NO,NO,NO,NO,NO,NO,NO,NO,NO,21,646
phoenix/xrex/cuda/xla_utils/cuda_error_utils.hpp,phoenix,D16,D15;D05,D16;D15;D05,YES,HIGH,phoenix/compute-infra,FULL_SOURCE_REVIEW,NO,NO,NO,NO,NO,NO,NO,NO,NO,NO,NO,NO,68,3904
phoenix/xrex/cuda/xla_utils/thrust_allocator.hpp,phoenix,D16,D15;D05,D16;D15;D05,YES,HIGH,phoenix/compute-infra,FULL_SOURCE_REVIEW,NO,NO,NO,NO,NO,NO,NO,NO,NO,NO,NO,NO,37,796
phoenix/xrex/cutedsl/__init__.py,phoenix,D16,D15;D05,D16;D15;D05,YES,HIGH,phoenix/compute-infra,FULL_SOURCE_REVIEW,NO,NO,NO,NO,NO,NO,NO,NO,NO,NO,NO,NO,2,66
phoenix/xrex/cutedsl/ranker_attention_fa4.py,phoenix,D05,D16,D05;D16,YES,HIGH,phoenix/ranking-explicit,FULL_SOURCE_REVIEW,NO,NO,NO,NO,NO,NO,NO,NO,NO,NO,NO,NO,393,13233
phoenix/xrex/cutedsl/ranker_attention_varlen_fa4.py,phoenix,D05,D16,D05;D16,YES,HIGH,phoenix/ranking-explicit,FULL_SOURCE_REVIEW,NO,NO,NO,NO,NO,NO,NO,NO,NO,NO,NO,NO,608,20322
phoenix/xrex/cutedsl/ranker_fa4/__init__.py,phoenix,D05,D16,D05;D16,YES,HIGH,phoenix/ranking-explicit,FULL_SOURCE_REVIEW,NO,NO,NO,NO,NO,NO,NO,NO,NO,NO,NO,NO,33,1779
phoenix/xrex/cutedsl/ranker_fa4/barrier.py,phoenix,D05,D16,D05;D16,YES,HIGH,phoenix/ranking-explicit,FULL_SOURCE_REVIEW,NO,NO,NO,NO,NO,NO,NO,NO,NO,NO,NO,NO,103,3796
phoenix/xrex/cutedsl/ranker_fa4/blackwell_helpers.py,phoenix,D05,D16,D05;D16,YES,HIGH,phoenix/ranking-explicit,FULL_SOURCE_REVIEW,NO,NO,NO,NO,NO,NO,NO,NO,NO,NO,NO,NO,1065,46152
phoenix/xrex/cutedsl/ranker_fa4/block_info.py,phoenix,D05,D16,D05;D16,YES,HIGH,phoenix/ranking-explicit,FULL_SOURCE_REVIEW,NO,NO,NO,NO,NO,NO,NO,NO,NO,NO,NO,NO,181,8203
phoenix/xrex/cutedsl/ranker_fa4/block_sparse_utils.py,phoenix,D05,D16,D05;D16,YES,HIGH,phoenix/ranking-explicit,FULL_SOURCE_REVIEW,NO,NO,NO,NO,NO,NO,NO,NO,NO,NO,NO,NO,1564,55798
phoenix/xrex/cutedsl/ranker_fa4/block_sparsity.py,phoenix,D05,D16,D05;D16,YES,HIGH,phoenix/ranking-explicit,FULL_SOURCE_REVIEW,NO,NO,NO,NO,NO,NO,NO,NO,NO,NO,NO,NO,679,25469
phoenix/xrex/cutedsl/ranker_fa4/copy_utils.py,phoenix,D05,D16,D05;D16,YES,HIGH,phoenix/ranking-explicit,FULL_SOURCE_REVIEW,NO,NO,NO,NO,NO,NO,NO,NO,NO,NO,NO,NO,383,13210
phoenix/xrex/cutedsl/ranker_fa4/cute_dsl_utils.py,phoenix,D05,D16,D05;D16,YES,HIGH,phoenix/ranking-explicit,FULL_SOURCE_REVIEW,NO,NO,NO,NO,NO,NO,NO,NO,NO,NO,NO,NO,165,5953
phoenix/xrex/cutedsl/ranker_fa4/fa_logging.py,phoenix,D05,D16;D18,D05;D16;D18,YES,HIGH,phoenix/ranking-explicit,FULL_SOURCE_REVIEW,NO,NO,NO,NO,NO,NO,NO,NO,NO,NO,NO,NO,98,3443
phoenix/xrex/cutedsl/ranker_fa4/fast_math.py,phoenix,D05,D16,D05;D16,YES,HIGH,phoenix/ranking-explicit,FULL_SOURCE_REVIEW,NO,NO,NO,NO,NO,NO,NO,NO,NO,NO,NO,NO,47,2070
phoenix/xrex/cutedsl/ranker_fa4/flash_bwd_postprocess.py,phoenix,D05,D16,D05;D16,YES,HIGH,phoenix/ranking-explicit,FULL_SOURCE_REVIEW,NO,NO,NO,NO,NO,NO,NO,NO,NO,NO,NO,NO,554,25215
phoenix/xrex/cutedsl/ranker_fa4/flash_bwd_sm100.py,phoenix,D05,D16,D05;D16,YES,HIGH,phoenix/ranking-explicit,FULL_SOURCE_REVIEW,NO,NO,NO,NO,NO,NO,NO,NO,NO,NO,NO,NO,3708,164546
phoenix/xrex/cutedsl/ranker_fa4/flash_fwd_sm100.py,phoenix,D05,D16,D05;D16,YES,HIGH,phoenix/ranking-explicit,FULL_SOURCE_REVIEW,NO,NO,NO,NO,NO,NO,NO,NO,NO,NO,NO,NO,2941,128912
phoenix/xrex/cutedsl/ranker_fa4/mask.py,phoenix,D05,D16,D05;D16,YES,HIGH,phoenix/ranking-explicit,FULL_SOURCE_REVIEW,NO,NO,NO,NO,NO,NO,NO,NO,NO,NO,NO,NO,1236,55345
phoenix/xrex/cutedsl/ranker_fa4/mma_sm100_desc.py,phoenix,D05,D16,D05;D16,YES,HIGH,phoenix/ranking-explicit,FULL_SOURCE_REVIEW,NO,NO,NO,NO,NO,NO,NO,NO,NO,NO,NO,NO,298,10646
phoenix/xrex/cutedsl/ranker_fa4/named_barrier.py,phoenix,D05,D16,D05;D16,YES,HIGH,phoenix/ranking-explicit,FULL_SOURCE_REVIEW,NO,NO,NO,NO,NO,NO,NO,NO,NO,NO,NO,NO,87,3150
phoenix/xrex/cutedsl/ranker_fa4/pack_gqa.py,phoenix,D05,D16,D05;D16,YES,HIGH,phoenix/ranking-explicit,FULL_SOURCE_REVIEW,NO,NO,NO,NO,NO,NO,NO,NO,NO,NO,NO,NO,263,11223
phoenix/xrex/cutedsl/ranker_fa4/paged_kv.py,phoenix,D05,D16,D05;D16,YES,HIGH,phoenix/ranking-explicit,FULL_SOURCE_REVIEW,NO,NO,NO,NO,NO,NO,NO,NO,NO,NO,NO,NO,268,10435
phoenix/xrex/cutedsl/ranker_fa4/pipeline.py,phoenix,D05,D16,D05;D16,YES,HIGH,phoenix/ranking-explicit,FULL_SOURCE_REVIEW,NO,NO,NO,NO,NO,NO,NO,NO,NO,NO,NO,NO,350,11656
phoenix/xrex/cutedsl/ranker_fa4/seqlen_info.py,phoenix,D05,D16,D05;D16,YES,HIGH,phoenix/ranking-explicit,FULL_SOURCE_REVIEW,NO,NO,NO,NO,NO,NO,NO,NO,NO,NO,NO,NO,308,12123
phoenix/xrex/cutedsl/ranker_fa4/softmax.py,phoenix,D05,D16,D05;D16,YES,HIGH,phoenix/ranking-explicit,FULL_SOURCE_REVIEW,NO,NO,NO,NO,NO,NO,NO,NO,NO,NO,NO,NO,554,22599
phoenix/xrex/cutedsl/ranker_fa4/tile_scheduler.py,phoenix,D05,D16,D05;D16,YES,HIGH,phoenix/ranking-explicit,FULL_SOURCE_REVIEW,NO,NO,NO,NO,NO,NO,NO,NO,NO,NO,NO,NO,1400,54000
phoenix/xrex/cutedsl/ranker_fa4/utils.py,phoenix,D05,D16,D05;D16,YES,HIGH,phoenix/ranking-explicit,FULL_SOURCE_REVIEW,NO,NO,NO,NO,NO,NO,NO,NO,NO,NO,NO,NO,848,28724
phoenix/xrex/data/__init__.py,phoenix,D15,D16;D03;D05,D15;D16;D03;D05,YES,HIGH,phoenix/data,FULL_SOURCE_REVIEW,NO,NO,NO,NO,NO,NO,NO,NO,NO,NO,NO,NO,2,66
phoenix/xrex/data/conversion_labels.py,phoenix,D15,D16;D03;D05,D15;D16;D03;D05,YES,HIGH,phoenix/data,FULL_SOURCE_REVIEW,NO,NO,NO,NO,NO,NO,NO,NO,NO,NO,NO,NO,141,5219
phoenix/xrex/data/grpc_recsys.py,phoenix,D15,D16;D03;D05,D15;D16;D03;D05,YES,HIGH,phoenix/data,FULL_SOURCE_REVIEW,NO,NO,NO,NO,NO,NO,NO,NO,NO,NO,NO,NO,390,17215
phoenix/xrex/data/parquet_recsys.py,phoenix,D15,D16;D03;D05,D15;D16;D03;D05,YES,HIGH,phoenix/data,FULL_SOURCE_REVIEW,NO,NO,NO,NO,NO,NO,NO,NO,NO,NO,NO,NO,1522,65333
phoenix/xrex/data/parquet_recsys_metadata.py,phoenix,D15,D16;D03;D05,D15;D16;D03;D05,YES,HIGH,phoenix/data,FULL_SOURCE_REVIEW,NO,NO,NO,NO,NO,NO,NO,NO,NO,NO,NO,NO,132,4189
phoenix/xrex/data/recsys/__init__.py,phoenix,D15,D16;D03;D05,D15;D16;D03;D05,YES,HIGH,phoenix/data,FULL_SOURCE_REVIEW,NO,NO,NO,NO,NO,NO,NO,NO,NO,NO,NO,NO,2,66
phoenix/xrex/data/recsys/constants.py,phoenix,D15,D16;D03;D05,D15;D16;D03;D05,YES,HIGH,phoenix/data,FULL_SOURCE_REVIEW,NO,NO,NO,NO,NO,NO,NO,NO,NO,NO,NO,NO,283,7596
phoenix/xrex/data/recsys/feature_config.py,phoenix,D15,D16;D03;D05;D17,D15;D16;D03;D05;D17,YES,HIGH,phoenix/data,FULL_SOURCE_REVIEW,NO,NO,NO,NO,NO,NO,NO,NO,YES,NO,NO,NO,152,3797
phoenix/xrex/data/recsys/gen_recs_semantics.py,phoenix,D05,D16,D05;D16,YES,HIGH,phoenix/ranking-explicit,FULL_SOURCE_REVIEW,NO,NO,NO,NO,NO,NO,NO,NO,NO,NO,NO,NO,453,15650
phoenix/xrex/data/recsys/recsys_batch.py,phoenix,D15,D16;D03;D05,D15;D16;D03;D05,YES,HIGH,phoenix/data,FULL_SOURCE_REVIEW,NO,NO,NO,NO,NO,NO,NO,NO,NO,NO,NO,NO,1582,64703
phoenix/xrex/data/recsys/safety_filter.py,phoenix,D15,D16;D03;D05,D15;D16;D03;D05,YES,HIGH,phoenix/data,FULL_SOURCE_REVIEW,NO,NO,NO,NO,NO,NO,NO,NO,NO,NO,NO,NO,61,1792
phoenix/xrex/data/recsys/sequence_packing.py,phoenix,D15,D16;D03;D05,D15;D16;D03;D05,YES,HIGH,phoenix/data,FULL_SOURCE_REVIEW,NO,NO,NO,NO,NO,NO,NO,NO,NO,NO,NO,NO,418,17251
phoenix/xrex/data/retrieval_dataset.py,phoenix,D15,D16;D03,D15;D16;D03,YES,HIGH,phoenix/training-eval,FULL_SOURCE_REVIEW,NO,NO,NO,NO,NO,NO,NO,NO,NO,NO,NO,NO,428,15607
phoenix/xrex/data/rust_ext.py,phoenix,D15,D16;D03;D05,D15;D16;D03;D05,YES,HIGH,phoenix/data,FULL_SOURCE_REVIEW,NO,NO,NO,NO,NO,NO,NO,NO,NO,NO,NO,NO,32,1238
phoenix/xrex/data/rust_kafka_recsys.py,phoenix,D15,D16;D03;D05,D15;D16;D03;D05,YES,HIGH,phoenix/data,FULL_SOURCE_REVIEW,NO,NO,NO,NO,NO,NO,NO,NO,NO,NO,NO,NO,370,14931
phoenix/xrex/data/rust_parquet_recsys.py,phoenix,D15,D16;D03;D05,D15;D16;D03;D05,YES,HIGH,phoenix/data,FULL_SOURCE_REVIEW,NO,NO,NO,NO,NO,NO,NO,NO,NO,NO,NO,NO,275,11627
phoenix/xrex/data/streaming/__init__.py,phoenix,D15,D16;D03;D05,D15;D16;D03;D05,YES,HIGH,phoenix/data,FULL_SOURCE_REVIEW,NO,NO,NO,NO,NO,NO,NO,NO,NO,NO,NO,NO,2,66
phoenix/xrex/data/streaming/kafkaconsumer.py,phoenix,D15,D16;D03;D05,D15;D16;D03;D05,YES,HIGH,phoenix/data,FULL_SOURCE_REVIEW,NO,NO,NO,NO,NO,NO,NO,NO,NO,NO,NO,NO,1406,55347
phoenix/xrex/data/streaming/kafkadispatcherloader.py,phoenix,D15,D16;D03;D05,D15;D16;D03;D05,YES,HIGH,phoenix/data,FULL_SOURCE_REVIEW,NO,NO,NO,NO,NO,NO,NO,NO,NO,NO,NO,NO,312,12096
phoenix/xrex/data/streaming/kafkaloader.py,phoenix,D15,D16;D03;D05,D15;D16;D03;D05,YES,HIGH,phoenix/data,FULL_SOURCE_REVIEW,NO,NO,NO,NO,NO,NO,NO,NO,NO,NO,NO,NO,1231,44612
phoenix/xrex/driver/__init__.py,phoenix,D16,D15;D03;D05,D16;D15;D03;D05,YES,HIGH,phoenix/fallback-cross-domain,FULL_SOURCE_REVIEW,NO,NO,NO,NO,NO,NO,NO,NO,NO,NO,NO,NO,2,66
phoenix/xrex/driver/config_factory.py,phoenix,D17,D15;D03;D05,D17;D15;D03;D05,YES,HIGH,phoenix/config,FULL_SOURCE_REVIEW,NO,NO,NO,NO,NO,NO,NO,NO,YES,NO,NO,NO,54,1758
phoenix/xrex/driver/driver.py,phoenix,D16,D15;D03;D05,D16;D15;D03;D05,YES,HIGH,phoenix/fallback-cross-domain,FULL_SOURCE_REVIEW,NO,NO,NO,NO,NO,NO,NO,NO,NO,NO,NO,NO,351,10442
phoenix/xrex/driver/driver_local.py,phoenix,D16,D15;D03;D05,D16;D15;D03;D05,YES,HIGH,phoenix/fallback-cross-domain,FULL_SOURCE_REVIEW,NO,NO,NO,NO,NO,NO,NO,NO,NO,NO,NO,NO,92,2678
phoenix/xrex/driver/hooks.py,phoenix,D16,D15;D03;D05,D16;D15;D03;D05,YES,HIGH,phoenix/fallback-cross-domain,FULL_SOURCE_REVIEW,NO,NO,NO,NO,NO,NO,NO,NO,NO,NO,NO,NO,783,23974
phoenix/xrex/driver/run.py,phoenix,D16,D15;D03;D05,D16;D15;D03;D05,YES,HIGH,phoenix/fallback-cross-domain,FULL_SOURCE_REVIEW,NO,NO,NO,NO,NO,NO,NO,NO,NO,NO,NO,NO,141,4498
phoenix/xrex/eval/eval_utils.py,phoenix,D15,D16,D15;D16,YES,HIGH,phoenix/training-eval,FULL_SOURCE_REVIEW,NO,NO,NO,NO,NO,NO,NO,NO,NO,NO,NO,NO,154,4913
phoenix/xrex/eval/evaluator_recsys.py,phoenix,D15,D16,D15;D16,YES,HIGH,phoenix/training-eval,FULL_SOURCE_REVIEW,NO,NO,NO,NO,NO,NO,NO,NO,NO,NO,NO,NO,22,903
phoenix/xrex/eval/metrics.py,phoenix,D15,D16;D18,D15;D16;D18,YES,HIGH,phoenix/training-eval,FULL_SOURCE_REVIEW,NO,NO,NO,NO,NO,NO,NO,NO,NO,NO,NO,NO,55,1183
phoenix/xrex/eval/metrics_recsys.py,phoenix,D15,D16;D18,D15;D16;D18,YES,HIGH,phoenix/training-eval,FULL_SOURCE_REVIEW,NO,NO,NO,NO,NO,NO,NO,NO,NO,NO,NO,NO,615,21332
phoenix/xrex/eval/recsys_eval.py,phoenix,D15,D16,D15;D16,YES,HIGH,phoenix/training-eval,FULL_SOURCE_REVIEW,NO,NO,NO,NO,NO,NO,NO,NO,NO,NO,NO,NO,989,43431
phoenix/xrex/inference/__init__.py,phoenix,D05,D03;D16,D05;D03;D16,YES,HIGH,phoenix/shared-model-serving,FULL_SOURCE_REVIEW,NO,NO,NO,NO,NO,NO,NO,NO,NO,NO,NO,NO,2,66
phoenix/xrex/inference/checkpoint_storage.py,phoenix,D15,D16,D15;D16,YES,HIGH,phoenix/training-eval,FULL_SOURCE_REVIEW,NO,NO,NO,NO,NO,NO,NO,NO,NO,NO,NO,NO,291,11129
phoenix/xrex/inference/debug_logger.py,phoenix,D05,D03;D16;D18,D05;D03;D16;D18,YES,HIGH,phoenix/shared-model-serving,FULL_SOURCE_REVIEW,NO,NO,NO,NO,NO,NO,NO,NO,NO,NO,NO,NO,38,1466
phoenix/xrex/inference/gen_recs_runner.py,phoenix,D05,D16,D05;D16,YES,HIGH,phoenix/ranking-explicit,FULL_SOURCE_REVIEW,NO,NO,NO,NO,NO,NO,NO,NO,NO,NO,NO,NO,349,13754
phoenix/xrex/inference/gen_recs_services.py,phoenix,D05,D16,D05;D16,YES,HIGH,phoenix/ranking-explicit,FULL_SOURCE_REVIEW,NO,NO,NO,NO,NO,NO,NO,NO,NO,NO,NO,NO,36,1584
phoenix/xrex/inference/h2d.py,phoenix,D05,D03;D16,D05;D03;D16,YES,HIGH,phoenix/shared-model-serving,FULL_SOURCE_REVIEW,NO,NO,NO,NO,NO,NO,NO,NO,NO,NO,NO,NO,412,14718
phoenix/xrex/inference/launch_inference.py,phoenix,D05,D03;D16,D05;D03;D16,YES,HIGH,phoenix/shared-model-serving,FULL_SOURCE_REVIEW,NO,NO,NO,NO,NO,NO,NO,NO,NO,NO,NO,NO,849,31038
phoenix/xrex/inference/metrics.py,phoenix,D05,D03;D16;D18,D05;D03;D16;D18,YES,HIGH,phoenix/shared-model-serving,FULL_SOURCE_REVIEW,NO,NO,NO,NO,NO,NO,NO,NO,NO,NO,NO,NO,405,16644
phoenix/xrex/inference/model_runner.py,phoenix,D05,D03;D16,D05;D03;D16,YES,HIGH,phoenix/shared-model-serving,FULL_SOURCE_REVIEW,NO,NO,NO,NO,NO,NO,NO,NO,NO,NO,NO,NO,4879,209227
phoenix/xrex/inference/oss_bench/__init__.py,phoenix,D05,D03;D16,D05;D03;D16,YES,HIGH,phoenix/shared-model-serving,FULL_SOURCE_REVIEW,NO,NO,NO,NO,NO,NO,NO,NO,NO,NO,NO,NO,2,66
phoenix/xrex/inference/oss_bench/bench.py,phoenix,D05,D03;D16,D05;D03;D16,YES,HIGH,phoenix/shared-model-serving,FULL_SOURCE_REVIEW,NO,NO,NO,NO,NO,NO,NO,NO,NO,NO,NO,NO,485,16076
phoenix/xrex/inference/pinned_d2h.py,phoenix,D05,D03;D16,D05;D03;D16,YES,HIGH,phoenix/shared-model-serving,FULL_SOURCE_REVIEW,NO,NO,NO,NO,NO,NO,NO,NO,NO,NO,NO,NO,97,3125
phoenix/xrex/inference/service_registry.py,phoenix,D05,D03;D16,D05;D03;D16,YES,HIGH,phoenix/shared-model-serving,FULL_SOURCE_REVIEW,NO,NO,NO,NO,NO,NO,NO,NO,NO,NO,NO,NO,25,697
phoenix/xrex/inference/serving_filters_runner.py,phoenix,D05,D03;D16,D05;D03;D16,YES,HIGH,phoenix/shared-model-serving,FULL_SOURCE_REVIEW,NO,NO,NO,NO,NO,NO,NO,NO,NO,NO,NO,NO,543,22979
phoenix/xrex/inference/serving_services.py,phoenix,D05,D03;D16,D05;D03;D16,YES,HIGH,phoenix/shared-model-serving,FULL_SOURCE_REVIEW,NO,NO,NO,NO,NO,NO,NO,NO,NO,NO,NO,NO,40,1681
phoenix/xrex/inference/sid_post_index.py,phoenix,D03,D16,D03;D16,YES,HIGH,phoenix/retrieval-explicit,FULL_SOURCE_REVIEW,NO,NO,NO,NO,NO,NO,NO,NO,NO,NO,NO,NO,258,8853
phoenix/xrex/inference/sid_retrieval_runner.py,phoenix,D03,D16,D03;D16,YES,HIGH,phoenix/retrieval-explicit,FULL_SOURCE_REVIEW,NO,NO,NO,NO,NO,NO,NO,NO,NO,NO,NO,NO,446,18656
phoenix/xrex/inference/sid_services.py,phoenix,D03,D16,D03;D16,YES,HIGH,phoenix/retrieval-explicit,FULL_SOURCE_REVIEW,NO,NO,NO,NO,NO,NO,NO,NO,NO,NO,NO,NO,26,1382
phoenix/xrex/inference/status_server.py,phoenix,D05,D03;D16,D05;D03;D16,YES,HIGH,phoenix/shared-model-serving,FULL_SOURCE_REVIEW,NO,NO,NO,NO,NO,NO,NO,NO,NO,NO,NO,NO,172,5907
phoenix/xrex/models/__init__.py,phoenix,D05,D03;D16,D05;D03;D16,YES,HIGH,phoenix/shared-model-serving,FULL_SOURCE_REVIEW,NO,NO,NO,NO,NO,NO,NO,NO,NO,NO,NO,NO,2,66
phoenix/xrex/models/attention.py,phoenix,D05,D03;D16,D05;D03;D16,YES,HIGH,phoenix/shared-model-serving,FULL_SOURCE_REVIEW,NO,NO,NO,NO,NO,NO,NO,NO,NO,NO,NO,NO,326,11282
phoenix/xrex/models/collective_policy.py,phoenix,D05,D03;D16,D05;D03;D16,YES,HIGH,phoenix/shared-model-serving,FULL_SOURCE_REVIEW,NO,NO,NO,NO,NO,NO,NO,NO,NO,NO,NO,NO,48,1298
phoenix/xrex/models/compress_token_ids.py,phoenix,D05,D03;D16,D05;D03;D16,YES,HIGH,phoenix/shared-model-serving,FULL_SOURCE_REVIEW,NO,NO,NO,NO,NO,NO,NO,NO,NO,NO,NO,NO,36,1091
phoenix/xrex/models/layers.py,phoenix,D05,D03;D16,D05;D03;D16,YES,HIGH,phoenix/shared-model-serving,FULL_SOURCE_REVIEW,NO,NO,NO,NO,NO,NO,NO,NO,NO,NO,NO,NO,511,17720
phoenix/xrex/models/linear_layer.py,phoenix,D05,D03;D16,D05;D03;D16,YES,HIGH,phoenix/shared-model-serving,FULL_SOURCE_REVIEW,NO,NO,NO,NO,NO,NO,NO,NO,NO,NO,NO,NO,83,2375
phoenix/xrex/models/loss_recsys.py,phoenix,D05,D16,D05;D16,YES,HIGH,phoenix/ranking-explicit,FULL_SOURCE_REVIEW,NO,NO,NO,NO,NO,NO,NO,NO,NO,NO,NO,NO,127,3806
phoenix/xrex/models/model_utils.py,phoenix,D05,D03;D16,D05;D03;D16,YES,HIGH,phoenix/shared-model-serving,FULL_SOURCE_REVIEW,NO,NO,NO,NO,NO,NO,NO,NO,NO,NO,NO,NO,169,4654
phoenix/xrex/models/normalization.py,phoenix,D05,D03;D16,D05;D03;D16,YES,HIGH,phoenix/shared-model-serving,FULL_SOURCE_REVIEW,NO,NO,NO,NO,NO,NO,NO,NO,NO,NO,NO,NO,125,3941
phoenix/xrex/models/recsys_attention.py,phoenix,D05,D16,D05;D16,YES,HIGH,phoenix/ranking-explicit,FULL_SOURCE_REVIEW,NO,NO,NO,NO,NO,NO,NO,NO,NO,NO,NO,NO,315,12108
phoenix/xrex/models/recsys_embedding.py,phoenix,D05,D03;D16,D05;D03;D16,YES,HIGH,phoenix/shared-model-serving,FULL_SOURCE_REVIEW,NO,NO,NO,NO,NO,NO,NO,NO,NO,NO,NO,NO,334,11142
phoenix/xrex/models/recsys_feature_prep.py,phoenix,D05,D03;D16,D05;D03;D16,YES,HIGH,phoenix/shared-model-serving,FULL_SOURCE_REVIEW,NO,NO,NO,NO,NO,NO,NO,NO,NO,NO,NO,NO,1073,38859
phoenix/xrex/models/recsys_gen_recs_model.py,phoenix,D05,D16,D05;D16,YES,HIGH,phoenix/ranking-explicit,FULL_SOURCE_REVIEW,NO,NO,NO,NO,NO,NO,NO,NO,NO,NO,NO,NO,939,33183
phoenix/xrex/models/recsys_model.py,phoenix,D05,D16,D05;D16,YES,HIGH,phoenix/ranking-explicit,FULL_SOURCE_REVIEW,NO,NO,NO,NO,NO,NO,NO,NO,NO,NO,NO,NO,3178,124954
phoenix/xrex/models/recsys_sid_retrieval_model.py,phoenix,D03,D16,D03;D16,YES,HIGH,phoenix/retrieval-explicit,FULL_SOURCE_REVIEW,NO,NO,NO,NO,NO,NO,NO,NO,NO,NO,NO,NO,546,20844
phoenix/xrex/models/recsys_two_tower_model.py,phoenix,D03,D16,D03;D16,YES,HIGH,phoenix/retrieval-explicit,FULL_SOURCE_REVIEW,NO,NO,NO,NO,NO,NO,NO,NO,NO,NO,NO,NO,1760,67810
phoenix/xrex/models/recsys_two_tower_serving_filters.py,phoenix,D03,D16,D03;D16,YES,HIGH,phoenix/retrieval-explicit,FULL_SOURCE_REVIEW,NO,NO,NO,NO,NO,NO,NO,NO,NO,NO,NO,NO,173,6863
phoenix/xrex/models/recsys_user_features.py,phoenix,D05,D03;D16,D05;D03;D16,YES,HIGH,phoenix/shared-model-serving,FULL_SOURCE_REVIEW,NO,NO,NO,NO,NO,NO,NO,NO,NO,NO,NO,NO,322,10910
phoenix/xrex/models/remat.py,phoenix,D05,D03;D16,D05;D03;D16,YES,HIGH,phoenix/shared-model-serving,FULL_SOURCE_REVIEW,NO,NO,NO,NO,NO,NO,NO,NO,NO,NO,NO,NO,32,824
phoenix/xrex/models/scaling.py,phoenix,D05,D03;D16,D05;D03;D16,YES,HIGH,phoenix/shared-model-serving,FULL_SOURCE_REVIEW,NO,NO,NO,NO,NO,NO,NO,NO,NO,NO,NO,NO,41,1097
phoenix/xrex/models/sharding_context.py,phoenix,D05,D03;D16,D05;D03;D16,YES,HIGH,phoenix/shared-model-serving,FULL_SOURCE_REVIEW,NO,NO,NO,NO,NO,NO,NO,NO,NO,NO,NO,NO,167,5713
phoenix/xrex/models/topic_categories.py,phoenix,D05,D03;D16,D05;D03;D16,YES,HIGH,phoenix/shared-model-serving,FULL_SOURCE_REVIEW,NO,NO,NO,NO,NO,NO,NO,NO,NO,NO,NO,NO,172,7158
phoenix/xrex/models/transformer.py,phoenix,D05,D03;D16,D05;D03;D16,YES,HIGH,phoenix/shared-model-serving,FULL_SOURCE_REVIEW,NO,NO,NO,NO,NO,NO,NO,NO,NO,NO,NO,NO,732,25784
phoenix/xrex/optimizers/__init__.py,phoenix,D15,D16,D15;D16,YES,HIGH,phoenix/training-eval,FULL_SOURCE_REVIEW,NO,NO,NO,NO,NO,NO,NO,NO,NO,NO,NO,NO,2,66
phoenix/xrex/optimizers/optim.py,phoenix,D15,D16,D15;D16,YES,HIGH,phoenix/training-eval,FULL_SOURCE_REVIEW,NO,NO,NO,NO,NO,NO,NO,NO,NO,NO,NO,NO,151,5033
phoenix/xrex/optimizers/recsys/__init__.py,phoenix,D15,D16,D15;D16,YES,HIGH,phoenix/training-eval,FULL_SOURCE_REVIEW,NO,NO,NO,NO,NO,NO,NO,NO,NO,NO,NO,NO,12,379
phoenix/xrex/optimizers/recsys/async_emb_gradient_update.py,phoenix,D15,D16,D15;D16,YES,HIGH,phoenix/training-eval,FULL_SOURCE_REVIEW,NO,NO,NO,NO,NO,NO,NO,NO,NO,NO,NO,NO,43,1300
phoenix/xrex/optimizers/recsys/config.py,phoenix,D15,D16;D17,D15;D16;D17,YES,HIGH,phoenix/training-eval,FULL_SOURCE_REVIEW,NO,NO,NO,NO,NO,NO,NO,NO,YES,NO,NO,NO,37,1136
phoenix/xrex/optimizers/recsys/protocol.py,phoenix,D15,D16,D15;D16,YES,HIGH,phoenix/training-eval,FULL_SOURCE_REVIEW,NO,NO,NO,NO,NO,NO,NO,NO,NO,NO,NO,NO,38,991
phoenix/xrex/optimizers/recsys/rowwise_adagrad.py,phoenix,D15,D16,D15;D16,YES,HIGH,phoenix/training-eval,FULL_SOURCE_REVIEW,NO,NO,NO,NO,NO,NO,NO,NO,NO,NO,NO,NO,281,9756
phoenix/xrex/optimizers/schedule.py,phoenix,D15,D16,D15;D16,YES,HIGH,phoenix/training-eval,FULL_SOURCE_REVIEW,NO,NO,NO,NO,NO,NO,NO,NO,NO,NO,NO,NO,28,634
phoenix/xrex/pallas/__init__.py,phoenix,D16,D15;D05,D16;D15;D05,YES,HIGH,phoenix/compute-infra,FULL_SOURCE_REVIEW,NO,NO,NO,NO,NO,NO,NO,NO,NO,NO,NO,NO,2,66
phoenix/xrex/pallas/attention.py,phoenix,D16,D15;D05,D16;D15;D05,YES,HIGH,phoenix/compute-infra,FULL_SOURCE_REVIEW,NO,NO,NO,NO,NO,NO,NO,NO,NO,NO,NO,NO,706,23892
phoenix/xrex/pallas/ranker_attention.py,phoenix,D05,D16,D05;D16,YES,HIGH,phoenix/ranking-explicit,FULL_SOURCE_REVIEW,NO,NO,NO,NO,NO,NO,NO,NO,NO,NO,NO,NO,813,28367
phoenix/xrex/pallas/ranker_attention_fa3.py,phoenix,D05,D16,D05;D16,YES,HIGH,phoenix/ranking-explicit,FULL_SOURCE_REVIEW,NO,NO,NO,NO,NO,NO,NO,NO,NO,NO,NO,NO,1553,60051
phoenix/xrex/pallas/ranker_attention_utils.py,phoenix,D05,D16,D05;D16,YES,HIGH,phoenix/ranking-explicit,FULL_SOURCE_REVIEW,NO,NO,NO,NO,NO,NO,NO,NO,NO,NO,NO,NO,143,5949
phoenix/xrex/pallas/ranker_attention_v2.py,phoenix,D05,D16,D05;D16,YES,HIGH,phoenix/ranking-explicit,FULL_SOURCE_REVIEW,NO,NO,NO,NO,NO,NO,NO,NO,NO,NO,NO,NO,1095,36137
phoenix/xrex/pallas/ranker_attention_varlen.py,phoenix,D05,D16,D05;D16,YES,HIGH,phoenix/ranking-explicit,FULL_SOURCE_REVIEW,NO,NO,NO,NO,NO,NO,NO,NO,NO,NO,NO,NO,1326,42056
phoenix/xrex/settings.py,phoenix,D17,D15;D03;D05,D17;D15;D03;D05,YES,HIGH,phoenix/config,FULL_SOURCE_REVIEW,NO,NO,NO,NO,NO,NO,NO,NO,NO,NO,NO,NO,109,3937
phoenix/xrex/train/__init__.py,phoenix,D15,D16,D15;D16,YES,HIGH,phoenix/training-eval,FULL_SOURCE_REVIEW,NO,NO,NO,NO,NO,NO,NO,NO,NO,NO,NO,NO,2,66
phoenix/xrex/train/checkpoint_write.py,phoenix,D15,D16,D15;D16,YES,HIGH,phoenix/training-eval,FULL_SOURCE_REVIEW,NO,NO,NO,NO,NO,NO,NO,NO,NO,NO,NO,NO,133,4660
phoenix/xrex/train/embedding_loader.py,phoenix,D15,D16,D15;D16,YES,HIGH,phoenix/training-eval,FULL_SOURCE_REVIEW,NO,NO,NO,NO,NO,NO,NO,NO,NO,NO,NO,NO,188,6750
phoenix/xrex/train/misc.py,phoenix,D15,D16,D15;D16,YES,HIGH,phoenix/training-eval,FULL_SOURCE_REVIEW,NO,NO,NO,NO,NO,NO,NO,NO,NO,NO,NO,NO,122,3105
phoenix/xrex/train/parallel_config.py,phoenix,D15,D16;D17,D15;D16;D17,YES,HIGH,phoenix/training-eval,FULL_SOURCE_REVIEW,NO,NO,NO,NO,NO,NO,NO,NO,YES,NO,NO,NO,42,1298
phoenix/xrex/train/trainer.py,phoenix,D15,D16,D15;D16,YES,HIGH,phoenix/training-eval,FULL_SOURCE_REVIEW,NO,NO,NO,NO,NO,NO,NO,NO,NO,NO,NO,NO,1496,58054
phoenix/xrex/train/trainer_gen_recs.py,phoenix,D15,D16;D05,D15;D16;D05,YES,HIGH,phoenix/training-eval,FULL_SOURCE_REVIEW,NO,NO,NO,NO,NO,NO,NO,NO,NO,NO,NO,NO,558,23368
phoenix/xrex/train/trainer_recsys.py,phoenix,D15,D16,D15;D16,YES,HIGH,phoenix/training-eval,FULL_SOURCE_REVIEW,NO,NO,NO,NO,NO,NO,NO,NO,NO,NO,NO,NO,3568,147414
phoenix/xrex/train/trainer_sid_retrieval.py,phoenix,D15,D16;D03,D15;D16;D03,YES,HIGH,phoenix/training-eval,FULL_SOURCE_REVIEW,NO,NO,NO,NO,NO,NO,NO,NO,NO,NO,NO,NO,174,6874
phoenix/xrex/utils/__init__.py,phoenix,D16,D15;D05,D16;D15;D05,YES,HIGH,phoenix/compute-infra,FULL_SOURCE_REVIEW,NO,NO,NO,NO,NO,NO,NO,NO,NO,NO,NO,NO,2,66
phoenix/xrex/utils/aot.py,phoenix,D16,D15;D05,D16;D15;D05,YES,HIGH,phoenix/compute-infra,FULL_SOURCE_REVIEW,NO,NO,NO,NO,NO,NO,NO,NO,NO,NO,NO,NO,688,25815
phoenix/xrex/utils/checkpoint_cloud.py,phoenix,D15,D16,D15;D16,YES,HIGH,phoenix/training-eval,FULL_SOURCE_REVIEW,NO,NO,NO,NO,NO,NO,NO,NO,NO,NO,NO,NO,73,2522
phoenix/xrex/utils/checkpointing.py,phoenix,D15,D16,D15;D16,YES,HIGH,phoenix/training-eval,FULL_SOURCE_REVIEW,NO,NO,NO,NO,NO,NO,NO,NO,NO,NO,NO,NO,126,4002
phoenix/xrex/utils/cluster.py,phoenix,D16,D15;D05,D16;D15;D05,YES,HIGH,phoenix/compute-infra,FULL_SOURCE_REVIEW,NO,NO,NO,NO,NO,NO,NO,NO,NO,NO,NO,NO,42,976
phoenix/xrex/utils/gpu.py,phoenix,D16,D15;D05,D16;D15;D05,YES,HIGH,phoenix/compute-infra,FULL_SOURCE_REVIEW,NO,NO,NO,NO,NO,NO,NO,NO,NO,NO,NO,NO,266,7523
phoenix/xrex/utils/jax_extensions.py,phoenix,D16,D15;D05,D16;D15;D05,YES,HIGH,phoenix/compute-infra,FULL_SOURCE_REVIEW,NO,NO,NO,NO,NO,YES,NO,NO,NO,NO,NO,NO,308,10001
phoenix/xrex/utils/launch_env.py,phoenix,D16,D15;D05,D16;D15;D05,YES,HIGH,phoenix/compute-infra,FULL_SOURCE_REVIEW,NO,NO,NO,NO,NO,NO,NO,NO,NO,NO,NO,NO,32,943
phoenix/xrex/utils/layer_stack.py,phoenix,D16,D15;D05,D16;D15;D05,YES,HIGH,phoenix/compute-infra,FULL_SOURCE_REVIEW,NO,NO,NO,NO,NO,NO,NO,NO,NO,NO,NO,NO,407,13950
phoenix/xrex/utils/log_timer.py,phoenix,D16,D15;D05,D16;D15;D05,YES,HIGH,phoenix/compute-infra,FULL_SOURCE_REVIEW,NO,NO,NO,NO,NO,NO,NO,NO,NO,NO,NO,NO,80,2040
phoenix/xrex/utils/log_util.py,phoenix,D16,D15;D05,D16;D15;D05,YES,HIGH,phoenix/compute-infra,FULL_SOURCE_REVIEW,NO,NO,NO,NO,NO,NO,NO,NO,NO,NO,NO,NO,226,7872
phoenix/xrex/utils/metadata.py,phoenix,D16,D15;D05,D16;D15;D05,YES,HIGH,phoenix/compute-infra,FULL_SOURCE_REVIEW,NO,NO,NO,NO,NO,NO,NO,NO,NO,NO,NO,NO,617,20304
phoenix/xrex/utils/metrics.py,phoenix,D16,D15;D05;D18,D16;D15;D05;D18,YES,HIGH,phoenix/compute-infra,FULL_SOURCE_REVIEW,NO,NO,NO,NO,NO,NO,NO,NO,NO,NO,NO,NO,130,4446
phoenix/xrex/utils/model.py,phoenix,D16,D15;D05,D16;D15;D05,YES,HIGH,phoenix/compute-infra,FULL_SOURCE_REVIEW,NO,NO,NO,NO,NO,NO,NO,NO,NO,NO,NO,NO,13,330
phoenix/xrex/utils/nsys.py,phoenix,D16,D15;D05,D16;D15;D05,YES,HIGH,phoenix/compute-infra,FULL_SOURCE_REVIEW,NO,NO,NO,NO,NO,NO,NO,NO,NO,NO,NO,NO,27,885
phoenix/xrex/utils/ocdbt.py,phoenix,D16,D15;D05,D16;D15;D05,YES,HIGH,phoenix/compute-infra,FULL_SOURCE_REVIEW,NO,NO,NO,NO,NO,NO,NO,NO,NO,NO,NO,NO,220,6520
phoenix/xrex/utils/profiler.py,phoenix,D16,D15;D05,D16;D15;D05,YES,HIGH,phoenix/compute-infra,FULL_SOURCE_REVIEW,NO,NO,NO,NO,NO,NO,NO,NO,NO,NO,NO,NO,116,3397
phoenix/xrex/utils/pyspy_profiler.py,phoenix,D16,D15;D05,D16;D15;D05,YES,HIGH,phoenix/compute-infra,FULL_SOURCE_REVIEW,NO,NO,NO,NO,NO,NO,NO,NO,NO,NO,NO,NO,75,2154
phoenix/xrex/utils/recsys_async_emb_lookup.py,phoenix,D16,D15;D05,D16;D15;D05,YES,HIGH,phoenix/compute-infra,FULL_SOURCE_REVIEW,NO,NO,NO,NO,NO,NO,NO,NO,NO,NO,NO,NO,58,1613
phoenix/xrex/utils/toolbox_notify.py,phoenix,D16,D15;D05,D16;D15;D05,YES,HIGH,phoenix/compute-infra,FULL_SOURCE_REVIEW,NO,NO,NO,NO,NO,NO,NO,NO,NO,NO,NO,NO,58,1658
phoenix/xrex/utils/tracer.py,phoenix,D16,D15;D05;D18,D16;D15;D05;D18,YES,HIGH,phoenix/compute-infra,FULL_SOURCE_REVIEW,NO,NO,NO,NO,NO,NO,NO,NO,NO,NO,NO,NO,262,7532
phoenix/xrex/utils/utils.py,phoenix,D16,D15;D05,D16;D15;D05,YES,HIGH,phoenix/compute-infra,FULL_SOURCE_REVIEW,NO,NO,NO,NO,NO,NO,NO,NO,NO,NO,NO,NO,358,10574
phoenix-rankall/build.rs,phoenix-rankall,D04,D16;D19,D04;D16;D19,YES,HIGH,phoenix-rankall,REPRO_BUILD_REVIEW,NO,NO,NO,NO,NO,NO,NO,NO,NO,YES,NO,NO,6,198
phoenix-rankall/proto/sid_lookup.proto,phoenix-rankall,D04,D16,D04;D16,YES,HIGH,phoenix-rankall,FULL_SOURCE_REVIEW,NO,NO,NO,NO,NO,NO,YES,NO,NO,NO,NO,NO,19,313
phoenix-rankall/src/config/mod.rs,phoenix-rankall,D04,D16;D17,D04;D16;D17,YES,HIGH,phoenix-rankall,FULL_SOURCE_REVIEW,NO,NO,NO,NO,NO,YES,NO,NO,YES,NO,NO,NO,387,12712
phoenix-rankall/src/consumer/kafka.rs,phoenix-rankall,D04,D16,D04;D16,YES,HIGH,phoenix-rankall,FULL_SOURCE_REVIEW,NO,NO,NO,NO,NO,YES,NO,NO,NO,NO,NO,NO,149,4583
phoenix-rankall/src/consumer/mod.rs,phoenix-rankall,D04,D16,D04;D16,YES,HIGH,phoenix-rankall,FULL_SOURCE_REVIEW,NO,NO,NO,NO,NO,NO,NO,NO,NO,NO,NO,NO,25,536
phoenix-rankall/src/lib.rs,phoenix-rankall,D04,D16,D04;D16,YES,HIGH,phoenix-rankall,FULL_SOURCE_REVIEW,NO,NO,NO,NO,NO,NO,NO,NO,NO,NO,NO,NO,7,116
phoenix-rankall/src/main.rs,phoenix-rankall,D04,D16,D04;D16,YES,HIGH,phoenix-rankall,FULL_SOURCE_REVIEW,NO,NO,NO,NO,NO,NO,NO,NO,NO,NO,NO,NO,269,11024
phoenix-rankall/src/metrics/mod.rs,phoenix-rankall,D04,D16;D18,D04;D16;D18,YES,HIGH,phoenix-rankall,FULL_SOURCE_REVIEW,NO,NO,NO,NO,NO,NO,NO,NO,NO,NO,NO,NO,221,8114
phoenix-rankall/src/pipeline/mod.rs,phoenix-rankall,D04,D16,D04;D16,YES,HIGH,phoenix-rankall,FULL_SOURCE_REVIEW,NO,NO,NO,NO,NO,YES,NO,NO,NO,NO,NO,NO,610,19811
phoenix-rankall/src/processor/analysis_processor.rs,phoenix-rankall,D04,D16,D04;D16,YES,HIGH,phoenix-rankall,FULL_SOURCE_REVIEW,NO,NO,NO,NO,NO,YES,NO,NO,NO,NO,NO,NO,337,10253
phoenix-rankall/src/processor/blacklist.rs,phoenix-rankall,D04,D16,D04;D16,YES,HIGH,phoenix-rankall,FULL_SOURCE_REVIEW,NO,NO,NO,NO,NO,YES,NO,NO,NO,NO,NO,NO,120,3339
phoenix-rankall/src/processor/gen/hydra.rs,phoenix-rankall,D04,D16,D04;D16,YES,HIGH,phoenix-rankall,BOUNDARY_TRACE_GENERATED,NO,NO,NO,YES,NO,NO,NO,NO,NO,NO,NO,NO,608,22204
phoenix-rankall/src/processor/gen/mod.rs,phoenix-rankall,D04,D16,D04;D16,YES,HIGH,phoenix-rankall,BOUNDARY_TRACE_GENERATED,NO,NO,NO,YES,NO,NO,NO,NO,NO,NO,NO,NO,5,140
phoenix-rankall/src/processor/gen/scored_candidate.rs,phoenix-rankall,D04,D16,D04;D16,YES,HIGH,phoenix-rankall,BOUNDARY_TRACE_GENERATED,NO,NO,NO,YES,NO,NO,NO,NO,NO,NO,NO,NO,403,14760
phoenix-rankall/src/processor/main_processor.rs,phoenix-rankall,D04,D16,D04;D16,YES,HIGH,phoenix-rankall,FULL_SOURCE_REVIEW,NO,NO,NO,NO,NO,YES,NO,NO,NO,NO,NO,NO,164,4761
phoenix-rankall/src/processor/metadata_processor.rs,phoenix-rankall,D04,D16,D04;D16,YES,HIGH,phoenix-rankall,FULL_SOURCE_REVIEW,NO,NO,NO,NO,NO,YES,NO,NO,NO,NO,NO,NO,215,7020
phoenix-rankall/src/processor/mod.rs,phoenix-rankall,D04,D16,D04;D16,YES,HIGH,phoenix-rankall,FULL_SOURCE_REVIEW,NO,NO,NO,NO,NO,NO,NO,NO,NO,NO,NO,NO,55,1320
phoenix-rankall/src/processor/record.rs,phoenix-rankall,D04,D16,D04;D16,YES,HIGH,phoenix-rankall,FULL_SOURCE_REVIEW,NO,NO,NO,NO,NO,NO,NO,NO,NO,NO,NO,NO,113,2835
phoenix-rankall/src/processor/sid_processor.rs,phoenix-rankall,D04,D16,D04;D16,YES,HIGH,phoenix-rankall,FULL_SOURCE_REVIEW,NO,NO,NO,NO,NO,YES,NO,NO,NO,NO,NO,NO,206,6658
phoenix-rankall/src/processor/sid_tail_processor.rs,phoenix-rankall,D04,D16,D04;D16,YES,HIGH,phoenix-rankall,FULL_SOURCE_REVIEW,NO,NO,NO,NO,NO,YES,NO,NO,NO,NO,NO,NO,231,7144
phoenix-rankall/src/processor/thrift_types.rs,phoenix-rankall,D04,D16,D04;D16,YES,HIGH,phoenix-rankall,FULL_SOURCE_REVIEW,NO,NO,NO,NO,NO,YES,NO,NO,NO,NO,NO,NO,154,5184
phoenix-rankall/src/processor/topic_names.rs,phoenix-rankall,D04,D16,D04;D16,YES,HIGH,phoenix-rankall,FULL_SOURCE_REVIEW,NO,NO,NO,NO,NO,NO,NO,NO,NO,NO,NO,NO,127,5249
phoenix-rankall/src/processor/topic_processor.rs,phoenix-rankall,D04,D16,D04;D16,YES,HIGH,phoenix-rankall,FULL_SOURCE_REVIEW,NO,NO,NO,NO,NO,YES,NO,NO,NO,NO,NO,NO,186,5501
phoenix-rankall/src/sid/backfill.rs,phoenix-rankall,D04,D16,D04;D16,YES,HIGH,phoenix-rankall,FULL_SOURCE_REVIEW,NO,NO,NO,NO,NO,NO,NO,NO,NO,NO,NO,NO,121,3848
phoenix-rankall/src/sid/client.rs,phoenix-rankall,D04,D16,D04;D16,YES,HIGH,phoenix-rankall,FULL_SOURCE_REVIEW,NO,NO,NO,NO,NO,YES,NO,NO,NO,NO,NO,NO,253,7691
phoenix-rankall/src/sid/metrics.rs,phoenix-rankall,D04,D16;D18,D04;D16;D18,YES,HIGH,phoenix-rankall,FULL_SOURCE_REVIEW,NO,NO,NO,NO,NO,YES,NO,NO,NO,NO,NO,NO,69,2114
phoenix-rankall/src/sid/mod.rs,phoenix-rankall,D04,D16,D04;D16,YES,HIGH,phoenix-rankall,FULL_SOURCE_REVIEW,NO,NO,NO,NO,NO,YES,NO,NO,NO,NO,NO,NO,46,1199
phoenix-rankall/src/store/analysis.rs,phoenix-rankall,D04,D16,D04;D16,YES,HIGH,phoenix-rankall,FULL_SOURCE_REVIEW,NO,NO,NO,NO,NO,YES,NO,NO,NO,NO,NO,NO,309,10737
phoenix-rankall/src/store/base.rs,phoenix-rankall,D04,D16,D04;D16,YES,HIGH,phoenix-rankall,FULL_SOURCE_REVIEW,NO,NO,NO,NO,NO,YES,NO,NO,NO,NO,NO,NO,1586,57199
phoenix-rankall/src/store/mod.rs,phoenix-rankall,D04,D16,D04;D16,YES,HIGH,phoenix-rankall,FULL_SOURCE_REVIEW,NO,NO,NO,NO,NO,NO,NO,NO,NO,NO,NO,NO,59,1686
phoenix-rankall/src/store/snowflake.rs,phoenix-rankall,D04,D16,D04;D16,YES,HIGH,phoenix-rankall,FULL_SOURCE_REVIEW,NO,NO,NO,NO,NO,YES,NO,NO,NO,NO,NO,NO,29,806
phoenix-rankall/src/store/writer.rs,phoenix-rankall,D04,D16,D04;D16,YES,HIGH,phoenix-rankall,FULL_SOURCE_REVIEW,NO,NO,NO,NO,NO,YES,NO,NO,NO,NO,NO,NO,221,7414
phoenix-rankall/tests/integration_test.rs,phoenix-rankall,D04,D16,D04;D16,YES,HIGH,phoenix-rankall,TEST_EVIDENCE,YES,NO,NO,NO,NO,NO,NO,NO,NO,NO,NO,NO,280,8803
phoenix-rankall/thrift/hydra.thrift,phoenix-rankall,D04,D16,D04;D16,YES,HIGH,phoenix-rankall,FULL_SOURCE_REVIEW,NO,NO,NO,NO,NO,NO,YES,NO,NO,NO,NO,NO,38,1003
phoenix-rankall/thrift/scored_candidate.thrift,phoenix-rankall,D04,D16,D04;D16,YES,HIGH,phoenix-rankall,FULL_SOURCE_REVIEW,NO,NO,NO,NO,NO,NO,YES,NO,NO,NO,NO,NO,25,614
phoenix-rankall-strato/columns/favoriteEventProcessor.strato,phoenix-rankall-strato,D04,D12;D16,D04;D12;D16,YES,HIGH,rankall-strato/admission-vf-bridge,FULL_SOURCE_REVIEW,NO,NO,NO,NO,NO,NO,NO,NO,NO,NO,NO,NO,180,5734
phoenix-rankall-strato/columns/kafka/favIndexingEventKafkaTopic.strato,phoenix-rankall-strato,D04,D12;D16,D04;D12;D16,YES,HIGH,rankall-strato/admission-vf-bridge,FULL_SOURCE_REVIEW,NO,NO,NO,NO,NO,NO,NO,NO,NO,NO,NO,NO,22,595
phoenix-rankall-strato/columns/kafka/indexingEventKafkaBackupTopic.strato,phoenix-rankall-strato,D04,D12;D16,D04;D12;D16,YES,HIGH,rankall-strato/admission-vf-bridge,FULL_SOURCE_REVIEW,NO,NO,NO,NO,NO,NO,NO,NO,NO,NO,NO,NO,20,558
phoenix-rankall-strato/columns/kafka/indexingEventKafkaTopic.strato,phoenix-rankall-strato,D04,D12;D16,D04;D12;D16,YES,HIGH,rankall-strato/admission-vf-bridge,FULL_SOURCE_REVIEW,NO,NO,NO,NO,NO,NO,NO,NO,NO,NO,NO,NO,20,551
phoenix-rankall-strato/columns/kafka/metadataEventKafkaTopic.strato,phoenix-rankall-strato,D04,D12;D16,D04;D12;D16,YES,HIGH,rankall-strato/admission-vf-bridge,FULL_SOURCE_REVIEW,NO,NO,NO,NO,NO,NO,NO,NO,NO,NO,NO,NO,22,621
phoenix-rankall-strato/columns/mh/filteredTopicsByExperiment.strato,phoenix-rankall-strato,D04,D12;D16,D04;D12;D16,YES,HIGH,rankall-strato/admission-vf-bridge,FULL_SOURCE_REVIEW,NO,NO,NO,NO,NO,NO,NO,NO,NO,NO,NO,NO,34,1085
phoenix-rankall-strato/columns/mh/phoenixRankAllPostAuthorMetadata.strato,phoenix-rankall-strato,D04,D12;D16,D04;D12;D16,YES,HIGH,rankall-strato/admission-vf-bridge,FULL_SOURCE_REVIEW,NO,NO,NO,NO,NO,NO,NO,NO,NO,NO,NO,NO,22,665
phoenix-rankall-strato/columns/phoenix_rank_all/getPostPhoenixRankAllMetadata.strato,phoenix-rankall-strato,D04,D12;D16,D04;D12;D16,YES,HIGH,rankall-strato/admission-vf-bridge,FULL_SOURCE_REVIEW,NO,NO,NO,NO,NO,NO,NO,NO,NO,NO,NO,NO,47,1704
phoenix-rankall-strato/columns/phoenix_rank_all/phoenixRankAllCandidateProcessor.strato,phoenix-rankall-strato,D04,D12;D16,D04;D12;D16,YES,HIGH,rankall-strato/admission-vf-bridge,FULL_SOURCE_REVIEW,NO,NO,NO,NO,NO,NO,NO,NO,NO,NO,NO,NO,501,20771
phoenix-rankall-strato/columns/phoenix_rank_all/postCreationEventProcessor.strato,phoenix-rankall-strato,D04,D12;D16,D04;D12;D16,YES,HIGH,rankall-strato/admission-vf-bridge,FULL_SOURCE_REVIEW,NO,NO,NO,NO,NO,NO,NO,NO,NO,NO,NO,NO,28,807
phoenix-rankall-strato/columns/scribeEvents.strato,phoenix-rankall-strato,D04,D12;D16,D04;D12;D16,YES,HIGH,rankall-strato/admission-vf-bridge,FULL_SOURCE_REVIEW,NO,NO,NO,NO,NO,NO,NO,NO,NO,NO,NO,NO,23,551
phoenix-rankall-strato/columns/tweetUpdateThresholdsCache.strato,phoenix-rankall-strato,D04,D12;D16,D04;D12;D16,YES,HIGH,rankall-strato/admission-vf-bridge,FULL_SOURCE_REVIEW,NO,NO,NO,NO,NO,NO,NO,NO,NO,NO,NO,NO,27,655
phoenix-rankall-strato/lib/eventProcessing.strato,phoenix-rankall-strato,D04,D12;D16,D04;D12;D16,YES,HIGH,rankall-strato/admission-vf-bridge,FULL_SOURCE_REVIEW,NO,NO,NO,NO,NO,NO,NO,NO,NO,NO,NO,NO,670,23100
phoenix-rankall-strato/lib/sharedConfig.strato,phoenix-rankall-strato,D04,D12;D16;D17,D04;D12;D16;D17,YES,HIGH,rankall-strato/admission-vf-bridge,FULL_SOURCE_REVIEW,NO,NO,NO,NO,NO,NO,NO,NO,YES,NO,NO,NO,23,579
phoenix-rankall-strato/stream_forwarders/favoriteEventForwarder.strato,phoenix-rankall-strato,D04,D12;D16,D04;D12;D16,YES,HIGH,rankall-strato/admission-vf-bridge,FULL_SOURCE_REVIEW,NO,NO,NO,NO,NO,NO,NO,NO,NO,NO,NO,NO,21,667
phoenix-rankall-strato/stream_forwarders/favoritePhoenixIndexingEventForwarder.strato,phoenix-rankall-strato,D04,D12;D16,D04;D12;D16,YES,HIGH,rankall-strato/admission-vf-bridge,FULL_SOURCE_REVIEW,NO,NO,NO,NO,NO,NO,NO,NO,NO,NO,NO,NO,18,568
phoenix-rankall-strato/stream_forwarders/postCreationEventForwarder.strato,phoenix-rankall-strato,D04,D12;D16,D04;D12;D16,YES,HIGH,rankall-strato/admission-vf-bridge,FULL_SOURCE_REVIEW,NO,NO,NO,NO,NO,NO,NO,NO,NO,NO,NO,NO,21,722
pnsfwmedia/model_experimental.py,pnsfwmedia,D09,,D09,NO,HIGH,component:pnsfwmedia,FULL_SOURCE_REVIEW,NO,NO,NO,NO,NO,NO,NO,NO,NO,NO,NO,NO,212,6873
safety-label-user-agg/postToUserLabelRules.strato,safety-label-user-agg,D11,D16,D11;D16,YES,HIGH,safety-label-user-agg/label-system,FULL_SOURCE_REVIEW,NO,NO,NO,NO,NO,NO,NO,NO,NO,NO,NO,NO,459,13558
safety-label-user-agg/safetyLabelToUserLevelAggregationV2Forwarder.strato,safety-label-user-agg,D11,D16,D11;D16,YES,HIGH,safety-label-user-agg/label-system,FULL_SOURCE_REVIEW,NO,NO,NO,NO,NO,NO,NO,NO,NO,NO,NO,NO,21,691
safety-label-user-agg/safetyLabelToUserLevelAggregationV2Processor.strato,safety-label-user-agg,D11,D16,D11;D16,YES,HIGH,safety-label-user-agg/label-system,FULL_SOURCE_REVIEW,NO,NO,NO,NO,NO,NO,NO,NO,NO,NO,NO,NO,137,5362
scarecrow/BotmakerInitializer.scala,scarecrow,D11,D16,D11;D16,YES,HIGH,scarecrow/label-system,FULL_SOURCE_REVIEW,NO,NO,NO,NO,NO,NO,NO,NO,NO,NO,NO,NO,5,112
scarecrow/GuiceNamedConstants.scala,scarecrow,D11,D16,D11;D16,YES,HIGH,scarecrow/label-system,FULL_SOURCE_REVIEW,NO,NO,NO,NO,NO,NO,NO,NO,NO,NO,NO,NO,9,445
scarecrow/Module.scala,scarecrow,D11,D16,D11;D16,YES,HIGH,scarecrow/label-system,FULL_SOURCE_REVIEW,NO,NO,NO,NO,NO,NO,NO,NO,NO,NO,NO,NO,111,3486
scarecrow/ScarecrowBotMaker.scala,scarecrow,D11,D16,D11;D16,YES,HIGH,scarecrow/label-system,FULL_SOURCE_REVIEW,NO,NO,NO,NO,NO,NO,NO,NO,NO,NO,NO,NO,937,34813
scarecrow/ScarecrowRuntime.scala,scarecrow,D11,D16,D11;D16,YES,HIGH,scarecrow/label-system,FULL_SOURCE_REVIEW,NO,NO,NO,NO,NO,NO,NO,NO,NO,NO,NO,NO,59,2046
scarecrow/Server.scala,scarecrow,D11,D16,D11;D16,YES,HIGH,scarecrow/label-system,FULL_SOURCE_REVIEW,NO,NO,NO,NO,NO,NO,NO,NO,NO,NO,NO,NO,32,997
scarecrow/function/ActionIntakeServiceRegistry.scala,scarecrow,D11,D16,D11;D16,YES,HIGH,scarecrow/label-system,FULL_SOURCE_REVIEW,NO,NO,NO,NO,NO,NO,NO,NO,NO,NO,NO,NO,142,5635
scarecrow/function/JsonRegistry.scala,scarecrow,D11,D16,D11;D16,YES,HIGH,scarecrow/label-system,FULL_SOURCE_REVIEW,NO,NO,NO,NO,NO,NO,NO,NO,NO,NO,NO,NO,72,2601
scarecrow/function/ListRegistry.scala,scarecrow,D11,D16,D11;D16,YES,HIGH,scarecrow/label-system,FULL_SOURCE_REVIEW,NO,NO,NO,NO,NO,NO,NO,NO,NO,NO,NO,NO,26,1235
scarecrow/legacy/ActionerRegistry.scala,scarecrow,D11,D16,D11;D16,YES,HIGH,scarecrow/label-system,FULL_SOURCE_REVIEW,NO,NO,NO,NO,NO,NO,NO,NO,NO,NO,NO,NO,69,2212
scarecrow/legacy/DownstreamServices.scala,scarecrow,D11,D16,D11;D16,YES,HIGH,scarecrow/label-system,FULL_SOURCE_REVIEW,NO,NO,NO,NO,NO,NO,NO,NO,NO,NO,NO,NO,78,2130
scarecrow/legacy/Fetcher10Functions.scala,scarecrow,D11,D16,D11;D16,YES,HIGH,scarecrow/label-system,FULL_SOURCE_REVIEW,NO,NO,NO,NO,NO,NO,NO,NO,NO,NO,NO,NO,25,1013
scarecrow/legacy/FlockRegistry.scala,scarecrow,D11,D16,D11;D16,YES,HIGH,scarecrow/label-system,FULL_SOURCE_REVIEW,NO,NO,NO,NO,NO,NO,NO,NO,NO,NO,NO,NO,61,2483
scarecrow/legacy/FunctionsWithoutDownstreams.scala,scarecrow,D11,D16,D11;D16,YES,HIGH,scarecrow/label-system,FULL_SOURCE_REVIEW,NO,NO,NO,NO,NO,NO,NO,NO,NO,NO,NO,NO,56,2780
scarecrow/legacy/GizmoduckRegistry.scala,scarecrow,D11,D16,D11;D16,YES,HIGH,scarecrow/label-system,FULL_SOURCE_REVIEW,NO,NO,NO,NO,NO,NO,NO,NO,NO,NO,NO,NO,46,1948
scarecrow/legacy/GuanoRegistry.scala,scarecrow,D11,D16,D11;D16,YES,HIGH,scarecrow/label-system,FULL_SOURCE_REVIEW,NO,NO,NO,NO,NO,NO,NO,NO,NO,NO,NO,NO,38,1455
scarecrow/legacy/HllCounterStoreRegistry.scala,scarecrow,D11,D16,D11;D16,YES,HIGH,scarecrow/label-system,FULL_SOURCE_REVIEW,NO,NO,NO,NO,NO,NO,NO,NO,NO,NO,NO,NO,128,4144
scarecrow/legacy/LimiterRegistry.scala,scarecrow,D11,D16,D11;D16,YES,HIGH,scarecrow/label-system,FULL_SOURCE_REVIEW,NO,NO,NO,NO,NO,NO,NO,NO,NO,NO,NO,NO,107,4362
scarecrow/legacy/ModelRegistry.scala,scarecrow,D11,D16,D11;D16,YES,HIGH,scarecrow/label-system,FULL_SOURCE_REVIEW,NO,NO,NO,NO,NO,NO,NO,NO,NO,NO,NO,NO,26,706
scarecrow/legacy/ReportServiceRegistry.scala,scarecrow,D11,D16,D11;D16,YES,HIGH,scarecrow/label-system,FULL_SOURCE_REVIEW,NO,NO,NO,NO,NO,NO,NO,NO,NO,NO,NO,NO,54,1504
scarecrow/legacy/SlugToTweetIdStoreRegistry.scala,scarecrow,D11,D16,D11;D16,YES,HIGH,scarecrow/label-system,FULL_SOURCE_REVIEW,NO,NO,NO,NO,NO,NO,NO,NO,NO,NO,NO,NO,30,1281
scarecrow/legacy/SpamLabelStoreRegistry.scala,scarecrow,D11,D16,D11;D16,YES,HIGH,scarecrow/label-system,FULL_SOURCE_REVIEW,NO,NO,NO,NO,NO,NO,NO,NO,NO,NO,NO,NO,108,3989
scarecrow/legacy/StratoRegistry.scala,scarecrow,D11,D16,D11;D16,YES,HIGH,scarecrow/label-system,FULL_SOURCE_REVIEW,NO,NO,NO,NO,NO,NO,NO,NO,NO,NO,NO,NO,201,8122
scarecrow/legacy/TweetServiceRegistry.scala,scarecrow,D11,D16,D11;D16,YES,HIGH,scarecrow/label-system,FULL_SOURCE_REVIEW,NO,NO,NO,NO,NO,NO,NO,NO,NO,NO,NO,NO,84,3718
scarecrow/legacy/UrlPartsRegistry.scala,scarecrow,D11,D16,D11;D16,YES,HIGH,scarecrow/label-system,FULL_SOURCE_REVIEW,NO,NO,NO,NO,NO,NO,NO,NO,NO,NO,NO,NO,30,1177
scarecrow/legacy/UrlResolutionRegistry.scala,scarecrow,D11,D16,D11;D16,YES,HIGH,scarecrow/label-system,FULL_SOURCE_REVIEW,NO,NO,NO,NO,NO,NO,NO,NO,NO,NO,NO,NO,36,1406
scarecrow/legacy/UrlToSlugStoreRegistry.scala,scarecrow,D11,D16,D11;D16,YES,HIGH,scarecrow/label-system,FULL_SOURCE_REVIEW,NO,NO,NO,NO,NO,NO,NO,NO,NO,NO,NO,NO,54,2045
scarecrow/legacy/UrlVerdictRegistry.scala,scarecrow,D11,D16,D11;D16,YES,HIGH,scarecrow/label-system,FULL_SOURCE_REVIEW,NO,NO,NO,NO,NO,NO,NO,NO,NO,NO,NO,NO,222,9144
scarecrow/legacy/function/Log.scala,scarecrow,D11,D16,D11;D16,YES,HIGH,scarecrow/label-system,FULL_SOURCE_REVIEW,NO,NO,NO,NO,NO,NO,NO,NO,NO,NO,NO,NO,83,2918
scarecrow/legacy/function/RateLimited.scala,scarecrow,D11,D16,D11;D16,YES,HIGH,scarecrow/label-system,FULL_SOURCE_REVIEW,NO,NO,NO,NO,NO,NO,NO,NO,NO,NO,NO,NO,130,5559
scarecrow/sys/FixBotMakerLog.scala,scarecrow,D11,D16,D11;D16,YES,HIGH,scarecrow/label-system,FULL_SOURCE_REVIEW,NO,NO,NO,NO,NO,NO,NO,NO,NO,NO,NO,NO,96,3230
scarecrow/util/RegexUtils.scala,scarecrow,D11,D16,D11;D16,YES,HIGH,scarecrow/label-system,FULL_SOURCE_REVIEW,NO,NO,NO,NO,NO,NO,NO,NO,NO,NO,NO,NO,76,2758
simclusters/simclusters_v2/candidate_source/ClusterRanker.scala,simclusters,D03,D16,D03;D16,YES,HIGH,simclusters,FULL_SOURCE_REVIEW,NO,NO,NO,NO,NO,NO,NO,NO,NO,NO,NO,NO,52,2033
simclusters/simclusters_v2/candidate_source/HeavyRanker.scala,simclusters,D03,D16,D03;D16,YES,HIGH,simclusters,FULL_SOURCE_REVIEW,NO,NO,NO,NO,NO,NO,NO,NO,NO,NO,NO,NO,71,2658
simclusters/simclusters_v2/candidate_source/SimClustersANNCandidateSource.scala,simclusters,D03,D16,D03;D16,YES,HIGH,simclusters,FULL_SOURCE_REVIEW,NO,NO,NO,NO,NO,NO,NO,NO,NO,NO,NO,NO,578,24615
simclusters/simclusters_v2/candidate_source/SimClustersANNWrapperCandidateSource.scala,simclusters,D03,D16,D03;D16,YES,HIGH,simclusters,FULL_SOURCE_REVIEW,NO,NO,NO,NO,NO,NO,NO,NO,NO,NO,NO,NO,49,1865
simclusters/simclusters_v2/common/CosineSimilarityUtil.scala,simclusters,D03,D16,D03;D16,YES,HIGH,simclusters,FULL_SOURCE_REVIEW,NO,NO,NO,NO,NO,NO,NO,NO,NO,NO,NO,NO,162,4198
simclusters/simclusters_v2/common/DeciderGateBuilderWithIdHashing.scala,simclusters,D03,D16,D03;D16,YES,HIGH,simclusters,FULL_SOURCE_REVIEW,NO,NO,NO,NO,NO,NO,NO,NO,NO,NO,NO,NO,20,662
simclusters/simclusters_v2/common/ModelVersions.scala,simclusters,D03,D16,D03;D16,YES,HIGH,simclusters,FULL_SOURCE_REVIEW,NO,NO,NO,NO,NO,NO,NO,NO,NO,NO,NO,NO,42,1383
simclusters/simclusters_v2/common/SeqStandardDeviation.scala,simclusters,D03,D16,D03;D16,YES,HIGH,simclusters,FULL_SOURCE_REVIEW,NO,NO,NO,NO,NO,NO,NO,NO,NO,NO,NO,NO,22,471
simclusters/simclusters_v2/common/SimClustersEmbedding.scala,simclusters,D03,D16,D03;D16,YES,HIGH,simclusters,FULL_SOURCE_REVIEW,NO,NO,NO,NO,NO,NO,NO,NO,NO,NO,NO,NO,445,13936
simclusters/simclusters_v2/common/SimClustersEmbeddingAttentionUtil.scala,simclusters,D03,D16,D03;D16,YES,HIGH,simclusters,FULL_SOURCE_REVIEW,NO,NO,NO,NO,NO,NO,NO,NO,NO,NO,NO,NO,55,1355
simclusters/simclusters_v2/common/SimClustersEmbeddingId.scala,simclusters,D03,D16,D03;D16,YES,HIGH,simclusters,FULL_SOURCE_REVIEW,NO,NO,NO,NO,NO,NO,NO,NO,NO,NO,NO,NO,204,6881
simclusters/simclusters_v2/common/SimClustersEmbeddingIdCacheKeyBuilder.scala,simclusters,D03,D16,D03;D16,YES,HIGH,simclusters,FULL_SOURCE_REVIEW,NO,NO,NO,NO,NO,NO,NO,NO,NO,NO,NO,NO,15,464
simclusters/simclusters_v2/common/SimClustersEmbeddingMonoid.scala,simclusters,D03,D16,D03;D16,YES,HIGH,simclusters,FULL_SOURCE_REVIEW,NO,NO,NO,NO,NO,NO,NO,NO,NO,NO,NO,NO,18,470
simclusters/simclusters_v2/common/SimClustersMultiEmbedding.scala,simclusters,D03,D16,D03;D16,YES,HIGH,simclusters,FULL_SOURCE_REVIEW,NO,NO,NO,NO,NO,NO,NO,NO,NO,NO,NO,NO,27,1046
simclusters/simclusters_v2/common/SimClustersMultiEmbeddingId.scala,simclusters,D03,D16,D03;D16,YES,HIGH,simclusters,FULL_SOURCE_REVIEW,NO,NO,NO,NO,NO,NO,NO,NO,NO,NO,NO,NO,83,3095
simclusters/simclusters_v2/common/clustering/ClusterRepresentativeSelectionMethod.scala,simclusters,D03,D16,D03;D16,YES,HIGH,simclusters,FULL_SOURCE_REVIEW,NO,NO,NO,NO,NO,NO,NO,NO,NO,NO,NO,NO,18,488
simclusters/simclusters_v2/common/clustering/ClusteringMethod.scala,simclusters,D03,D16,D03;D16,YES,HIGH,simclusters,FULL_SOURCE_REVIEW,NO,NO,NO,NO,NO,NO,NO,NO,NO,NO,NO,NO,20,589
simclusters/simclusters_v2/common/clustering/ConnectedComponentsClusteringMethod.scala,simclusters,D03,D16,D03;D16,YES,HIGH,simclusters,FULL_SOURCE_REVIEW,NO,NO,NO,NO,NO,NO,NO,NO,NO,NO,NO,NO,59,1859
simclusters/simclusters_v2/common/clustering/LargestDimensionClusteringMethod.scala,simclusters,D03,D16,D03;D16,YES,HIGH,simclusters,FULL_SOURCE_REVIEW,NO,NO,NO,NO,NO,NO,NO,NO,NO,NO,NO,NO,15,425
simclusters/simclusters_v2/common/clustering/LouvainClusteringMethod.scala,simclusters,D03,D16,D03;D16,YES,HIGH,simclusters,FULL_SOURCE_REVIEW,NO,NO,NO,NO,NO,NO,NO,NO,NO,NO,NO,NO,200,7045
simclusters/simclusters_v2/common/clustering/MaxFavScoreRepresentativeSelectionMethod.scala,simclusters,D03,D16,D03;D16,YES,HIGH,simclusters,FULL_SOURCE_REVIEW,NO,NO,NO,NO,NO,NO,NO,NO,NO,NO,NO,NO,15,516
simclusters/simclusters_v2/common/clustering/MedoidRepresentativeSelectionMethod.scala,simclusters,D03,D16,D03;D16,YES,HIGH,simclusters,FULL_SOURCE_REVIEW,NO,NO,NO,NO,NO,NO,NO,NO,NO,NO,NO,NO,21,650
simclusters/simclusters_v2/common/clustering/SimilarityFunctions.scala,simclusters,D03,D16,D03;D16,YES,HIGH,simclusters,FULL_SOURCE_REVIEW,NO,NO,NO,NO,NO,NO,NO,NO,NO,NO,NO,NO,29,772
simclusters/simclusters_v2/common/ml/SimClustersEmbeddingAdapter.scala,simclusters,D03,D16,D03;D16,YES,HIGH,simclusters,FULL_SOURCE_REVIEW,NO,NO,NO,NO,NO,NO,NO,NO,NO,NO,NO,NO,39,1423
simclusters/simclusters_v2/common/package.scala,simclusters,D03,D16,D03;D16,YES,HIGH,simclusters,FULL_SOURCE_REVIEW,NO,NO,NO,NO,NO,NO,NO,NO,NO,NO,NO,NO,18,394
simclusters/simclusters_v2/scalding/BipartiteClusterEvaluation.scala,simclusters,D03,D16,D03;D16,YES,HIGH,simclusters,FULL_SOURCE_REVIEW,NO,NO,NO,NO,NO,NO,NO,NO,NO,NO,NO,NO,495,19316
simclusters/simclusters_v2/scalding/BipartiteClusterEvaluationClasses.scala,simclusters,D03,D16,D03;D16,YES,HIGH,simclusters,FULL_SOURCE_REVIEW,NO,NO,NO,NO,NO,NO,NO,NO,NO,NO,NO,NO,319,13576
simclusters/simclusters_v2/scalding/ClusterDetailsJob.scala,simclusters,D03,D16,D03;D16,YES,HIGH,simclusters,FULL_SOURCE_REVIEW,NO,NO,NO,NO,NO,NO,NO,NO,NO,NO,NO,NO,736,30192
simclusters/simclusters_v2/scalding/ClusterEvaluation.scala,simclusters,D03,D16,D03;D16,YES,HIGH,simclusters,FULL_SOURCE_REVIEW,NO,NO,NO,NO,NO,NO,NO,NO,NO,NO,NO,NO,561,22710
simclusters/simclusters_v2/scalding/CompareClusters.scala,simclusters,D03,D16,D03;D16,YES,HIGH,simclusters,FULL_SOURCE_REVIEW,NO,NO,NO,NO,NO,NO,NO,NO,NO,NO,NO,NO,127,4366
simclusters/simclusters_v2/scalding/EigenVectorsForSparseSymmetric.scala,simclusters,D03,D16,D03;D16,YES,HIGH,simclusters,FULL_SOURCE_REVIEW,NO,NO,NO,NO,NO,NO,NO,NO,NO,NO,NO,NO,282,10528
simclusters/simclusters_v2/scalding/InterestedInFromAggregatableProducerEmbeddings.scala,simclusters,D03,D16,D03;D16,YES,HIGH,simclusters,FULL_SOURCE_REVIEW,NO,NO,NO,NO,NO,NO,NO,NO,NO,NO,NO,NO,277,11024
simclusters/simclusters_v2/scalding/InterestedInFromKnownFor.scala,simclusters,D03,D16,D03;D16,YES,HIGH,simclusters,FULL_SOURCE_REVIEW,NO,NO,NO,NO,NO,NO,NO,NO,NO,NO,NO,NO,598,22229
simclusters/simclusters_v2/scalding/InterestedInFromKnownForLite.scala,simclusters,D03,D16,D03;D16,YES,HIGH,simclusters,FULL_SOURCE_REVIEW,NO,NO,NO,NO,NO,NO,NO,NO,NO,NO,NO,NO,310,11449
simclusters/simclusters_v2/scalding/InterestedInFromProducerEmbeddingsAdhocApp.scala,simclusters,D03,D16,D03;D16,YES,HIGH,simclusters,FULL_SOURCE_REVIEW,NO,NO,NO,NO,NO,NO,NO,NO,NO,NO,NO,NO,251,10276
simclusters/simclusters_v2/scalding/KnownForSources.scala,simclusters,D03,D16,D03;D16,YES,HIGH,simclusters,FULL_SOURCE_REVIEW,NO,NO,NO,NO,NO,NO,NO,NO,NO,NO,NO,NO,266,8751
simclusters/simclusters_v2/scalding/LabeledSimclusters.scala,simclusters,D03,D16,D03;D16,YES,HIGH,simclusters,FULL_SOURCE_REVIEW,NO,NO,NO,NO,NO,NO,NO,NO,NO,NO,NO,NO,142,5269
simclusters/simclusters_v2/scalding/ProducerNormsAndCounts.scala,simclusters,D03,D16,D03;D16,YES,HIGH,simclusters,FULL_SOURCE_REVIEW,NO,NO,NO,NO,NO,NO,NO,NO,NO,NO,NO,NO,190,6680
simclusters/simclusters_v2/scalding/TopUsersSimilarityGraph.scala,simclusters,D03,D16,D03;D16,YES,HIGH,simclusters,FULL_SOURCE_REVIEW,NO,NO,NO,NO,NO,NO,NO,NO,NO,NO,NO,NO,882,31196
simclusters/simclusters_v2/scalding/UpdateKnownFor.scala,simclusters,D03,D16,D03;D16,YES,HIGH,simclusters,FULL_SOURCE_REVIEW,NO,NO,NO,NO,NO,NO,NO,NO,NO,NO,NO,NO,245,9474
simclusters/simclusters_v2/scalding/UpdateKnownForApps.scala,simclusters,D03,D16,D03;D16,YES,HIGH,simclusters,FULL_SOURCE_REVIEW,NO,NO,NO,NO,NO,NO,NO,NO,NO,NO,NO,NO,387,14991
simclusters/simclusters_v2/scalding/UserUserFavGraph.scala,simclusters,D03,D16,D03;D16,YES,HIGH,simclusters,FULL_SOURCE_REVIEW,NO,NO,NO,NO,NO,NO,NO,NO,NO,NO,NO,NO,419,15318
simclusters/simclusters_v2/scalding/UserUserGraph.scala,simclusters,D03,D16,D03;D16,YES,HIGH,simclusters,FULL_SOURCE_REVIEW,NO,NO,NO,NO,NO,NO,NO,NO,NO,NO,NO,NO,152,5771
simclusters/simclusters_v2/scalding/UserUserNormalizedGraph.scala,simclusters,D03,D16,D03;D16,YES,HIGH,simclusters,FULL_SOURCE_REVIEW,NO,NO,NO,NO,NO,NO,NO,NO,NO,NO,NO,NO,433,16452
simclusters/simclusters_v2/scalding/common/PersistentTweetEmbeddingSource.scala,simclusters,D03,D16,D03;D16,YES,HIGH,simclusters,FULL_SOURCE_REVIEW,NO,NO,NO,NO,NO,NO,NO,NO,NO,NO,NO,NO,53,2311
simclusters/simclusters_v2/scalding/common/QTreeMultiAggregator.scala,simclusters,D03,D16,D03;D16,YES,HIGH,simclusters,FULL_SOURCE_REVIEW,NO,NO,NO,NO,NO,NO,NO,NO,NO,NO,NO,NO,25,757
simclusters/simclusters_v2/scalding/common/TypedRichPipe.scala,simclusters,D03,D16,D03;D16,YES,HIGH,simclusters,FULL_SOURCE_REVIEW,NO,NO,NO,NO,NO,NO,NO,NO,NO,NO,NO,NO,64,1723
simclusters/simclusters_v2/scalding/common/Util.scala,simclusters,D03,D16,D03;D16,YES,HIGH,simclusters,FULL_SOURCE_REVIEW,NO,NO,NO,NO,NO,NO,NO,NO,NO,NO,NO,NO,291,8534
simclusters/simclusters_v2/scalding/common/matrix/DenseRowMatrix.scala,simclusters,D03,D16,D03;D16,YES,HIGH,simclusters,FULL_SOURCE_REVIEW,NO,NO,NO,NO,NO,NO,NO,NO,NO,NO,NO,NO,61,1667
simclusters/simclusters_v2/scalding/common/matrix/SparseMatrix.scala,simclusters,D03,D16,D03;D16,YES,HIGH,simclusters,FULL_SOURCE_REVIEW,NO,NO,NO,NO,NO,NO,NO,NO,NO,NO,NO,NO,295,8163
simclusters/simclusters_v2/scalding/common/matrix/SparseRowMatrix.scala,simclusters,D03,D16,D03;D16,YES,HIGH,simclusters,FULL_SOURCE_REVIEW,NO,NO,NO,NO,NO,NO,NO,NO,NO,NO,NO,NO,286,7719
simclusters/simclusters_v2/scalding/common/matrix/TypedPipeMatrix.scala,simclusters,D03,D16,D03;D16,YES,HIGH,simclusters,FULL_SOURCE_REVIEW,NO,NO,NO,NO,NO,NO,NO,NO,NO,NO,NO,NO,36,1013
simclusters/simclusters_v2/scalding/embedding/EntityEmbeddingFromProducerEmbeddingJob.scala,simclusters,D03,D16,D03;D16,YES,HIGH,simclusters,FULL_SOURCE_REVIEW,NO,NO,NO,NO,NO,NO,NO,NO,NO,NO,NO,NO,216,8612
simclusters/simclusters_v2/scalding/embedding/EntityToSimClustersEmbeddingsJob.scala,simclusters,D03,D16,D03;D16,YES,HIGH,simclusters,FULL_SOURCE_REVIEW,NO,NO,NO,NO,NO,NO,NO,NO,NO,NO,NO,NO,325,11720
simclusters/simclusters_v2/scalding/embedding/GlobalSimClustersLanguageEmbedding.scala,simclusters,D03,D16,D03;D16,YES,HIGH,simclusters,FULL_SOURCE_REVIEW,NO,NO,NO,NO,NO,NO,NO,NO,NO,NO,NO,NO,181,6470
simclusters/simclusters_v2/scalding/embedding/LocaleEntitySimClustersEmbeddingV2Job.scala,simclusters,D03,D16,D03;D16,YES,HIGH,simclusters,FULL_SOURCE_REVIEW,NO,NO,NO,NO,NO,NO,NO,NO,NO,NO,NO,NO,238,8702
simclusters/simclusters_v2/scalding/embedding/LocaleEntitySimClustersEmbeddingsJob.scala,simclusters,D03,D16,D03;D16,YES,HIGH,simclusters,FULL_SOURCE_REVIEW,NO,NO,NO,NO,NO,NO,NO,NO,NO,NO,NO,NO,404,15329
simclusters/simclusters_v2/scalding/embedding/ProducerEmbeddingsFromInterestedIn.scala,simclusters,D03,D16,D03;D16,YES,HIGH,simclusters,FULL_SOURCE_REVIEW,NO,NO,NO,NO,NO,NO,NO,NO,NO,NO,NO,NO,628,22004
simclusters/simclusters_v2/scalding/embedding/SimilarUsersBySimClustersEmbedding.scala,simclusters,D03,D16,D03;D16,YES,HIGH,simclusters,FULL_SOURCE_REVIEW,NO,NO,NO,NO,NO,NO,NO,NO,NO,NO,NO,NO,284,10290
simclusters/simclusters_v2/scalding/embedding/abuse/AbuseSimclusterFeaturesScaldingJob.scala,simclusters,D03,D16,D03;D16,YES,HIGH,simclusters,FULL_SOURCE_REVIEW,NO,NO,NO,NO,NO,NO,NO,NO,NO,NO,NO,NO,160,6316
simclusters/simclusters_v2/scalding/embedding/abuse/AdhocAbuseSimClusterFeaturesScaldingJob.scala,simclusters,D03,D16,D03;D16,YES,HIGH,simclusters,FULL_SOURCE_REVIEW,NO,NO,NO,NO,NO,NO,NO,NO,NO,NO,NO,NO,193,8181
simclusters/simclusters_v2/scalding/embedding/abuse/CrossSimClusterFeaturesScaldingJob.scala,simclusters,D03,D16,D03;D16,YES,HIGH,simclusters,FULL_SOURCE_REVIEW,NO,NO,NO,NO,NO,NO,NO,NO,NO,NO,NO,NO,122,5246
simclusters/simclusters_v2/scalding/embedding/abuse/DataSources.scala,simclusters,D03,D16,D03;D16,YES,HIGH,simclusters,FULL_SOURCE_REVIEW,NO,NO,NO,NO,NO,NO,NO,NO,NO,NO,NO,NO,90,3090
simclusters/simclusters_v2/scalding/embedding/abuse/PairedinteractionFeatures.scala,simclusters,D03,D16,D03;D16,YES,HIGH,simclusters,FULL_SOURCE_REVIEW,NO,NO,NO,NO,NO,NO,NO,NO,NO,NO,NO,NO,85,2808
simclusters/simclusters_v2/scalding/embedding/abuse/SingleSideInteractionTransformation.scala,simclusters,D03,D16,D03;D16,YES,HIGH,simclusters,FULL_SOURCE_REVIEW,NO,NO,NO,NO,NO,NO,NO,NO,NO,NO,NO,NO,97,3345
simclusters/simclusters_v2/scalding/embedding/common/EmbeddingUtil.scala,simclusters,D03,D16,D03;D16,YES,HIGH,simclusters,FULL_SOURCE_REVIEW,NO,NO,NO,NO,NO,NO,NO,NO,NO,NO,NO,NO,96,3270
simclusters/simclusters_v2/scalding/embedding/common/EntityEmbeddingUtil.scala,simclusters,D03,D16,D03;D16,YES,HIGH,simclusters,FULL_SOURCE_REVIEW,NO,NO,NO,NO,NO,NO,NO,NO,NO,NO,NO,NO,77,2805
simclusters/simclusters_v2/scalding/embedding/common/ExternalDataSources.scala,simclusters,D03,D16,D03;D16,YES,HIGH,simclusters,FULL_SOURCE_REVIEW,NO,NO,NO,NO,NO,NO,NO,NO,NO,NO,NO,NO,551,20479
simclusters/simclusters_v2/scalding/embedding/common/SimClustersEmbeddingJob.scala,simclusters,D03,D16,D03;D16,YES,HIGH,simclusters,FULL_SOURCE_REVIEW,NO,NO,NO,NO,NO,NO,NO,NO,NO,NO,NO,NO,238,7688
simclusters/simclusters_v2/scalding/embedding/producer/AggregatableFavBasedProducerEmbeddings.scala,simclusters,D03,D16,D03;D16,YES,HIGH,simclusters,FULL_SOURCE_REVIEW,NO,NO,NO,NO,NO,NO,NO,NO,NO,NO,NO,NO,241,8002
simclusters/simclusters_v2/scalding/embedding/producer/AggregatableFollowBasedProducerEmbeddings.scala,simclusters,D03,D16,D03;D16,YES,HIGH,simclusters,FULL_SOURCE_REVIEW,NO,NO,NO,NO,NO,NO,NO,NO,NO,NO,NO,NO,138,5024
simclusters/simclusters_v2/scalding/embedding/producer/AggregatableLogFavBasedProducerEmbeddings.scala,simclusters,D03,D16,D03;D16,YES,HIGH,simclusters,FULL_SOURCE_REVIEW,NO,NO,NO,NO,NO,NO,NO,NO,NO,NO,NO,NO,310,10776
simclusters/simclusters_v2/scalding/embedding/producer/AggregatableProducerEmbeddings.scala,simclusters,D03,D16,D03;D16,YES,HIGH,simclusters,FULL_SOURCE_REVIEW,NO,NO,NO,NO,NO,NO,NO,NO,NO,NO,NO,NO,145,5008
simclusters/simclusters_v2/scalding/embedding/tfg/EngagementWeightedTfgBasedTopicEmbeddingsJob.scala,simclusters,D03,D16,D03;D16,YES,HIGH,simclusters,FULL_SOURCE_REVIEW,NO,NO,NO,NO,NO,NO,NO,NO,NO,NO,NO,NO,271,10745
simclusters/simclusters_v2/scalding/embedding/tfg/FavInferredLanguageTfgBasedTopicEmbeddings.scala,simclusters,D03,D16,D03;D16,YES,HIGH,simclusters,FULL_SOURCE_REVIEW,NO,NO,NO,NO,NO,NO,NO,NO,NO,NO,NO,NO,44,2374
simclusters/simclusters_v2/scalding/embedding/tfg/FavTfgBasedTopicEmbeddings.scala,simclusters,D03,D16,D03;D16,YES,HIGH,simclusters,FULL_SOURCE_REVIEW,NO,NO,NO,NO,NO,NO,NO,NO,NO,NO,NO,NO,123,5879
simclusters/simclusters_v2/scalding/embedding/tfg/InferredLanguageTfgBasedTopicEmbeddingsBaseApp.scala,simclusters,D03,D16,D03;D16,YES,HIGH,simclusters,FULL_SOURCE_REVIEW,NO,NO,NO,NO,NO,NO,NO,NO,NO,NO,NO,NO,186,7196
simclusters/simclusters_v2/scalding/embedding/tfg/LogFavTfgBasedTopicEmbeddings.scala,simclusters,D03,D16,D03;D16,YES,HIGH,simclusters,FULL_SOURCE_REVIEW,NO,NO,NO,NO,NO,NO,NO,NO,NO,NO,NO,NO,49,2653
simclusters/simclusters_v2/scalding/embedding/tfg/TfgBasedTopicEmbeddingsBaseApp.scala,simclusters,D03,D16,D03;D16,YES,HIGH,simclusters,FULL_SOURCE_REVIEW,NO,NO,NO,NO,NO,NO,NO,NO,NO,NO,NO,NO,190,6918
simclusters/simclusters_v2/scalding/embedding/twice/InterestedInTwice.scala,simclusters,D03,D16,D03;D16,YES,HIGH,simclusters,FULL_SOURCE_REVIEW,NO,NO,NO,NO,NO,NO,NO,NO,NO,NO,NO,NO,383,13248
simclusters/simclusters_v2/scalding/embedding/twice/InterestedInTwiceBaseApp.scala,simclusters,D03,D16,D03;D16,YES,HIGH,simclusters,FULL_SOURCE_REVIEW,NO,NO,NO,NO,NO,NO,NO,NO,NO,NO,NO,NO,424,16996
simclusters/simclusters_v2/scalding/evaluation/CandidateEvaluationBase.scala,simclusters,D03,D16;D15,D03;D16;D15,YES,HIGH,simclusters,FULL_SOURCE_REVIEW,NO,NO,NO,NO,NO,NO,NO,NO,NO,NO,NO,NO,119,4205
simclusters/simclusters_v2/scalding/evaluation/EvaluationMetricHelper.scala,simclusters,D03,D16;D15,D03;D16;D15,YES,HIGH,simclusters,FULL_SOURCE_REVIEW,NO,NO,NO,NO,NO,NO,NO,NO,NO,NO,NO,NO,476,18691
simclusters/simclusters_v2/scalding/evaluation/EvaluationReferenceDataExtraction.scala,simclusters,D03,D16;D15,D03;D16;D15,YES,HIGH,simclusters,FULL_SOURCE_REVIEW,NO,NO,NO,NO,NO,NO,NO,NO,NO,NO,NO,NO,234,9224
simclusters/simclusters_v2/scalding/evaluation/LabelCorrelationsHelper.scala,simclusters,D03,D16;D15,D03;D16;D15,YES,HIGH,simclusters,FULL_SOURCE_REVIEW,NO,NO,NO,NO,NO,NO,NO,NO,NO,NO,NO,NO,44,1474
simclusters/simclusters_v2/scalding/evaluation/SimClustersEvaluationAdhocApp.scala,simclusters,D03,D16;D15,D03;D16;D15,YES,HIGH,simclusters,FULL_SOURCE_REVIEW,NO,NO,NO,NO,NO,NO,NO,NO,NO,NO,NO,NO,168,6866
simclusters/simclusters_v2/scalding/inferred_entities/InferredEntities.scala,simclusters,D03,D16,D03;D16,YES,HIGH,simclusters,FULL_SOURCE_REVIEW,NO,NO,NO,NO,NO,NO,NO,NO,NO,NO,NO,NO,74,2751
simclusters/simclusters_v2/scalding/inferred_entities/InferredEntitiesFromInterestedIn.scala,simclusters,D03,D16,D03;D16,YES,HIGH,simclusters,FULL_SOURCE_REVIEW,NO,NO,NO,NO,NO,NO,NO,NO,NO,NO,NO,NO,333,11554
simclusters/simclusters_v2/scalding/inferred_entities/InferredSemanticCoreEntitiesFromKnownFor.scala,simclusters,D03,D16,D03;D16,YES,HIGH,simclusters,FULL_SOURCE_REVIEW,NO,NO,NO,NO,NO,NO,NO,NO,NO,NO,NO,NO,221,7439
simclusters/simclusters_v2/scalding/inferred_entities/ProdSources.scala,simclusters,D03,D16,D03;D16,YES,HIGH,simclusters,FULL_SOURCE_REVIEW,NO,NO,NO,NO,NO,NO,NO,NO,NO,NO,NO,NO,90,3768
simclusters/simclusters_v2/scalding/mbcg/AllFeatures.scala,simclusters,D03,D16,D03;D16,YES,HIGH,simclusters,FULL_SOURCE_REVIEW,NO,NO,NO,NO,NO,NO,NO,NO,NO,NO,NO,NO,55,1608
simclusters/simclusters_v2/scalding/mbcg/RecordAdapters.scala,simclusters,D03,D16,D03;D16,YES,HIGH,simclusters,FULL_SOURCE_REVIEW,NO,NO,NO,NO,NO,NO,NO,NO,NO,NO,NO,NO,75,2756
simclusters/simclusters_v2/scalding/mbcg/TweetEmbeddingGenerationJob.scala,simclusters,D03,D16,D03;D16,YES,HIGH,simclusters,FULL_SOURCE_REVIEW,NO,NO,NO,NO,NO,NO,NO,NO,NO,NO,NO,NO,375,14798
simclusters/simclusters_v2/scalding/mbcg/UserEmbeddingGenerationJob.scala,simclusters,D03,D16,D03;D16,YES,HIGH,simclusters,FULL_SOURCE_REVIEW,NO,NO,NO,NO,NO,NO,NO,NO,NO,NO,NO,NO,262,10153
simclusters/simclusters_v2/scalding/multi_type_graph/assemble_multi_type_graph/AssembleMultiTypeGraph.scala,simclusters,D03,D16,D03;D16,YES,HIGH,simclusters,FULL_SOURCE_REVIEW,NO,NO,NO,NO,NO,NO,NO,NO,NO,NO,NO,NO,493,17475
simclusters/simclusters_v2/scalding/multi_type_graph/assemble_multi_type_graph/AssembleMultiTypeGraphApp.scala,simclusters,D03,D16,D03;D16,YES,HIGH,simclusters,FULL_SOURCE_REVIEW,NO,NO,NO,NO,NO,NO,NO,NO,NO,NO,NO,NO,51,2666
simclusters/simclusters_v2/scalding/multi_type_graph/assemble_multi_type_graph/AssembleMultiTypeGraphBaseApp.scala,simclusters,D03,D16,D03;D16,YES,HIGH,simclusters,FULL_SOURCE_REVIEW,NO,NO,NO,NO,NO,NO,NO,NO,NO,NO,NO,NO,164,6040
simclusters/simclusters_v2/scalding/multi_type_graph/assemble_multi_type_graph/Config.scala,simclusters,D03,D16;D17,D03;D16;D17,YES,HIGH,simclusters,FULL_SOURCE_REVIEW,NO,NO,NO,NO,NO,NO,NO,NO,YES,NO,NO,NO,34,1272
simclusters/simclusters_v2/scalding/offline_data_conversion/AsyncMeterLimiter.scala,simclusters,D03,D16,D03;D16,YES,HIGH,simclusters,FULL_SOURCE_REVIEW,NO,NO,NO,NO,NO,NO,NO,NO,NO,NO,NO,NO,22,781
simclusters/simclusters_v2/scalding/offline_data_conversion/ClusterDetails20M145K2020FlattenJob.scala,simclusters,D03,D16,D03;D16,YES,HIGH,simclusters,FULL_SOURCE_REVIEW,NO,NO,NO,NO,NO,NO,NO,NO,NO,NO,NO,NO,102,4028
simclusters/simclusters_v2/scalding/offline_data_conversion/HydrationHelper.scala,simclusters,D03,D16,D03;D16,YES,HIGH,simclusters,FULL_SOURCE_REVIEW,NO,NO,NO,NO,NO,NO,NO,NO,NO,NO,NO,NO,35,1474
simclusters/simclusters_v2/scalding/offline_data_conversion/InterestedIn20M145K2020FlattenJob.scala,simclusters,D03,D16,D03;D16,YES,HIGH,simclusters,FULL_SOURCE_REVIEW,NO,NO,NO,NO,NO,NO,NO,NO,NO,NO,NO,NO,92,4001
simclusters/simclusters_v2/scalding/offline_data_conversion/InterestedIn20M145K2020FlattenTransform.scala,simclusters,D03,D16,D03;D16,YES,HIGH,simclusters,FULL_SOURCE_REVIEW,NO,NO,NO,NO,NO,NO,NO,NO,NO,NO,NO,NO,59,2378
simclusters/simclusters_v2/scalding/offline_data_conversion/KnownFor20M145K2020FlattenJob.scala,simclusters,D03,D16,D03;D16,YES,HIGH,simclusters,FULL_SOURCE_REVIEW,NO,NO,NO,NO,NO,NO,NO,NO,NO,NO,NO,NO,95,3828
simclusters/simclusters_v2/scalding/offline_data_conversion/KnownFor20M145K2020FlattenTransform.scala,simclusters,D03,D16,D03;D16,YES,HIGH,simclusters,FULL_SOURCE_REVIEW,NO,NO,NO,NO,NO,NO,NO,NO,NO,NO,NO,NO,52,1835
simclusters/simclusters_v2/scalding/offline_job/OfflineTweetRecommendation.scala,simclusters,D03,D16,D03;D16,YES,HIGH,simclusters,FULL_SOURCE_REVIEW,NO,NO,NO,NO,NO,NO,NO,NO,NO,NO,NO,NO,161,5469
simclusters/simclusters_v2/scalding/offline_job/SimClustersOfflineJob.scala,simclusters,D03,D16,D03;D16,YES,HIGH,simclusters,FULL_SOURCE_REVIEW,NO,NO,NO,NO,NO,NO,NO,NO,NO,NO,NO,NO,166,6404
simclusters/simclusters_v2/scalding/offline_job/SimClustersOfflineJobAdhocApp.scala,simclusters,D03,D16,D03;D16,YES,HIGH,simclusters,FULL_SOURCE_REVIEW,NO,NO,NO,NO,NO,NO,NO,NO,NO,NO,NO,NO,173,6640
simclusters/simclusters_v2/scalding/offline_job/SimClustersOfflineJobScheduledApp.scala,simclusters,D03,D16,D03;D16,YES,HIGH,simclusters,FULL_SOURCE_REVIEW,NO,NO,NO,NO,NO,NO,NO,NO,NO,NO,NO,NO,104,3544
simclusters/simclusters_v2/scalding/offline_job/SimClustersOfflineJobUtil.scala,simclusters,D03,D16,D03;D16,YES,HIGH,simclusters,FULL_SOURCE_REVIEW,NO,NO,NO,NO,NO,NO,NO,NO,NO,NO,NO,NO,104,3645
simclusters/simclusters_v2/scalding/offline_job/adhoc/SimClustersTweetEmbeddingAdhocApp.scala,simclusters,D03,D16,D03;D16,YES,HIGH,simclusters,FULL_SOURCE_REVIEW,NO,NO,NO,NO,NO,NO,NO,NO,NO,NO,NO,NO,175,6482
simclusters/simclusters_v2/scalding/offline_job/adhoc/TweetSimilarityEvaluationAdhocApp.scala,simclusters,D03,D16,D03;D16,YES,HIGH,simclusters,FULL_SOURCE_REVIEW,NO,NO,NO,NO,NO,NO,NO,NO,NO,NO,NO,NO,296,9148
simclusters/simclusters_v2/scalding/offline_tweets/ClusterTopMediaTweetsJob.scala,simclusters,D03,D16,D03;D16,YES,HIGH,simclusters,FULL_SOURCE_REVIEW,NO,NO,NO,NO,NO,NO,NO,NO,NO,NO,NO,NO,237,8693
simclusters/simclusters_v2/scalding/optout/InterestedInOptOut.scala,simclusters,D03,D16,D03;D16,YES,HIGH,simclusters,FULL_SOURCE_REVIEW,NO,NO,NO,NO,NO,NO,NO,NO,NO,NO,NO,NO,208,7616
simclusters/simclusters_v2/scalding/optout/KnownForOptOut.scala,simclusters,D03,D16,D03;D16,YES,HIGH,simclusters,FULL_SOURCE_REVIEW,NO,NO,NO,NO,NO,NO,NO,NO,NO,NO,NO,NO,179,6498
simclusters/simclusters_v2/scalding/optout/SimClustersOptOutUtil.scala,simclusters,D03,D16,D03;D16,YES,HIGH,simclusters,FULL_SOURCE_REVIEW,NO,NO,NO,NO,NO,NO,NO,NO,NO,NO,NO,NO,149,5697
simclusters/simclusters_v2/scalding/topic_recommendations/GeoPopularTopicsApp.scala,simclusters,D03,D16,D03;D16,YES,HIGH,simclusters,FULL_SOURCE_REVIEW,NO,NO,NO,NO,NO,NO,NO,NO,NO,NO,NO,NO,149,5242
simclusters/simclusters_v2/scalding/topic_recommendations/ProducersForTopicsFromTopicFollowGraph.scala,simclusters,D03,D16,D03;D16,YES,HIGH,simclusters,FULL_SOURCE_REVIEW,NO,NO,NO,NO,NO,NO,NO,NO,NO,NO,NO,NO,174,6768
simclusters/simclusters_v2/scalding/topic_recommendations/SimilarTopicsFromTopicFollowGraphApp.scala,simclusters,D03,D16,D03;D16,YES,HIGH,simclusters,FULL_SOURCE_REVIEW,NO,NO,NO,NO,NO,NO,NO,NO,NO,NO,NO,NO,183,6182
simclusters/simclusters_v2/scalding/topic_recommendations/TopicsForProducersFromEM.scala,simclusters,D03,D16,D03;D16,YES,HIGH,simclusters,FULL_SOURCE_REVIEW,NO,NO,NO,NO,NO,NO,NO,NO,NO,NO,NO,NO,220,8475
simclusters/simclusters_v2/scalding/topic_recommendations/TopicsForProducersUtils.scala,simclusters,D03,D16,D03;D16,YES,HIGH,simclusters,FULL_SOURCE_REVIEW,NO,NO,NO,NO,NO,NO,NO,NO,NO,NO,NO,NO,100,3812
simclusters/simclusters_v2/scalding/topic_recommendations/model_based_topic_recommendations/DataSources.scala,simclusters,D03,D16,D03;D16,YES,HIGH,simclusters,FULL_SOURCE_REVIEW,NO,NO,NO,NO,NO,NO,NO,NO,NO,NO,NO,NO,72,3122
simclusters/simclusters_v2/scalding/topic_recommendations/model_based_topic_recommendations/UserFeatures.scala,simclusters,D03,D16,D03;D16,YES,HIGH,simclusters,FULL_SOURCE_REVIEW,NO,NO,NO,NO,NO,NO,NO,NO,NO,NO,NO,NO,58,1529
simclusters/simclusters_v2/scalding/topic_recommendations/model_based_topic_recommendations/UserTopicDataRecordAdapter.scala,simclusters,D03,D16,D03;D16,YES,HIGH,simclusters,FULL_SOURCE_REVIEW,NO,NO,NO,NO,NO,NO,NO,NO,NO,NO,NO,NO,52,1881
simclusters/simclusters_v2/scalding/topic_recommendations/model_based_topic_recommendations/UserTopicModellingTrainingDataCollectionJob.scala,simclusters,D03,D16;D15,D03;D16;D15,YES,HIGH,simclusters,FULL_SOURCE_REVIEW,NO,NO,NO,NO,NO,NO,NO,NO,NO,NO,NO,NO,380,12914
simclusters/simclusters_v2/scalding/tweet_similarity/DatasetTopKAnalysisJob.scala,simclusters,D03,D16,D03;D16,YES,HIGH,simclusters,FULL_SOURCE_REVIEW,NO,NO,NO,NO,NO,NO,NO,NO,NO,NO,NO,NO,234,8130
simclusters/simclusters_v2/scalding/tweet_similarity/TrainingDataCollectionJob.scala,simclusters,D03,D16;D15,D03;D16;D15,YES,HIGH,simclusters,FULL_SOURCE_REVIEW,NO,NO,NO,NO,NO,NO,NO,NO,NO,NO,NO,NO,205,6577
simclusters/simclusters_v2/scalding/tweet_similarity/TrainingDataCollectionUtil.scala,simclusters,D03,D16;D15,D03;D16;D15,YES,HIGH,simclusters,FULL_SOURCE_REVIEW,NO,NO,NO,NO,NO,NO,NO,NO,NO,NO,NO,NO,103,4183
simclusters/simclusters_v2/scalding/tweet_similarity/TweetPairFeatureHydrationUtil.scala,simclusters,D03,D16,D03;D16,YES,HIGH,simclusters,FULL_SOURCE_REVIEW,NO,NO,NO,NO,NO,NO,NO,NO,NO,NO,NO,NO,237,9739
simclusters/simclusters_v2/scalding/tweet_similarity/TweetPairLabelCollectionUtil.scala,simclusters,D03,D16,D03;D16,YES,HIGH,simclusters,FULL_SOURCE_REVIEW,NO,NO,NO,NO,NO,NO,NO,NO,NO,NO,NO,NO,362,12775
simclusters/simclusters_v2/scalding/tweet_similarity/UnhydratedPairsCollectionJob.scala,simclusters,D03,D16,D03;D16,YES,HIGH,simclusters,FULL_SOURCE_REVIEW,NO,NO,NO,NO,NO,NO,NO,NO,NO,NO,NO,NO,178,6206
simclusters/simclusters_v2/scalding/tweet_similarity/evaluation/ModelEvalAdhocApp.scala,simclusters,D03,D16;D15,D03;D16;D15,YES,HIGH,simclusters,FULL_SOURCE_REVIEW,NO,NO,NO,NO,NO,NO,NO,NO,NO,NO,NO,NO,61,2622
simclusters/simclusters_v2/scalding/tweet_similarity/evaluation/RUXLandingDdgAnalysisAdhocApp.scala,simclusters,D03,D16;D15,D03;D16;D15,YES,HIGH,simclusters,FULL_SOURCE_REVIEW,NO,NO,NO,NO,NO,NO,NO,NO,NO,NO,NO,NO,69,2905
simclusters/simclusters_v2/scalding/update_known_for/UpdateKnownFor20M145K2020.scala,simclusters,D03,D16,D03;D16,YES,HIGH,simclusters,FULL_SOURCE_REVIEW,NO,NO,NO,NO,NO,NO,NO,NO,NO,NO,NO,NO,209,8568
simclusters/simclusters_v2/scalding/update_known_for/UpdateKnownForSBFRunner.scala,simclusters,D03,D16,D03;D16,YES,HIGH,simclusters,FULL_SOURCE_REVIEW,NO,NO,NO,NO,NO,NO,NO,NO,NO,NO,NO,NO,569,20747
simclusters/simclusters_v2/score/AggregatedScoreStore.scala,simclusters,D03,D16,D03;D16,YES,HIGH,simclusters,FULL_SOURCE_REVIEW,NO,NO,NO,NO,NO,NO,NO,NO,NO,NO,NO,NO,16,571
simclusters/simclusters_v2/score/Score.scala,simclusters,D03,D16,D03;D16,YES,HIGH,simclusters,FULL_SOURCE_REVIEW,NO,NO,NO,NO,NO,NO,NO,NO,NO,NO,NO,NO,16,341
simclusters/simclusters_v2/score/ScoreFacadeStore.scala,simclusters,D03,D16,D03;D16,YES,HIGH,simclusters,FULL_SOURCE_REVIEW,NO,NO,NO,NO,NO,NO,NO,NO,NO,NO,NO,NO,81,2607
simclusters/simclusters_v2/score/ScoreId.scala,simclusters,D03,D16,D03;D16,YES,HIGH,simclusters,FULL_SOURCE_REVIEW,NO,NO,NO,NO,NO,NO,NO,NO,NO,NO,NO,NO,113,3712
simclusters/simclusters_v2/score/ScoreStore.scala,simclusters,D03,D16,D03;D16,YES,HIGH,simclusters,FULL_SOURCE_REVIEW,NO,NO,NO,NO,NO,NO,NO,NO,NO,NO,NO,NO,61,1726
simclusters/simclusters_v2/score/SimClustersEmbeddingPairScoreStore.scala,simclusters,D03,D16,D03;D16,YES,HIGH,simclusters,FULL_SOURCE_REVIEW,NO,NO,NO,NO,NO,NO,NO,NO,NO,NO,NO,NO,223,6642
simclusters/simclusters_v2/score/WeightedSumAggregatedScoreStore.scala,simclusters,D03,D16,D03;D16,YES,HIGH,simclusters,FULL_SOURCE_REVIEW,NO,NO,NO,NO,NO,NO,NO,NO,NO,NO,NO,NO,69,2896
simclusters/simclusters_v2/stores/LanguageFilteredLocaleEntityEmbeddingStore.scala,simclusters,D03,D16,D03;D16,YES,HIGH,simclusters,FULL_SOURCE_REVIEW,NO,NO,NO,NO,NO,NO,NO,NO,NO,NO,NO,NO,88,2995
simclusters/simclusters_v2/stores/MultiTypeGraphStore.scala,simclusters,D03,D16,D03;D16,YES,HIGH,simclusters,FULL_SOURCE_REVIEW,NO,NO,NO,NO,NO,NO,NO,NO,NO,NO,NO,NO,287,9837
simclusters/simclusters_v2/stores/SimClustersEmbeddingStore.scala,simclusters,D03,D16,D03;D16,YES,HIGH,simclusters,FULL_SOURCE_REVIEW,NO,NO,NO,NO,NO,NO,NO,NO,NO,NO,NO,NO,107,3627
simclusters/simclusters_v2/stores/SimClustersMultiEmbeddingStore.scala,simclusters,D03,D16,D03;D16,YES,HIGH,simclusters,FULL_SOURCE_REVIEW,NO,NO,NO,NO,NO,NO,NO,NO,NO,NO,NO,NO,64,2378
simclusters/simclusters_v2/stores/TopicTopProducersStore.scala,simclusters,D03,D16,D03;D16,YES,HIGH,simclusters,FULL_SOURCE_REVIEW,NO,NO,NO,NO,NO,NO,NO,NO,NO,NO,NO,NO,92,3266
simclusters/simclusters_v2/stores/WtfMbcgStore.scala,simclusters,D03,D16,D03;D16,YES,HIGH,simclusters,FULL_SOURCE_REVIEW,NO,NO,NO,NO,NO,NO,NO,NO,NO,NO,NO,NO,36,1279
simclusters/simclusters_v2/summingbird/common/ClientConfigs.scala,simclusters,D03,D16;D17,D03;D16;D17,YES,HIGH,simclusters,FULL_SOURCE_REVIEW,NO,NO,NO,NO,NO,NO,NO,NO,YES,NO,NO,NO,150,5932
simclusters/simclusters_v2/summingbird/common/Configs.scala,simclusters,D03,D16;D17,D03;D16;D17,YES,HIGH,simclusters,FULL_SOURCE_REVIEW,NO,NO,NO,NO,NO,NO,NO,NO,YES,NO,NO,NO,78,2623
simclusters/simclusters_v2/summingbird/common/EntityUtil.scala,simclusters,D03,D16,D03;D16,YES,HIGH,simclusters,FULL_SOURCE_REVIEW,NO,NO,NO,NO,NO,NO,NO,NO,NO,NO,NO,NO,48,1899
simclusters/simclusters_v2/summingbird/common/Implicits.scala,simclusters,D03,D16,D03;D16,YES,HIGH,simclusters,FULL_SOURCE_REVIEW,NO,NO,NO,NO,NO,NO,NO,NO,NO,NO,NO,NO,171,7277
simclusters/simclusters_v2/summingbird/common/ModelVersionProfile.scala,simclusters,D03,D16,D03;D16,YES,HIGH,simclusters,FULL_SOURCE_REVIEW,NO,NO,NO,NO,NO,NO,NO,NO,NO,NO,NO,NO,38,1398
simclusters/simclusters_v2/summingbird/common/Monoids.scala,simclusters,D03,D16,D03;D16,YES,HIGH,simclusters,FULL_SOURCE_REVIEW,NO,NO,NO,NO,NO,NO,NO,NO,NO,NO,NO,NO,408,14048
simclusters/simclusters_v2/summingbird/common/SimClustersEmbeddingWithMetadataMonoid.scala,simclusters,D03,D16,D03;D16,YES,HIGH,simclusters,FULL_SOURCE_REVIEW,NO,NO,NO,NO,NO,NO,NO,NO,NO,NO,NO,NO,48,1907
simclusters/simclusters_v2/summingbird/common/SimClustersHashUtil.scala,simclusters,D03,D16,D03;D16,YES,HIGH,simclusters,FULL_SOURCE_REVIEW,NO,NO,NO,NO,NO,NO,NO,NO,NO,NO,NO,NO,11,248
simclusters/simclusters_v2/summingbird/common/SimClustersInterestedInUtil.scala,simclusters,D03,D16,D03;D16,YES,HIGH,simclusters,FULL_SOURCE_REVIEW,NO,NO,NO,NO,NO,NO,NO,NO,NO,NO,NO,NO,61,2150
simclusters/simclusters_v2/summingbird/common/SimClustersProfile.scala,simclusters,D03,D16,D03;D16,YES,HIGH,simclusters,FULL_SOURCE_REVIEW,NO,NO,NO,NO,NO,NO,NO,NO,NO,NO,NO,NO,225,6990
simclusters/simclusters_v2/summingbird/common/StatsUtil.scala,simclusters,D03,D16,D03;D16,YES,HIGH,simclusters,FULL_SOURCE_REVIEW,NO,NO,NO,NO,NO,NO,NO,NO,NO,NO,NO,NO,24,618
simclusters/simclusters_v2/summingbird/common/SummerWithSumValues.scala,simclusters,D03,D16,D03;D16,YES,HIGH,simclusters,FULL_SOURCE_REVIEW,NO,NO,NO,NO,NO,NO,NO,NO,NO,NO,NO,NO,15,449
simclusters/simclusters_v2/summingbird/common/ThriftDecayedValueMonoid.scala,simclusters,D03,D16,D03;D16,YES,HIGH,simclusters,FULL_SOURCE_REVIEW,NO,NO,NO,NO,NO,NO,NO,NO,NO,NO,NO,NO,48,1687
simclusters/simclusters_v2/summingbird/common/TweetEntityExtractor.scala,simclusters,D03,D16,D03;D16,YES,HIGH,simclusters,FULL_SOURCE_REVIEW,NO,NO,NO,NO,NO,NO,NO,NO,NO,NO,NO,NO,64,2208
simclusters/simclusters_v2/summingbird/stores/AdsTwhinTweetEmbeddingStore.scala,simclusters,D03,D16,D03;D16,YES,HIGH,simclusters,FULL_SOURCE_REVIEW,NO,NO,NO,NO,NO,NO,NO,NO,NO,NO,NO,NO,44,1654
simclusters/simclusters_v2/summingbird/stores/AdsTwhinUserEmbeddingStore.scala,simclusters,D03,D16,D03;D16,YES,HIGH,simclusters,FULL_SOURCE_REVIEW,NO,NO,NO,NO,NO,NO,NO,NO,NO,NO,NO,NO,62,2306
simclusters/simclusters_v2/summingbird/stores/ApeTopicEmbeddingStore.scala,simclusters,D03,D16,D03;D16,YES,HIGH,simclusters,FULL_SOURCE_REVIEW,NO,NO,NO,NO,NO,NO,NO,NO,NO,NO,NO,NO,43,1590
simclusters/simclusters_v2/summingbird/stores/ClusterDetailsReadableStore.scala,simclusters,D03,D16,D03;D16,YES,HIGH,simclusters,FULL_SOURCE_REVIEW,NO,NO,NO,NO,NO,NO,NO,NO,NO,NO,NO,NO,73,2927
simclusters/simclusters_v2/summingbird/stores/EntityClusterScoreReadableStore.scala,simclusters,D03,D16,D03;D16,YES,HIGH,simclusters,FULL_SOURCE_REVIEW,NO,NO,NO,NO,NO,NO,NO,NO,NO,NO,NO,NO,37,1567
simclusters/simclusters_v2/summingbird/stores/GizmoduckUserStore.scala,simclusters,D03,D16,D03;D16,YES,HIGH,simclusters,FULL_SOURCE_REVIEW,NO,NO,NO,NO,NO,NO,NO,NO,NO,NO,NO,NO,46,1637
simclusters/simclusters_v2/summingbird/stores/ManhattanFromStratoStore.scala,simclusters,D03,D16,D03;D16,YES,HIGH,simclusters,FULL_SOURCE_REVIEW,NO,NO,NO,NO,NO,NO,NO,NO,NO,NO,NO,NO,129,4680
simclusters/simclusters_v2/summingbird/stores/PersistentTweetEmbeddingStore.scala,simclusters,D03,D16,D03;D16,YES,HIGH,simclusters,FULL_SOURCE_REVIEW,NO,NO,NO,NO,NO,NO,NO,NO,NO,NO,NO,NO,98,3861
simclusters/simclusters_v2/summingbird/stores/ProducerClusterEmbeddingReadableStores.scala,simclusters,D03,D16,D03;D16,YES,HIGH,simclusters,FULL_SOURCE_REVIEW,NO,NO,NO,NO,NO,NO,NO,NO,NO,NO,NO,NO,101,3740
simclusters/simclusters_v2/summingbird/stores/SemanticCoreEntityEmbeddingStore.scala,simclusters,D03,D16,D03;D16,YES,HIGH,simclusters,FULL_SOURCE_REVIEW,NO,NO,NO,NO,NO,NO,NO,NO,NO,NO,NO,NO,41,1649
simclusters/simclusters_v2/summingbird/stores/SimClustersManhattanReadableStoreForReadWriteDataset.scala,simclusters,D03,D16,D03;D16,YES,HIGH,simclusters,FULL_SOURCE_REVIEW,NO,NO,NO,NO,NO,NO,NO,NO,NO,NO,NO,NO,51,2430
simclusters/simclusters_v2/summingbird/stores/TfgTopicEmbeddingsStore.scala,simclusters,D03,D16,D03;D16,YES,HIGH,simclusters,FULL_SOURCE_REVIEW,NO,NO,NO,NO,NO,NO,NO,NO,NO,NO,NO,NO,43,1625
simclusters/simclusters_v2/summingbird/stores/TopKClustersForEntityReadableStore.scala,simclusters,D03,D16,D03;D16,YES,HIGH,simclusters,FULL_SOURCE_REVIEW,NO,NO,NO,NO,NO,NO,NO,NO,NO,NO,NO,NO,36,1303
simclusters/simclusters_v2/summingbird/stores/TopKClustersForTweetReadableStore.scala,simclusters,D03,D16,D03;D16,YES,HIGH,simclusters,FULL_SOURCE_REVIEW,NO,NO,NO,NO,NO,NO,NO,NO,NO,NO,NO,NO,172,6562
simclusters/simclusters_v2/summingbird/stores/TopKHydratedTweetsForClusterReadableStore.scala,simclusters,D03,D16,D03;D16,YES,HIGH,simclusters,FULL_SOURCE_REVIEW,NO,NO,NO,NO,NO,NO,NO,NO,NO,NO,NO,NO,30,1473
simclusters/simclusters_v2/summingbird/stores/TopKTweetsForClusterReadableStore.scala,simclusters,D03,D16,D03;D16,YES,HIGH,simclusters,FULL_SOURCE_REVIEW,NO,NO,NO,NO,NO,NO,NO,NO,NO,NO,NO,NO,276,10622
simclusters/simclusters_v2/summingbird/stores/TweetMetadataStore.scala,simclusters,D03,D16,D03;D16,YES,HIGH,simclusters,FULL_SOURCE_REVIEW,NO,NO,NO,NO,NO,NO,NO,NO,NO,NO,NO,NO,81,2780
simclusters/simclusters_v2/summingbird/stores/TweetSquaredL2NormWritableStore.scala,simclusters,D03,D16,D03;D16,YES,HIGH,simclusters,FULL_SOURCE_REVIEW,NO,NO,NO,NO,NO,NO,NO,NO,NO,NO,NO,NO,93,3453
simclusters/simclusters_v2/summingbird/stores/TweetStatusCountsStore.scala,simclusters,D03,D16,D03;D16,YES,HIGH,simclusters,FULL_SOURCE_REVIEW,NO,NO,NO,NO,NO,NO,NO,NO,NO,NO,NO,NO,28,859
simclusters/simclusters_v2/summingbird/stores/TweetStatusCountsTesStore.scala,simclusters,D03,D16,D03;D16,YES,HIGH,simclusters,FULL_SOURCE_REVIEW,NO,NO,NO,NO,NO,NO,NO,NO,NO,NO,NO,NO,45,1500
simclusters/simclusters_v2/summingbird/stores/TwhinTweetEmbeddingStore.scala,simclusters,D03,D16,D03;D16,YES,HIGH,simclusters,FULL_SOURCE_REVIEW,NO,NO,NO,NO,NO,NO,NO,NO,NO,NO,NO,NO,65,2570
simclusters/simclusters_v2/summingbird/stores/TwhinUserEmbeddingStore.scala,simclusters,D03,D16,D03;D16,YES,HIGH,simclusters,FULL_SOURCE_REVIEW,NO,NO,NO,NO,NO,NO,NO,NO,NO,NO,NO,NO,96,3452
simclusters/simclusters_v2/summingbird/stores/UserInterestedInReadableStore.scala,simclusters,D03,D16,D03;D16,YES,HIGH,simclusters,FULL_SOURCE_REVIEW,NO,NO,NO,NO,NO,NO,NO,NO,NO,NO,NO,NO,243,10925
simclusters/simclusters_v2/summingbird/stores/UserKnownForReadableStore.scala,simclusters,D03,D16,D03;D16,YES,HIGH,simclusters,FULL_SOURCE_REVIEW,NO,NO,NO,NO,NO,NO,NO,NO,NO,NO,NO,NO,77,3150
simclusters/simclusters_v2/summingbird/storm/AdsTwhinRebuildTweetJob.scala,simclusters,D03,D16,D03;D16,YES,HIGH,simclusters,FULL_SOURCE_REVIEW,NO,NO,NO,NO,NO,NO,NO,NO,NO,NO,NO,NO,134,5300
simclusters/simclusters_v2/summingbird/storm/AdsTwhinRebuildTweetJobRunner.scala,simclusters,D03,D16,D03;D16,YES,HIGH,simclusters,FULL_SOURCE_REVIEW,NO,NO,NO,NO,NO,NO,NO,NO,NO,NO,NO,NO,176,6895
simclusters/simclusters_v2/summingbird/storm/AdsTwhinRebuildUserJob.scala,simclusters,D03,D16,D03;D16,YES,HIGH,simclusters,FULL_SOURCE_REVIEW,NO,NO,NO,NO,NO,NO,NO,NO,NO,NO,NO,NO,187,7742
simclusters/simclusters_v2/summingbird/storm/AdsTwhinRebuildUserJobRunner.scala,simclusters,D03,D16,D03;D16,YES,HIGH,simclusters,FULL_SOURCE_REVIEW,NO,NO,NO,NO,NO,NO,NO,NO,NO,NO,NO,NO,196,8117
simclusters/simclusters_v2/summingbird/storm/PersistentTweetJob.scala,simclusters,D03,D16,D03;D16,YES,HIGH,simclusters,FULL_SOURCE_REVIEW,NO,NO,NO,NO,NO,NO,NO,NO,NO,NO,NO,NO,125,5157
simclusters/simclusters_v2/summingbird/storm/PersistentTweetJobRunner.scala,simclusters,D03,D16,D03;D16,YES,HIGH,simclusters,FULL_SOURCE_REVIEW,NO,NO,NO,NO,NO,NO,NO,NO,NO,NO,NO,NO,211,8533
simclusters/simclusters_v2/summingbird/storm/TweetJob.scala,simclusters,D03,D16,D03;D16,YES,HIGH,simclusters,FULL_SOURCE_REVIEW,NO,NO,NO,NO,NO,NO,NO,NO,NO,NO,NO,NO,307,12986
simclusters/simclusters_v2/summingbird/storm/TweetJobRunner.scala,simclusters,D03,D16,D03;D16,YES,HIGH,simclusters,FULL_SOURCE_REVIEW,NO,NO,NO,NO,NO,NO,NO,NO,NO,NO,NO,NO,257,10756
simclusters/simclusters_v2/summingbird/storm/TwhinRebuildTweetJob.scala,simclusters,D03,D16,D03;D16,YES,HIGH,simclusters,FULL_SOURCE_REVIEW,NO,NO,NO,NO,NO,NO,NO,NO,NO,NO,NO,NO,144,5902
simclusters/simclusters_v2/summingbird/storm/TwhinRebuildTweetJobRunner.scala,simclusters,D03,D16,D03;D16,YES,HIGH,simclusters,FULL_SOURCE_REVIEW,NO,NO,NO,NO,NO,NO,NO,NO,NO,NO,NO,NO,208,7994
simclusters/simclusters_v2/summingbird/storm/TwhinRebuildUserJob.scala,simclusters,D03,D16,D03;D16,YES,HIGH,simclusters,FULL_SOURCE_REVIEW,NO,NO,NO,NO,NO,NO,NO,NO,NO,NO,NO,NO,180,7359
simclusters/simclusters_v2/summingbird/storm/TwhinRebuildUserJobRunner.scala,simclusters,D03,D16,D03;D16,YES,HIGH,simclusters,FULL_SOURCE_REVIEW,NO,NO,NO,NO,NO,NO,NO,NO,NO,NO,NO,NO,196,8051
simclusters/simclusters_v2/summingbird/storm/TwhinTweetJob.scala,simclusters,D03,D16,D03;D16,YES,HIGH,simclusters,FULL_SOURCE_REVIEW,NO,NO,NO,NO,NO,NO,NO,NO,NO,NO,NO,NO,144,5847
simclusters/simclusters_v2/summingbird/storm/TwhinTweetJobRunner.scala,simclusters,D03,D16,D03;D16,YES,HIGH,simclusters,FULL_SOURCE_REVIEW,NO,NO,NO,NO,NO,NO,NO,NO,NO,NO,NO,NO,235,9286
simclusters/simclusters_v2/summingbird/storm/TwhinUserJob.scala,simclusters,D03,D16,D03;D16,YES,HIGH,simclusters,FULL_SOURCE_REVIEW,NO,NO,NO,NO,NO,NO,NO,NO,NO,NO,NO,NO,148,5791
simclusters/simclusters_v2/summingbird/storm/TwhinUserJobRunner.scala,simclusters,D03,D16,D03;D16,YES,HIGH,simclusters,FULL_SOURCE_REVIEW,NO,NO,NO,NO,NO,NO,NO,NO,NO,NO,NO,NO,181,7195
simclusters/simclusters_v2/tweet_similarity/ModelBasedTweetSimilaritySimClustersEmbeddingAdapter.scala,simclusters,D03,D16,D03;D16,YES,HIGH,simclusters,FULL_SOURCE_REVIEW,NO,NO,NO,NO,NO,NO,NO,NO,NO,NO,NO,NO,36,1622
simclusters/simclusters_v2/tweet_similarity/TweetSimilarityFeatures.scala,simclusters,D03,D16,D03;D16,YES,HIGH,simclusters,FULL_SOURCE_REVIEW,NO,NO,NO,NO,NO,NO,NO,NO,NO,NO,NO,NO,60,2548
simclusters/simclustersann/SimclustersAnnServer.scala,simclusters,D03,D16,D03;D16,YES,HIGH,simclusters,FULL_SOURCE_REVIEW,NO,NO,NO,NO,NO,NO,NO,NO,NO,NO,NO,NO,104,3834
simclusters/simclustersann/SimclustersAnnWarmupHandler.scala,simclusters,D03,D16,D03;D16,YES,HIGH,simclusters,FULL_SOURCE_REVIEW,NO,NO,NO,NO,NO,NO,NO,NO,NO,NO,NO,NO,73,2215
simclusters/simclustersann/candidate_source/ApproximateCosineSimilarity.scala,simclusters,D03,D16,D03;D16,YES,HIGH,simclusters,FULL_SOURCE_REVIEW,NO,NO,NO,NO,NO,NO,NO,NO,NO,NO,NO,NO,133,5599
simclusters/simclustersann/candidate_source/ExperimentalApproximateCosineSimilarity.scala,simclusters,D03,D16,D03;D16,YES,HIGH,simclusters,FULL_SOURCE_REVIEW,NO,NO,NO,NO,NO,NO,NO,NO,NO,NO,NO,NO,175,6862
simclusters/simclustersann/candidate_source/OptimizedApproximateCosineSimilarity.scala,simclusters,D03,D16,D03;D16,YES,HIGH,simclusters,FULL_SOURCE_REVIEW,NO,NO,NO,NO,NO,NO,NO,NO,NO,NO,NO,NO,106,4240
simclusters/simclustersann/candidate_source/SimClustersANNCandidateSource.scala,simclusters,D03,D16,D03;D16,YES,HIGH,simclusters,FULL_SOURCE_REVIEW,NO,NO,NO,NO,NO,NO,NO,NO,NO,NO,NO,NO,103,3871
simclusters/simclustersann/common/FlagNames.scala,simclusters,D03,D16,D03;D16,YES,HIGH,simclusters,FULL_SOURCE_REVIEW,NO,NO,NO,NO,NO,NO,NO,NO,NO,NO,NO,NO,18,587
simclusters/simclustersann/controllers/GetTweetCandidatesGrpcController.scala,simclusters,D03,D16,D03;D16,YES,HIGH,simclusters,FULL_SOURCE_REVIEW,NO,NO,NO,NO,NO,NO,NO,NO,NO,NO,NO,NO,100,3829
simclusters/simclustersann/controllers/SimClustersANNController.scala,simclusters,D03,D16,D03;D16,YES,HIGH,simclusters,FULL_SOURCE_REVIEW,NO,NO,NO,NO,NO,NO,NO,NO,NO,NO,NO,NO,86,3164
simclusters/simclustersann/exceptions/InvalidRequestForSimClustersAnnVariantException.scala,simclusters,D03,D16,D03;D16,YES,HIGH,simclusters,FULL_SOURCE_REVIEW,NO,NO,NO,NO,NO,NO,NO,NO,NO,NO,NO,NO,16,669
simclusters/simclustersann/exceptions/InvalidRequestForSimClustersAnnVariantExceptionMapper.scala,simclusters,D03,D16,D03;D16,YES,HIGH,simclusters,FULL_SOURCE_REVIEW,NO,NO,NO,NO,NO,NO,NO,NO,NO,NO,NO,NO,22,800
simclusters/simclustersann/exceptions/MissingClusterConfigForSimClustersAnnVariantException.scala,simclusters,D03,D16;D17,D03;D16;D17,YES,HIGH,simclusters,FULL_SOURCE_REVIEW,NO,NO,NO,NO,NO,NO,NO,NO,YES,NO,NO,NO,6,256
simclusters/simclustersann/filters/GetTweetCandidatesResponseStatsFilter.scala,simclusters,D03,D16,D03;D16,YES,HIGH,simclusters,FULL_SOURCE_REVIEW,NO,NO,NO,NO,NO,NO,NO,NO,NO,NO,NO,NO,43,1653
simclusters/simclustersann/filters/SimClustersAnnVariantFilter.scala,simclusters,D03,D16,D03;D16,YES,HIGH,simclusters,FULL_SOURCE_REVIEW,NO,NO,NO,NO,NO,NO,NO,NO,NO,NO,NO,NO,53,1960
simclusters/simclustersann/modules/CacheModule.scala,simclusters,D03,D16,D03;D16,YES,HIGH,simclusters,FULL_SOURCE_REVIEW,NO,NO,NO,NO,NO,NO,NO,NO,NO,NO,NO,NO,34,1176
simclusters/simclustersann/modules/ClusterConfigMapperModule.scala,simclusters,D03,D16;D17,D03;D16;D17,YES,HIGH,simclusters,FULL_SOURCE_REVIEW,NO,NO,NO,NO,NO,NO,NO,NO,YES,NO,NO,NO,15,411
simclusters/simclustersann/modules/ClusterConfigModule.scala,simclusters,D03,D16;D17,D03;D16;D17,YES,HIGH,simclusters,FULL_SOURCE_REVIEW,NO,NO,NO,NO,NO,NO,NO,NO,YES,NO,NO,NO,25,943
simclusters/simclustersann/modules/ClusterDetailsModule.scala,simclusters,D03,D16,D03;D16,YES,HIGH,simclusters,FULL_SOURCE_REVIEW,NO,NO,NO,NO,NO,NO,NO,NO,NO,NO,NO,NO,103,4306
simclusters/simclustersann/modules/ClusterTweetIndexProviderModule.scala,simclusters,D03,D16,D03;D16,YES,HIGH,simclusters,FULL_SOURCE_REVIEW,NO,NO,NO,NO,NO,NO,NO,NO,NO,NO,NO,NO,115,4839
simclusters/simclustersann/modules/CustomMtlsThriftWebFormsModule.scala,simclusters,D03,D16,D03;D16,YES,HIGH,simclusters,FULL_SOURCE_REVIEW,NO,NO,NO,NO,NO,NO,NO,NO,NO,NO,NO,NO,99,3824
simclusters/simclustersann/modules/EmbeddingStoreModule.scala,simclusters,D03,D16,D03;D16,YES,HIGH,simclusters,FULL_SOURCE_REVIEW,NO,NO,NO,NO,NO,NO,NO,NO,NO,NO,NO,NO,109,4387
simclusters/simclustersann/modules/FlagsModule.scala,simclusters,D03,D16,D03;D16,YES,HIGH,simclusters,FULL_SOURCE_REVIEW,NO,NO,NO,NO,NO,NO,NO,NO,NO,NO,NO,NO,44,1057
simclusters/simclustersann/modules/FuturePoolProvider.scala,simclusters,D03,D16,D03;D16,YES,HIGH,simclusters,FULL_SOURCE_REVIEW,NO,NO,NO,NO,NO,NO,NO,NO,NO,NO,NO,NO,27,847
simclusters/simclustersann/modules/RateLimiterModule.scala,simclusters,D03,D16,D03;D16,YES,HIGH,simclusters,FULL_SOURCE_REVIEW,NO,NO,NO,NO,NO,NO,NO,NO,NO,NO,NO,NO,23,633
simclusters/simclustersann/modules/ServiceNameMapperModule.scala,simclusters,D03,D16,D03;D16,YES,HIGH,simclusters,FULL_SOURCE_REVIEW,NO,NO,NO,NO,NO,NO,NO,NO,NO,NO,NO,NO,15,401
simclusters/simclustersann/modules/SimClustersANNCandidateSourceModule.scala,simclusters,D03,D16,D03;D16,YES,HIGH,simclusters,FULL_SOURCE_REVIEW,NO,NO,NO,NO,NO,NO,NO,NO,NO,NO,NO,NO,50,2189
simclusters/simclustersann/modules/SquaredL2NormStoreModule.scala,simclusters,D03,D16,D03;D16,YES,HIGH,simclusters,FULL_SOURCE_REVIEW,NO,NO,NO,NO,NO,NO,NO,NO,NO,NO,NO,NO,62,2289
simclusters/simclustersann/modules/StratoClientProviderModule.scala,simclusters,D03,D16,D03;D16,YES,HIGH,simclusters,FULL_SOURCE_REVIEW,NO,NO,NO,NO,NO,NO,NO,NO,NO,NO,NO,NO,20,523
thunder/args.rs,thunder,D02,,D02,NO,HIGH,thunder,FULL_SOURCE_REVIEW,NO,NO,NO,NO,NO,NO,NO,NO,NO,NO,NO,NO,86,2219
thunder/config.rs,thunder,D02,D16;D17,D02;D16;D17,YES,HIGH,thunder,FULL_SOURCE_REVIEW,NO,NO,NO,NO,NO,NO,NO,NO,YES,NO,NO,NO,14,467
thunder/deserializer.rs,thunder,D02,D16,D02;D16,YES,HIGH,thunder,FULL_SOURCE_REVIEW,NO,NO,NO,NO,NO,NO,NO,NO,NO,NO,NO,NO,23,943
thunder/kafka/mod.rs,thunder,D02,D16,D02;D16,YES,HIGH,thunder,FULL_SOURCE_REVIEW,NO,NO,NO,NO,NO,NO,NO,NO,NO,NO,NO,NO,3,80
thunder/kafka/tweet_events_listener.rs,thunder,D02,D16,D02;D16,YES,HIGH,thunder,FULL_SOURCE_REVIEW,NO,NO,NO,NO,NO,NO,NO,NO,NO,NO,NO,NO,379,13263
thunder/kafka/tweet_events_listener_v2.rs,thunder,D02,D16,D02;D16,YES,HIGH,thunder,FULL_SOURCE_REVIEW,NO,NO,NO,NO,NO,NO,NO,NO,NO,NO,NO,NO,239,8937
thunder/kafka/utils.rs,thunder,D02,D16,D02;D16,YES,HIGH,thunder,FULL_SOURCE_REVIEW,NO,NO,NO,NO,NO,NO,NO,NO,NO,NO,NO,NO,46,1258
thunder/kafka_utils.rs,thunder,D02,D16,D02;D16,YES,HIGH,thunder,FULL_SOURCE_REVIEW,NO,NO,NO,NO,NO,NO,NO,NO,NO,NO,NO,NO,102,3760
thunder/lib.rs,thunder,D02,,D02,NO,HIGH,thunder,FULL_SOURCE_REVIEW,NO,NO,NO,NO,NO,NO,NO,NO,NO,NO,NO,NO,11,196
thunder/main.rs,thunder,D02,,D02,NO,HIGH,thunder,FULL_SOURCE_REVIEW,NO,NO,NO,NO,NO,NO,NO,NO,NO,NO,NO,NO,146,4528
thunder/metrics.rs,thunder,D02,D18,D02;D18,YES,HIGH,thunder,FULL_SOURCE_REVIEW,NO,NO,NO,NO,NO,NO,NO,NO,NO,NO,NO,NO,242,9312
thunder/o2/mod.rs,thunder,D02,,D02,NO,HIGH,thunder,FULL_SOURCE_REVIEW,NO,NO,NO,NO,NO,NO,NO,NO,NO,NO,NO,NO,176,5254
thunder/posts/mod.rs,thunder,D02,,D02,NO,HIGH,thunder,FULL_SOURCE_REVIEW,NO,NO,NO,NO,NO,NO,NO,NO,NO,NO,NO,NO,1,20
thunder/posts/post_store.rs,thunder,D02,,D02,NO,HIGH,thunder,FULL_SOURCE_REVIEW,NO,NO,NO,NO,NO,YES,NO,NO,NO,NO,NO,NO,880,31318
thunder/schema/events.rs,thunder,D02,D16,D02;D16,YES,HIGH,thunder,BOUNDARY_TRACE_GENERATED,NO,NO,NO,YES,NO,NO,YES,NO,NO,NO,NO,NO,4679,158514
thunder/schema/media_common.rs,thunder,D02,D16,D02;D16,YES,HIGH,thunder,BOUNDARY_TRACE_GENERATED,NO,NO,NO,YES,NO,NO,YES,NO,NO,NO,NO,NO,609,20596
thunder/schema/media_entity.rs,thunder,D02,D16,D02;D16,YES,HIGH,thunder,BOUNDARY_TRACE_GENERATED,NO,NO,NO,YES,NO,NO,YES,NO,NO,NO,NO,NO,368,13059
thunder/schema/mod.rs,thunder,D02,D16,D02;D16,YES,HIGH,thunder,FULL_SOURCE_REVIEW,NO,NO,NO,NO,NO,NO,YES,NO,NO,NO,NO,NO,7,132
thunder/schema/tweet.rs,thunder,D02,D16,D02;D16,YES,HIGH,thunder,BOUNDARY_TRACE_GENERATED,NO,NO,NO,YES,NO,NO,YES,NO,NO,NO,NO,NO,5471,177053
thunder/schema/tweet_events.rs,thunder,D02,D16,D02;D16,YES,HIGH,thunder,BOUNDARY_TRACE_GENERATED,NO,NO,NO,YES,NO,NO,YES,NO,NO,NO,NO,NO,1725,59013
thunder/schema/tweet_media.rs,thunder,D02,D16,D02;D16,YES,HIGH,thunder,BOUNDARY_TRACE_GENERATED,NO,NO,NO,YES,NO,NO,YES,NO,NO,NO,NO,NO,939,29112
thunder/schema/user.rs,thunder,D02,D16,D02;D16,YES,HIGH,thunder,BOUNDARY_TRACE_GENERATED,NO,NO,NO,YES,NO,NO,YES,NO,NO,NO,NO,NO,14750,511240
thunder/strato_client.rs,thunder,D02,D16,D02;D16,YES,HIGH,thunder,FULL_SOURCE_REVIEW,NO,NO,NO,NO,NO,NO,NO,NO,NO,NO,NO,NO,233,6917
thunder/thunder_service.rs,thunder,D02,D16,D02;D16,YES,HIGH,thunder,FULL_SOURCE_REVIEW,NO,NO,NO,NO,NO,NO,NO,NO,NO,NO,NO,NO,326,11572
under-the-hood/scalding/AccountLabelEvents.scala,under-the-hood,D14,D16,D14;D16,YES,HIGH,under-the-hood,FULL_SOURCE_REVIEW,NO,NO,NO,NO,NO,NO,NO,NO,NO,NO,NO,NO,55,1913
under-the-hood/scalding/GizmoduckLabelDiff.scala,under-the-hood,D14,D16,D14;D16,YES,HIGH,under-the-hood,FULL_SOURCE_REVIEW,NO,NO,NO,NO,NO,NO,NO,NO,NO,NO,NO,NO,23,763
under-the-hood/scalding/GizmoduckSafetyFlags.scala,under-the-hood,D14,D16,D14;D16,YES,HIGH,under-the-hood,FULL_SOURCE_REVIEW,NO,NO,NO,NO,NO,NO,NO,NO,NO,NO,NO,NO,59,1770
under-the-hood/scalding/UnderTheHoodCommon.scala,under-the-hood,D14,D16,D14;D16,YES,HIGH,under-the-hood,FULL_SOURCE_REVIEW,NO,NO,NO,NO,NO,NO,NO,NO,NO,NO,NO,NO,139,4702
under-the-hood/scalding/UnderTheHoodDates.scala,under-the-hood,D14,D16,D14;D16,YES,HIGH,under-the-hood,FULL_SOURCE_REVIEW,NO,NO,NO,NO,NO,NO,NO,NO,NO,NO,NO,NO,41,1421
under-the-hood/scalding/UthDailyAccountLabelsJob.scala,under-the-hood,D14,D16,D14;D16,YES,HIGH,under-the-hood,FULL_SOURCE_REVIEW,NO,NO,NO,NO,NO,NO,NO,NO,NO,NO,NO,NO,247,9053
under-the-hood/scalding/UthDailyPostsBackfillJob.scala,under-the-hood,D14,D16,D14;D16,YES,HIGH,under-the-hood,FULL_SOURCE_REVIEW,NO,NO,NO,NO,NO,NO,NO,NO,NO,NO,NO,NO,318,11716
under-the-hood/scalding/UthDailyPostsJob.scala,under-the-hood,D14,D16,D14;D16,YES,HIGH,under-the-hood,FULL_SOURCE_REVIEW,NO,NO,NO,NO,NO,NO,NO,NO,NO,NO,NO,NO,463,16568
under-the-hood/scalding/UthMhInjections.scala,under-the-hood,D14,D16,D14;D16,YES,HIGH,under-the-hood,FULL_SOURCE_REVIEW,NO,NO,NO,NO,NO,NO,NO,NO,NO,NO,NO,NO,23,1012
under-the-hood/scalding/UthReferenceMonthMhPublisherJob.scala,under-the-hood,D14,D16,D14;D16,YES,HIGH,under-the-hood,FULL_SOURCE_REVIEW,NO,NO,NO,NO,NO,NO,NO,NO,NO,NO,NO,NO,512,18824
under-the-hood/scalding/UthUserMonthMhPublisherJob.scala,under-the-hood,D14,D16,D14;D16,YES,HIGH,under-the-hood,FULL_SOURCE_REVIEW,NO,NO,NO,NO,NO,NO,NO,NO,NO,NO,NO,NO,319,11157
under-the-hood/scalding/legacy_experimental_adhoc/UnderTheHoodAccountLabelsJob.scala,under-the-hood,D14,D16,D14;D16,YES,HIGH,under-the-hood,FULL_SOURCE_REVIEW,NO,NO,NO,NO,NO,NO,NO,NO,NO,NO,NO,NO,192,7430
under-the-hood/scalding/legacy_experimental_adhoc/UnderTheHoodPostLabelsJob.scala,under-the-hood,D14,D16,D14;D16,YES,HIGH,under-the-hood,FULL_SOURCE_REVIEW,NO,NO,NO,NO,NO,NO,NO,NO,NO,NO,NO,NO,236,8726
under-the-hood/scalding/legacy_experimental_adhoc/UthFilterTweetSafetyLabelsByDateJob.scala,under-the-hood,D14,D16,D14;D16,YES,HIGH,under-the-hood,FULL_SOURCE_REVIEW,NO,NO,NO,NO,NO,NO,NO,NO,NO,NO,NO,NO,123,4287
under-the-hood/scalding/legacy_experimental_adhoc/UthGizmoduckSafetyFlagDailyBackfillJob.scala,under-the-hood,D14,D16,D14;D16,YES,HIGH,under-the-hood,FULL_SOURCE_REVIEW,NO,NO,NO,NO,NO,NO,NO,NO,NO,NO,NO,NO,350,13913
under-the-hood/strato/columns/featureSwitches.strato,under-the-hood,D14,D16,D14;D16,YES,HIGH,under-the-hood,FULL_SOURCE_REVIEW,NO,NO,NO,NO,NO,NO,NO,NO,NO,NO,NO,NO,9,322
under-the-hood/strato/columns/graphql/userUnderTheHoodReport.GraphQlQuery.strato,under-the-hood,D14,D16,D14;D16,YES,HIGH,under-the-hood,FULL_SOURCE_REVIEW,NO,NO,NO,NO,NO,NO,NO,NO,NO,NO,NO,NO,4,102
under-the-hood/strato/columns/mh/referenceMonthAggregates.strato,under-the-hood,D14,D16,D14;D16,YES,HIGH,under-the-hood,FULL_SOURCE_REVIEW,NO,NO,NO,NO,NO,NO,NO,NO,NO,NO,NO,NO,43,1554
under-the-hood/strato/columns/mh/userMonthAggregates.strato,under-the-hood,D14,D16,D14;D16,YES,HIGH,under-the-hood,FULL_SOURCE_REVIEW,NO,NO,NO,NO,NO,NO,NO,NO,NO,NO,NO,NO,44,1710
under-the-hood/strato/columns/underTheHoodReport.User.strato,under-the-hood,D14,D16,D14;D16,YES,HIGH,under-the-hood,FULL_SOURCE_REVIEW,NO,NO,NO,NO,NO,NO,NO,NO,NO,NO,NO,NO,414,13273
under-the-hood/strato/columns/underTheHoodReport.strato,under-the-hood,D14,D16,D14;D16,YES,HIGH,under-the-hood,FULL_SOURCE_REVIEW,NO,NO,NO,NO,NO,NO,NO,NO,NO,NO,NO,NO,30,896
under-the-hood/strato/graphql/under_the_hood.thrift,under-the-hood,D14,D16,D14;D16,YES,HIGH,under-the-hood,FULL_SOURCE_REVIEW,NO,NO,NO,NO,NO,NO,YES,NO,NO,NO,NO,NO,13,468
under-the-hood/strato/lib/params.strato,under-the-hood,D14,D16;D17,D14;D16;D17,YES,HIGH,under-the-hood,FULL_SOURCE_REVIEW,NO,NO,NO,NO,NO,NO,NO,NO,YES,NO,NO,NO,24,628
under-the-hood/strato/lib/sharedConfig.strato,under-the-hood,D14,D16;D17,D14;D16;D17,YES,HIGH,under-the-hood,FULL_SOURCE_REVIEW,NO,NO,NO,NO,NO,NO,NO,NO,YES,NO,NO,NO,23,608
under-the-hood/strato/lib/underTheHoodLabels.strato,under-the-hood,D14,D16,D14;D16,YES,HIGH,under-the-hood,FULL_SOURCE_REVIEW,NO,NO,NO,NO,NO,NO,NO,NO,NO,NO,NO,NO,285,11579
under-the-hood/thrift/uth_serving.thrift,under-the-hood,D14,D16,D14;D16,YES,HIGH,under-the-hood,FULL_SOURCE_REVIEW,NO,NO,NO,NO,NO,NO,YES,NO,NO,NO,NO,NO,149,4629
user-cred-v2/Edge.scala,user-cred-v2,D10,D16,D10;D16,YES,HIGH,user-cred-v2,FULL_SOURCE_REVIEW,NO,NO,NO,NO,NO,NO,NO,NO,NO,NO,NO,NO,20,486
user-cred-v2/SnapshotSafeguard.scala,user-cred-v2,D10,D16,D10;D16,YES,HIGH,user-cred-v2,FULL_SOURCE_REVIEW,NO,NO,NO,NO,NO,NO,NO,NO,NO,NO,NO,NO,90,2354
user-cred-v2/UserCredV2.scala,user-cred-v2,D10,D16,D10;D16,YES,HIGH,user-cred-v2,FULL_SOURCE_REVIEW,NO,NO,NO,NO,NO,NO,NO,NO,NO,NO,NO,NO,20,494
user-cred-v2/UserCredV2App.scala,user-cred-v2,D10,D16,D10;D16,YES,HIGH,user-cred-v2,FULL_SOURCE_REVIEW,NO,NO,NO,NO,NO,NO,NO,NO,NO,NO,NO,NO,534,17618
user-cred-v2/UserCredV2Config.scala,user-cred-v2,D10,D16;D17,D10;D16;D17,YES,HIGH,user-cred-v2,FULL_SOURCE_REVIEW,NO,NO,NO,NO,NO,NO,NO,NO,YES,NO,NO,NO,64,2401
user-cred-v2/UserCredV2Injection.scala,user-cred-v2,D10,D16,D10;D16,YES,HIGH,user-cred-v2,FULL_SOURCE_REVIEW,NO,NO,NO,NO,NO,NO,NO,NO,NO,NO,NO,NO,13,656
user-cred-v2/UserMass.scala,user-cred-v2,D10,D16,D10;D16,YES,HIGH,user-cred-v2,FULL_SOURCE_REVIEW,NO,NO,NO,NO,NO,NO,NO,NO,NO,NO,NO,NO,14,283
user-cred-v2/UserNode.scala,user-cred-v2,D10,D16,D10;D16,YES,HIGH,user-cred-v2,FULL_SOURCE_REVIEW,NO,NO,NO,NO,NO,NO,NO,NO,NO,NO,NO,NO,7,154
user-cred-v2/ValidUserInfo.scala,user-cred-v2,D10,D16,D10;D16,YES,HIGH,user-cred-v2,FULL_SOURCE_REVIEW,NO,NO,NO,NO,NO,NO,NO,NO,NO,NO,NO,NO,43,1343
visibility-filtering/clients/gizmoduck_client.rs,visibility-filtering,D12,D16,D12;D16,YES,HIGH,visibility-filtering,FULL_SOURCE_REVIEW,NO,NO,NO,NO,NO,YES,NO,NO,NO,NO,NO,NO,59,1758
visibility-filtering/clients/mod.rs,visibility-filtering,D12,D16,D12;D16,YES,HIGH,visibility-filtering,FULL_SOURCE_REVIEW,NO,NO,NO,NO,NO,NO,NO,NO,NO,NO,NO,NO,2,54
visibility-filtering/clients/socialgraph_client.rs,visibility-filtering,D12,D16,D12;D16,YES,HIGH,visibility-filtering,FULL_SOURCE_REVIEW,NO,NO,NO,NO,NO,YES,NO,NO,NO,NO,NO,NO,347,10655
visibility-filtering/config.rs,visibility-filtering,D12,D17,D12;D17,YES,HIGH,visibility-filtering,FULL_SOURCE_REVIEW,NO,NO,NO,NO,NO,YES,NO,NO,YES,NO,NO,NO,137,4532
visibility-filtering/filter.rs,visibility-filtering,D12,,D12,NO,HIGH,visibility-filtering,FULL_SOURCE_REVIEW,NO,NO,NO,NO,NO,YES,NO,NO,NO,NO,NO,NO,284,9077
visibility-filtering/filter_tweets.rs,visibility-filtering,D12,,D12,NO,HIGH,visibility-filtering,FULL_SOURCE_REVIEW,NO,NO,NO,NO,NO,YES,NO,NO,NO,NO,NO,NO,164,5284
visibility-filtering/get_safety_labels.rs,visibility-filtering,D12,,D12,NO,HIGH,visibility-filtering,FULL_SOURCE_REVIEW,NO,NO,NO,NO,NO,YES,NO,NO,NO,NO,NO,NO,272,8850
visibility-filtering/hydration/batch.rs,visibility-filtering,D12,D16,D12;D16,YES,HIGH,visibility-filtering,FULL_SOURCE_REVIEW,NO,NO,NO,NO,NO,YES,NO,NO,NO,NO,NO,NO,307,9026
visibility-filtering/hydration/exclusive_content_hydrator.rs,visibility-filtering,D12,D16,D12;D16,YES,HIGH,visibility-filtering,FULL_SOURCE_REVIEW,NO,NO,NO,NO,NO,NO,NO,NO,NO,NO,NO,NO,90,3136
visibility-filtering/hydration/fallback_cache.rs,visibility-filtering,D12,D16,D12;D16,YES,HIGH,visibility-filtering,FULL_SOURCE_REVIEW,NO,NO,NO,NO,NO,YES,NO,NO,NO,NO,NO,NO,307,9658
visibility-filtering/hydration/gizmoduck_hydrator.rs,visibility-filtering,D12,D16,D12;D16,YES,HIGH,visibility-filtering,FULL_SOURCE_REVIEW,NO,NO,NO,NO,NO,YES,NO,NO,NO,NO,NO,NO,287,10082
visibility-filtering/hydration/metrics.rs,visibility-filtering,D12,D16;D18,D12;D16;D18,YES,HIGH,visibility-filtering,FULL_SOURCE_REVIEW,NO,NO,NO,NO,NO,YES,NO,NO,NO,NO,NO,NO,612,17739
visibility-filtering/hydration/mod.rs,visibility-filtering,D12,D16,D12;D16,YES,HIGH,visibility-filtering,FULL_SOURCE_REVIEW,NO,NO,NO,NO,NO,YES,NO,NO,NO,NO,NO,NO,412,15349
visibility-filtering/hydration/safety_label_hydrator.rs,visibility-filtering,D12,D16,D12;D16,YES,HIGH,visibility-filtering,FULL_SOURCE_REVIEW,NO,NO,NO,NO,NO,YES,NO,NO,NO,NO,NO,NO,200,7032
visibility-filtering/hydration/socialgraph_hydrator.rs,visibility-filtering,D12,D16,D12;D16,YES,HIGH,visibility-filtering,FULL_SOURCE_REVIEW,NO,NO,NO,NO,NO,YES,NO,NO,NO,NO,NO,NO,132,4340
visibility-filtering/hydration/tes_hydrator.rs,visibility-filtering,D12,D16,D12;D16,YES,HIGH,visibility-filtering,FULL_SOURCE_REVIEW,NO,NO,NO,NO,NO,YES,NO,NO,NO,NO,NO,NO,766,25231
visibility-filtering/hydration/viewer_hydrator.rs,visibility-filtering,D12,D16,D12;D16,YES,HIGH,visibility-filtering,FULL_SOURCE_REVIEW,NO,NO,NO,NO,NO,YES,NO,NO,NO,NO,NO,NO,267,9044
visibility-filtering/lib.rs,visibility-filtering,D12,,D12,NO,HIGH,visibility-filtering,FULL_SOURCE_REVIEW,NO,NO,NO,NO,NO,NO,NO,NO,NO,NO,NO,NO,12,262
visibility-filtering/main.rs,visibility-filtering,D12,,D12,NO,HIGH,visibility-filtering,FULL_SOURCE_REVIEW,NO,NO,NO,NO,NO,NO,NO,NO,NO,NO,NO,NO,36,1141
visibility-filtering/models/author.rs,visibility-filtering,D12,D16,D12;D16,YES,HIGH,visibility-filtering,FULL_SOURCE_REVIEW,NO,NO,NO,NO,NO,NO,NO,NO,NO,NO,NO,NO,30,687
visibility-filtering/models/exclusive_content.rs,visibility-filtering,D12,D16,D12;D16,YES,HIGH,visibility-filtering,FULL_SOURCE_REVIEW,NO,NO,NO,NO,NO,NO,NO,NO,NO,NO,NO,NO,5,144
visibility-filtering/models/mod.rs,visibility-filtering,D12,D16,D12;D16,YES,HIGH,visibility-filtering,FULL_SOURCE_REVIEW,NO,NO,NO,NO,NO,YES,NO,NO,NO,NO,NO,NO,300,8830
visibility-filtering/models/relationship.rs,visibility-filtering,D12,D16,D12;D16,YES,HIGH,visibility-filtering,FULL_SOURCE_REVIEW,NO,NO,NO,NO,NO,NO,NO,NO,NO,NO,NO,NO,7,230
visibility-filtering/models/safety_labels.rs,visibility-filtering,D12,D16,D12;D16,YES,HIGH,visibility-filtering,FULL_SOURCE_REVIEW,NO,NO,NO,NO,NO,NO,NO,NO,NO,NO,NO,NO,34,977
visibility-filtering/models/tweet.rs,visibility-filtering,D12,D16,D12;D16,YES,HIGH,visibility-filtering,FULL_SOURCE_REVIEW,NO,NO,NO,NO,NO,NO,NO,NO,NO,NO,NO,NO,37,919
visibility-filtering/models/viewer.rs,visibility-filtering,D12,D16,D12;D16,YES,HIGH,visibility-filtering,FULL_SOURCE_REVIEW,NO,NO,NO,NO,NO,NO,NO,NO,NO,NO,NO,NO,54,1247
visibility-filtering/rules/metrics.rs,visibility-filtering,D12,D17;D18,D12;D17;D18,YES,HIGH,visibility-filtering,FULL_SOURCE_REVIEW,NO,NO,NO,NO,NO,YES,NO,NO,NO,NO,NO,NO,221,6323
visibility-filtering/rules/mod.rs,visibility-filtering,D12,D17,D12;D17,YES,HIGH,visibility-filtering,FULL_SOURCE_REVIEW,NO,NO,NO,NO,NO,YES,NO,NO,NO,NO,NO,NO,244,6911
visibility-filtering/rules/nsfw_age_gating.rs,visibility-filtering,D12,D17,D12;D17,YES,HIGH,visibility-filtering,FULL_SOURCE_REVIEW,NO,NO,NO,NO,NO,YES,NO,NO,NO,NO,NO,NO,654,21071
visibility-filtering/rules/nsfw_interstitial.rs,visibility-filtering,D12,D17,D12;D17,YES,HIGH,visibility-filtering,FULL_SOURCE_REVIEW,NO,NO,NO,NO,NO,YES,NO,NO,NO,NO,NO,NO,275,8301
visibility-filtering/rules/nullcast_rule.rs,visibility-filtering,D12,D17,D12;D17,YES,HIGH,visibility-filtering,FULL_SOURCE_REVIEW,NO,NO,NO,NO,NO,YES,NO,NO,NO,NO,NO,NO,107,3011
visibility-filtering/rules/registry.rs,visibility-filtering,D12,D17,D12;D17,YES,HIGH,visibility-filtering,FULL_SOURCE_REVIEW,NO,NO,NO,NO,NO,YES,NO,NO,NO,NO,NO,NO,912,31126
visibility-filtering/rules/socialgraph_rules.rs,visibility-filtering,D12,D17,D12;D17,YES,HIGH,visibility-filtering,FULL_SOURCE_REVIEW,NO,NO,NO,NO,NO,YES,NO,NO,NO,NO,NO,NO,337,10527
visibility-filtering/rules/tes_rules.rs,visibility-filtering,D12,D17,D12;D17,YES,HIGH,visibility-filtering,FULL_SOURCE_REVIEW,NO,NO,NO,NO,NO,YES,NO,NO,NO,NO,NO,NO,614,19407
visibility-filtering/rules/tweet_flag_rules.rs,visibility-filtering,D12,D17,D12;D17,YES,HIGH,visibility-filtering,FULL_SOURCE_REVIEW,NO,NO,NO,NO,NO,YES,NO,NO,NO,NO,NO,NO,125,3608
visibility-filtering/rules/tweet_label_drops.rs,visibility-filtering,D12,D17,D12;D17,YES,HIGH,visibility-filtering,FULL_SOURCE_REVIEW,NO,NO,NO,NO,NO,YES,NO,NO,NO,NO,NO,NO,358,11608
visibility-filtering/rules/user_label_drops.rs,visibility-filtering,D12,D17,D12;D17,YES,HIGH,visibility-filtering,FULL_SOURCE_REVIEW,NO,NO,NO,NO,NO,YES,NO,NO,NO,NO,NO,NO,263,8554
visibility-filtering/rules/user_rules.rs,visibility-filtering,D12,D17,D12;D17,YES,HIGH,visibility-filtering,FULL_SOURCE_REVIEW,NO,NO,NO,NO,NO,YES,NO,NO,NO,NO,NO,NO,316,9501
visibility-filtering/safety_label_source/cached_value.rs,visibility-filtering,D12,D16,D12;D16,YES,HIGH,visibility-filtering,FULL_SOURCE_REVIEW,NO,NO,NO,NO,NO,YES,NO,NO,NO,NO,NO,NO,162,5014
visibility-filtering/safety_label_source/codec.rs,visibility-filtering,D12,D16,D12;D16,YES,HIGH,visibility-filtering,FULL_SOURCE_REVIEW,NO,NO,NO,NO,NO,YES,NO,NO,NO,NO,NO,NO,313,10097
visibility-filtering/safety_label_source/expiring_cache.rs,visibility-filtering,D12,D16,D12;D16,YES,HIGH,visibility-filtering,FULL_SOURCE_REVIEW,NO,NO,NO,NO,NO,YES,NO,NO,NO,NO,NO,NO,116,2915
visibility-filtering/safety_label_source/lookup.rs,visibility-filtering,D12,D16,D12;D16,YES,HIGH,visibility-filtering,FULL_SOURCE_REVIEW,NO,NO,NO,NO,NO,YES,NO,NO,NO,NO,NO,NO,311,10521
visibility-filtering/safety_label_source/manhattan.rs,visibility-filtering,D12,D16,D12;D16,YES,HIGH,visibility-filtering,FULL_SOURCE_REVIEW,NO,NO,NO,NO,NO,YES,NO,NO,NO,NO,NO,NO,339,11556
visibility-filtering/safety_label_source/metrics.rs,visibility-filtering,D12,D16;D18,D12;D16;D18,YES,HIGH,visibility-filtering,FULL_SOURCE_REVIEW,NO,NO,NO,NO,NO,NO,NO,NO,NO,NO,NO,NO,236,5820
visibility-filtering/safety_label_source/mh_client.rs,visibility-filtering,D12,D16,D12;D16,YES,HIGH,visibility-filtering,FULL_SOURCE_REVIEW,NO,NO,NO,NO,NO,NO,NO,NO,NO,NO,NO,NO,100,3327
visibility-filtering/safety_label_source/mod.rs,visibility-filtering,D12,D16,D12;D16,YES,HIGH,visibility-filtering,FULL_SOURCE_REVIEW,NO,NO,NO,NO,NO,NO,NO,NO,NO,NO,NO,NO,15,344
visibility-filtering/safety_label_source/proto.rs,visibility-filtering,D12,D16,D12;D16,YES,HIGH,visibility-filtering,FULL_SOURCE_REVIEW,NO,NO,NO,NO,NO,YES,NO,NO,NO,NO,NO,NO,130,4478
visibility-filtering/safety_label_source/source.rs,visibility-filtering,D12,D16,D12;D16,YES,HIGH,visibility-filtering,FULL_SOURCE_REVIEW,NO,NO,NO,NO,NO,YES,NO,NO,NO,NO,NO,NO,395,13581
visibility-filtering/safety_label_source/twemcache.rs,visibility-filtering,D12,D16,D12;D16,YES,HIGH,visibility-filtering,FULL_SOURCE_REVIEW,NO,NO,NO,NO,NO,YES,NO,NO,NO,NO,NO,NO,294,9109
visibility-filtering/safety_label_source/types.rs,visibility-filtering,D12,D16,D12;D16,YES,HIGH,visibility-filtering,FULL_SOURCE_REVIEW,NO,NO,NO,NO,NO,NO,NO,NO,NO,NO,NO,NO,69,1584
visibility-filtering/server.rs,visibility-filtering,D12,,D12,NO,HIGH,visibility-filtering,FULL_SOURCE_REVIEW,NO,NO,NO,NO,NO,NO,NO,NO,NO,NO,NO,NO,61,1811
visibility-filtering/server_deps.rs,visibility-filtering,D12,,D12,NO,HIGH,visibility-filtering,FULL_SOURCE_REVIEW,NO,NO,NO,NO,NO,YES,NO,NO,NO,NO,NO,NO,501,17431
visibility-filtering/twemcache/accrual.rs,visibility-filtering,D12,D16,D12;D16,YES,HIGH,visibility-filtering,FULL_SOURCE_REVIEW,NO,NO,NO,NO,NO,YES,NO,NO,NO,NO,NO,NO,267,7961
visibility-filtering/twemcache/client.rs,visibility-filtering,D12,D16,D12;D16,YES,HIGH,visibility-filtering,FULL_SOURCE_REVIEW,NO,NO,NO,NO,NO,YES,NO,NO,NO,NO,NO,NO,644,21315
visibility-filtering/twemcache/connection.rs,visibility-filtering,D12,D16,D12;D16,YES,HIGH,visibility-filtering,FULL_SOURCE_REVIEW,NO,NO,NO,NO,NO,YES,NO,NO,NO,NO,NO,NO,750,24493
visibility-filtering/twemcache/discovery.rs,visibility-filtering,D12,D16,D12;D16,YES,HIGH,visibility-filtering,FULL_SOURCE_REVIEW,NO,NO,NO,NO,NO,YES,NO,NO,NO,NO,NO,NO,121,3391
visibility-filtering/twemcache/error.rs,visibility-filtering,D12,D16,D12;D16,YES,HIGH,visibility-filtering,FULL_SOURCE_REVIEW,NO,NO,NO,NO,NO,NO,NO,NO,NO,NO,NO,NO,15,357
visibility-filtering/twemcache/host_pool.rs,visibility-filtering,D12,D16,D12;D16,YES,HIGH,visibility-filtering,FULL_SOURCE_REVIEW,NO,NO,NO,NO,NO,YES,NO,NO,NO,NO,NO,NO,346,10542
visibility-filtering/twemcache/host_pool_tests.rs,visibility-filtering,D12,D16,D12;D16,YES,HIGH,visibility-filtering,FULL_SOURCE_REVIEW,NO,NO,NO,NO,NO,NO,NO,NO,NO,NO,NO,NO,639,18653
visibility-filtering/twemcache/key.rs,visibility-filtering,D12,D16,D12;D16,YES,HIGH,visibility-filtering,FULL_SOURCE_REVIEW,NO,NO,NO,NO,NO,NO,NO,NO,NO,NO,NO,NO,97,2248
visibility-filtering/twemcache/metrics.rs,visibility-filtering,D12,D16;D18,D12;D16;D18,YES,HIGH,visibility-filtering,FULL_SOURCE_REVIEW,NO,NO,NO,NO,NO,YES,NO,NO,NO,NO,NO,NO,98,2458
visibility-filtering/twemcache/mod.rs,visibility-filtering,D12,D16,D12;D16,YES,HIGH,visibility-filtering,FULL_SOURCE_REVIEW,NO,NO,NO,NO,NO,NO,NO,NO,NO,NO,NO,NO,13,354
visibility-filtering/twemcache/ring.rs,visibility-filtering,D12,D16,D12;D16,YES,HIGH,visibility-filtering,FULL_SOURCE_REVIEW,NO,NO,NO,NO,NO,YES,NO,NO,NO,NO,NO,NO,243,7699
visibility-filtering-client/discovery.rs,visibility-filtering-client,D12,D16,D12;D16,YES,HIGH,visibility-filtering-client,FULL_SOURCE_REVIEW,NO,NO,NO,NO,NO,YES,NO,NO,NO,NO,NO,NO,305,9534
visibility-filtering-client/graphql_results.rs,visibility-filtering-client,D12,D16,D12;D16,YES,HIGH,visibility-filtering-client,FULL_SOURCE_REVIEW,NO,NO,NO,NO,NO,YES,NO,NO,NO,NO,NO,NO,414,13908
visibility-filtering-client/lib.rs,visibility-filtering-client,D12,D16,D12;D16,YES,HIGH,visibility-filtering-client,FULL_SOURCE_REVIEW,NO,NO,NO,NO,NO,NO,NO,NO,NO,NO,NO,NO,6,118
visibility-filtering-client/links.rs,visibility-filtering-client,D12,D16,D12;D16,YES,HIGH,visibility-filtering-client,FULL_SOURCE_REVIEW,NO,NO,NO,NO,NO,NO,NO,NO,NO,NO,NO,NO,36,1663
visibility-filtering-client/models.rs,visibility-filtering-client,D12,D16,D12;D16,YES,HIGH,visibility-filtering-client,FULL_SOURCE_REVIEW,NO,NO,NO,NO,NO,YES,NO,NO,NO,NO,NO,NO,589,21598
visibility-filtering-client/tweet_safety_label.rs,visibility-filtering-client,D12,D16,D12;D16,YES,HIGH,visibility-filtering-client,FULL_SOURCE_REVIEW,NO,NO,NO,NO,NO,YES,NO,NO,NO,NO,NO,NO,650,23068
visibility-filtering-client/vf_client.rs,visibility-filtering-client,D12,D16,D12;D16,YES,HIGH,visibility-filtering-client,FULL_SOURCE_REVIEW,NO,NO,NO,NO,NO,YES,NO,NO,NO,NO,NO,NO,999,34485
vm-ranker/args.rs,vm-ranker,D06,D16,D06;D16,YES,HIGH,vm-ranker,FULL_SOURCE_REVIEW,NO,NO,NO,NO,NO,NO,NO,NO,NO,NO,NO,NO,35,905
vm-ranker/dpp.rs,vm-ranker,D06,D16,D06;D16,YES,HIGH,vm-ranker,FULL_SOURCE_REVIEW,NO,NO,NO,NO,NO,YES,NO,NO,NO,NO,NO,NO,495,13818
vm-ranker/embedding_store.rs,vm-ranker,D06,D16,D06;D16,YES,HIGH,vm-ranker,FULL_SOURCE_REVIEW,NO,NO,NO,NO,NO,NO,NO,NO,NO,NO,NO,NO,22,538
vm-ranker/helpers.rs,vm-ranker,D06,D16,D06;D16,YES,HIGH,vm-ranker,FULL_SOURCE_REVIEW,NO,NO,NO,NO,NO,NO,NO,NO,NO,NO,NO,NO,152,5570
vm-ranker/lib.rs,vm-ranker,D06,D16,D06;D16,YES,HIGH,vm-ranker,FULL_SOURCE_REVIEW,NO,NO,NO,NO,NO,NO,NO,NO,NO,NO,NO,NO,7,127
vm-ranker/main.rs,vm-ranker,D06,D16,D06;D16,YES,HIGH,vm-ranker,FULL_SOURCE_REVIEW,NO,NO,NO,NO,NO,NO,NO,NO,NO,NO,NO,NO,92,2852
vm-ranker/metrics.rs,vm-ranker,D06,D16;D18,D06;D16;D18,YES,HIGH,vm-ranker,FULL_SOURCE_REVIEW,NO,NO,NO,NO,NO,NO,NO,NO,NO,NO,NO,NO,173,5873
vm-ranker/ranker_service.rs,vm-ranker,D06,D16,D06;D16,YES,HIGH,vm-ranker,FULL_SOURCE_REVIEW,NO,NO,NO,NO,NO,NO,NO,NO,NO,NO,NO,NO,118,3914
vm-ranker/scoring/dpp_model.rs,vm-ranker,D06,D16,D06;D16,YES,HIGH,vm-ranker,FULL_SOURCE_REVIEW,NO,NO,NO,NO,NO,NO,NO,NO,NO,NO,NO,NO,154,4687
vm-ranker/scoring/mod.rs,vm-ranker,D06,D16,D06;D16,YES,HIGH,vm-ranker,FULL_SOURCE_REVIEW,NO,NO,NO,NO,NO,NO,NO,NO,NO,NO,NO,NO,54,1384
