path,specialist_pass,review_treatment,review_result,role,material_symbols_or_sections,callers_or_registration,downstream_consumers,config_or_reachability,failure_or_fallback,supporting_files_examined,open_questions,notes
candidate-pipeline/candidate_pipeline.rs,S01,FULL_SOURCE_REVIEW,COMPONENT_REVIEWED,"Core execution engine: defines PipelineStage, PipelineComponents, PipelineResult, PipelineQuery/PipelineCandidate traits, and the CandidatePipeline trait's execute()/execute_stages() default implementation -- the universal 10-step sequence every pipeline instance runs.","CandidatePipeline::execute_stages, hydrate_query, hydrate_dependent_query, fetch_candidates, hydrate/run_hydrators, filter/run_filters, score, select, run_side_effects","Implemented by all 6 home-mixer pipeline structs (PhoenixCandidatePipeline, ForYouCandidatePipeline, FollowingCandidatePipeline, RankedFollowingCandidatePipeline, ReverseChronPostsPipeline, PhoenixScoresPipeline).",Every home-mixer pipeline; S02/S05/S08 rely on its concurrency/ordering semantics.,Stage-level enable() filtering (`.filter(|c| c.enable(query))`) gates every component before it runs; disabled components simply never execute.,"Establishes the framework-wide failure model (S01-F004, S01-F005): hydrators/sources/scorers fail per-unit without failing the request; filters have no fallibility; side effects are tokio::spawn fire-and-forget with discarded results.","candidate-pipeline/{hydrator,scorer,filter,selector,source,side_effect,query_hydrator,pipeline_summary,util,lib}.rs",,"Single most important file in S01's scope; establishes execution order, concurrency, and failure semantics for the entire orchestration layer."
candidate-pipeline/filter.rs,S01,FULL_SOURCE_REVIEW,COMPONENT_REVIEWED,"Filter trait; filter() is a total FilterResult{kept,removed} partition -- no Result/fallibility at this layer.",see role,candidate-pipeline/lib.rs; consumed by all home-mixer pipelines,All 6 home-mixer pipelines,trait-level enable() defaults to true unless overridden,see candidate_pipeline.rs row for the composed behavior,candidate-pipeline/candidate_pipeline.rs,,
candidate-pipeline/hydrator.rs,S01,FULL_SOURCE_REVIEW,COMPONENT_REVIEWED,Hydrator and CachedHydrator traits; default update_all is the source of the per-candidate silent-skip-on-Err semantics (S01-F004). CachedHydrator blanket-impls Hydrator with a cache-then-client-fetch pattern.,see role,candidate-pipeline/lib.rs; consumed by all home-mixer pipelines,All 6 home-mixer pipelines,trait-level enable() defaults to true unless overridden,see candidate_pipeline.rs row for the composed behavior,candidate-pipeline/candidate_pipeline.rs,,
candidate-pipeline/lib.rs,S01,FULL_SOURCE_REVIEW,COMPONENT_REVIEWED,Crate root; declares the 9 core modules and the SPAN_LEVEL tracing constant (feature-gated verbosity).,see role,candidate-pipeline/lib.rs; consumed by all home-mixer pipelines,All 6 home-mixer pipelines,trait-level enable() defaults to true unless overridden,see candidate_pipeline.rs row for the composed behavior,candidate-pipeline/candidate_pipeline.rs,,
candidate-pipeline/pipeline_summary.rs,S01,FULL_SOURCE_REVIEW,COMPONENT_REVIEWED,Task-local PipelineSummary/StageStats bookkeeping used for structured per-stage logging (total/enabled/latency/kept/removed counts).,see role,candidate-pipeline/lib.rs; consumed by all home-mixer pipelines,All 6 home-mixer pipelines,trait-level enable() defaults to true unless overridden,see candidate_pipeline.rs row for the composed behavior,candidate-pipeline/candidate_pipeline.rs,,
candidate-pipeline/query_hydrator.rs,S01,FULL_SOURCE_REVIEW,COMPONENT_REVIEWED,QueryHydrator trait; run() wraps hydrate() with logging; Err is silently skipped by the engine's `if let Ok`.,see role,candidate-pipeline/lib.rs; consumed by all home-mixer pipelines,All 6 home-mixer pipelines,trait-level enable() defaults to true unless overridden,see candidate_pipeline.rs row for the composed behavior,candidate-pipeline/candidate_pipeline.rs,,
candidate-pipeline/scorer.rs,S01,FULL_SOURCE_REVIEW,COMPONENT_REVIEWED,Scorer trait; default update_all mirrors Hydrator's silent-skip-on-Err semantics (S01-F004/F012).,see role,candidate-pipeline/lib.rs; consumed by all home-mixer pipelines,All 6 home-mixer pipelines,trait-level enable() defaults to true unless overridden,see candidate_pipeline.rs row for the composed behavior,candidate-pipeline/candidate_pipeline.rs,,
candidate-pipeline/selector.rs,S01,FULL_SOURCE_REVIEW,COMPONENT_REVIEWED,Selector trait; default select() sorts by score() descending and splits at size() if Some; a pipeline can override select() entirely (e.g. BlenderSelector's interleaving).,see role,candidate-pipeline/lib.rs; consumed by all home-mixer pipelines,All 6 home-mixer pipelines,trait-level enable() defaults to true unless overridden,see candidate_pipeline.rs row for the composed behavior,candidate-pipeline/candidate_pipeline.rs,,
candidate-pipeline/side_effect.rs,S01,FULL_SOURCE_REVIEW,COMPONENT_REVIEWED,SideEffect trait; run() is a thin wrapper with no error transformation -- the caller (candidate_pipeline.rs's run_side_effects) discards all results.,see role,candidate-pipeline/lib.rs; consumed by all home-mixer pipelines,All 6 home-mixer pipelines,trait-level enable() defaults to true unless overridden,see candidate_pipeline.rs row for the composed behavior,candidate-pipeline/candidate_pipeline.rs,,
candidate-pipeline/source.rs,S01,FULL_SOURCE_REVIEW,COMPONENT_REVIEWED,"Source trait; run() wraps source() with logging/stats, returns Result<Vec<C>,String> whose Err becomes zero candidates via the engine's flatten() (S01-F004).",see role,candidate-pipeline/lib.rs; consumed by all home-mixer pipelines,All 6 home-mixer pipelines,trait-level enable() defaults to true unless overridden,see candidate_pipeline.rs row for the composed behavior,candidate-pipeline/candidate_pipeline.rs,,
candidate-pipeline/util.rs,S01,FULL_SOURCE_REVIEW,COMPONENT_REVIEWED,short_type_name() helper used by every trait's default name().,see role,candidate-pipeline/lib.rs; consumed by all home-mixer pipelines,All 6 home-mixer pipelines,trait-level enable() defaults to true unless overridden,see candidate_pipeline.rs row for the composed behavior,candidate-pipeline/candidate_pipeline.rs,,
home-mixer/candidate_hydrators/bidirectional_follow_hydrator.rs,S01,FULL_SOURCE_REVIEW,COMPONENT_REVIEWED,"Sets is_mutual_follow_author/author_follows_viewer; the S00-carried-forward component whose failure semantics S01-F004/S00-F008 resolve, and whose author_follows_viewer output feeds the Phoenix model (S00-F007).",BidirectionalFollowHydrator,see S01_pipeline_inventory.csv for exact construction site(s),see S01_pipeline_inventory.csv,see S01_pipeline_inventory.csv enable_or_gate column,framework default unless noted otherwise in role,,,
home-mixer/candidate_hydrators/broadcast_liveness_hydrator.rs,S01,FULL_SOURCE_REVIEW,COMPONENT_REVIEWED,Not declared in candidate_hydrators/mod.rs (absent from the compiled crate) and independently hardcodes enable()->false (S01-F002).,BroadcastLivenessHydrator,see S01_pipeline_inventory.csv for exact construction site(s),see S01_pipeline_inventory.csv,see S01_pipeline_inventory.csv enable_or_gate column,framework default unless noted otherwise in role,,,
home-mixer/candidate_pipeline/following_candidate_pipeline.rs,S01,FULL_SOURCE_REVIEW,COMPONENT_REVIEWED,"Constructs and implements the plain (unranked) Following surface: composes ReverseChronPostsPipeline via ReverseChronPostsSource, plus ads/WTF/prompts, FollowingBlenderSelector.",FollowingCandidatePipeline,home-mixer/server.rs (HomeMixerServer::build) constructs and wires all 6 pipelines at boot,Corresponding *_server.rs / server.rs gRPC handlers,Component-level enable() gates recorded per-component in S01_pipeline_inventory.csv,Boot-time client construction is fail-hard (.expect()) except ThunderCapiClient (graceful fallback) -- S01-F013,home-mixer/server.rs; home-mixer/scored_posts_server.rs; relevant sources/*.rs,,
home-mixer/candidate_pipeline/for_you_candidate_pipeline.rs,S01,FULL_SOURCE_REVIEW,COMPONENT_REVIEWED,"Constructs and implements the Blending Pipeline: 2 query hydrators, 7 sources (one of which -- ScoredPostsSource -- awaits PhoenixCandidatePipeline's full execution), 1 pre-selection filter, BlenderSelector, 1 post-selection filter, 9 side effects. Zero scorers/hydrators of its own.",ForYouCandidatePipeline,home-mixer/server.rs (HomeMixerServer::build) constructs and wires all 6 pipelines at boot,Corresponding *_server.rs / server.rs gRPC handlers,Component-level enable() gates recorded per-component in S01_pipeline_inventory.csv,Boot-time client construction is fail-hard (.expect()) except ThunderCapiClient (graceful fallback) -- S01-F013,home-mixer/server.rs; home-mixer/scored_posts_server.rs; relevant sources/*.rs,,
home-mixer/candidate_pipeline/mod.rs,S01,FULL_SOURCE_REVIEW,COMPONENT_REVIEWED,"Declares all 6 pipeline submodules; hosts shared xDS client-building helpers (build_phoenix_xds_client, build_phoenix_xds_retrieval_client, build_vm_ranker_xds_client) used by multiple pipelines' prod() constructors.",(module),home-mixer/server.rs (HomeMixerServer::build) constructs and wires all 6 pipelines at boot,Corresponding *_server.rs / server.rs gRPC handlers,Component-level enable() gates recorded per-component in S01_pipeline_inventory.csv,Boot-time client construction is fail-hard (.expect()) except ThunderCapiClient (graceful fallback) -- S01-F013,home-mixer/server.rs; home-mixer/scored_posts_server.rs; relevant sources/*.rs,,
home-mixer/candidate_pipeline/phoenix_candidate_pipeline.rs,S01,FULL_SOURCE_REVIEW,COMPONENT_REVIEWED,"Constructs and implements the Post Pipeline: 17 query hydrators, 7 sources, 12 hydrators, 18 pre-scoring filters, 3 scorers, TopKScoreSelector, 6 post-selection hydrators, 3 post-selection filters, 8 side effects. Central orchestration file for the ranked For You / Scored Posts surfaces.",PhoenixCandidatePipeline,home-mixer/server.rs (HomeMixerServer::build) constructs and wires all 6 pipelines at boot,Corresponding *_server.rs / server.rs gRPC handlers,Component-level enable() gates recorded per-component in S01_pipeline_inventory.csv,Boot-time client construction is fail-hard (.expect()) except ThunderCapiClient (graceful fallback) -- S01-F013,home-mixer/server.rs; home-mixer/scored_posts_server.rs; relevant sources/*.rs,,
home-mixer/candidate_pipeline/phoenix_scores_pipeline.rs,S01,FULL_SOURCE_REVIEW,COMPONENT_REVIEWED,"Constructs and implements a bulk/raw Phoenix-scoring pipeline: takes explicit seed_candidate_post_ids (not retrieval), RESULT_SIZE=2800, PassthroughSelector -- a distinct API surface from feed ranking (S01-F009).",PhoenixScoresPipeline,home-mixer/server.rs (HomeMixerServer::build) constructs and wires all 6 pipelines at boot,Corresponding *_server.rs / server.rs gRPC handlers,Component-level enable() gates recorded per-component in S01_pipeline_inventory.csv,Boot-time client construction is fail-hard (.expect()) except ThunderCapiClient (graceful fallback) -- S01-F013,home-mixer/server.rs; home-mixer/scored_posts_server.rs; relevant sources/*.rs,,
home-mixer/candidate_pipeline/ranked_following_candidate_pipeline.rs,S01,FULL_SOURCE_REVIEW,COMPONENT_REVIEWED,Constructs and implements the Ranked Following surface: reuses PhoenixCandidatePipeline via ScoredPostsSource (server layer forces in_network_only=true first) plus AdsSource only.,RankedFollowingCandidatePipeline,home-mixer/server.rs (HomeMixerServer::build) constructs and wires all 6 pipelines at boot,Corresponding *_server.rs / server.rs gRPC handlers,Component-level enable() gates recorded per-component in S01_pipeline_inventory.csv,Boot-time client construction is fail-hard (.expect()) except ThunderCapiClient (graceful fallback) -- S01-F013,home-mixer/server.rs; home-mixer/scored_posts_server.rs; relevant sources/*.rs,,
home-mixer/candidate_pipeline/reverse_chron_posts_pipeline.rs,S01,FULL_SOURCE_REVIEW,COMPONENT_REVIEWED,"Constructs and implements a genuinely unranked (PassthroughSelector, zero scorers) reverse-chronological posts pipeline consumed as a Source by FollowingCandidatePipeline.",ReverseChronPostsPipeline,home-mixer/server.rs (HomeMixerServer::build) constructs and wires all 6 pipelines at boot,Corresponding *_server.rs / server.rs gRPC handlers,Component-level enable() gates recorded per-component in S01_pipeline_inventory.csv,Boot-time client construction is fail-hard (.expect()) except ThunderCapiClient (graceful fallback) -- S01-F013,home-mixer/server.rs; home-mixer/scored_posts_server.rs; relevant sources/*.rs,,
home-mixer/config.rs,S01,FULL_SOURCE_REVIEW,COMPONENT_REVIEWED,"Small config surface distinct from params/config.rs; not deep-read symbol-by-symbol beyond confirming it is a real, referenced module (not orphaned).",(module-level),home-mixer/lib.rs,TRIAGED-depth: not individually traced further,UNKNOWN (not deep-read),UNKNOWN (not deep-read),,Exact contents not deep-read in S01; confirm no additional config surface duplicates params/config.rs.,
home-mixer/dark_traffic_setup.rs,S01,FULL_SOURCE_REVIEW,COMPONENT_REVIEWED,"Configures an optional shadow/dark-traffic-mirroring gRPC layer, gated by DARK_TRAFFIC_K8S_DISCOVERY env var and pod-ordinal-based enablement (should_enable, unit-tested).",resolve_layer,home-mixer/lib.rs; home-mixer/main.rs (XServiceBuilder),gRPC clients of home-mixer's 5 registered services,see role,see role,home-mixer/server.rs and sibling *_server.rs files cross-read together,,
home-mixer/filters/brazil_2026_election_filter.rs,S01,FULL_SOURCE_REVIEW,COMPONENT_REVIEWED,S00-carried-forward: confirmed constructed unconditionally (no local enable() override) between AuthorSocialgraphFilter and VideoFilter in PhoenixCandidatePipeline's pre-scoring filters; S01 did not re-derive the exclusion-list semantics beyond S00's prior read.,Brazil2026ElectionFilter,see S01_pipeline_inventory.csv for exact construction site(s),see S01_pipeline_inventory.csv,see S01_pipeline_inventory.csv enable_or_gate column,framework default unless noted otherwise in role,,,
home-mixer/filters/popular_topics_author_dedup_filter.rs,S01,FULL_SOURCE_REVIEW,COMPONENT_REVIEWED,Not declared in filters/mod.rs (absent from the compiled crate); companion dedup filter for the dormant PopularTopicsSource (S01-F002).,PopularTopicsAuthorDedupFilter,see S01_pipeline_inventory.csv for exact construction site(s),see S01_pipeline_inventory.csv,see S01_pipeline_inventory.csv enable_or_gate column,framework default unless noted otherwise in role,,,
home-mixer/filters/previously_seen_posts_backup_filter.rs,S01,FULL_SOURCE_REVIEW,COMPONENT_REVIEWED,"Constructed and unconditionally enabled in PhoenixCandidatePipeline, but its sole data dependency (query.impressed_post_ids) is always empty due to S01-F001, making it a permanent no-op under current wiring.",PreviouslySeenPostsBackupFilter,see S01_pipeline_inventory.csv for exact construction site(s),see S01_pipeline_inventory.csv,see S01_pipeline_inventory.csv enable_or_gate column,framework default unless noted otherwise in role,,,
home-mixer/following_feed_server.rs,S01,FULL_SOURCE_REVIEW,COMPONENT_REVIEWED,Thin server wrapping FollowingCandidatePipeline::execute plus URT timeline serialization; implements the TEST_USER_IDS bypass.,FollowingFeedServer,home-mixer/lib.rs; home-mixer/main.rs (XServiceBuilder),gRPC clients of home-mixer's 5 registered services,see role,see role,home-mixer/server.rs and sibling *_server.rs files cross-read together,,
home-mixer/for_you_server.rs,S01,FULL_SOURCE_REVIEW,COMPONENT_REVIEWED,Thin server wrapping ForYouCandidatePipeline::execute plus URT timeline serialization; implements the TEST_USER_IDS bypass.,ForYouFeedServer,home-mixer/lib.rs; home-mixer/main.rs (XServiceBuilder),gRPC clients of home-mixer's 5 registered services,see role,see role,home-mixer/server.rs and sibling *_server.rs files cross-read together,,
home-mixer/lib.rs,S01,FULL_SOURCE_REVIEW,COMPONENT_REVIEWED,Crate root; declares all home-mixer submodules and re-exports the public server/config types used by main.rs.,"mod declarations; pub use HomeMixerServer, HomeMixerConfig, PhoenixXdsConfig, VmRankerXdsConfig, *FeedServer, ScoredPostsServer, PhoenixScoresServer",home-mixer/main.rs,crate-external callers of the home-mixer library,N/A,N/A,,,
home-mixer/main.rs,S01,FULL_SOURCE_REVIEW,COMPONENT_REVIEWED,"Process entry point: CLI arg parsing (clap), xDS/decider/feature-switch/TLS bootstrap, dark-traffic layer, XServiceBuilder::run::<HomeMixerServer>.",main,home-mixer/lib.rs; home-mixer/main.rs (XServiceBuilder),gRPC clients of home-mixer's 5 registered services,see role,see role,home-mixer/server.rs and sibling *_server.rs files cross-read together,,
home-mixer/models/query.rs,S01,FULL_SOURCE_REVIEW,COMPONENT_REVIEWED,The single shared query struct used by all 6 pipelines (generic over PipelineQuery); RequestType enum (ForYou/RankedFollowing/Following/ScoredPosts/PhoenixScores) distinguishes surfaces; has_cached_posts/in_network_only/seed_candidate_post_ids/topic_ids are the primary request-mode discriminators.,"ScoredPostsQuery, RequestType",home-mixer/lib.rs; home-mixer/main.rs (XServiceBuilder),gRPC clients of home-mixer's 5 registered services,see role,see role,home-mixer/server.rs and sibling *_server.rs files cross-read together,,
home-mixer/phoenix_scores_server.rs,S01,FULL_SOURCE_REVIEW,COMPONENT_REVIEWED,Thin server wrapping PhoenixScoresPipeline::execute; implements the TEST_USER_IDS bypass and PhoenixScore proto conversion; build_query_builder_input adapts PhoenixScoresQuery to the shared ScoredPostsQuery proto.,PhoenixScoresServer,home-mixer/lib.rs; home-mixer/main.rs (XServiceBuilder),gRPC clients of home-mixer's 5 registered services,see role,see role,home-mixer/server.rs and sibling *_server.rs files cross-read together,,
home-mixer/query_hydrators/impressed_posts_query_hydrator.rs,S01,FULL_SOURCE_REVIEW,COMPONENT_REVIEWED,"Module-declared and unit-tested, but constructed-and-discarded in PhoenixCandidatePipeline (S01-F001) -- never reaches any pipeline's active query_hydrators Vec.",ImpressedPostsQueryHydrator,see S01_pipeline_inventory.csv for exact construction site(s),see S01_pipeline_inventory.csv,see S01_pipeline_inventory.csv enable_or_gate column,framework default unless noted otherwise in role,,,
home-mixer/ranked_following_feed_server.rs,S01,FULL_SOURCE_REVIEW,COMPONENT_REVIEWED,Thin server wrapping RankedFollowingCandidatePipeline::execute plus URT timeline serialization; implements the TEST_USER_IDS bypass.,RankedFollowingFeedServer,home-mixer/lib.rs; home-mixer/main.rs (XServiceBuilder),gRPC clients of home-mixer's 5 registered services,see role,see role,home-mixer/server.rs and sibling *_server.rs files cross-read together,,
home-mixer/scored_posts_server.rs,S01,FULL_SOURCE_REVIEW,COMPONENT_REVIEWED,Thin server wrapping PhoenixCandidatePipeline::execute; implements the TEST_USER_IDS bypass (S01-F010) and ScoredPost proto conversion.,ScoredPostsServer,home-mixer/lib.rs; home-mixer/main.rs (XServiceBuilder),gRPC clients of home-mixer's 5 registered services,see role,see role,home-mixer/server.rs and sibling *_server.rs files cross-read together,,
home-mixer/scorers/phoenix_scorer.rs,S01,FULL_SOURCE_REVIEW,COMPONENT_REVIEWED,Builds and dispatches the Phoenix PredictNextActionsRequest; gated by !has_cached_posts and a decider kill-switch; XDS-with-fallback dispatch mirrors VMRanker's pattern.,PhoenixScorer,see S01_pipeline_inventory.csv for exact construction site(s),see S01_pipeline_inventory.csv,see S01_pipeline_inventory.csv enable_or_gate column,framework default unless noted otherwise in role,,,
home-mixer/scorers/vm_ranker.rs,S01,FULL_SOURCE_REVIEW,COMPONENT_REVIEWED,DPP-reranking scorer; xDS-with-DNS-fallback dispatch; whole-call failure degrades gracefully to the prior scorer's score rather than failing the request (S01-F012).,VMRanker,see S01_pipeline_inventory.csv for exact construction site(s),see S01_pipeline_inventory.csv,see S01_pipeline_inventory.csv enable_or_gate column,framework default unless noted otherwise in role,,,
home-mixer/server.rs,S01,FULL_SOURCE_REVIEW,COMPONENT_REVIEWED,"Master orchestration file: implements all 5 gRPC services, QueryBuilder::build (shared query construction for every endpoint, including the in_network_only account-override at S01-F008 and the debug fs_overrides mechanism at S01-F011), and HomeMixerServer::build (boot-time wiring of all 6 pipelines).","HomeMixerServer, QueryBuilder",home-mixer/lib.rs; home-mixer/main.rs (XServiceBuilder),gRPC clients of home-mixer's 5 registered services,see role,see role,home-mixer/server.rs and sibling *_server.rs files cross-read together,,
home-mixer/sources/popular_topics_source.rs,S01,FULL_SOURCE_REVIEW,COMPONENT_REVIEWED,Not declared in sources/mod.rs (absent from the compiled crate) and independently hardcodes enable()->false (S01-F002); queries Strato for popular tweets across 22 Grok topic categories.,PopularTopicsSource,see S01_pipeline_inventory.csv for exact construction site(s),see S01_pipeline_inventory.csv,see S01_pipeline_inventory.csv enable_or_gate column,framework default unless noted otherwise in role,,,
home-mixer/sources/reverse_chron_posts_source.rs,S01,FULL_SOURCE_REVIEW,COMPONENT_REVIEWED,"Same peer-source composition pattern as ScoredPostsSource, wrapping ReverseChronPostsPipeline instead.",ReverseChronPostsSource,see S01_pipeline_inventory.csv for exact construction site(s),see S01_pipeline_inventory.csv,see S01_pipeline_inventory.csv enable_or_gate column,framework default unless noted otherwise in role,,,
home-mixer/sources/scored_posts_source.rs,S01,FULL_SOURCE_REVIEW,COMPONENT_REVIEWED,The concrete mechanism behind 'the Blending Pipeline wraps the Post Pipeline' (S01-F006/S00-C044): awaits ScoredPostsServer::run_pipeline -> PhoenixCandidatePipeline::execute synchronously in-process.,ScoredPostsSource,see S01_pipeline_inventory.csv for exact construction site(s),see S01_pipeline_inventory.csv,see S01_pipeline_inventory.csv enable_or_gate column,framework default unless noted otherwise in role,,,
home-mixer/query_hydrators/scoring_sequence_query_hydrator.rs,S01,FULL_SOURCE_REVIEW,COMPONENT_REVIEWED,query_hydrator: Hydrates the viewer's recent action sequence used as the primary Phoenix ranking model input.,ScoringSequenceQueryHydrator,Constructed in: PhoenixCandidatePipeline (PhoenixCandidatePipeline::build_with_clients); PhoenixScoresPipeline (PhoenixScoresPipeline::build_with_clients),S17,enable()=enable() present (checked); checked-in default per param.rs (S17 census); confirmed via direct grep of this file plus pipeline-construction-site cross-check,Err silently skips that hydrator's field update; query proceeds with field unset/default (candidate_pipeline.rs hydrate_query),"candidate-pipeline/{hydrator,scorer,source,filter,query_hydrator,side_effect}.rs (trait defaults); PhoenixCandidatePipeline::build_with_clients, PhoenixScoresPipeline::build_with_clients",,One of 17 query hydrators; all run concurrently via join_all.
home-mixer/query_hydrators/retrieval_sequence_query_hydrator.rs,S01,FULL_SOURCE_REVIEW,COMPONENT_REVIEWED,"query_hydrator: Hydrates the action sequence used for Phoenix retrieval (candidate discovery), distinct from the scoring sequence.",RetrievalSequenceQueryHydrator,Constructed in: PhoenixCandidatePipeline (PhoenixCandidatePipeline::build_with_clients),S17,enable()=enable() present; checked-in default per param.rs (S17 census); confirmed via direct grep of this file plus pipeline-construction-site cross-check,Err silently skips that hydrator's field update; query proceeds with field unset/default (candidate_pipeline.rs hydrate_query),"candidate-pipeline/{hydrator,scorer,source,filter,query_hydrator,side_effect}.rs (trait defaults); PhoenixCandidatePipeline::build_with_clients",,One of 17 query hydrators; all run concurrently via join_all.
home-mixer/query_hydrators/blocked_user_ids_query_hydrator.rs,S01,FULL_SOURCE_REVIEW,COMPONENT_REVIEWED,query_hydrator: Hydrates the viewer's blocked-user-id list from SocialGraph.,BlockedUserIdsQueryHydrator,Constructed in: PhoenixCandidatePipeline (PhoenixCandidatePipeline::build_with_clients),S17,enable()=no enable() override; checked-in default per param.rs (S17 census); confirmed via direct grep of this file plus pipeline-construction-site cross-check,Err silently skips that hydrator's field update; query proceeds with field unset/default (candidate_pipeline.rs hydrate_query),"candidate-pipeline/{hydrator,scorer,source,filter,query_hydrator,side_effect}.rs (trait defaults); PhoenixCandidatePipeline::build_with_clients",,One of 17 query hydrators; all run concurrently via join_all.
home-mixer/query_hydrators/muted_user_ids_query_hydrator.rs,S01,FULL_SOURCE_REVIEW,COMPONENT_REVIEWED,query_hydrator: Hydrates the viewer's muted-user-id list from SocialGraph.,MutedUserIdsQueryHydrator,Constructed in: PhoenixCandidatePipeline (PhoenixCandidatePipeline::build_with_clients),S17,enable()=no enable() override; checked-in default per param.rs (S17 census); confirmed via direct grep of this file plus pipeline-construction-site cross-check,Err silently skips that hydrator's field update; query proceeds with field unset/default (candidate_pipeline.rs hydrate_query),"candidate-pipeline/{hydrator,scorer,source,filter,query_hydrator,side_effect}.rs (trait defaults); PhoenixCandidatePipeline::build_with_clients",,One of 17 query hydrators; all run concurrently via join_all.
home-mixer/query_hydrators/followed_user_ids_query_hydrator.rs,S01,FULL_SOURCE_REVIEW,COMPONENT_REVIEWED,query_hydrator: Hydrates the viewer's followed-user-id list from SocialGraph; feeds in-network eligibility and mutual-follow checks.,FollowedUserIdsQueryHydrator,Constructed in: PhoenixCandidatePipeline (PhoenixCandidatePipeline::build_with_clients); FollowingCandidatePipeline (FollowingCandidatePipeline::build); PhoenixScoresPipeline (PhoenixScoresPipeline::build_with_clients),S17,enable()=enable() present; checked-in default per param.rs (S17 census); confirmed via direct grep of this file plus pipeline-construction-site cross-check,Err silently skips that hydrator's field update; query proceeds with field unset/default (candidate_pipeline.rs hydrate_query),"candidate-pipeline/{hydrator,scorer,source,filter,query_hydrator,side_effect}.rs (trait defaults); FollowingCandidatePipeline::build, PhoenixCandidatePipeline::build_with_clients, PhoenixScoresPipeline::build_with_clients",,One of 17 query hydrators; all run concurrently via join_all.
home-mixer/query_hydrators/subscribed_user_ids_query_hydrator.rs,S01,FULL_SOURCE_REVIEW,COMPONENT_REVIEWED,query_hydrator: Hydrates the viewer's subscribed-user-id list.,SubscribedUserIdsQueryHydrator,Constructed in: PhoenixCandidatePipeline (PhoenixCandidatePipeline::build_with_clients),S17,enable()=no enable() override; checked-in default per param.rs (S17 census); confirmed via direct grep of this file plus pipeline-construction-site cross-check,Err silently skips that hydrator's field update; query proceeds with field unset/default (candidate_pipeline.rs hydrate_query),"candidate-pipeline/{hydrator,scorer,source,filter,query_hydrator,side_effect}.rs (trait defaults); PhoenixCandidatePipeline::build_with_clients",,One of 17 query hydrators; all run concurrently via join_all.
home-mixer/query_hydrators/cached_posts_query_hydrator.rs,S01,FULL_SOURCE_REVIEW,COMPONENT_REVIEWED,query_hydrator: Hydrates previously-cached post candidates from Redis for the cached-post request path.,CachedPostsQueryHydrator,Constructed in: PhoenixCandidatePipeline (PhoenixCandidatePipeline::build_with_clients),S17,enable()=enable() present; checked-in default per param.rs (S17 census); confirmed via direct grep of this file plus pipeline-construction-site cross-check,Err silently skips that hydrator's field update; query proceeds with field unset/default (candidate_pipeline.rs hydrate_query),"candidate-pipeline/{hydrator,scorer,source,filter,query_hydrator,side_effect}.rs (trait defaults); PhoenixCandidatePipeline::build_with_clients",,One of 17 query hydrators; all run concurrently via join_all.
home-mixer/query_hydrators/mutual_follow_query_hydrator.rs,S01,FULL_SOURCE_REVIEW,COMPONENT_REVIEWED,query_hydrator: Hydrates viewer-level mutual-follow context via Strato.,MutualFollowQueryHydrator,Constructed in: PhoenixCandidatePipeline (PhoenixCandidatePipeline::build_with_clients),S17,enable()=enable() present; checked-in default per param.rs (S17 census); confirmed via direct grep of this file plus pipeline-construction-site cross-check,Err silently skips that hydrator's field update; query proceeds with field unset/default (candidate_pipeline.rs hydrate_query),"candidate-pipeline/{hydrator,scorer,source,filter,query_hydrator,side_effect}.rs (trait defaults); PhoenixCandidatePipeline::build_with_clients",,One of 17 query hydrators; all run concurrently via join_all.
home-mixer/query_hydrators/user_demographics_query_hydrator.rs,S01,FULL_SOURCE_REVIEW,COMPONENT_REVIEWED,query_hydrator: Hydrates viewer demographic attributes.,UserDemographicsQueryHydrator,Constructed in: PhoenixCandidatePipeline (PhoenixCandidatePipeline::build_with_clients); PhoenixScoresPipeline (PhoenixScoresPipeline::build_with_clients),S17,enable()=enable() present; checked-in default per param.rs (S17 census); confirmed via direct grep of this file plus pipeline-construction-site cross-check,Err silently skips that hydrator's field update; query proceeds with field unset/default (candidate_pipeline.rs hydrate_query),"candidate-pipeline/{hydrator,scorer,source,filter,query_hydrator,side_effect}.rs (trait defaults); PhoenixCandidatePipeline::build_with_clients, PhoenixScoresPipeline::build_with_clients",,One of 17 query hydrators; all run concurrently via join_all.
home-mixer/query_hydrators/followed_grok_topics_query_hydrator.rs,S01,FULL_SOURCE_REVIEW,COMPONENT_REVIEWED,query_hydrator: Hydrates the viewer's followed Grok topic bitset (32 topics).,FollowedGrokTopicsQueryHydrator,Constructed in: PhoenixCandidatePipeline (PhoenixCandidatePipeline::build_with_clients); PhoenixScoresPipeline (PhoenixScoresPipeline::build_with_clients),S17,enable()=enable() present; checked-in default per param.rs (S17 census); confirmed via direct grep of this file plus pipeline-construction-site cross-check,Err silently skips that hydrator's field update; query proceeds with field unset/default (candidate_pipeline.rs hydrate_query),"candidate-pipeline/{hydrator,scorer,source,filter,query_hydrator,side_effect}.rs (trait defaults); PhoenixCandidatePipeline::build_with_clients, PhoenixScoresPipeline::build_with_clients",,One of 17 query hydrators; all run concurrently via join_all.
home-mixer/query_hydrators/followed_starter_packs_query_hydrator.rs,S01,FULL_SOURCE_REVIEW,COMPONENT_REVIEWED,query_hydrator: Hydrates the viewer's followed starter-pack bitset (20 packs).,FollowedStarterPacksQueryHydrator,Constructed in: PhoenixCandidatePipeline (PhoenixCandidatePipeline::build_with_clients); PhoenixScoresPipeline (PhoenixScoresPipeline::build_with_clients),S17,enable()=enable() present; checked-in default per param.rs (S17 census); confirmed via direct grep of this file plus pipeline-construction-site cross-check,Err silently skips that hydrator's field update; query proceeds with field unset/default (candidate_pipeline.rs hydrate_query),"candidate-pipeline/{hydrator,scorer,source,filter,query_hydrator,side_effect}.rs (trait defaults); PhoenixCandidatePipeline::build_with_clients, PhoenixScoresPipeline::build_with_clients",,One of 17 query hydrators; all run concurrently via join_all.
home-mixer/query_hydrators/user_installed_apps_query_hydrator.rs,S01,FULL_SOURCE_REVIEW,COMPONENT_REVIEWED,query_hydrator: Hydrates viewer's installed-apps signal.,UserInstalledAppsQueryHydrator,Constructed in: PhoenixCandidatePipeline (PhoenixCandidatePipeline::build_with_clients); PhoenixScoresPipeline (PhoenixScoresPipeline::build_with_clients),S17,enable()=enable() present; checked-in default per param.rs (S17 census); confirmed via direct grep of this file plus pipeline-construction-site cross-check,Err silently skips that hydrator's field update; query proceeds with field unset/default (candidate_pipeline.rs hydrate_query),"candidate-pipeline/{hydrator,scorer,source,filter,query_hydrator,side_effect}.rs (trait defaults); PhoenixCandidatePipeline::build_with_clients, PhoenixScoresPipeline::build_with_clients",,One of 17 query hydrators; all run concurrently via join_all.
home-mixer/query_hydrators/explicit_engagement_signals_query_hydrator.rs,S01,FULL_SOURCE_REVIEW,COMPONENT_REVIEWED,query_hydrator: Hydrates explicit engagement-signal aggregates for the viewer.,ExplicitEngagementSignalsQueryHydrator,Constructed in: PhoenixCandidatePipeline (PhoenixCandidatePipeline::build_with_clients),S17,enable()=enable() present; checked-in default per param.rs (S17 census); confirmed via direct grep of this file plus pipeline-construction-site cross-check,Err silently skips that hydrator's field update; query proceeds with field unset/default (candidate_pipeline.rs hydrate_query),"candidate-pipeline/{hydrator,scorer,source,filter,query_hydrator,side_effect}.rs (trait defaults); PhoenixCandidatePipeline::build_with_clients",,One of 17 query hydrators; all run concurrently via join_all.
home-mixer/query_hydrators/implicit_engagement_signals_query_hydrator.rs,S01,FULL_SOURCE_REVIEW,COMPONENT_REVIEWED,query_hydrator: Hydrates implicit engagement-signal aggregates for the viewer.,ImplicitEngagementSignalsQueryHydrator,Constructed in: PhoenixCandidatePipeline (PhoenixCandidatePipeline::build_with_clients),S17,enable()=enable() present; checked-in default per param.rs (S17 census); confirmed via direct grep of this file plus pipeline-construction-site cross-check,Err silently skips that hydrator's field update; query proceeds with field unset/default (candidate_pipeline.rs hydrate_query),"candidate-pipeline/{hydrator,scorer,source,filter,query_hydrator,side_effect}.rs (trait defaults); PhoenixCandidatePipeline::build_with_clients",,One of 17 query hydrators; all run concurrently via join_all.
home-mixer/query_hydrators/impression_bloom_filter_query_hydrator.rs,S01,FULL_SOURCE_REVIEW,COMPONENT_REVIEWED,"query_hydrator: Hydrates a bloom-filter representation of recently-impressed posts, used for probabilistic already-seen checks.",ImpressionBloomFilterQueryHydrator,Constructed in: PhoenixCandidatePipeline (PhoenixCandidatePipeline::build_with_clients),S17,enable()=enable() present; checked-in default per param.rs (S17 census); confirmed via direct grep of this file plus pipeline-construction-site cross-check,Err silently skips that hydrator's field update; query proceeds with field unset/default (candidate_pipeline.rs hydrate_query),"candidate-pipeline/{hydrator,scorer,source,filter,query_hydrator,side_effect}.rs (trait defaults); PhoenixCandidatePipeline::build_with_clients",,One of 17 query hydrators; all run concurrently via join_all.
home-mixer/query_hydrators/ip_query_hydrator.rs,S01,FULL_SOURCE_REVIEW,COMPONENT_REVIEWED,query_hydrator: Hydrates IP-derived geolocation info for the viewer.,IpQueryHydrator,Constructed in: PhoenixCandidatePipeline (PhoenixCandidatePipeline::build_with_clients); PhoenixScoresPipeline (PhoenixScoresPipeline::build_with_clients),S17,enable()=enable() present; checked-in default per param.rs (S17 census); confirmed via direct grep of this file plus pipeline-construction-site cross-check,Err silently skips that hydrator's field update; query proceeds with field unset/default (candidate_pipeline.rs hydrate_query),"candidate-pipeline/{hydrator,scorer,source,filter,query_hydrator,side_effect}.rs (trait defaults); PhoenixCandidatePipeline::build_with_clients, PhoenixScoresPipeline::build_with_clients",,One of 17 query hydrators; all run concurrently via join_all.
home-mixer/query_hydrators/user_inferred_gender_query_hydrator.rs,S01,FULL_SOURCE_REVIEW,COMPONENT_REVIEWED,query_hydrator: Hydrates an inferred-gender label/score for the viewer.,UserInferredGenderQueryHydrator,Constructed in: PhoenixCandidatePipeline (PhoenixCandidatePipeline::build_with_clients); PhoenixScoresPipeline (PhoenixScoresPipeline::build_with_clients),S17,enable()=enable() present; checked-in default per param.rs (S17 census); confirmed via direct grep of this file plus pipeline-construction-site cross-check,Err silently skips that hydrator's field update; query proceeds with field unset/default (candidate_pipeline.rs hydrate_query),"candidate-pipeline/{hydrator,scorer,source,filter,query_hydrator,side_effect}.rs (trait defaults); PhoenixCandidatePipeline::build_with_clients, PhoenixScoresPipeline::build_with_clients",,One of 17 query hydrators; all run concurrently via join_all.
home-mixer/sources/thunder_source.rs,S01,FULL_SOURCE_REVIEW,COMPONENT_REVIEWED,"source: In-network source: recent posts from accounts the viewer follows, served from Thunder's in-memory store.",ThunderSource,Constructed in: PhoenixCandidatePipeline (PhoenixCandidatePipeline::build_with_clients),S03;S04;S05;S07,enable()=gated; checked-in default per param.rs (S17 census); confirmed via direct grep of this file plus pipeline-construction-site cross-check,Err contributes zero candidates from this source; other sources unaffected (candidate-pipeline/candidate_pipeline.rs fetch_candidates flatten),"candidate-pipeline/{hydrator,scorer,source,filter,query_hydrator,side_effect}.rs (trait defaults); PhoenixCandidatePipeline::build_with_clients",,README-documented
home-mixer/sources/tweet_mixer_source.rs,S01,FULL_SOURCE_REVIEW,COMPONENT_REVIEWED,source: Undocumented OON candidate source via TweetMixer client.,TweetMixerSource,Constructed in: PhoenixCandidatePipeline (PhoenixCandidatePipeline::build_with_clients),S03;S04;S05;S07,enable()=gated; checked-in default per param.rs (S17 census); confirmed via direct grep of this file plus pipeline-construction-site cross-check,Err contributes zero candidates from this source; other sources unaffected (candidate-pipeline/candidate_pipeline.rs fetch_candidates flatten),"candidate-pipeline/{hydrator,scorer,source,filter,query_hydrator,side_effect}.rs (trait defaults); PhoenixCandidatePipeline::build_with_clients",,NOT in README's candidate-source list (S01-F003)
home-mixer/sources/simclusters_source.rs,S01,FULL_SOURCE_REVIEW,COMPONENT_REVIEWED,source: OON source via SimClusters ANN client; wraps a CoreDataCandidateHydrator clone for self-hydration.,SimclustersSource,Constructed in: PhoenixCandidatePipeline (PhoenixCandidatePipeline::build_with_clients),S03;S04;S05;S07,enable()=gated; checked-in default per param.rs (S17 census); confirmed via direct grep of this file plus pipeline-construction-site cross-check,Err contributes zero candidates from this source; other sources unaffected (candidate-pipeline/candidate_pipeline.rs fetch_candidates flatten),"candidate-pipeline/{hydrator,scorer,source,filter,query_hydrator,side_effect}.rs (trait defaults); PhoenixCandidatePipeline::build_with_clients",,README-documented; SimClusters wiring confirmed (S01-F003/S00-C043)
home-mixer/sources/phoenix_source.rs,S01,FULL_SOURCE_REVIEW,COMPONENT_REVIEWED,source: OON retrieval via Phoenix retrieval model (embedding nearest-neighbor).,PhoenixSource,Constructed in: PhoenixCandidatePipeline (PhoenixCandidatePipeline::build_with_clients),S03;S04;S05;S07,enable()=gated (3 enable checks); checked-in default per param.rs (S17 census); confirmed via direct grep of this file plus pipeline-construction-site cross-check,Err contributes zero candidates from this source; other sources unaffected (candidate-pipeline/candidate_pipeline.rs fetch_candidates flatten),"candidate-pipeline/{hydrator,scorer,source,filter,query_hydrator,side_effect}.rs (trait defaults); PhoenixCandidatePipeline::build_with_clients",,README-documented
home-mixer/sources/phoenix_topics_source.rs,S01,FULL_SOURCE_REVIEW,COMPONENT_REVIEWED,source: Undocumented topic-scoped Phoenix retrieval source.,PhoenixTopicsSource,Constructed in: PhoenixCandidatePipeline (PhoenixCandidatePipeline::build_with_clients),S03;S04;S05;S07,enable()=gated; checked-in default per param.rs (S17 census); confirmed via direct grep of this file plus pipeline-construction-site cross-check,Err contributes zero candidates from this source; other sources unaffected (candidate-pipeline/candidate_pipeline.rs fetch_candidates flatten),"candidate-pipeline/{hydrator,scorer,source,filter,query_hydrator,side_effect}.rs (trait defaults); PhoenixCandidatePipeline::build_with_clients",,NOT in README's candidate-source list (S01-F003)
home-mixer/sources/phoenix_moe_source.rs,S01,FULL_SOURCE_REVIEW,COMPONENT_REVIEWED,source: Undocumented Phoenix 'mixture of experts' retrieval source.,PhoenixMOESource,Constructed in: PhoenixCandidatePipeline (PhoenixCandidatePipeline::build_with_clients),S03;S04;S05;S07,enable()=gated; checked-in default per param.rs (S17 census); confirmed via direct grep of this file plus pipeline-construction-site cross-check,Err contributes zero candidates from this source; other sources unaffected (candidate-pipeline/candidate_pipeline.rs fetch_candidates flatten),"candidate-pipeline/{hydrator,scorer,source,filter,query_hydrator,side_effect}.rs (trait defaults); PhoenixCandidatePipeline::build_with_clients",,NOT in README's candidate-source list (S01-F003)
home-mixer/sources/cached_posts_source.rs,S01,FULL_SOURCE_REVIEW,COMPONENT_REVIEWED,source: Returns query.cached_posts directly for the cached-post request path (has_cached_posts).,CachedPostsSource,Constructed in: PhoenixCandidatePipeline (PhoenixCandidatePipeline::build_with_clients),S03;S04;S05;S07,enable()=gated; checked-in default per param.rs (S17 census); confirmed via direct grep of this file plus pipeline-construction-site cross-check,Err contributes zero candidates from this source; other sources unaffected (candidate-pipeline/candidate_pipeline.rs fetch_candidates flatten),"candidate-pipeline/{hydrator,scorer,source,filter,query_hydrator,side_effect}.rs (trait defaults); PhoenixCandidatePipeline::build_with_clients",,supports cached-post alternate request mode
home-mixer/candidate_hydrators/in_network_candidate_hydrator.rs,S01,FULL_SOURCE_REVIEW,COMPONENT_REVIEWED,hydrator: Marks candidates as in-network based on followed-user-id membership.,InNetworkCandidateHydrator,Constructed in: PhoenixCandidatePipeline (PhoenixCandidatePipeline::build_with_clients); PhoenixScoresPipeline (PhoenixScoresPipeline::build_with_clients),S05,enable()=gated; checked-in default per param.rs (S17 census); confirmed via direct grep of this file plus pipeline-construction-site cross-check,per-candidate Err silently skipped (candidate keeps prior field values); does not drop candidate or fail request (candidate-pipeline/hydrator.rs update_all default),"candidate-pipeline/{hydrator,scorer,source,filter,query_hydrator,side_effect}.rs (trait defaults); PhoenixCandidatePipeline::build_with_clients, PhoenixScoresPipeline::build_with_clients",,"Orchestration-level review (role, registration, gating, generic framework failure semantics confirmed); internal business-logic details deferred to the owning domain specialist noted in downstream_consumers."
home-mixer/candidate_hydrators/core_data_candidate_hydrator.rs,S01,FULL_SOURCE_REVIEW,COMPONENT_REVIEWED,hydrator: Hydrates core tweet text/metadata via TES; failure feeds CoreDataHydrationFilter's removal criterion.,CoreDataCandidateHydrator,Constructed in: PhoenixCandidatePipeline (PhoenixCandidatePipeline::build_with_clients); ReverseChronPostsPipeline (ReverseChronPostsPipeline::build); PhoenixScoresPipeline (PhoenixScoresPipeline::build_with_clients),S05,enable()=gated; checked-in default per param.rs (S17 census); confirmed via direct grep of this file plus pipeline-construction-site cross-check,per-candidate Err silently skipped (candidate keeps prior field values); does not drop candidate or fail request (candidate-pipeline/hydrator.rs update_all default),"candidate-pipeline/{hydrator,scorer,source,filter,query_hydrator,side_effect}.rs (trait defaults); PhoenixCandidatePipeline::build_with_clients, PhoenixScoresPipeline::build_with_clients, ReverseChronPostsPipeline::build",,"Orchestration-level review (role, registration, gating, generic framework failure semantics confirmed); internal business-logic details deferred to the owning domain specialist noted in downstream_consumers."
home-mixer/candidate_hydrators/quote_hydrator.rs,S01,FULL_SOURCE_REVIEW,COMPONENT_REVIEWED,hydrator: Hydrates quoted-post data for quote-tweet candidates.,QuoteHydrator,Constructed in: PhoenixCandidatePipeline (PhoenixCandidatePipeline::build_with_clients); PhoenixScoresPipeline (PhoenixScoresPipeline::build_with_clients),S05,enable()=gated; checked-in default per param.rs (S17 census); confirmed via direct grep of this file plus pipeline-construction-site cross-check,per-candidate Err silently skipped (candidate keeps prior field values); does not drop candidate or fail request (candidate-pipeline/hydrator.rs update_all default),"candidate-pipeline/{hydrator,scorer,source,filter,query_hydrator,side_effect}.rs (trait defaults); PhoenixCandidatePipeline::build_with_clients, PhoenixScoresPipeline::build_with_clients",,"Orchestration-level review (role, registration, gating, generic framework failure semantics confirmed); internal business-logic details deferred to the owning domain specialist noted in downstream_consumers."
home-mixer/candidate_hydrators/media_info_hydrator.rs,S01,FULL_SOURCE_REVIEW,COMPONENT_REVIEWED,hydrator: Hydrates media (image/video) metadata.,MediaInfoHydrator,Constructed in: PhoenixCandidatePipeline (PhoenixCandidatePipeline::build_with_clients); PhoenixScoresPipeline (PhoenixScoresPipeline::build_with_clients),S05,enable()=gated; checked-in default per param.rs (S17 census); confirmed via direct grep of this file plus pipeline-construction-site cross-check,per-candidate Err silently skipped (candidate keeps prior field values); does not drop candidate or fail request (candidate-pipeline/hydrator.rs update_all default),"candidate-pipeline/{hydrator,scorer,source,filter,query_hydrator,side_effect}.rs (trait defaults); PhoenixCandidatePipeline::build_with_clients, PhoenixScoresPipeline::build_with_clients",,"Orchestration-level review (role, registration, gating, generic framework failure semantics confirmed); internal business-logic details deferred to the owning domain specialist noted in downstream_consumers."
home-mixer/candidate_hydrators/subscription_hydrator.rs,S01,FULL_SOURCE_REVIEW,COMPONENT_REVIEWED,hydrator: Hydrates subscriber-only post eligibility data; feeds IneligibleSubscriptionFilter.,SubscriptionHydrator,Constructed in: PhoenixCandidatePipeline (PhoenixCandidatePipeline::build_with_clients),S05,enable()=gated; checked-in default per param.rs (S17 census); confirmed via direct grep of this file plus pipeline-construction-site cross-check,per-candidate Err silently skipped (candidate keeps prior field values); does not drop candidate or fail request (candidate-pipeline/hydrator.rs update_all default),"candidate-pipeline/{hydrator,scorer,source,filter,query_hydrator,side_effect}.rs (trait defaults); PhoenixCandidatePipeline::build_with_clients",,"Orchestration-level review (role, registration, gating, generic framework failure semantics confirmed); internal business-logic details deferred to the owning domain specialist noted in downstream_consumers."
home-mixer/candidate_hydrators/gizmoduck_hydrator.rs,S01,FULL_SOURCE_REVIEW,COMPONENT_REVIEWED,hydrator: Hydrates author account state (Gizmoduck) for each candidate.,GizmoduckCandidateHydrator,Constructed in: PhoenixCandidatePipeline (PhoenixCandidatePipeline::build_with_clients); PhoenixScoresPipeline (PhoenixScoresPipeline::build_with_clients),S05,enable()=gated; checked-in default per param.rs (S17 census); confirmed via direct grep of this file plus pipeline-construction-site cross-check,per-candidate Err silently skipped (candidate keeps prior field values); does not drop candidate or fail request (candidate-pipeline/hydrator.rs update_all default),"candidate-pipeline/{hydrator,scorer,source,filter,query_hydrator,side_effect}.rs (trait defaults); PhoenixCandidatePipeline::build_with_clients, PhoenixScoresPipeline::build_with_clients",,"Orchestration-level review (role, registration, gating, generic framework failure semantics confirmed); internal business-logic details deferred to the owning domain specialist noted in downstream_consumers."
home-mixer/candidate_hydrators/blocked_by_hydrator.rs,S01,FULL_SOURCE_REVIEW,COMPONENT_REVIEWED,hydrator: Hydrates whether the candidate's author blocks the viewer.,BlockedByHydrator,Constructed in: PhoenixCandidatePipeline (PhoenixCandidatePipeline::build_with_clients),S05,enable()=gated; checked-in default per param.rs (S17 census); confirmed via direct grep of this file plus pipeline-construction-site cross-check,per-candidate Err silently skipped (candidate keeps prior field values); does not drop candidate or fail request (candidate-pipeline/hydrator.rs update_all default),"candidate-pipeline/{hydrator,scorer,source,filter,query_hydrator,side_effect}.rs (trait defaults); PhoenixCandidatePipeline::build_with_clients",,"Orchestration-level review (role, registration, gating, generic framework failure semantics confirmed); internal business-logic details deferred to the owning domain specialist noted in downstream_consumers."
home-mixer/candidate_hydrators/filtered_topics_hydrator.rs,S01,FULL_SOURCE_REVIEW,COMPONENT_REVIEWED,hydrator: Hydrates topic-filtering context via Strato.,FilteredTopicsHydrator,Constructed in: PhoenixCandidatePipeline (PhoenixCandidatePipeline::build_with_clients),S05,enable()=gated; checked-in default per param.rs (S17 census); confirmed via direct grep of this file plus pipeline-construction-site cross-check,per-candidate Err silently skipped (candidate keeps prior field values); does not drop candidate or fail request (candidate-pipeline/hydrator.rs update_all default),"candidate-pipeline/{hydrator,scorer,source,filter,query_hydrator,side_effect}.rs (trait defaults); PhoenixCandidatePipeline::build_with_clients",,"Orchestration-level review (role, registration, gating, generic framework failure semantics confirmed); internal business-logic details deferred to the owning domain specialist noted in downstream_consumers."
home-mixer/candidate_hydrators/language_code_hydrator.rs,S01,FULL_SOURCE_REVIEW,COMPONENT_REVIEWED,hydrator: Hydrates detected language code for the candidate's text.,LanguageCodeHydrator,Constructed in: PhoenixCandidatePipeline (PhoenixCandidatePipeline::build_with_clients); PhoenixScoresPipeline (PhoenixScoresPipeline::build_with_clients),S05,enable()=gated; checked-in default per param.rs (S17 census); confirmed via direct grep of this file plus pipeline-construction-site cross-check,per-candidate Err silently skipped (candidate keeps prior field values); does not drop candidate or fail request (candidate-pipeline/hydrator.rs update_all default),"candidate-pipeline/{hydrator,scorer,source,filter,query_hydrator,side_effect}.rs (trait defaults); PhoenixCandidatePipeline::build_with_clients, PhoenixScoresPipeline::build_with_clients",,"Orchestration-level review (role, registration, gating, generic framework failure semantics confirmed); internal business-logic details deferred to the owning domain specialist noted in downstream_consumers."
home-mixer/candidate_hydrators/engagement_counts_hydrator.rs,S01,FULL_SOURCE_REVIEW,COMPONENT_REVIEWED,hydrator: Hydrates fav/reply/retweet/quote/view/bookmark counts.,EngagementCountsHydrator,Constructed in: PhoenixCandidatePipeline (PhoenixCandidatePipeline::build_with_clients),S05,enable()=gated (2 enable checks); checked-in default per param.rs (S17 census); confirmed via direct grep of this file plus pipeline-construction-site cross-check,per-candidate Err silently skipped (candidate keeps prior field values); does not drop candidate or fail request (candidate-pipeline/hydrator.rs update_all default),"candidate-pipeline/{hydrator,scorer,source,filter,query_hydrator,side_effect}.rs (trait defaults); PhoenixCandidatePipeline::build_with_clients",,"Orchestration-level review (role, registration, gating, generic framework failure semantics confirmed); internal business-logic details deferred to the owning domain specialist noted in downstream_consumers."
home-mixer/candidate_hydrators/semantic_id_hydrator.rs,S01,FULL_SOURCE_REVIEW,COMPONENT_REVIEWED,hydrator: Hydrates hash-based semantic-ID embeddings for the candidate.,SemanticIdHydrator,Constructed in: PhoenixCandidatePipeline (PhoenixCandidatePipeline::build_with_clients); PhoenixScoresPipeline (PhoenixScoresPipeline::build_with_clients),S05,enable()=unconditional; checked-in default per param.rs (S17 census); confirmed via direct grep of this file plus pipeline-construction-site cross-check,per-candidate Err silently skipped (candidate keeps prior field values); does not drop candidate or fail request (candidate-pipeline/hydrator.rs update_all default),"candidate-pipeline/{hydrator,scorer,source,filter,query_hydrator,side_effect}.rs (trait defaults); PhoenixCandidatePipeline::build_with_clients, PhoenixScoresPipeline::build_with_clients",,"Orchestration-level review (role, registration, gating, generic framework failure semantics confirmed); internal business-logic details deferred to the owning domain specialist noted in downstream_consumers."
home-mixer/filters/drop_duplicates_filter.rs,S01,FULL_SOURCE_REVIEW,COMPONENT_REVIEWED,filter (pre-scoring): Removes the same post returned by more than one source.,DropDuplicatesFilter,Constructed in: PhoenixCandidatePipeline (PhoenixCandidatePipeline::build_with_clients),S02;S14,enable()=unconditional; checked-in default per param.rs (S17 census); confirmed via direct grep of this file plus pipeline-construction-site cross-check,"no fallibility at trait level; Filter::filter is a total partition (kept/removed), no Result","candidate-pipeline/{hydrator,scorer,source,filter,query_hydrator,side_effect}.rs (trait defaults); PhoenixCandidatePipeline::build_with_clients",,Runs sequentially in this exact declared order (S01-F005); position between AuthorSocialgraphFilter and VideoFilter for Brazil2026ElectionFilter matches source (S00-F001/F002).
home-mixer/filters/core_data_hydration_filter.rs,S01,FULL_SOURCE_REVIEW,COMPONENT_REVIEWED,filter (pre-scoring): Removes posts whose core text/metadata failed to hydrate.,CoreDataHydrationFilter,Constructed in: PhoenixCandidatePipeline (PhoenixCandidatePipeline::build_with_clients); PhoenixScoresPipeline (PhoenixScoresPipeline::build_with_clients),S02;S14,enable()=unconditional; checked-in default per param.rs (S17 census); confirmed via direct grep of this file plus pipeline-construction-site cross-check,"no fallibility at trait level; Filter::filter is a total partition (kept/removed), no Result","candidate-pipeline/{hydrator,scorer,source,filter,query_hydrator,side_effect}.rs (trait defaults); PhoenixCandidatePipeline::build_with_clients, PhoenixScoresPipeline::build_with_clients",,Runs sequentially in this exact declared order (S01-F005); position between AuthorSocialgraphFilter and VideoFilter for Brazil2026ElectionFilter matches source (S00-F001/F002).
home-mixer/filters/age_filter.rs,S01,FULL_SOURCE_REVIEW,COMPONENT_REVIEWED,"filter (pre-scoring): Removes posts older than MAX_POST_AGE (48h, home-mixer/params/config.rs).",AgeFilter,Constructed in: PhoenixCandidatePipeline (PhoenixCandidatePipeline::build_with_clients),S02;S14,enable()=unconditional; checked-in default per param.rs (S17 census); confirmed via direct grep of this file plus pipeline-construction-site cross-check,"no fallibility at trait level; Filter::filter is a total partition (kept/removed), no Result","candidate-pipeline/{hydrator,scorer,source,filter,query_hydrator,side_effect}.rs (trait defaults); PhoenixCandidatePipeline::build_with_clients",,Runs sequentially in this exact declared order (S01-F005); position between AuthorSocialgraphFilter and VideoFilter for Brazil2026ElectionFilter matches source (S00-F001/F002).
home-mixer/filters/self_tweet_filter.rs,S01,FULL_SOURCE_REVIEW,COMPONENT_REVIEWED,filter (pre-scoring): Removes the viewer's own posts.,SelfTweetFilter,Constructed in: PhoenixCandidatePipeline (PhoenixCandidatePipeline::build_with_clients),S02;S14,enable()=unconditional; checked-in default per param.rs (S17 census); confirmed via direct grep of this file plus pipeline-construction-site cross-check,"no fallibility at trait level; Filter::filter is a total partition (kept/removed), no Result","candidate-pipeline/{hydrator,scorer,source,filter,query_hydrator,side_effect}.rs (trait defaults); PhoenixCandidatePipeline::build_with_clients",,Runs sequentially in this exact declared order (S01-F005); position between AuthorSocialgraphFilter and VideoFilter for Brazil2026ElectionFilter matches source (S00-F001/F002).
home-mixer/filters/oon_retweet_reply_filter.rs,S01,FULL_SOURCE_REVIEW,COMPONENT_REVIEWED,filter (pre-scoring): Removes OON reposts/replies and replies with a missing parent.,OONRetweetReplyFilter,Constructed in: PhoenixCandidatePipeline (PhoenixCandidatePipeline::build_with_clients),S02;S14,enable()=unconditional; checked-in default per param.rs (S17 census); confirmed via direct grep of this file plus pipeline-construction-site cross-check,"no fallibility at trait level; Filter::filter is a total partition (kept/removed), no Result","candidate-pipeline/{hydrator,scorer,source,filter,query_hydrator,side_effect}.rs (trait defaults); PhoenixCandidatePipeline::build_with_clients",,Runs sequentially in this exact declared order (S01-F005); position between AuthorSocialgraphFilter and VideoFilter for Brazil2026ElectionFilter matches source (S00-F001/F002).
home-mixer/filters/oon_nsfw_simclusters_filter.rs,S01,FULL_SOURCE_REVIEW,COMPONENT_REVIEWED,filter (pre-scoring): Removes SimClusters-sourced posts from adult-flagged unfollowed authors.,OONNsfwSimclustersFilter,Constructed in: PhoenixCandidatePipeline (PhoenixCandidatePipeline::build_with_clients),S02;S14,enable()=gated; checked-in default per param.rs (S17 census); confirmed via direct grep of this file plus pipeline-construction-site cross-check,"no fallibility at trait level; Filter::filter is a total partition (kept/removed), no Result","candidate-pipeline/{hydrator,scorer,source,filter,query_hydrator,side_effect}.rs (trait defaults); PhoenixCandidatePipeline::build_with_clients",,Runs sequentially in this exact declared order (S01-F005); position between AuthorSocialgraphFilter and VideoFilter for Brazil2026ElectionFilter matches source (S00-F001/F002).
home-mixer/filters/retweet_deduplication_filter.rs,S01,FULL_SOURCE_REVIEW,COMPONENT_REVIEWED,filter (pre-scoring): Removes repeated reposts of the same underlying post.,RetweetDeduplicationFilter,Constructed in: PhoenixCandidatePipeline (PhoenixCandidatePipeline::build_with_clients),S02;S14,enable()=unconditional; checked-in default per param.rs (S17 census); confirmed via direct grep of this file plus pipeline-construction-site cross-check,"no fallibility at trait level; Filter::filter is a total partition (kept/removed), no Result","candidate-pipeline/{hydrator,scorer,source,filter,query_hydrator,side_effect}.rs (trait defaults); PhoenixCandidatePipeline::build_with_clients",,Runs sequentially in this exact declared order (S01-F005); position between AuthorSocialgraphFilter and VideoFilter for Brazil2026ElectionFilter matches source (S00-F001/F002).
home-mixer/filters/ineligible_subscription_filter.rs,S01,FULL_SOURCE_REVIEW,COMPONENT_REVIEWED,filter (pre-scoring): Removes subscriber-only posts the viewer cannot access.,IneligibleSubscriptionFilter,Constructed in: PhoenixCandidatePipeline (PhoenixCandidatePipeline::build_with_clients),S02;S14,enable()=unconditional; checked-in default per param.rs (S17 census); confirmed via direct grep of this file plus pipeline-construction-site cross-check,"no fallibility at trait level; Filter::filter is a total partition (kept/removed), no Result","candidate-pipeline/{hydrator,scorer,source,filter,query_hydrator,side_effect}.rs (trait defaults); PhoenixCandidatePipeline::build_with_clients",,Runs sequentially in this exact declared order (S01-F005); position between AuthorSocialgraphFilter and VideoFilter for Brazil2026ElectionFilter matches source (S00-F001/F002).
home-mixer/filters/previously_seen_posts_filter.rs,S01,FULL_SOURCE_REVIEW,COMPONENT_REVIEWED,filter (pre-scoring): Removes posts already shown to the viewer (primary record).,PreviouslySeenPostsFilter,Constructed in: PhoenixCandidatePipeline (PhoenixCandidatePipeline::build_with_clients),S02;S14,enable()=unconditional; checked-in default per param.rs (S17 census); confirmed via direct grep of this file plus pipeline-construction-site cross-check,"no fallibility at trait level; Filter::filter is a total partition (kept/removed), no Result","candidate-pipeline/{hydrator,scorer,source,filter,query_hydrator,side_effect}.rs (trait defaults); PhoenixCandidatePipeline::build_with_clients",,Runs sequentially in this exact declared order (S01-F005); position between AuthorSocialgraphFilter and VideoFilter for Brazil2026ElectionFilter matches source (S00-F001/F002).
home-mixer/filters/previously_served_posts_filter.rs,S01,FULL_SOURCE_REVIEW,COMPONENT_REVIEWED,filter (pre-scoring): Removes posts already served earlier in the session.,PreviouslyServedPostsFilter,Constructed in: PhoenixCandidatePipeline (PhoenixCandidatePipeline::build_with_clients),S02;S14,enable()=gated; checked-in default per param.rs (S17 census); confirmed via direct grep of this file plus pipeline-construction-site cross-check,"no fallibility at trait level; Filter::filter is a total partition (kept/removed), no Result","candidate-pipeline/{hydrator,scorer,source,filter,query_hydrator,side_effect}.rs (trait defaults); PhoenixCandidatePipeline::build_with_clients",,Runs sequentially in this exact declared order (S01-F005); position between AuthorSocialgraphFilter and VideoFilter for Brazil2026ElectionFilter matches source (S00-F001/F002).
home-mixer/filters/muted_keyword_filter.rs,S01,FULL_SOURCE_REVIEW,COMPONENT_REVIEWED,filter (pre-scoring): Removes posts matching the viewer's muted keywords.,MutedKeywordFilter,Constructed in: PhoenixCandidatePipeline (PhoenixCandidatePipeline::build_with_clients),S02;S14,enable()=unconditional; checked-in default per param.rs (S17 census); confirmed via direct grep of this file plus pipeline-construction-site cross-check,"no fallibility at trait level; Filter::filter is a total partition (kept/removed), no Result","candidate-pipeline/{hydrator,scorer,source,filter,query_hydrator,side_effect}.rs (trait defaults); PhoenixCandidatePipeline::build_with_clients",,Runs sequentially in this exact declared order (S01-F005); position between AuthorSocialgraphFilter and VideoFilter for Brazil2026ElectionFilter matches source (S00-F001/F002).
home-mixer/filters/author_socialgraph_filter.rs,S01,FULL_SOURCE_REVIEW,COMPONENT_REVIEWED,filter (pre-scoring): Removes posts from accounts the viewer blocks or mutes.,AuthorSocialgraphFilter,Constructed in: PhoenixCandidatePipeline (PhoenixCandidatePipeline::build_with_clients),S02;S14,enable()=unconditional; checked-in default per param.rs (S17 census); confirmed via direct grep of this file plus pipeline-construction-site cross-check,"no fallibility at trait level; Filter::filter is a total partition (kept/removed), no Result","candidate-pipeline/{hydrator,scorer,source,filter,query_hydrator,side_effect}.rs (trait defaults); PhoenixCandidatePipeline::build_with_clients",,Runs sequentially in this exact declared order (S01-F005); position between AuthorSocialgraphFilter and VideoFilter for Brazil2026ElectionFilter matches source (S00-F001/F002).
home-mixer/filters/video_filter.rs,S01,FULL_SOURCE_REVIEW,COMPONENT_REVIEWED,filter (pre-scoring): Removes video posts when the request excludes video.,VideoFilter,Constructed in: PhoenixCandidatePipeline (PhoenixCandidatePipeline::build_with_clients),S02;S14,enable()=gated; checked-in default per param.rs (S17 census); confirmed via direct grep of this file plus pipeline-construction-site cross-check,"no fallibility at trait level; Filter::filter is a total partition (kept/removed), no Result","candidate-pipeline/{hydrator,scorer,source,filter,query_hydrator,side_effect}.rs (trait defaults); PhoenixCandidatePipeline::build_with_clients",,Runs sequentially in this exact declared order (S01-F005); position between AuthorSocialgraphFilter and VideoFilter for Brazil2026ElectionFilter matches source (S00-F001/F002).
home-mixer/filters/topic_ids_filter.rs,S01,FULL_SOURCE_REVIEW,COMPONENT_REVIEWED,filter (pre-scoring): Removes posts outside requested topics / inside excluded topics.,TopicIdsFilter,Constructed in: PhoenixCandidatePipeline (PhoenixCandidatePipeline::build_with_clients),S02;S14,enable()=gated; checked-in default per param.rs (S17 census); confirmed via direct grep of this file plus pipeline-construction-site cross-check,"no fallibility at trait level; Filter::filter is a total partition (kept/removed), no Result","candidate-pipeline/{hydrator,scorer,source,filter,query_hydrator,side_effect}.rs (trait defaults); PhoenixCandidatePipeline::build_with_clients",,Runs sequentially in this exact declared order (S01-F005); position between AuthorSocialgraphFilter and VideoFilter for Brazil2026ElectionFilter matches source (S00-F001/F002).
home-mixer/filters/new_user_min_engagement_filter.rs,S01,FULL_SOURCE_REVIEW,COMPONENT_REVIEWED,"filter (pre-scoring): For new accounts, removes OON posts below an engagement threshold.",NewUserMinEngagementFilter,Constructed in: PhoenixCandidatePipeline (PhoenixCandidatePipeline::build_with_clients),S02;S14,enable()=gated; checked-in default per param.rs (S17 census); confirmed via direct grep of this file plus pipeline-construction-site cross-check,"no fallibility at trait level; Filter::filter is a total partition (kept/removed), no Result","candidate-pipeline/{hydrator,scorer,source,filter,query_hydrator,side_effect}.rs (trait defaults); PhoenixCandidatePipeline::build_with_clients",,Runs sequentially in this exact declared order (S01-F005); position between AuthorSocialgraphFilter and VideoFilter for Brazil2026ElectionFilter matches source (S00-F001/F002).
home-mixer/filters/inventory_holdout_filter.rs,S01,FULL_SOURCE_REVIEW,COMPONENT_REVIEWED,"filter (pre-scoring): Deterministically holds out a configured percentage of posts per (post,viewer) via hash bucketing.",InventoryHoldoutFilter,Constructed in: PhoenixCandidatePipeline (PhoenixCandidatePipeline::build_with_clients),S02;S14,enable()=gated; checked-in default per param.rs (S17 census); confirmed via direct grep of this file plus pipeline-construction-site cross-check,"no fallibility at trait level; Filter::filter is a total partition (kept/removed), no Result","candidate-pipeline/{hydrator,scorer,source,filter,query_hydrator,side_effect}.rs (trait defaults); PhoenixCandidatePipeline::build_with_clients",,Runs sequentially in this exact declared order (S01-F005); position between AuthorSocialgraphFilter and VideoFilter for Brazil2026ElectionFilter matches source (S00-F001/F002).
home-mixer/scorers/ranking_scorer.rs,S01,FULL_SOURCE_REVIEW,COMPONENT_REVIEWED,scorer: Computes weighted-sum Final Score from Phoenix's predicted probabilities plus author-diversity/OON-discount/new-author adjustments; applies bidirectional-follow boost.,RankingScorer,Constructed in: PhoenixCandidatePipeline (PhoenixCandidatePipeline::build_with_clients),S05;S08,enable()=unconditional; checked-in default per param.rs (S17 census); confirmed via direct grep of this file plus pipeline-construction-site cross-check,per-candidate Err silently skipped (candidate keeps prior score fields); does not drop candidate or fail request (candidate-pipeline/scorer.rs update_all default),"candidate-pipeline/{hydrator,scorer,source,filter,query_hydrator,side_effect}.rs (trait defaults); PhoenixCandidatePipeline::build_with_clients",,Runs sequentially in exactly this order (PhoenixScorer -> RankingScorer -> VMRanker); order is behaviorally significant (S01-F005).
home-mixer/selectors/top_k_score_selector.rs,S01,FULL_SOURCE_REVIEW,COMPONENT_REVIEWED,selector: Sorts candidates by final score descending and truncates to a size limit.,TopKScoreSelector,Constructed in: PhoenixCandidatePipeline (PhoenixCandidatePipeline::build_with_clients),S05;S08,enable()=unconditional (default enable); checked-in default per param.rs (S17 census); confirmed via direct grep of this file plus pipeline-construction-site cross-check,"if disabled, all candidates pass through as selected (trait default select())","candidate-pipeline/{hydrator,scorer,source,filter,query_hydrator,side_effect}.rs (trait defaults); PhoenixCandidatePipeline::build_with_clients",,"Orchestration-level review (role, registration, gating, generic framework failure semantics confirmed); internal business-logic details deferred to the owning domain specialist noted in downstream_consumers."
home-mixer/candidate_hydrators/vf_candidate_hydrator.rs,S01,FULL_SOURCE_REVIEW,COMPONENT_REVIEWED,post_selection_hydrator: Queries visibility-filtering per selected post+viewer for ALLOW/INTERSTITIAL/DROP.,VFCandidateHydrator,Constructed in: PhoenixCandidatePipeline (PhoenixCandidatePipeline::build_with_clients); ReverseChronPostsPipeline (ReverseChronPostsPipeline::build),S14,enable()=unconditional; checked-in default per param.rs (S17 census); confirmed via direct grep of this file plus pipeline-construction-site cross-check,per-candidate Err silently skipped (candidate keeps prior field values); does not drop candidate or fail request (candidate-pipeline/hydrator.rs update_all default),"candidate-pipeline/{hydrator,scorer,source,filter,query_hydrator,side_effect}.rs (trait defaults); PhoenixCandidatePipeline::build_with_clients, ReverseChronPostsPipeline::build",,"Runs only on the already-selected (top-K) candidate set, concurrently via join_all -- cheaper than the pre-scoring hydrator stage."
home-mixer/candidate_hydrators/ads_brand_safety_vf_hydrator.rs,S01,FULL_SOURCE_REVIEW,COMPONENT_REVIEWED,post_selection_hydrator: Hydrates ad brand-safety verdict via TweetSafetyLabelClient.,AdsBrandSafetyVfHydrator,Constructed in: PhoenixCandidatePipeline (PhoenixCandidatePipeline::build_with_clients); ReverseChronPostsPipeline (ReverseChronPostsPipeline::build),S14,enable()=unconditional; checked-in default per param.rs (S17 census); confirmed via direct grep of this file plus pipeline-construction-site cross-check,per-candidate Err silently skipped (candidate keeps prior field values); does not drop candidate or fail request (candidate-pipeline/hydrator.rs update_all default),"candidate-pipeline/{hydrator,scorer,source,filter,query_hydrator,side_effect}.rs (trait defaults); PhoenixCandidatePipeline::build_with_clients, ReverseChronPostsPipeline::build",,"Runs only on the already-selected (top-K) candidate set, concurrently via join_all -- cheaper than the pre-scoring hydrator stage."
home-mixer/candidate_hydrators/tweet_type_metrics_hydrator.rs,S01,FULL_SOURCE_REVIEW,COMPONENT_REVIEWED,post_selection_hydrator: Hydrates per-tweet-type metrics used for served-history/response bookkeeping.,TweetTypeMetricsHydrator,Constructed in: PhoenixCandidatePipeline (PhoenixCandidatePipeline::build_with_clients); ReverseChronPostsPipeline (ReverseChronPostsPipeline::build),S14,enable()=unconditional; checked-in default per param.rs (S17 census); confirmed via direct grep of this file plus pipeline-construction-site cross-check,per-candidate Err silently skipped (candidate keeps prior field values); does not drop candidate or fail request (candidate-pipeline/hydrator.rs update_all default),"candidate-pipeline/{hydrator,scorer,source,filter,query_hydrator,side_effect}.rs (trait defaults); PhoenixCandidatePipeline::build_with_clients, ReverseChronPostsPipeline::build",,"Runs only on the already-selected (top-K) candidate set, concurrently via join_all -- cheaper than the pre-scoring hydrator stage."
home-mixer/candidate_hydrators/following_replied_users_hydrator.rs,S01,FULL_SOURCE_REVIEW,COMPONENT_REVIEWED,post_selection_hydrator: Hydrates which followed users replied to a candidate (for reply-context display).,FollowingRepliedUsersHydrator,Constructed in: PhoenixCandidatePipeline (PhoenixCandidatePipeline::build_with_clients),S14,enable()=gated; checked-in default per param.rs (S17 census); confirmed via direct grep of this file plus pipeline-construction-site cross-check,per-candidate Err silently skipped (candidate keeps prior field values); does not drop candidate or fail request (candidate-pipeline/hydrator.rs update_all default),"candidate-pipeline/{hydrator,scorer,source,filter,query_hydrator,side_effect}.rs (trait defaults); PhoenixCandidatePipeline::build_with_clients",,"Runs only on the already-selected (top-K) candidate set, concurrently via join_all -- cheaper than the pre-scoring hydrator stage."
home-mixer/candidate_hydrators/mutual_follow_jaccard_hydrator.rs,S01,FULL_SOURCE_REVIEW,COMPONENT_REVIEWED,post_selection_hydrator: Hydrates a mutual-follow Jaccard-similarity signal via Strato.,MutualFollowJaccardHydrator,Constructed in: PhoenixCandidatePipeline (PhoenixCandidatePipeline::build_with_clients),S14,enable()=gated; checked-in default per param.rs (S17 census); confirmed via direct grep of this file plus pipeline-construction-site cross-check,per-candidate Err silently skipped (candidate keeps prior field values); does not drop candidate or fail request (candidate-pipeline/hydrator.rs update_all default),"candidate-pipeline/{hydrator,scorer,source,filter,query_hydrator,side_effect}.rs (trait defaults); PhoenixCandidatePipeline::build_with_clients",,"Runs only on the already-selected (top-K) candidate set, concurrently via join_all -- cheaper than the pre-scoring hydrator stage."
home-mixer/candidate_hydrators/topic_feedback_context_hydrator.rs,S01,FULL_SOURCE_REVIEW,COMPONENT_REVIEWED,post_selection_hydrator: Hydrates topic-feedback context (topic_feedback_topic/topic_id) via Strato.,TopicFeedbackContextHydrator,Constructed in: PhoenixCandidatePipeline (PhoenixCandidatePipeline::build_with_clients),S14,enable()=gated; checked-in default per param.rs (S17 census); confirmed via direct grep of this file plus pipeline-construction-site cross-check,per-candidate Err silently skipped (candidate keeps prior field values); does not drop candidate or fail request (candidate-pipeline/hydrator.rs update_all default),"candidate-pipeline/{hydrator,scorer,source,filter,query_hydrator,side_effect}.rs (trait defaults); PhoenixCandidatePipeline::build_with_clients",,"Runs only on the already-selected (top-K) candidate set, concurrently via join_all -- cheaper than the pre-scoring hydrator stage."
home-mixer/filters/vf_filter.rs,S01,FULL_SOURCE_REVIEW,COMPONENT_REVIEWED,post_selection_filter: Removes posts visibility-filtering answered DROP for.,VFFilter,Constructed in: PhoenixCandidatePipeline (PhoenixCandidatePipeline::build_with_clients); ReverseChronPostsPipeline (ReverseChronPostsPipeline::build),S14,enable()=unconditional; checked-in default per param.rs (S17 census); confirmed via direct grep of this file plus pipeline-construction-site cross-check,"no fallibility at trait level; Filter::filter is a total partition (kept/removed), no Result","candidate-pipeline/{hydrator,scorer,source,filter,query_hydrator,side_effect}.rs (trait defaults); PhoenixCandidatePipeline::build_with_clients, ReverseChronPostsPipeline::build",,Runs sequentially after post-selection hydration; result truncated to result_size()=35 (params::RESULT_SIZE) afterward.
home-mixer/filters/ancillary_vf_filter.rs,S01,FULL_SOURCE_REVIEW,COMPONENT_REVIEWED,post_selection_filter: Removes posts whose thread ancestor/quoted/reposted post was itself dropped.,AncillaryVFFilter,Constructed in: PhoenixCandidatePipeline (PhoenixCandidatePipeline::build_with_clients); ReverseChronPostsPipeline (ReverseChronPostsPipeline::build),S14,enable()=unconditional; checked-in default per param.rs (S17 census); confirmed via direct grep of this file plus pipeline-construction-site cross-check,"no fallibility at trait level; Filter::filter is a total partition (kept/removed), no Result","candidate-pipeline/{hydrator,scorer,source,filter,query_hydrator,side_effect}.rs (trait defaults); PhoenixCandidatePipeline::build_with_clients, ReverseChronPostsPipeline::build",,Runs sequentially after post-selection hydration; result truncated to result_size()=35 (params::RESULT_SIZE) afterward.
home-mixer/filters/dedup_conversation_filter.rs,S01,FULL_SOURCE_REVIEW,COMPONENT_REVIEWED,post_selection_filter: Collapses additional branches of the same conversation.,DedupConversationFilter,Constructed in: PhoenixCandidatePipeline (PhoenixCandidatePipeline::build_with_clients),S14,enable()=unconditional; checked-in default per param.rs (S17 census); confirmed via direct grep of this file plus pipeline-construction-site cross-check,"no fallibility at trait level; Filter::filter is a total partition (kept/removed), no Result","candidate-pipeline/{hydrator,scorer,source,filter,query_hydrator,side_effect}.rs (trait defaults); PhoenixCandidatePipeline::build_with_clients",,Runs sequentially after post-selection hydration; result truncated to result_size()=35 (params::RESULT_SIZE) afterward.
home-mixer/side_effects/phoenix_experiments_side_effect.rs,S01,FULL_SOURCE_REVIEW,COMPONENT_REVIEWED,side_effect: Publishes Phoenix experiment/prediction bookkeeping to Kafka.,PhoenixExperimentsSideEffect,Constructed in: PhoenixCandidatePipeline (PhoenixCandidatePipeline::build_with_clients),S18,enable()=gated; checked-in default per param.rs (S17 census); confirmed via direct grep of this file plus pipeline-construction-site cross-check,fire-and-forget via tokio::spawn; results discarded (let _ = join_all(...)); cannot affect response,"candidate-pipeline/{hydrator,scorer,source,filter,query_hydrator,side_effect}.rs (trait defaults); PhoenixCandidatePipeline::build_with_clients",,"Orchestration-level review (role, registration, gating, generic framework failure semantics confirmed); internal business-logic details deferred to the owning domain specialist noted in downstream_consumers."
home-mixer/side_effects/reranking_kafka_side_effect.rs,S01,FULL_SOURCE_REVIEW,COMPONENT_REVIEWED,"side_effect: Publishes final scored/reranked candidate data to a reranking Kafka topic (includes the always-None broadcast_is_live field, S01-F002).",RerankingKafkaSideEffect,Constructed in: PhoenixCandidatePipeline (PhoenixCandidatePipeline::build_with_clients),S18,enable()=gated; checked-in default per param.rs (S17 census); confirmed via direct grep of this file plus pipeline-construction-site cross-check,fire-and-forget via tokio::spawn; results discarded (let _ = join_all(...)); cannot affect response,"candidate-pipeline/{hydrator,scorer,source,filter,query_hydrator,side_effect}.rs (trait defaults); PhoenixCandidatePipeline::build_with_clients",,"Orchestration-level review (role, registration, gating, generic framework failure semantics confirmed); internal business-logic details deferred to the owning domain specialist noted in downstream_consumers."
home-mixer/side_effects/redis_post_candidate_cache_side_effect.rs,S01,FULL_SOURCE_REVIEW,COMPONENT_REVIEWED,side_effect: Writes selected candidates to Redis for the cached-post request path.,RedisPostCandidateCacheSideEffect,Constructed in: PhoenixCandidatePipeline (PhoenixCandidatePipeline::build_with_clients),S18,enable()=gated; checked-in default per param.rs (S17 census); confirmed via direct grep of this file plus pipeline-construction-site cross-check,fire-and-forget via tokio::spawn; results discarded (let _ = join_all(...)); cannot affect response,"candidate-pipeline/{hydrator,scorer,source,filter,query_hydrator,side_effect}.rs (trait defaults); PhoenixCandidatePipeline::build_with_clients",,"Orchestration-level review (role, registration, gating, generic framework failure semantics confirmed); internal business-logic details deferred to the owning domain specialist noted in downstream_consumers."
home-mixer/side_effects/scored_stats_side_effect.rs,S01,FULL_SOURCE_REVIEW,COMPONENT_REVIEWED,side_effect: Emits scoring statistics/metrics.,ScoredStatsSideEffect,Constructed in: PhoenixCandidatePipeline (PhoenixCandidatePipeline::build_with_clients); PhoenixScoresPipeline (PhoenixScoresPipeline::build_with_clients),S18,enable()=gated; checked-in default per param.rs (S17 census); confirmed via direct grep of this file plus pipeline-construction-site cross-check,fire-and-forget via tokio::spawn; results discarded (let _ = join_all(...)); cannot affect response,"candidate-pipeline/{hydrator,scorer,source,filter,query_hydrator,side_effect}.rs (trait defaults); PhoenixCandidatePipeline::build_with_clients, PhoenixScoresPipeline::build_with_clients",,"Orchestration-level review (role, registration, gating, generic framework failure semantics confirmed); internal business-logic details deferred to the owning domain specialist noted in downstream_consumers."
home-mixer/side_effects/author_served_metrics_side_effect.rs,S01,FULL_SOURCE_REVIEW,COMPONENT_REVIEWED,side_effect: Emits per-author served-count metrics.,AuthorServedMetricsSideEffect,Constructed in: PhoenixCandidatePipeline (PhoenixCandidatePipeline::build_with_clients),S18,enable()=unconditional; checked-in default per param.rs (S17 census); confirmed via direct grep of this file plus pipeline-construction-site cross-check,fire-and-forget via tokio::spawn; results discarded (let _ = join_all(...)); cannot affect response,"candidate-pipeline/{hydrator,scorer,source,filter,query_hydrator,side_effect}.rs (trait defaults); PhoenixCandidatePipeline::build_with_clients",,"Orchestration-level review (role, registration, gating, generic framework failure semantics confirmed); internal business-logic details deferred to the owning domain specialist noted in downstream_consumers."
home-mixer/side_effects/mutual_follow_stats_side_effect.rs,S01,FULL_SOURCE_REVIEW,COMPONENT_REVIEWED,side_effect: Emits statistics about mutual-follow-boosted candidates.,MutualFollowStatsSideEffect,Constructed in: PhoenixCandidatePipeline (PhoenixCandidatePipeline::build_with_clients),S18,enable()=gated; checked-in default per param.rs (S17 census); confirmed via direct grep of this file plus pipeline-construction-site cross-check,fire-and-forget via tokio::spawn; results discarded (let _ = join_all(...)); cannot affect response,"candidate-pipeline/{hydrator,scorer,source,filter,query_hydrator,side_effect}.rs (trait defaults); PhoenixCandidatePipeline::build_with_clients",,"Orchestration-level review (role, registration, gating, generic framework failure semantics confirmed); internal business-logic details deferred to the owning domain specialist noted in downstream_consumers."
home-mixer/side_effects/debug_side_effect.rs,S01,FULL_SOURCE_REVIEW,COMPONENT_REVIEWED,side_effect: Supports debug-endpoint diagnostics.,DebugSideEffect,Constructed in: PhoenixCandidatePipeline (PhoenixCandidatePipeline::build_with_clients),S18,enable()=unconditional; checked-in default per param.rs (S17 census); confirmed via direct grep of this file plus pipeline-construction-site cross-check,fire-and-forget via tokio::spawn; results discarded (let _ = join_all(...)); cannot affect response,"candidate-pipeline/{hydrator,scorer,source,filter,query_hydrator,side_effect}.rs (trait defaults); PhoenixCandidatePipeline::build_with_clients",,"Orchestration-level review (role, registration, gating, generic framework failure semantics confirmed); internal business-logic details deferred to the owning domain specialist noted in downstream_consumers."
home-mixer/side_effects/phoenix_request_cache_side_effect.rs,S01,FULL_SOURCE_REVIEW,COMPONENT_REVIEWED,side_effect: Caches the Phoenix prediction request/response across two Redis regions (atla/pdxa).,PhoenixRequestCacheSideEffect,Constructed in: PhoenixCandidatePipeline (PhoenixCandidatePipeline::build_with_clients),S18,enable()=gated; checked-in default per param.rs (S17 census); confirmed via direct grep of this file plus pipeline-construction-site cross-check,fire-and-forget via tokio::spawn; results discarded (let _ = join_all(...)); cannot affect response,"candidate-pipeline/{hydrator,scorer,source,filter,query_hydrator,side_effect}.rs (trait defaults); PhoenixCandidatePipeline::build_with_clients",,"Orchestration-level review (role, registration, gating, generic framework failure semantics confirmed); internal business-logic details deferred to the owning domain specialist noted in downstream_consumers."
home-mixer/query_hydrators/served_history_query_hydrator.rs,S01,FULL_SOURCE_REVIEW,COMPONENT_REVIEWED,query_hydrator: Hydrates the viewer's served-post history for dedup/pagination.,ServedHistoryQueryHydrator,Constructed in: ForYouCandidatePipeline (ForYouCandidatePipeline::build); FollowingCandidatePipeline (FollowingCandidatePipeline::build); RankedFollowingCandidatePipeline (RankedFollowingCandidatePipeline::build),S02,enable()=gated; checked-in default per param.rs (S17 census); confirmed via direct grep of this file plus pipeline-construction-site cross-check,Err silently skips that hydrator's field update; query proceeds with field unset/default (candidate_pipeline.rs hydrate_query),"candidate-pipeline/{hydrator,scorer,source,filter,query_hydrator,side_effect}.rs (trait defaults); FollowingCandidatePipeline::build, ForYouCandidatePipeline::build, RankedFollowingCandidatePipeline::build",,"Orchestration-level review (role, registration, gating, generic framework failure semantics confirmed); internal business-logic details deferred to the owning domain specialist noted in downstream_consumers."
home-mixer/query_hydrators/past_request_timestamps_query_hydrator.rs,S01,FULL_SOURCE_REVIEW,COMPONENT_REVIEWED,query_hydrator: Hydrates timestamps of the viewer's past requests.,PastRequestTimestampsQueryHydrator,Constructed in: ForYouCandidatePipeline (ForYouCandidatePipeline::build); FollowingCandidatePipeline (FollowingCandidatePipeline::build); RankedFollowingCandidatePipeline (RankedFollowingCandidatePipeline::build),S02,enable()=gated; checked-in default per param.rs (S17 census); confirmed via direct grep of this file plus pipeline-construction-site cross-check,Err silently skips that hydrator's field update; query proceeds with field unset/default (candidate_pipeline.rs hydrate_query),"candidate-pipeline/{hydrator,scorer,source,filter,query_hydrator,side_effect}.rs (trait defaults); FollowingCandidatePipeline::build, ForYouCandidatePipeline::build, RankedFollowingCandidatePipeline::build",,"Orchestration-level review (role, registration, gating, generic framework failure semantics confirmed); internal business-logic details deferred to the owning domain specialist noted in downstream_consumers."
home-mixer/sources/ads_source.rs,S01,FULL_SOURCE_REVIEW,COMPONENT_REVIEWED,source: Fetches ad candidates via AdIndexClient.,AdsSource,Constructed in: ForYouCandidatePipeline (ForYouCandidatePipeline::build); FollowingCandidatePipeline (FollowingCandidatePipeline::build); RankedFollowingCandidatePipeline (RankedFollowingCandidatePipeline::build),S02,enable()=gated (2 checks); checked-in default per param.rs (S17 census); confirmed via direct grep of this file plus pipeline-construction-site cross-check,Err contributes zero candidates from this source; other sources unaffected (candidate-pipeline/candidate_pipeline.rs fetch_candidates flatten),"candidate-pipeline/{hydrator,scorer,source,filter,query_hydrator,side_effect}.rs (trait defaults); FollowingCandidatePipeline::build, ForYouCandidatePipeline::build, RankedFollowingCandidatePipeline::build",,None of these 7 candidates are scored by Phoenix -- ForYouCandidatePipeline::scorers() returns &[] (S01-F006).
home-mixer/sources/who_to_follow_source.rs,S01,FULL_SOURCE_REVIEW,COMPONENT_REVIEWED,source: Fetches Who-to-Follow recommendation candidates.,WhoToFollowSource,Constructed in: ForYouCandidatePipeline (ForYouCandidatePipeline::build); FollowingCandidatePipeline (FollowingCandidatePipeline::build),S02,enable()=gated; checked-in default per param.rs (S17 census); confirmed via direct grep of this file plus pipeline-construction-site cross-check,Err contributes zero candidates from this source; other sources unaffected (candidate-pipeline/candidate_pipeline.rs fetch_candidates flatten),"candidate-pipeline/{hydrator,scorer,source,filter,query_hydrator,side_effect}.rs (trait defaults); FollowingCandidatePipeline::build, ForYouCandidatePipeline::build",,None of these 7 candidates are scored by Phoenix -- ForYouCandidatePipeline::scorers() returns &[] (S01-F006).
home-mixer/sources/prompts_source.rs,S01,FULL_SOURCE_REVIEW,COMPONENT_REVIEWED,source: Fetches prompt/survey-style injected candidates.,PromptsSource,Constructed in: ForYouCandidatePipeline (ForYouCandidatePipeline::build); FollowingCandidatePipeline (FollowingCandidatePipeline::build),S02,enable()=gated; checked-in default per param.rs (S17 census); confirmed via direct grep of this file plus pipeline-construction-site cross-check,Err contributes zero candidates from this source; other sources unaffected (candidate-pipeline/candidate_pipeline.rs fetch_candidates flatten),"candidate-pipeline/{hydrator,scorer,source,filter,query_hydrator,side_effect}.rs (trait defaults); FollowingCandidatePipeline::build, ForYouCandidatePipeline::build",,None of these 7 candidates are scored by Phoenix -- ForYouCandidatePipeline::scorers() returns &[] (S01-F006).
home-mixer/sources/push_to_home_source.rs,S01,FULL_SOURCE_REVIEW,COMPONENT_REVIEWED,source: Fetches push-to-home post candidates (query.push_to_home_post_id) via TES+ReplyMixer.,PushToHomeSource,Constructed in: ForYouCandidatePipeline (ForYouCandidatePipeline::build),S02,enable()=gated (3 checks); checked-in default per param.rs (S17 census); confirmed via direct grep of this file plus pipeline-construction-site cross-check,Err contributes zero candidates from this source; other sources unaffected (candidate-pipeline/candidate_pipeline.rs fetch_candidates flatten),"candidate-pipeline/{hydrator,scorer,source,filter,query_hydrator,side_effect}.rs (trait defaults); ForYouCandidatePipeline::build",,None of these 7 candidates are scored by Phoenix -- ForYouCandidatePipeline::scorers() returns &[] (S01-F006).
home-mixer/sources/jetfuel_frame_source.rs,S01,FULL_SOURCE_REVIEW,COMPONENT_REVIEWED,source: Fetches 'Jetfuel frame' candidates (rich-card/module content) via Strato.,JetfuelFrameSource,Constructed in: ForYouCandidatePipeline (ForYouCandidatePipeline::build),S02,enable()=gated (2 checks); checked-in default per param.rs (S17 census); confirmed via direct grep of this file plus pipeline-construction-site cross-check,Err contributes zero candidates from this source; other sources unaffected (candidate-pipeline/candidate_pipeline.rs fetch_candidates flatten),"candidate-pipeline/{hydrator,scorer,source,filter,query_hydrator,side_effect}.rs (trait defaults); ForYouCandidatePipeline::build",,None of these 7 candidates are scored by Phoenix -- ForYouCandidatePipeline::scorers() returns &[] (S01-F006).
home-mixer/sources/feed_survey_source.rs,S01,FULL_SOURCE_REVIEW,COMPONENT_REVIEWED,source: Injects feed-survey prompts.,FeedSurveySource,Constructed in: ForYouCandidatePipeline (ForYouCandidatePipeline::build),S02,enable()=gated; checked-in default per param.rs (S17 census); confirmed via direct grep of this file plus pipeline-construction-site cross-check,Err contributes zero candidates from this source; other sources unaffected (candidate-pipeline/candidate_pipeline.rs fetch_candidates flatten),"candidate-pipeline/{hydrator,scorer,source,filter,query_hydrator,side_effect}.rs (trait defaults); ForYouCandidatePipeline::build",,None of these 7 candidates are scored by Phoenix -- ForYouCandidatePipeline::scorers() returns &[] (S01-F006).
home-mixer/filters/push_to_home_dedup_filter.rs,S01,FULL_SOURCE_REVIEW,COMPONENT_REVIEWED,filter (pre-selection): Dedupes push-to-home candidates against other sources' output.,PushToHomeDedupFilter,Constructed in: ForYouCandidatePipeline (ForYouCandidatePipeline::build),S02,enable()=gated; checked-in default per param.rs (S17 census); confirmed via direct grep of this file plus pipeline-construction-site cross-check,"no fallibility at trait level; Filter::filter is a total partition (kept/removed), no Result","candidate-pipeline/{hydrator,scorer,source,filter,query_hydrator,side_effect}.rs (trait defaults); ForYouCandidatePipeline::build",,Resolves one of S00's six unplaced filters (S01-F007).
home-mixer/selectors/blender_selector.rs,S01,FULL_SOURCE_REVIEW,COMPONENT_REVIEWED,selector: Interleaves ranked organic posts with ads/WTF/prompts/push-to-home/jetfuel-frames/feed-survey into final blended order; default ads blender reorders for ad adjacency.,BlenderSelector,Constructed in: ForYouCandidatePipeline (ForYouCandidatePipeline::new(...)::build); RankedFollowingCandidatePipeline (RankedFollowingCandidatePipeline::build),S02,enable()=unconditional (default enable); checked-in default per param.rs (S17 census); confirmed via direct grep of this file plus pipeline-construction-site cross-check,"if disabled, all candidates pass through unblended","candidate-pipeline/{hydrator,scorer,source,filter,query_hydrator,side_effect}.rs (trait defaults); ForYouCandidatePipeline::new(...)::build, RankedFollowingCandidatePipeline::build",,Deep blending-policy semantics owned by S02; S01 establishes only that this selector runs instead of a score-based one.
home-mixer/filters/ad_adjacent_served_filter.rs,S01,FULL_SOURCE_REVIEW,COMPONENT_REVIEWED,post_selection_filter: Removes/adjusts posts served adjacent to ads per ad-adjacency policy.,AdAdjacentServedFilter,Constructed in: ForYouCandidatePipeline (ForYouCandidatePipeline::build),S02,enable()=unconditional; checked-in default per param.rs (S17 census); confirmed via direct grep of this file plus pipeline-construction-site cross-check,"no fallibility at trait level; Filter::filter is a total partition (kept/removed), no Result","candidate-pipeline/{hydrator,scorer,source,filter,query_hydrator,side_effect}.rs (trait defaults); ForYouCandidatePipeline::build",,Resolves one of S00's six unplaced filters (S01-F007). Largest single filter file in S01's scope (915 lines) -- deep semantics deferred to S02.
home-mixer/side_effects/ads_injection_logging_side_effect.rs,S01,FULL_SOURCE_REVIEW,COMPONENT_REVIEWED,side_effect: Logs ad-injection events.,AdsInjectionLoggingSideEffect,Constructed in: ForYouCandidatePipeline (ForYouCandidatePipeline::build); FollowingCandidatePipeline (FollowingCandidatePipeline::build); RankedFollowingCandidatePipeline (RankedFollowingCandidatePipeline::build),S02;S18,enable()=gated; checked-in default per param.rs (S17 census); confirmed via direct grep of this file plus pipeline-construction-site cross-check,fire-and-forget via tokio::spawn; results discarded (let _ = join_all(...)); cannot affect response,"candidate-pipeline/{hydrator,scorer,source,filter,query_hydrator,side_effect}.rs (trait defaults); FollowingCandidatePipeline::build, ForYouCandidatePipeline::build, RankedFollowingCandidatePipeline::build",,"Orchestration-level review (role, registration, gating, generic framework failure semantics confirmed); internal business-logic details deferred to the owning domain specialist noted in downstream_consumers."
home-mixer/side_effects/served_ad_history_cache_side_effect.rs,S01,FULL_SOURCE_REVIEW,COMPONENT_REVIEWED,side_effect: Writes served-ad history to cache.,ServedAdHistoryCacheSideEffect,Constructed in: ForYouCandidatePipeline (ForYouCandidatePipeline::build); FollowingCandidatePipeline (FollowingCandidatePipeline::build); RankedFollowingCandidatePipeline (RankedFollowingCandidatePipeline::build),S02;S18,enable()=gated; checked-in default per param.rs (S17 census); confirmed via direct grep of this file plus pipeline-construction-site cross-check,fire-and-forget via tokio::spawn; results discarded (let _ = join_all(...)); cannot affect response,"candidate-pipeline/{hydrator,scorer,source,filter,query_hydrator,side_effect}.rs (trait defaults); FollowingCandidatePipeline::build, ForYouCandidatePipeline::build, RankedFollowingCandidatePipeline::build",,"Orchestration-level review (role, registration, gating, generic framework failure semantics confirmed); internal business-logic details deferred to the owning domain specialist noted in downstream_consumers."
home-mixer/side_effects/publish_seen_ids_to_kafka_side_effect.rs,S01,FULL_SOURCE_REVIEW,COMPONENT_REVIEWED,side_effect: Publishes seen-post IDs to Kafka.,PublishSeenIdsToKafkaSideEffect,Constructed in: ForYouCandidatePipeline (ForYouCandidatePipeline::build); FollowingCandidatePipeline (FollowingCandidatePipeline::build); RankedFollowingCandidatePipeline (RankedFollowingCandidatePipeline::build),S02;S18,enable()=gated; checked-in default per param.rs (S17 census); confirmed via direct grep of this file plus pipeline-construction-site cross-check,fire-and-forget via tokio::spawn; results discarded (let _ = join_all(...)); cannot affect response,"candidate-pipeline/{hydrator,scorer,source,filter,query_hydrator,side_effect}.rs (trait defaults); FollowingCandidatePipeline::build, ForYouCandidatePipeline::build, RankedFollowingCandidatePipeline::build",,"Orchestration-level review (role, registration, gating, generic framework failure semantics confirmed); internal business-logic details deferred to the owning domain specialist noted in downstream_consumers."
home-mixer/side_effects/served_candidates_kafka_side_effect.rs,S01,FULL_SOURCE_REVIEW,COMPONENT_REVIEWED,side_effect: Publishes served-candidate data to Kafka.,ServedCandidatesKafkaSideEffect,Constructed in: ForYouCandidatePipeline (ForYouCandidatePipeline::build); FollowingCandidatePipeline (FollowingCandidatePipeline::build); RankedFollowingCandidatePipeline (RankedFollowingCandidatePipeline::build),S02;S18,enable()=gated; checked-in default per param.rs (S17 census); confirmed via direct grep of this file plus pipeline-construction-site cross-check,fire-and-forget via tokio::spawn; results discarded (let _ = join_all(...)); cannot affect response,"candidate-pipeline/{hydrator,scorer,source,filter,query_hydrator,side_effect}.rs (trait defaults); FollowingCandidatePipeline::build, ForYouCandidatePipeline::build, RankedFollowingCandidatePipeline::build",,"Orchestration-level review (role, registration, gating, generic framework failure semantics confirmed); internal business-logic details deferred to the owning domain specialist noted in downstream_consumers."
home-mixer/side_effects/client_events_kafka_side_effect.rs,S01,FULL_SOURCE_REVIEW,COMPONENT_REVIEWED,side_effect: Publishes client event data to Kafka.,ClientEventsKafkaSideEffect,Constructed in: ForYouCandidatePipeline (ForYouCandidatePipeline::build); FollowingCandidatePipeline (FollowingCandidatePipeline::build); RankedFollowingCandidatePipeline (RankedFollowingCandidatePipeline::build),S02;S18,enable()=gated; checked-in default per param.rs (S17 census); confirmed via direct grep of this file plus pipeline-construction-site cross-check,fire-and-forget via tokio::spawn; results discarded (let _ = join_all(...)); cannot affect response,"candidate-pipeline/{hydrator,scorer,source,filter,query_hydrator,side_effect}.rs (trait defaults); FollowingCandidatePipeline::build, ForYouCandidatePipeline::build, RankedFollowingCandidatePipeline::build",,"Orchestration-level review (role, registration, gating, generic framework failure semantics confirmed); internal business-logic details deferred to the owning domain specialist noted in downstream_consumers."
home-mixer/side_effects/response_stats_side_effect.rs,S01,FULL_SOURCE_REVIEW,COMPONENT_REVIEWED,side_effect: Emits response-level statistics.,ResponseStatsSideEffect,Constructed in: ForYouCandidatePipeline (ForYouCandidatePipeline::build); FollowingCandidatePipeline (FollowingCandidatePipeline::build); RankedFollowingCandidatePipeline (RankedFollowingCandidatePipeline::build),S02;S18,enable()=unconditional; checked-in default per param.rs (S17 census); confirmed via direct grep of this file plus pipeline-construction-site cross-check,fire-and-forget via tokio::spawn; results discarded (let _ = join_all(...)); cannot affect response,"candidate-pipeline/{hydrator,scorer,source,filter,query_hydrator,side_effect}.rs (trait defaults); FollowingCandidatePipeline::build, ForYouCandidatePipeline::build, RankedFollowingCandidatePipeline::build",,"Orchestration-level review (role, registration, gating, generic framework failure semantics confirmed); internal business-logic details deferred to the owning domain specialist noted in downstream_consumers."
home-mixer/side_effects/update_past_request_timestamps_side_effect.rs,S01,FULL_SOURCE_REVIEW,COMPONENT_REVIEWED,side_effect: Updates the past-request-timestamps store.,UpdatePastRequestTimestampsSideEffect,Constructed in: ForYouCandidatePipeline (ForYouCandidatePipeline::build); FollowingCandidatePipeline (FollowingCandidatePipeline::build); RankedFollowingCandidatePipeline (RankedFollowingCandidatePipeline::build),S02;S18,enable()=gated; checked-in default per param.rs (S17 census); confirmed via direct grep of this file plus pipeline-construction-site cross-check,fire-and-forget via tokio::spawn; results discarded (let _ = join_all(...)); cannot affect response,"candidate-pipeline/{hydrator,scorer,source,filter,query_hydrator,side_effect}.rs (trait defaults); FollowingCandidatePipeline::build, ForYouCandidatePipeline::build, RankedFollowingCandidatePipeline::build",,"Orchestration-level review (role, registration, gating, generic framework failure semantics confirmed); internal business-logic details deferred to the owning domain specialist noted in downstream_consumers."
home-mixer/side_effects/update_served_history_side_effect.rs,S01,FULL_SOURCE_REVIEW,COMPONENT_REVIEWED,side_effect: Updates served-post history.,UpdateServedHistorySideEffect,Constructed in: ForYouCandidatePipeline (ForYouCandidatePipeline::build); FollowingCandidatePipeline (FollowingCandidatePipeline::build); RankedFollowingCandidatePipeline (RankedFollowingCandidatePipeline::build),S02;S18,enable()=gated; checked-in default per param.rs (S17 census); confirmed via direct grep of this file plus pipeline-construction-site cross-check,fire-and-forget via tokio::spawn; results discarded (let _ = join_all(...)); cannot affect response,"candidate-pipeline/{hydrator,scorer,source,filter,query_hydrator,side_effect}.rs (trait defaults); FollowingCandidatePipeline::build, ForYouCandidatePipeline::build, RankedFollowingCandidatePipeline::build",,"Orchestration-level review (role, registration, gating, generic framework failure semantics confirmed); internal business-logic details deferred to the owning domain specialist noted in downstream_consumers."
home-mixer/side_effects/truncate_served_history_side_effect.rs,S01,FULL_SOURCE_REVIEW,COMPONENT_REVIEWED,side_effect: Truncates/prunes served-post history.,TruncateServedHistorySideEffect,Constructed in: ForYouCandidatePipeline (ForYouCandidatePipeline::build); FollowingCandidatePipeline (FollowingCandidatePipeline::build); RankedFollowingCandidatePipeline (RankedFollowingCandidatePipeline::build),S02;S18,enable()=gated; checked-in default per param.rs (S17 census); confirmed via direct grep of this file plus pipeline-construction-site cross-check,fire-and-forget via tokio::spawn; results discarded (let _ = join_all(...)); cannot affect response,"candidate-pipeline/{hydrator,scorer,source,filter,query_hydrator,side_effect}.rs (trait defaults); FollowingCandidatePipeline::build, ForYouCandidatePipeline::build, RankedFollowingCandidatePipeline::build",,"Orchestration-level review (role, registration, gating, generic framework failure semantics confirmed); internal business-logic details deferred to the owning domain specialist noted in downstream_consumers."
home-mixer/params/config.rs,S01,FULL_SOURCE_REVIEW,COMPONENT_REVIEWED,result_size: Final truncation size = RESULT_SIZE(35) + FEED_MODULE_SLOTS(4) + MAX_JETFUEL_FRAMES_PER_RESPONSE(8) = 47.,FOR_YOU_MAX_RESULT_SIZE,Constructed in: ForYouCandidatePipeline (home-mixer/params/config.rs); FollowingCandidatePipeline (home-mixer/params/config.rs); RankedFollowingCandidatePipeline (home-mixer/params/config.rs); ReverseChronPostsPipeline (home-mixer/params/config.rs),S17,N/A,N/A,"candidate-pipeline/{hydrator,scorer,source,filter,query_hydrator,side_effect}.rs (trait defaults); ",,"Orchestration-level review (role, registration, gating, generic framework failure semantics confirmed); internal business-logic details deferred to the owning domain specialist noted in downstream_consumers."
home-mixer/filters/invalid_conversation_module_filter.rs,S01,FULL_SOURCE_REVIEW,COMPONENT_REVIEWED,filter: Removes conversation-module items deemed invalid for the Following surface.,InvalidConversationModuleFilter,Constructed in: FollowingCandidatePipeline (FollowingCandidatePipeline::build),S02,enable()=unconditional; checked-in default per param.rs (S17 census); confirmed via direct grep of this file plus pipeline-construction-site cross-check,"no fallibility at trait level; Filter::filter is a total partition (kept/removed), no Result","candidate-pipeline/{hydrator,scorer,source,filter,query_hydrator,side_effect}.rs (trait defaults); FollowingCandidatePipeline::build",,Resolves one of S00's six unplaced filters (S01-F007).
home-mixer/selectors/following_blender_selector.rs,S01,FULL_SOURCE_REVIEW,COMPONENT_REVIEWED,selector: Interleaves reverse-chron posts with ads/WTF/prompts for the plain Following surface (distinct from BlenderSelector).,FollowingBlenderSelector,Constructed in: FollowingCandidatePipeline (FollowingCandidatePipeline::build),S02,enable()=unconditional (default enable); checked-in default per param.rs (S17 census); confirmed via direct grep of this file plus pipeline-construction-site cross-check,"if disabled, all candidates pass through unblended","candidate-pipeline/{hydrator,scorer,source,filter,query_hydrator,side_effect}.rs (trait defaults); FollowingCandidatePipeline::build",,"Orchestration-level review (role, registration, gating, generic framework failure semantics confirmed); internal business-logic details deferred to the owning domain specialist noted in downstream_consumers."
home-mixer/sources/following_night_owl_source.rs,S01,FULL_SOURCE_REVIEW,COMPONENT_REVIEWED,source: Fetches followed-account posts in reverse-chronological order via NightOwlClient (this pipeline's sole source).,FollowingNightOwlSource,Constructed in: ReverseChronPostsPipeline (ReverseChronPostsPipeline::build),S03,enable()=unconditional; checked-in default per param.rs (S17 census); confirmed via direct grep of this file plus pipeline-construction-site cross-check,Err contributes zero candidates from this source; other sources unaffected (candidate-pipeline/candidate_pipeline.rs fetch_candidates flatten),"candidate-pipeline/{hydrator,scorer,source,filter,query_hydrator,side_effect}.rs (trait defaults); ReverseChronPostsPipeline::build",,This pipeline has zero query_hydrators (query_hydrators()->&[]); it consumes fields hydrated by its caller (FollowingCandidatePipeline).
home-mixer/candidate_hydrators/conversation_gap_ancestor_hydrator.rs,S01,FULL_SOURCE_REVIEW,COMPONENT_REVIEWED,hydrator: Hydrates missing thread-ancestor context for conversation display.,ConversationGapAncestorHydrator,Constructed in: ReverseChronPostsPipeline (ReverseChronPostsPipeline::build),S03,enable()=unconditional; checked-in default per param.rs (S17 census); confirmed via direct grep of this file plus pipeline-construction-site cross-check,per-candidate Err silently skipped (candidate keeps prior field values); does not drop candidate or fail request (candidate-pipeline/hydrator.rs update_all default),"candidate-pipeline/{hydrator,scorer,source,filter,query_hydrator,side_effect}.rs (trait defaults); ReverseChronPostsPipeline::build",,"Orchestration-level review (role, registration, gating, generic framework failure semantics confirmed); internal business-logic details deferred to the owning domain specialist noted in downstream_consumers."
home-mixer/filters/following_retweet_deduplication_filter.rs,S01,FULL_SOURCE_REVIEW,COMPONENT_REVIEWED,filter: Dedupes repeated reposts for the Following/reverse-chron surface.,FollowingRetweetDeduplicationFilter,Constructed in: ReverseChronPostsPipeline (ReverseChronPostsPipeline::build),S02;S03,enable()=unconditional; checked-in default per param.rs (S17 census); confirmed via direct grep of this file plus pipeline-construction-site cross-check,"no fallibility at trait level; Filter::filter is a total partition (kept/removed), no Result","candidate-pipeline/{hydrator,scorer,source,filter,query_hydrator,side_effect}.rs (trait defaults); ReverseChronPostsPipeline::build",,Resolves one of S00's six unplaced filters (S01-F007).
home-mixer/filters/self_reply_chain_filter.rs,S01,FULL_SOURCE_REVIEW,COMPONENT_REVIEWED,filter: Removes/collapses self-reply chains.,SelfReplyChainFilter,Constructed in: ReverseChronPostsPipeline (ReverseChronPostsPipeline::build),S02;S03,enable()=unconditional; checked-in default per param.rs (S17 census); confirmed via direct grep of this file plus pipeline-construction-site cross-check,"no fallibility at trait level; Filter::filter is a total partition (kept/removed), no Result","candidate-pipeline/{hydrator,scorer,source,filter,query_hydrator,side_effect}.rs (trait defaults); ReverseChronPostsPipeline::build",,Resolves one of S00's six unplaced filters (S01-F007).
home-mixer/selectors/passthrough_selector.rs,S01,FULL_SOURCE_REVIEW,COMPONENT_REVIEWED,selector: No scoring/reranking; candidates pass through in retrieval order (this pipeline has zero scorers).,PassthroughSelector,Constructed in: ReverseChronPostsPipeline (ReverseChronPostsPipeline::build); PhoenixScoresPipeline (PhoenixScoresPipeline::build_with_clients),S03,enable()=unconditional (default enable); checked-in default per param.rs (S17 census); confirmed via direct grep of this file plus pipeline-construction-site cross-check,"if disabled, all candidates pass through anyway (same as enabled, given passthrough semantics)","candidate-pipeline/{hydrator,scorer,source,filter,query_hydrator,side_effect}.rs (trait defaults); PhoenixScoresPipeline::build_with_clients, ReverseChronPostsPipeline::build",,"Confirms this pipeline is genuinely unranked/reverse-chronological, not Phoenix-scored."
home-mixer/sources/seed_candidates_source.rs,S01,FULL_SOURCE_REVIEW,COMPONENT_REVIEWED,source: Builds candidates directly from query.seed_candidate_post_ids (caller-supplied explicit tweet IDs via PhoenixScoresService's RPC) rather than retrieving from Thunder/Phoenix/SimClusters.,SeedCandidatesSource,Constructed in: PhoenixScoresPipeline (PhoenixScoresPipeline::build_with_clients),S05,enable()=gated; checked-in default per param.rs (S17 census); confirmed via direct grep of this file plus pipeline-construction-site cross-check,Err contributes zero candidates from this source; other sources unaffected (candidate-pipeline/candidate_pipeline.rs fetch_candidates flatten),"candidate-pipeline/{hydrator,scorer,source,filter,query_hydrator,side_effect}.rs (trait defaults); PhoenixScoresPipeline::build_with_clients",,"Confirms PhoenixScoresPipeline is a bulk/raw scoring API for caller-specified candidates, not a feed-retrieval pipeline (S01-F009)."
home-mixer/scorers/phoenix_scores_ranking_scorer.rs,S01,FULL_SOURCE_REVIEW,COMPONENT_REVIEWED,scorer: A distinct ranking scorer from PhoenixCandidatePipeline's RankingScorer -- computes a score for the raw-scores API rather than the full weighted-sum feed-ranking formula.,PhoenixScoresRankingScorer,Constructed in: PhoenixScoresPipeline (PhoenixScoresPipeline::build_with_clients),S05,enable()=unconditional; checked-in default per param.rs (S17 census); confirmed via direct grep of this file plus pipeline-construction-site cross-check,per-candidate Err silently skipped (candidate keeps prior score fields); does not drop candidate or fail request (candidate-pipeline/scorer.rs update_all default),"candidate-pipeline/{hydrator,scorer,source,filter,query_hydrator,side_effect}.rs (trait defaults); PhoenixScoresPipeline::build_with_clients",,PhoenixScoresRankingScorer's exact formula not deep-read in S01 (deferred to S05); distinct symbol from PhoenixCandidatePipeline's RankingScorer confirms this is a separate scoring formula for this API.
home-mixer/filters/result_size_filter.rs,S01,FULL_SOURCE_REVIEW,COMPONENT_REVIEWED,post_selection_filter: Truncates/enforces a result-size bound as a filter rather than via the selector.,ResultSizeFilter,Constructed in: PhoenixScoresPipeline (PhoenixScoresPipeline::build_with_clients),S05,enable()=unconditional; checked-in default per param.rs (S17 census); confirmed via direct grep of this file plus pipeline-construction-site cross-check,"no fallibility at trait level; Filter::filter is a total partition (kept/removed), no Result","candidate-pipeline/{hydrator,scorer,source,filter,query_hydrator,side_effect}.rs (trait defaults); PhoenixScoresPipeline::build_with_clients",,Resolves one of S00's six unplaced filters (S01-F007).
home-mixer/candidate_hydrators/mod.rs,S01,FULL_SOURCE_REVIEW,COMPONENT_REVIEWED,Declares 19 candidate_hydrators submodules. Read in full to confirm broadcast_liveness_hydrator is absent (S01-F002).,mod declarations,parent crate module tree (home-mixer/lib.rs),all files in the same directory,N/A,N/A,cross-checked against `ls` of the same directory to detect undeclared files,,Read specifically as part of the module-tree orphan sweep (S01-F002).
home-mixer/filters/mod.rs,S01,FULL_SOURCE_REVIEW,COMPONENT_REVIEWED,Declares 27 filters submodules. Read in full to confirm popular_topics_author_dedup_filter is absent (S01-F002).,mod declarations,parent crate module tree (home-mixer/lib.rs),all files in the same directory,N/A,N/A,cross-checked against `ls` of the same directory to detect undeclared files,,Read specifically as part of the module-tree orphan sweep (S01-F002).
home-mixer/query_hydrators/mod.rs,S01,FULL_SOURCE_REVIEW,COMPONENT_REVIEWED,"Declares 21 query_hydrators submodules (all present, including impressed_posts_query_hydrator -- the module IS declared; only its pipeline-Vec wiring is missing, S01-F001).",mod declarations,parent crate module tree (home-mixer/lib.rs),all files in the same directory,N/A,N/A,cross-checked against `ls` of the same directory to detect undeclared files,,Read specifically as part of the module-tree orphan sweep (S01-F002).
home-mixer/selectors/mod.rs,S01,FULL_SOURCE_REVIEW,COMPONENT_REVIEWED,"Declares and re-exports all 4 selectors (BlenderSelector, FollowingBlenderSelector, PassthroughSelector, TopKScoreSelector); all confirmed present.",mod declarations,parent crate module tree (home-mixer/lib.rs),all files in the same directory,N/A,N/A,cross-checked against `ls` of the same directory to detect undeclared files,,Read specifically as part of the module-tree orphan sweep (S01-F002).
home-mixer/side_effects/mod.rs,S01,FULL_SOURCE_REVIEW,COMPONENT_REVIEWED,"Declares 17 side_effects submodules; all confirmed present, none orphaned.",mod declarations,parent crate module tree (home-mixer/lib.rs),all files in the same directory,N/A,N/A,cross-checked against `ls` of the same directory to detect undeclared files,,Read specifically as part of the module-tree orphan sweep (S01-F002).
home-mixer/sources/mod.rs,S01,FULL_SOURCE_REVIEW,COMPONENT_REVIEWED,Declares 17 sources submodules. Read in full to confirm popular_topics_source is absent (S01-F002).,mod declarations,parent crate module tree (home-mixer/lib.rs),all files in the same directory,N/A,N/A,cross-checked against `ls` of the same directory to detect undeclared files,,Read specifically as part of the module-tree orphan sweep (S01-F002).
home-mixer/models/candidate.rs,S01,FULL_SOURCE_REVIEW,COMPONENT_REVIEWED,"The central per-post data structure threaded through every PhoenixCandidatePipeline/PhoenixScoresPipeline/ReverseChronPostsPipeline stage; holds author_follows_viewer, is_mutual_follow_author, broadcast_is_live (S01-F002), and CandidateHelpers::as_tweet_info (the Phoenix-request-construction method, S00-F007's evidence chain).",PostCandidate,home-mixer/models/mod.rs; consumed throughout home-mixer/,S05 (candidate/user feature semantics),N/A,N/A,"home-mixer/models/query.rs, home-mixer/models/candidate.rs (cross-read)",,Read fully in prior S00 continuity (author_info/as_tweet_info sections) plus field-level greps in S01 for broadcast_is_live/impressed_post_ids; not re-read top-to-bottom fresh in this S01 session line-by-line beyond the fields S01 specifically traced.
home-mixer/models/candidate_features.rs,S01,TRIAGED_STRUCTURAL,TRIAGED,Feature/derived-signal sub-structures attached to PostCandidate.,PostCandidate feature sub-structures,home-mixer/models/mod.rs; consumed throughout home-mixer/,S05 (candidate/user feature semantics),N/A,N/A,"home-mixer/models/query.rs, home-mixer/models/candidate.rs (cross-read)",Full internal structure not independently verified in S01; deferred to S05.,Not deep-read in S01; role inferred from filename and its inclusion in models/mod.rs; deep semantics belong to S05.
home-mixer/models/user_features.rs,S01,TRIAGED_STRUCTURAL,TRIAGED,"Viewer-side feature struct embedded in ScoredPostsQuery (muted_keywords, follower_count, followed_user_ids, etc. -- referenced directly when reading query.rs/server.rs).",UserFeatures,home-mixer/models/mod.rs; consumed throughout home-mixer/,S05 (candidate/user feature semantics),N/A,N/A,"home-mixer/models/query.rs, home-mixer/models/candidate.rs (cross-read)",Full internal structure not independently verified in S01; deferred to S05.,Referenced and partially inspected via its usage sites in server.rs/query.rs; not read top-to-bottom independently.
home-mixer/models/engagement_signals.rs,S01,TRIAGED_STRUCTURAL,TRIAGED,Backing type for query.explicit_engagement_signals/implicit_engagement_signals.,EngagementSignalsByType,home-mixer/models/mod.rs; consumed throughout home-mixer/,S05 (candidate/user feature semantics),N/A,N/A,"home-mixer/models/query.rs, home-mixer/models/candidate.rs (cross-read)",Full internal structure not independently verified in S01; deferred to S05.,Not deep-read; role inferred from query.rs field types and hydrator names (ExplicitEngagementSignalsQueryHydrator/ImplicitEngagementSignalsQueryHydrator).
home-mixer/models/brand_safety.rs,S01,TRIAGED_STRUCTURAL,TRIAGED,"Ad/candidate brand-safety verdict enum, referenced directly in scored_posts_server.rs's candidates_to_scored_posts.",BrandSafetyVerdict,home-mixer/models/mod.rs; consumed throughout home-mixer/,S05 (candidate/user feature semantics),N/A,N/A,"home-mixer/models/query.rs, home-mixer/models/candidate.rs (cross-read)",Full internal structure not independently verified in S01; deferred to S05.,Enum variants seen via usage site (BrandSafetyVerdict::MediumRisk default) in scored_posts_server.rs; not independently read.
home-mixer/models/in_network_reply.rs,S01,TRIAGED_STRUCTURAL,TRIAGED,Small serialization-support type for query.in_network_replies.,"InNetworkReplies, serialize_in_network_replies",home-mixer/models/mod.rs; consumed throughout home-mixer/,S05 (candidate/user feature semantics),N/A,N/A,"home-mixer/models/query.rs, home-mixer/models/candidate.rs (cross-read)",Full internal structure not independently verified in S01; deferred to S05.,"Not deep-read; 23-line file, role inferred from name and query.rs field usage."
home-mixer/models/mod.rs,S01,FULL_SOURCE_REVIEW,COMPONENT_REVIEWED,Declares the 7 models submodules.,(module),home-mixer/models/mod.rs; consumed throughout home-mixer/,S05 (candidate/user feature semantics),N/A,N/A,"home-mixer/models/query.rs, home-mixer/models/candidate.rs (cross-read)",,Read in full (7 lines).
home-mixer/clients/ad_index_client.rs,S01,TRIAGED_STRUCTURAL,TRIAGED,Client for ad-candidate retrieval; used by AdsSource across 3 pipelines.,AdIndexClient,Role/injection-site confirmed via the 6 pipeline construction files S01 deep-read (each client's Prod*/Mock* pair and injection point were observed there); this file's own internal request/retry/timeout logic was not independently opened in S01.,the hydrator/source/query_hydrator/side_effect that holds this client (see S01_pipeline_inventory.csv),Not independently verified beyond the calling component's own enable() gate,Not independently verified; calling component's framework-level failure semantics (S01-F004) govern how a client error surfaces,the pipeline construction file(s) that inject this client,"Internal implementation not read; if timeout/retry behavior differs materially from the framework's generic per-unit-failure model, that would refine S01-F004's failure-mode picture.","Orchestration-boundary review only: confirmed this client exists, is constructed with a Prod/Mock pair, and is injected at a specific site. Internal client implementation (RPC semantics, retries, timeouts) is out of S01's charter and not independently examined."
home-mixer/clients/engagement_counts_client.rs,S01,TRIAGED_STRUCTURAL,TRIAGED,Client backing EngagementCountsHydrator (fav/reply/retweet/quote/view/bookmark counts).,EngagementCountsClient,Role/injection-site confirmed via the 6 pipeline construction files S01 deep-read (each client's Prod*/Mock* pair and injection point were observed there); this file's own internal request/retry/timeout logic was not independently opened in S01.,the hydrator/source/query_hydrator/side_effect that holds this client (see S01_pipeline_inventory.csv),Not independently verified beyond the calling component's own enable() gate,Not independently verified; calling component's framework-level failure semantics (S01-F004) govern how a client error surfaces,the pipeline construction file(s) that inject this client,"Internal implementation not read; if timeout/retry behavior differs materially from the framework's generic per-unit-failure model, that would refine S01-F004's failure-mode picture.","Orchestration-boundary review only: confirmed this client exists, is constructed with a Prod/Mock pair, and is injected at a specific site. Internal client implementation (RPC semantics, retries, timeouts) is out of S01's charter and not independently examined."
home-mixer/clients/engagement_signals_client.rs,S01,TRIAGED_STRUCTURAL,TRIAGED,Client backing Explicit/ImplicitEngagementSignalsQueryHydrator.,EngagementSignalsClient,Role/injection-site confirmed via the 6 pipeline construction files S01 deep-read (each client's Prod*/Mock* pair and injection point were observed there); this file's own internal request/retry/timeout logic was not independently opened in S01.,the hydrator/source/query_hydrator/side_effect that holds this client (see S01_pipeline_inventory.csv),Not independently verified beyond the calling component's own enable() gate,Not independently verified; calling component's framework-level failure semantics (S01-F004) govern how a client error surfaces,the pipeline construction file(s) that inject this client,"Internal implementation not read; if timeout/retry behavior differs materially from the framework's generic per-unit-failure model, that would refine S01-F004's failure-mode picture.","Orchestration-boundary review only: confirmed this client exists, is constructed with a Prod/Mock pair, and is injected at a specific site. Internal client implementation (RPC semantics, retries, timeouts) is out of S01's charter and not independently examined."
home-mixer/clients/gizmoduck_client.rs,S01,TRIAGED_STRUCTURAL,TRIAGED,Client for account-state lookups; ViewerData.allow_for_you_recommendations is the field behind S01-F008's in_network_only override; also used by GizmoduckCandidateHydrator.,"GizmoduckClient, ViewerData",Role/injection-site confirmed via the 6 pipeline construction files S01 deep-read (each client's Prod*/Mock* pair and injection point were observed there); this file's own internal request/retry/timeout logic was not independently opened in S01.,the hydrator/source/query_hydrator/side_effect that holds this client (see S01_pipeline_inventory.csv),Not independently verified beyond the calling component's own enable() gate,Not independently verified; calling component's framework-level failure semantics (S01-F004) govern how a client error surfaces,the pipeline construction file(s) that inject this client,"Internal implementation not read; if timeout/retry behavior differs materially from the framework's generic per-unit-failure model, that would refine S01-F004's failure-mode picture.","Orchestration-boundary review only: confirmed this client exists, is constructed with a Prod/Mock pair, and is injected at a specific site. Internal client implementation (RPC semantics, retries, timeouts) is out of S01's charter and not independently examined."
home-mixer/clients/impressed_posts_client.rs,S01,TRIAGED_STRUCTURAL,TRIAGED,"Client backing the orphaned ImpressedPostsQueryHydrator (S01-F001); itself still constructed and passed into the pipeline, only the hydrator wrapping it is discarded.",ImpressedPostsClient,Role/injection-site confirmed via the 6 pipeline construction files S01 deep-read (each client's Prod*/Mock* pair and injection point were observed there); this file's own internal request/retry/timeout logic was not independently opened in S01.,the hydrator/source/query_hydrator/side_effect that holds this client (see S01_pipeline_inventory.csv),Not independently verified beyond the calling component's own enable() gate,Not independently verified; calling component's framework-level failure semantics (S01-F004) govern how a client error surfaces,the pipeline construction file(s) that inject this client,"Internal implementation not read; if timeout/retry behavior differs materially from the framework's generic per-unit-failure model, that would refine S01-F004's failure-mode picture.","Orchestration-boundary review only: confirmed this client exists, is constructed with a Prod/Mock pair, and is injected at a specific site. Internal client implementation (RPC semantics, retries, timeouts) is out of S01's charter and not independently examined."
home-mixer/clients/night_owl_client.rs,S01,TRIAGED_STRUCTURAL,TRIAGED,Client backing FollowingNightOwlSource (ReverseChronPostsPipeline's sole source).,NightOwlClient,Role/injection-site confirmed via the 6 pipeline construction files S01 deep-read (each client's Prod*/Mock* pair and injection point were observed there); this file's own internal request/retry/timeout logic was not independently opened in S01.,the hydrator/source/query_hydrator/side_effect that holds this client (see S01_pipeline_inventory.csv),Not independently verified beyond the calling component's own enable() gate,Not independently verified; calling component's framework-level failure semantics (S01-F004) govern how a client error surfaces,the pipeline construction file(s) that inject this client,"Internal implementation not read; if timeout/retry behavior differs materially from the framework's generic per-unit-failure model, that would refine S01-F004's failure-mode picture.","Orchestration-boundary review only: confirmed this client exists, is constructed with a Prod/Mock pair, and is injected at a specific site. Internal client implementation (RPC semantics, retries, timeouts) is out of S01's charter and not independently examined."
home-mixer/clients/past_request_timestamps_client.rs,S01,TRIAGED_STRUCTURAL,TRIAGED,Client backing PastRequestTimestampsQueryHydrator / UpdatePastRequestTimestampsSideEffect.,PastRequestTimestampsClient,Role/injection-site confirmed via the 6 pipeline construction files S01 deep-read (each client's Prod*/Mock* pair and injection point were observed there); this file's own internal request/retry/timeout logic was not independently opened in S01.,the hydrator/source/query_hydrator/side_effect that holds this client (see S01_pipeline_inventory.csv),Not independently verified beyond the calling component's own enable() gate,Not independently verified; calling component's framework-level failure semantics (S01-F004) govern how a client error surfaces,the pipeline construction file(s) that inject this client,"Internal implementation not read; if timeout/retry behavior differs materially from the framework's generic per-unit-failure model, that would refine S01-F004's failure-mode picture.","Orchestration-boundary review only: confirmed this client exists, is constructed with a Prod/Mock pair, and is injected at a specific site. Internal client implementation (RPC semantics, retries, timeouts) is out of S01's charter and not independently examined."
home-mixer/clients/prompts_client.rs,S01,TRIAGED_STRUCTURAL,TRIAGED,Client backing PromptsSource.,PromptsClient,Role/injection-site confirmed via the 6 pipeline construction files S01 deep-read (each client's Prod*/Mock* pair and injection point were observed there); this file's own internal request/retry/timeout logic was not independently opened in S01.,the hydrator/source/query_hydrator/side_effect that holds this client (see S01_pipeline_inventory.csv),Not independently verified beyond the calling component's own enable() gate,Not independently verified; calling component's framework-level failure semantics (S01-F004) govern how a client error surfaces,the pipeline construction file(s) that inject this client,"Internal implementation not read; if timeout/retry behavior differs materially from the framework's generic per-unit-failure model, that would refine S01-F004's failure-mode picture.","Orchestration-boundary review only: confirmed this client exists, is constructed with a Prod/Mock pair, and is injected at a specific site. Internal client implementation (RPC semantics, retries, timeouts) is out of S01's charter and not independently examined."
home-mixer/clients/resurrection_date_client.rs,S01,TRIAGED_STRUCTURAL,TRIAGED,"Client used directly in server.rs's QueryBuilder::build to fetch resurrection_time_ms (200ms timeout, fails open to None).",ResurrectionDateClient,Role/injection-site confirmed via the 6 pipeline construction files S01 deep-read (each client's Prod*/Mock* pair and injection point were observed there); this file's own internal request/retry/timeout logic was not independently opened in S01.,the hydrator/source/query_hydrator/side_effect that holds this client (see S01_pipeline_inventory.csv),Not independently verified beyond the calling component's own enable() gate,Not independently verified; calling component's framework-level failure semantics (S01-F004) govern how a client error surfaces,the pipeline construction file(s) that inject this client,"Internal implementation not read; if timeout/retry behavior differs materially from the framework's generic per-unit-failure model, that would refine S01-F004's failure-mode picture.","Orchestration-boundary review only: confirmed this client exists, is constructed with a Prod/Mock pair, and is injected at a specific site. Internal client implementation (RPC semantics, retries, timeouts) is out of S01's charter and not independently examined."
home-mixer/clients/rotating_channel.rs,S01,TRIAGED_STRUCTURAL,TRIAGED,gRPC channel-rotation helper; not tied to one specific pipeline component.,(infra helper),Role/injection-site confirmed via the 6 pipeline construction files S01 deep-read (each client's Prod*/Mock* pair and injection point were observed there); this file's own internal request/retry/timeout logic was not independently opened in S01.,the hydrator/source/query_hydrator/side_effect that holds this client (see S01_pipeline_inventory.csv),Not independently verified beyond the calling component's own enable() gate,Not independently verified; calling component's framework-level failure semantics (S01-F004) govern how a client error surfaces,the pipeline construction file(s) that inject this client,"Internal implementation not read; if timeout/retry behavior differs materially from the framework's generic per-unit-failure model, that would refine S01-F004's failure-mode picture.","Orchestration-boundary review only: confirmed this client exists, is constructed with a Prod/Mock pair, and is injected at a specific site. Internal client implementation (RPC semantics, retries, timeouts) is out of S01's charter and not independently examined."
home-mixer/clients/s2s.rs,S01,TRIAGED_STRUCTURAL,TRIAGED,Shared service-to-service TLS credential path constants used by nearly every Prod*Client constructor across all 6 pipelines.,S2S_CHAIN_PATH/CRT_PATH/KEY_PATH,Role/injection-site confirmed via the 6 pipeline construction files S01 deep-read (each client's Prod*/Mock* pair and injection point were observed there); this file's own internal request/retry/timeout logic was not independently opened in S01.,the hydrator/source/query_hydrator/side_effect that holds this client (see S01_pipeline_inventory.csv),Not independently verified beyond the calling component's own enable() gate,Not independently verified; calling component's framework-level failure semantics (S01-F004) govern how a client error surfaces,the pipeline construction file(s) that inject this client,"Internal implementation not read; if timeout/retry behavior differs materially from the framework's generic per-unit-failure model, that would refine S01-F004's failure-mode picture.","Orchestration-boundary review only: confirmed this client exists, is constructed with a Prod/Mock pair, and is injected at a specific site. Internal client implementation (RPC semantics, retries, timeouts) is out of S01's charter and not independently examined."
home-mixer/clients/served_history_client.rs,S01,TRIAGED_STRUCTURAL,TRIAGED,Client backing ServedHistoryQueryHydrator / UpdateServedHistorySideEffect / TruncateServedHistorySideEffect.,ServedHistoryClient,Role/injection-site confirmed via the 6 pipeline construction files S01 deep-read (each client's Prod*/Mock* pair and injection point were observed there); this file's own internal request/retry/timeout logic was not independently opened in S01.,the hydrator/source/query_hydrator/side_effect that holds this client (see S01_pipeline_inventory.csv),Not independently verified beyond the calling component's own enable() gate,Not independently verified; calling component's framework-level failure semantics (S01-F004) govern how a client error surfaces,the pipeline construction file(s) that inject this client,"Internal implementation not read; if timeout/retry behavior differs materially from the framework's generic per-unit-failure model, that would refine S01-F004's failure-mode picture.","Orchestration-boundary review only: confirmed this client exists, is constructed with a Prod/Mock pair, and is injected at a specific site. Internal client implementation (RPC semantics, retries, timeouts) is out of S01's charter and not independently examined."
home-mixer/clients/simclusters_ann_client.rs,S01,TRIAGED_STRUCTURAL,TRIAGED,Client backing SimclustersSource (S01-F003/S00-C043).,SimClustersAnnClient,Role/injection-site confirmed via the 6 pipeline construction files S01 deep-read (each client's Prod*/Mock* pair and injection point were observed there); this file's own internal request/retry/timeout logic was not independently opened in S01.,the hydrator/source/query_hydrator/side_effect that holds this client (see S01_pipeline_inventory.csv),Not independently verified beyond the calling component's own enable() gate,Not independently verified; calling component's framework-level failure semantics (S01-F004) govern how a client error surfaces,the pipeline construction file(s) that inject this client,"Internal implementation not read; if timeout/retry behavior differs materially from the framework's generic per-unit-failure model, that would refine S01-F004's failure-mode picture.","Orchestration-boundary review only: confirmed this client exists, is constructed with a Prod/Mock pair, and is injected at a specific site. Internal client implementation (RPC semantics, retries, timeouts) is out of S01's charter and not independently examined."
home-mixer/clients/tweet_entity_service_client.rs,S01,TRIAGED_STRUCTURAL,TRIAGED,"Widely-used client (CoreDataCandidateHydrator, QuoteHydrator, LanguageCodeHydrator, SubscriptionHydrator, ConversationGapAncestorHydrator, PushToHomeSource).",TESClient,Role/injection-site confirmed via the 6 pipeline construction files S01 deep-read (each client's Prod*/Mock* pair and injection point were observed there); this file's own internal request/retry/timeout logic was not independently opened in S01.,the hydrator/source/query_hydrator/side_effect that holds this client (see S01_pipeline_inventory.csv),Not independently verified beyond the calling component's own enable() gate,Not independently verified; calling component's framework-level failure semantics (S01-F004) govern how a client error surfaces,the pipeline construction file(s) that inject this client,"Internal implementation not read; if timeout/retry behavior differs materially from the framework's generic per-unit-failure model, that would refine S01-F004's failure-mode picture.","Orchestration-boundary review only: confirmed this client exists, is constructed with a Prod/Mock pair, and is injected at a specific site. Internal client implementation (RPC semantics, retries, timeouts) is out of S01's charter and not independently examined."
home-mixer/clients/uas_fetcher.rs,S01,TRIAGED_STRUCTURAL,TRIAGED,"Supporting helper for user-action-sequence fetching, used by ScoringSequenceQueryHydrator/RetrievalSequenceQueryHydrator via UserActionAggregationClient.",(UAS fetch helper),Role/injection-site confirmed via the 6 pipeline construction files S01 deep-read (each client's Prod*/Mock* pair and injection point were observed there); this file's own internal request/retry/timeout logic was not independently opened in S01.,the hydrator/source/query_hydrator/side_effect that holds this client (see S01_pipeline_inventory.csv),Not independently verified beyond the calling component's own enable() gate,Not independently verified; calling component's framework-level failure semantics (S01-F004) govern how a client error surfaces,the pipeline construction file(s) that inject this client,"Internal implementation not read; if timeout/retry behavior differs materially from the framework's generic per-unit-failure model, that would refine S01-F004's failure-mode picture.","Orchestration-boundary review only: confirmed this client exists, is constructed with a Prod/Mock pair, and is injected at a specific site. Internal client implementation (RPC semantics, retries, timeouts) is out of S01's charter and not independently examined."
home-mixer/clients/user_action_aggregation_client.rs,S01,TRIAGED_STRUCTURAL,TRIAGED,Client backing ScoringSequenceQueryHydrator and RetrievalSequenceQueryHydrator -- the primary Phoenix model input source.,UserActionAggregationClient,Role/injection-site confirmed via the 6 pipeline construction files S01 deep-read (each client's Prod*/Mock* pair and injection point were observed there); this file's own internal request/retry/timeout logic was not independently opened in S01.,the hydrator/source/query_hydrator/side_effect that holds this client (see S01_pipeline_inventory.csv),Not independently verified beyond the calling component's own enable() gate,Not independently verified; calling component's framework-level failure semantics (S01-F004) govern how a client error surfaces,the pipeline construction file(s) that inject this client,"Internal implementation not read; if timeout/retry behavior differs materially from the framework's generic per-unit-failure model, that would refine S01-F004's failure-mode picture.","Orchestration-boundary review only: confirmed this client exists, is constructed with a Prod/Mock pair, and is injected at a specific site. Internal client implementation (RPC semantics, retries, timeouts) is out of S01's charter and not independently examined."
home-mixer/clients/vm_ranker_client.rs,S01,TRIAGED_STRUCTURAL,TRIAGED,Client backing VMRanker (S01-F012); includes the xDS-P2C client-building logic invoked from candidate_pipeline/mod.rs.,"VMRankerClient, VMRankerCluster, XdsVMRankerClient",Role/injection-site confirmed via the 6 pipeline construction files S01 deep-read (each client's Prod*/Mock* pair and injection point were observed there); this file's own internal request/retry/timeout logic was not independently opened in S01.,the hydrator/source/query_hydrator/side_effect that holds this client (see S01_pipeline_inventory.csv),Not independently verified beyond the calling component's own enable() gate,Not independently verified; calling component's framework-level failure semantics (S01-F004) govern how a client error surfaces,the pipeline construction file(s) that inject this client,"Internal implementation not read; if timeout/retry behavior differs materially from the framework's generic per-unit-failure model, that would refine S01-F004's failure-mode picture.","Orchestration-boundary review only: confirmed this client exists, is constructed with a Prod/Mock pair, and is injected at a specific site. Internal client implementation (RPC semantics, retries, timeouts) is out of S01's charter and not independently examined."
home-mixer/clients/who_to_follow_client.rs,S01,TRIAGED_STRUCTURAL,TRIAGED,Client backing WhoToFollowSource.,WhoToFollowClient,Role/injection-site confirmed via the 6 pipeline construction files S01 deep-read (each client's Prod*/Mock* pair and injection point were observed there); this file's own internal request/retry/timeout logic was not independently opened in S01.,the hydrator/source/query_hydrator/side_effect that holds this client (see S01_pipeline_inventory.csv),Not independently verified beyond the calling component's own enable() gate,Not independently verified; calling component's framework-level failure semantics (S01-F004) govern how a client error surfaces,the pipeline construction file(s) that inject this client,"Internal implementation not read; if timeout/retry behavior differs materially from the framework's generic per-unit-failure model, that would refine S01-F004's failure-mode picture.","Orchestration-boundary review only: confirmed this client exists, is constructed with a Prod/Mock pair, and is injected at a specific site. Internal client implementation (RPC semantics, retries, timeouts) is out of S01's charter and not independently examined."
home-mixer/clients/mod.rs,S01,FULL_SOURCE_REVIEW,COMPONENT_REVIEWED,Declares all 18 clients submodules.,(module),Role/injection-site confirmed via the 6 pipeline construction files S01 deep-read (each client's Prod*/Mock* pair and injection point were observed there); this file's own internal request/retry/timeout logic was not independently opened in S01.,the hydrator/source/query_hydrator/side_effect that holds this client (see S01_pipeline_inventory.csv),Not independently verified beyond the calling component's own enable() gate,Not independently verified; calling component's framework-level failure semantics (S01-F004) govern how a client error surfaces,the pipeline construction file(s) that inject this client,,"Orchestration-boundary review only: confirmed this client exists, is constructed with a Prod/Mock pair, and is injected at a specific site. Internal client implementation (RPC semantics, retries, timeouts) is out of S01's charter and not independently examined."
home-mixer/util/egress.rs,S01,FULL_SOURCE_REVIEW,COMPONENT_REVIEWED,"3-line re-export shim: `pub use xai_candidate_pipeline::component_library::egress::{...}`. The actual PredictionDispatch/predict_with_fallback implementation lives in the external xai_candidate_pipeline crate, not in this published snapshot (see S00-F007).","EgressConfig, PredictionDispatch, PredictionPath, RetrievalDispatch, RetrievalPath",see role for direct usage sites observed in S01,varies; see role,confirmed via direct usage-site read,governed by the calling component,"home-mixer/scorers/phoenix_scorer.rs, home-mixer/scorers/vm_ranker.rs, home-mixer/server.rs, home-mixer/filters/previously_seen_posts_backup_filter.rs (cross-read for usage sites)",,
home-mixer/util/country_codes.rs,S01,TRIAGED_STRUCTURAL,TRIAGED,Small (12-line) country-code utility.,(country code helpers),see role for direct usage sites observed in S01,varies; see role,N/A,N/A,"home-mixer/scorers/phoenix_scorer.rs, home-mixer/scorers/vm_ranker.rs, home-mixer/server.rs, home-mixer/filters/previously_seen_posts_backup_filter.rs (cross-read for usage sites)",Contents not verified.,"Small utility file; not independently opened in S01, role inferred from filename and directory context."
home-mixer/util/mod.rs,S01,FULL_SOURCE_REVIEW,COMPONENT_REVIEWED,Declares all util submodules including the urt/ subdirectory.,(module),see role for direct usage sites observed in S01,varies; see role,confirmed via direct usage-site read,governed by the calling component,"home-mixer/scorers/phoenix_scorer.rs, home-mixer/scorers/vm_ranker.rs, home-mixer/server.rs, home-mixer/filters/previously_seen_posts_backup_filter.rs (cross-read for usage sites)",,
home-mixer/util/string_case.rs,S01,TRIAGED_STRUCTURAL,TRIAGED,Small (15-line) string-casing utility.,(string-case helpers),see role for direct usage sites observed in S01,varies; see role,N/A,N/A,"home-mixer/scorers/phoenix_scorer.rs, home-mixer/scorers/vm_ranker.rs, home-mixer/server.rs, home-mixer/filters/previously_seen_posts_backup_filter.rs (cross-read for usage sites)",Contents not verified.,"Small utility file; not independently opened in S01, role inferred from filename and directory context."
home-mixer/util/xds.rs,S01,FULL_SOURCE_REVIEW,COMPONENT_REVIEWED,Referenced directly by VMRanker::score (S01-F012) to decide xDS vs DNS dispatch.,use_xds_for_vm_ranker_cluster and similar gate helpers,see role for direct usage sites observed in S01,varies; see role,confirmed via direct usage-site read,governed by the calling component,"home-mixer/scorers/phoenix_scorer.rs, home-mixer/scorers/vm_ranker.rs, home-mixer/server.rs, home-mixer/filters/previously_seen_posts_backup_filter.rs (cross-read for usage sites)",,
home-mixer/util/url.rs,S01,TRIAGED_STRUCTURAL,TRIAGED,Small (35-line) URL utility.,(URL helpers),see role for direct usage sites observed in S01,varies; see role,N/A,N/A,"home-mixer/scorers/phoenix_scorer.rs, home-mixer/scorers/vm_ranker.rs, home-mixer/server.rs, home-mixer/filters/previously_seen_posts_backup_filter.rs (cross-read for usage sites)",Contents not verified.,"Small utility file; not independently opened in S01, role inferred from filename and directory context."
home-mixer/util/feed_log.rs,S01,FULL_SOURCE_REVIEW,COMPONENT_REVIEWED,Referenced directly in for_you_server.rs/following_feed_server.rs/ranked_following_feed_server.rs for request/response logging.,"log_feed_request, log_feed_response",see role for direct usage sites observed in S01,varies; see role,confirmed via direct usage-site read,governed by the calling component,"home-mixer/scorers/phoenix_scorer.rs, home-mixer/scorers/vm_ranker.rs, home-mixer/server.rs, home-mixer/filters/previously_seen_posts_backup_filter.rs (cross-read for usage sites)",,
home-mixer/util/tweet_type_metrics.rs,S01,TRIAGED_STRUCTURAL,TRIAGED,Supporting helper for TweetTypeMetricsHydrator.,(tweet-type metrics helpers),see role for direct usage sites observed in S01,varies; see role,N/A,N/A,"home-mixer/scorers/phoenix_scorer.rs, home-mixer/scorers/vm_ranker.rs, home-mixer/server.rs, home-mixer/filters/previously_seen_posts_backup_filter.rs (cross-read for usage sites)",Contents not verified.,"Small utility file; not independently opened in S01, role inferred from filename and directory context."
home-mixer/util/candidates_util.rs,S01,FULL_SOURCE_REVIEW,COMPONENT_REVIEWED,related_post_ids_iter is used directly by PreviouslySeenPostsBackupFilter (S01-F001) and Brazil2026ElectionFilter-adjacent logic.,related_post_ids_iter and similar,see role for direct usage sites observed in S01,varies; see role,confirmed via direct usage-site read,governed by the calling component,"home-mixer/scorers/phoenix_scorer.rs, home-mixer/scorers/vm_ranker.rs, home-mixer/server.rs, home-mixer/filters/previously_seen_posts_backup_filter.rs (cross-read for usage sites)",,
home-mixer/util/conversation_grouping.rs,S01,TRIAGED_STRUCTURAL,TRIAGED,"Supporting helper, likely for DedupConversationFilter/ConversationGapAncestorHydrator.",(conversation-grouping helpers),see role for direct usage sites observed in S01,varies; see role,N/A,N/A,"home-mixer/scorers/phoenix_scorer.rs, home-mixer/scorers/vm_ranker.rs, home-mixer/server.rs, home-mixer/filters/previously_seen_posts_backup_filter.rs (cross-read for usage sites)",Contents not verified.,"Small utility file; not independently opened in S01, role inferred from filename and directory context."
home-mixer/util/shadow.rs,S01,FULL_SOURCE_REVIEW,COMPONENT_REVIEWED,Referenced directly in server.rs's QueryBuilder::build to compute query.is_shadow_traffic.,is_shadow_traffic,see role for direct usage sites observed in S01,varies; see role,confirmed via direct usage-site read,governed by the calling component,"home-mixer/scorers/phoenix_scorer.rs, home-mixer/scorers/vm_ranker.rs, home-mixer/server.rs, home-mixer/filters/previously_seen_posts_backup_filter.rs (cross-read for usage sites)",,
home-mixer/util/phoenix_request.rs,S01,FULL_SOURCE_REVIEW,COMPONENT_REVIEWED,The exact file S00-F007's evidence chain traced (candidate -> TweetInfo -> PredictNextActionsRequest); re-confirmed via PhoenixScorer's usage in S01.,"candidate_to_tweet_info, build_tweet_infos, build_prediction_request",see role for direct usage sites observed in S01,varies; see role,confirmed via direct usage-site read,governed by the calling component,"home-mixer/scorers/phoenix_scorer.rs, home-mixer/scorers/vm_ranker.rs, home-mixer/server.rs, home-mixer/filters/previously_seen_posts_backup_filter.rs (cross-read for usage sites)",,
home-mixer/util/rescore.rs,S01,TRIAGED_STRUCTURAL,TRIAGED,"Not deep-read in S01; name suggests a re-scoring utility, possibly used by VMRanker or RankingScorer.",(rescoring helpers),see role for direct usage sites observed in S01,varies; see role,N/A,N/A,"home-mixer/scorers/phoenix_scorer.rs, home-mixer/scorers/vm_ranker.rs, home-mixer/server.rs, home-mixer/filters/previously_seen_posts_backup_filter.rs (cross-read for usage sites)",Contents not verified.,"Small utility file; not independently opened in S01, role inferred from filename and directory context."
home-mixer/util/author_rules.rs,S01,FULL_SOURCE_REVIEW,COMPONENT_REVIEWED,"Constructed directly in phoenix_candidate_pipeline.rs and passed into AuthorColdStart, which both RankingScorer and VMRanker hold.",AuthorRulesEvaluator,see role for direct usage sites observed in S01,varies; see role,confirmed via direct usage-site read,governed by the calling component,"home-mixer/scorers/phoenix_scorer.rs, home-mixer/scorers/vm_ranker.rs, home-mixer/server.rs, home-mixer/filters/previously_seen_posts_backup_filter.rs (cross-read for usage sites)",,
home-mixer/bin/pipeline_components_json.rs,S01,FULL_SOURCE_REVIEW,COMPONENT_REVIEWED,"Diagnostic binary: constructs mock() instances of all 6 pipelines and prints each one's own components() (PipelineStage -> component-name list, the same introspection structure defined in candidate-pipeline/candidate_pipeline.rs) as JSON.",main(); print_pipeline; json_entry,standalone `cargo run --bin pipeline_components_json`-style binary; not part of the gRPC server,operational tooling / documentation generation (not traced further -- outside S01's request-path scope),N/A (offline diagnostic tool),N/A,candidate-pipeline/candidate_pipeline.rs (PipelineComponents/components()),,"Confirms the codebase has its own canonical, self-reported component inventory per pipeline, corroborating S01_pipeline_inventory.csv's structure. S01 did not attempt to build/execute this binary; recommended as an S18 reproducibility cross-check to mechanically verify S01's manually-derived inventory against the compiled component lists."
home-mixer/params/param.rs,S01,FULL_SOURCE_REVIEW,COMPONENT_REVIEWED,"Defines ~190 param!() feature-switch-backed constants (weights, thresholds, Enable* switches) read via query.params throughout every pipeline; extensively reviewed in S00 (bidirectional-follow params, ReportWeight/FavoriteWeight, EnableBidirectionalFollowHydration, EnableAllAuthorFollowHydration, MAX_GRPC_MESSAGE_SIZE-adjacent constants, etc.) and cross-referenced again in S01 for EnableVMRanker and other gate names encountered while tracing scorers.",param!() macro invocations; carries the 'mirrored from config feature-switch defaults; last sync ...' header (S00-F013),home-mixer/params/mod.rs (pub use param::*),every gated component across all 6 pipelines,Every param has a checked-in default and is runtime-overridable via xai_feature_switches (S00-F009/S00-C023),N/A (static config definitions),home-mixer/params/config.rs,,"Full census of all ~190 params is S17's job, not repeated in S01; S01 relied on this file only for the specific gate names it needed to resolve orchestration questions (e.g. EnableVMRanker, EnableBidirectionalFollowHydration)."
home-mixer/params/mod.rs,S01,FULL_SOURCE_REVIEW,COMPONENT_REVIEWED,Re-exports config.rs and param.rs as the crate's params module (`mod config; mod param; pub use config::*; pub use param::*;`).,mod declarations,home-mixer/lib.rs,every file that does `use crate::params;`,N/A,N/A,"home-mixer/params/param.rs, home-mixer/params/config.rs",,
home-mixer/scorers/mod.rs,S01,FULL_SOURCE_REVIEW,COMPONENT_REVIEWED,"Declares the 6 scorers submodules (author_cold_start, phoenix_scorer, phoenix_scores_ranking_scorer, ranking_scorer, value_model_gate, vm_ranker).",mod declarations,home-mixer/lib.rs,all 6 pipelines' scorer construction,N/A,N/A,each scorers/*.rs file's construction site in the 6 pipeline files,,
home-mixer/scorers/author_cold_start.rs,S01,TRIAGED_STRUCTURAL,TRIAGED,AuthorColdStart: constructed once in PhoenixCandidatePipeline::build_with_clients (wrapping an AuthorRulesEvaluator) and shared (via .clone()) between RankingScorer and VMRanker -- implicated in the README's 'New-Author Boost' adjustment.,AuthorColdStart,"home-mixer/candidate_pipeline/phoenix_candidate_pipeline.rs L393-L399, L404","RankingScorer, VMRanker (both hold a clone)",Not independently verified in S01,Not independently verified in S01,home-mixer/candidate_pipeline/phoenix_candidate_pipeline.rs,Exact new-author-boost formula and threshold not verified in S01.,"Construction site and sharing relationship confirmed via the pipeline file; internal cold-start logic (thresholds, target-position lift formula) not read -- deferred to S05."
home-mixer/scorers/value_model_gate.rs,S01,TRIAGED_STRUCTURAL,TRIAGED,"537-line file (2nd-largest in scorers/); name suggests a gating mechanism around 'value model' scoring (referenced by VMRanker's MPN/value-model fold-weight logic seen in vm_ranker.rs: EnableMpnScoring, VMRankerValueModelId).",not enumerated (not opened),presumed VMRanker or RankingScorer (not confirmed by direct read),S08 (diversity/reranking),UNKNOWN (not read),UNKNOWN (not read),home-mixer/scorers/vm_ranker.rs (adjacent context only),Full contents and role not verified in S01 -- priority follow-up for S05/S08.,Not opened in S01 due to scope/time; flagged for S05/S08 as a file requiring a full read given its size and apparent relevance to value-model scoring gates.
home-mixer/ads/following_ad_blender.rs,S01,TRIAGED_STRUCTURAL,TRIAGED,Ad-blending logic for the Following surface (referenced by name in the S00 architecture map's D08 domain); not independently opened in S01.,not enumerated (not opened in S01),home-mixer/selectors/blender_selector.rs (presumed; not independently confirmed in S01),S02 (ads/blending policy owner),UNKNOWN (not read),UNKNOWN (not read),,Full contents not verified in S01; deferred entirely to S02.,"Deep ad-blending policy is explicitly S02's domain per the pass charter (S01 owns composition/invocation boundaries only, not blending policy). File not opened; role inferred from filename and the S00 architecture map's D08 domain description."
home-mixer/ads/mod.rs,S01,TRIAGED_STRUCTURAL,TRIAGED,Declares the ads submodule tree.,not enumerated (not opened in S01),home-mixer/selectors/blender_selector.rs (presumed; not independently confirmed in S01),S02 (ads/blending policy owner),UNKNOWN (not read),UNKNOWN (not read),,Full contents not verified in S01; deferred entirely to S02.,"Deep ad-blending policy is explicitly S02's domain per the pass charter (S01 owns composition/invocation boundaries only, not blending policy). File not opened; role inferred from filename and the S00 architecture map's D08 domain description."
home-mixer/ads/partition_organic_blender.rs,S01,TRIAGED_STRUCTURAL,TRIAGED,Largest ads file (292 lines); 'the default ads blender' README refers to as reordering posts for ad adjacency. Constructed/used by ForYouCandidatePipeline's BlenderSelector per S00's prior reads; not re-opened in S01.,not enumerated (not opened in S01),home-mixer/selectors/blender_selector.rs (presumed; not independently confirmed in S01),S02 (ads/blending policy owner),UNKNOWN (not read),UNKNOWN (not read),,Full contents not verified in S01; deferred entirely to S02.,"Deep ad-blending policy is explicitly S02's domain per the pass charter (S01 owns composition/invocation boundaries only, not blending policy). File not opened; role inferred from filename and the S00 architecture map's D08 domain description."
home-mixer/ads/safe_gap_blender.rs,S01,TRIAGED_STRUCTURAL,TRIAGED,Ad-blending 'safe gap' policy (minimum spacing between ads presumably); not independently opened in S01.,not enumerated (not opened in S01),home-mixer/selectors/blender_selector.rs (presumed; not independently confirmed in S01),S02 (ads/blending policy owner),UNKNOWN (not read),UNKNOWN (not read),,Full contents not verified in S01; deferred entirely to S02.,"Deep ad-blending policy is explicitly S02's domain per the pass charter (S01 owns composition/invocation boundaries only, not blending policy). File not opened; role inferred from filename and the S00 architecture map's D08 domain description."
home-mixer/ads/time_gap_blender.rs,S01,TRIAGED_STRUCTURAL,TRIAGED,Ad-blending 'time gap' policy; not independently opened in S01.,not enumerated (not opened in S01),home-mixer/selectors/blender_selector.rs (presumed; not independently confirmed in S01),S02 (ads/blending policy owner),UNKNOWN (not read),UNKNOWN (not read),,Full contents not verified in S01; deferred entirely to S02.,"Deep ad-blending policy is explicitly S02's domain per the pass charter (S01 owns composition/invocation boundaries only, not blending policy). File not opened; role inferred from filename and the S00 architecture map's D08 domain description."
home-mixer/ads/util.rs,S01,TRIAGED_STRUCTURAL,TRIAGED,Shared helpers for the ads/ blending modules.,not enumerated (not opened in S01),home-mixer/selectors/blender_selector.rs (presumed; not independently confirmed in S01),S02 (ads/blending policy owner),UNKNOWN (not read),UNKNOWN (not read),,Full contents not verified in S01; deferred entirely to S02.,"Deep ad-blending policy is explicitly S02's domain per the pass charter (S01 owns composition/invocation boundaries only, not blending policy). File not opened; role inferred from filename and the S00 architecture map's D08 domain description."
home-mixer/ads/tests/blender_comparison_test.rs,S01,TEST_EVIDENCE,TRIAGED,Test-fixture file for the corresponding ads/ blending module.,not enumerated (not opened in S01),cargo test harness,S02,N/A (tests),N/A (tests),,Not opened; deferred to S02.,"Per DEFINITION_OF_DONE, test/fixture files are evidence of intended behavior, not substitutes for production review; not opened in S01 given ads/ blending semantics are S02's domain."
home-mixer/ads/tests/following_ad_blender_tests.rs,S01,TEST_EVIDENCE,TRIAGED,Test-fixture file for the corresponding ads/ blending module.,not enumerated (not opened in S01),cargo test harness,S02,N/A (tests),N/A (tests),,Not opened; deferred to S02.,"Per DEFINITION_OF_DONE, test/fixture files are evidence of intended behavior, not substitutes for production review; not opened in S01 given ads/ blending semantics are S02's domain."
home-mixer/ads/tests/mod.rs,S01,TEST_EVIDENCE,TRIAGED,Test-fixture file for the corresponding ads/ blending module.,not enumerated (not opened in S01),cargo test harness,S02,N/A (tests),N/A (tests),,Not opened; deferred to S02.,"Per DEFINITION_OF_DONE, test/fixture files are evidence of intended behavior, not substitutes for production review; not opened in S01 given ads/ blending semantics are S02's domain."
home-mixer/ads/tests/partition_organic_blender_tests.rs,S01,TEST_EVIDENCE,TRIAGED,Test-fixture file for the corresponding ads/ blending module.,not enumerated (not opened in S01),cargo test harness,S02,N/A (tests),N/A (tests),,Not opened; deferred to S02.,"Per DEFINITION_OF_DONE, test/fixture files are evidence of intended behavior, not substitutes for production review; not opened in S01 given ads/ blending semantics are S02's domain."
home-mixer/ads/tests/safe_gap_blender_tests.rs,S01,TEST_EVIDENCE,TRIAGED,Test-fixture file for the corresponding ads/ blending module.,not enumerated (not opened in S01),cargo test harness,S02,N/A (tests),N/A (tests),,Not opened; deferred to S02.,"Per DEFINITION_OF_DONE, test/fixture files are evidence of intended behavior, not substitutes for production review; not opened in S01 given ads/ blending semantics are S02's domain."
home-mixer/ads/tests/time_gap_blender_tests.rs,S01,TEST_EVIDENCE,TRIAGED,Test-fixture file for the corresponding ads/ blending module.,not enumerated (not opened in S01),cargo test harness,S02,N/A (tests),N/A (tests),,Not opened; deferred to S02.,"Per DEFINITION_OF_DONE, test/fixture files are evidence of intended behavior, not substitutes for production review; not opened in S01 given ads/ blending semantics are S02's domain."
home-mixer/frames/catalog.rs,S01,TRIAGED_STRUCTURAL,TRIAGED,Frame-type catalog (likely the set of known Jetfuel/feed-module frame types).,not enumerated (not opened in S01),presumed JetfuelFrameSource / util/urt/frame_marshaller.rs (not independently confirmed),S02,UNKNOWN (not read),UNKNOWN (not read),,Full contents not verified in S01.,Not opened in S01; role inferred from filename/directory and JetfuelFrameSource's presence in ForYouCandidatePipeline's source list.
home-mixer/frames/mod.rs,S01,TRIAGED_STRUCTURAL,TRIAGED,Declares the frames submodule tree (12 lines).,not enumerated (not opened in S01),presumed JetfuelFrameSource / util/urt/frame_marshaller.rs (not independently confirmed),S02,UNKNOWN (not read),UNKNOWN (not read),,Full contents not verified in S01.,Not opened in S01; role inferred from filename/directory and JetfuelFrameSource's presence in ForYouCandidatePipeline's source list.
home-mixer/frames/placement.rs,S01,TRIAGED_STRUCTURAL,TRIAGED,Frame placement/positioning logic.,not enumerated (not opened in S01),presumed JetfuelFrameSource / util/urt/frame_marshaller.rs (not independently confirmed),S02,UNKNOWN (not read),UNKNOWN (not read),,Full contents not verified in S01.,Not opened in S01; role inferred from filename/directory and JetfuelFrameSource's presence in ForYouCandidatePipeline's source list.
home-mixer/frames/plan.rs,S01,TRIAGED_STRUCTURAL,TRIAGED,Largest frames file (256 lines); likely the frame-planning/selection logic feeding JetfuelFrameSource or the URT frame_marshaller.,not enumerated (not opened in S01),presumed JetfuelFrameSource / util/urt/frame_marshaller.rs (not independently confirmed),S02,UNKNOWN (not read),UNKNOWN (not read),,Full contents not verified in S01.,Not opened in S01; role inferred from filename/directory and JetfuelFrameSource's presence in ForYouCandidatePipeline's source list.
home-mixer/frames/served.rs,S01,TRIAGED_STRUCTURAL,TRIAGED,Served-frame bookkeeping (22 lines).,not enumerated (not opened in S01),presumed JetfuelFrameSource / util/urt/frame_marshaller.rs (not independently confirmed),S02,UNKNOWN (not read),UNKNOWN (not read),,Full contents not verified in S01.,Not opened in S01; role inferred from filename/directory and JetfuelFrameSource's presence in ForYouCandidatePipeline's source list.
home-mixer/util/urt/ad_marshaller.rs,S01,TRIAGED_STRUCTURAL,TRIAGED,Marshals ad candidates into their URT representation.,not enumerated (not opened in S01),home-mixer/util/urt/mod.rs,S02 (feed rendering/URT presentation),UNKNOWN (not read),UNKNOWN (not read),,Individual marshaller contents not verified in S01.,"Not opened in S01; role inferred from filename. URT marshalling is presentation-layer, downstream of all pipeline stages, and materially owned by S02."
home-mixer/util/urt/client_event.rs,S01,TRIAGED_STRUCTURAL,TRIAGED,URT client-event construction.,not enumerated (not opened in S01),home-mixer/util/urt/mod.rs,S02 (feed rendering/URT presentation),UNKNOWN (not read),UNKNOWN (not read),,Individual marshaller contents not verified in S01.,"Not opened in S01; role inferred from filename. URT marshalling is presentation-layer, downstream of all pipeline stages, and materially owned by S02."
home-mixer/util/urt/controller_data.rs,S01,TRIAGED_STRUCTURAL,TRIAGED,URT controller-data construction (pagination/session control metadata).,not enumerated (not opened in S01),home-mixer/util/urt/mod.rs,S02 (feed rendering/URT presentation),UNKNOWN (not read),UNKNOWN (not read),,Individual marshaller contents not verified in S01.,"Not opened in S01; role inferred from filename. URT marshalling is presentation-layer, downstream of all pipeline stages, and materially owned by S02."
home-mixer/util/urt/convo_marshaller.rs,S01,TRIAGED_STRUCTURAL,TRIAGED,Marshals conversation-module items into URT.,not enumerated (not opened in S01),home-mixer/util/urt/mod.rs,S02 (feed rendering/URT presentation),UNKNOWN (not read),UNKNOWN (not read),,Individual marshaller contents not verified in S01.,"Not opened in S01; role inferred from filename. URT marshalling is presentation-layer, downstream of all pipeline stages, and materially owned by S02."
home-mixer/util/urt/cursors.rs,S01,TRIAGED_STRUCTURAL,TRIAGED,URT pagination cursor construction/encoding.,not enumerated (not opened in S01),home-mixer/util/urt/mod.rs,S02 (feed rendering/URT presentation),UNKNOWN (not read),UNKNOWN (not read),,Individual marshaller contents not verified in S01.,"Not opened in S01; role inferred from filename. URT marshalling is presentation-layer, downstream of all pipeline stages, and materially owned by S02."
home-mixer/util/urt/feed_survey_marshaller.rs,S01,TRIAGED_STRUCTURAL,TRIAGED,Marshals feed-survey items into URT.,not enumerated (not opened in S01),home-mixer/util/urt/mod.rs,S02 (feed rendering/URT presentation),UNKNOWN (not read),UNKNOWN (not read),,Individual marshaller contents not verified in S01.,"Not opened in S01; role inferred from filename. URT marshalling is presentation-layer, downstream of all pipeline stages, and materially owned by S02."
home-mixer/util/urt/feedback.rs,S01,TRIAGED_STRUCTURAL,TRIAGED,URT feedback-action metadata construction.,not enumerated (not opened in S01),home-mixer/util/urt/mod.rs,S02 (feed rendering/URT presentation),UNKNOWN (not read),UNKNOWN (not read),,Individual marshaller contents not verified in S01.,"Not opened in S01; role inferred from filename. URT marshalling is presentation-layer, downstream of all pipeline stages, and materially owned by S02."
home-mixer/util/urt/frame_marshaller.rs,S01,TRIAGED_STRUCTURAL,TRIAGED,Marshals frame (Jetfuel) items into URT.,not enumerated (not opened in S01),home-mixer/util/urt/mod.rs,S02 (feed rendering/URT presentation),UNKNOWN (not read),UNKNOWN (not read),,Individual marshaller contents not verified in S01.,"Not opened in S01; role inferred from filename. URT marshalling is presentation-layer, downstream of all pipeline stages, and materially owned by S02."
home-mixer/util/urt/mod.rs,S01,FULL_SOURCE_REVIEW,COMPONENT_REVIEWED,"Declares the urt submodule tree; hosts make_urt_timeline, called directly from for_you_server.rs/ranked_following_feed_server.rs.",make_urt_timeline,"home-mixer/for_you_server.rs, ranked_following_feed_server.rs (both call urt::make_urt_timeline directly)",S02 (feed rendering/URT presentation),confirmed as the response-serialization boundary called after pipeline execution completes,serialize_binary errors surface as Status::internal at the server layer (confirmed in for_you_server.rs),"home-mixer/for_you_server.rs, home-mixer/ranked_following_feed_server.rs",,"Confirmed as the URT (timeline response format) serialization layer invoked after pipeline execute() returns, i.e. outside the candidate-pipeline execution model itself."
home-mixer/util/urt/navigation.rs,S01,TRIAGED_STRUCTURAL,TRIAGED,URT navigation-bar/module metadata construction.,not enumerated (not opened in S01),home-mixer/util/urt/mod.rs,S02 (feed rendering/URT presentation),UNKNOWN (not read),UNKNOWN (not read),,Individual marshaller contents not verified in S01.,"Not opened in S01; role inferred from filename. URT marshalling is presentation-layer, downstream of all pipeline stages, and materially owned by S02."
home-mixer/util/urt/new_tweets_pill.rs,S01,TRIAGED_STRUCTURAL,TRIAGED,'New posts' pill/refresh-indicator URT construction.,not enumerated (not opened in S01),home-mixer/util/urt/mod.rs,S02 (feed rendering/URT presentation),UNKNOWN (not read),UNKNOWN (not read),,Individual marshaller contents not verified in S01.,"Not opened in S01; role inferred from filename. URT marshalling is presentation-layer, downstream of all pipeline stages, and materially owned by S02."
home-mixer/util/urt/post_marshaller.rs,S01,TRIAGED_STRUCTURAL,TRIAGED,Marshals PostCandidate/FeedItem posts into their URT representation -- the core per-post URT conversion.,not enumerated (not opened in S01),home-mixer/util/urt/mod.rs,S02 (feed rendering/URT presentation),UNKNOWN (not read),UNKNOWN (not read),,Individual marshaller contents not verified in S01.,"Not opened in S01; role inferred from filename. URT marshalling is presentation-layer, downstream of all pipeline stages, and materially owned by S02."
home-mixer/util/urt/prompt_marshaller.rs,S01,TRIAGED_STRUCTURAL,TRIAGED,"Marshals prompt items into URT (547 lines, largest urt/ file).",not enumerated (not opened in S01),home-mixer/util/urt/mod.rs,S02 (feed rendering/URT presentation),UNKNOWN (not read),UNKNOWN (not read),,Individual marshaller contents not verified in S01.,"Not opened in S01; role inferred from filename. URT marshalling is presentation-layer, downstream of all pipeline stages, and materially owned by S02."
home-mixer/util/urt/push_to_home_marshaller.rs,S01,TRIAGED_STRUCTURAL,TRIAGED,Marshals push-to-home items into URT.,not enumerated (not opened in S01),home-mixer/util/urt/mod.rs,S02 (feed rendering/URT presentation),UNKNOWN (not read),UNKNOWN (not read),,Individual marshaller contents not verified in S01.,"Not opened in S01; role inferred from filename. URT marshalling is presentation-layer, downstream of all pipeline stages, and materially owned by S02."
home-mixer/util/urt/wtf_marshaller.rs,S01,TRIAGED_STRUCTURAL,TRIAGED,Marshals Who-to-Follow items into URT.,not enumerated (not opened in S01),home-mixer/util/urt/mod.rs,S02 (feed rendering/URT presentation),UNKNOWN (not read),UNKNOWN (not read),,Individual marshaller contents not verified in S01.,"Not opened in S01; role inferred from filename. URT marshalling is presentation-layer, downstream of all pipeline stages, and materially owned by S02."
home-mixer/util/urt/reverse_chron_following/cursors.rs,S01,TRIAGED_STRUCTURAL,TRIAGED,"reverse-chron-following-specific pagination cursor logic, distinct from util/urt/cursors.rs.",not enumerated,home-mixer/util/urt/reverse_chron_following/mod.rs,S02,UNKNOWN (not read),UNKNOWN (not read),,,Not opened in S01.
home-mixer/util/urt/reverse_chron_following/mod.rs,S01,FULL_SOURCE_REVIEW,COMPONENT_REVIEWED,Declares the reverse_chron_following submodule; hosts make_urt_timeline used specifically by following_feed_server.rs (distinct from util/urt::make_urt_timeline).,make_urt_timeline,home-mixer/following_feed_server.rs (calls reverse_chron_following::make_urt_timeline directly),S02,confirmed as FollowingFeedServer's URT serialization boundary,serialize_binary errors surface as Status::internal (confirmed in following_feed_server.rs),home-mixer/following_feed_server.rs,,"A second, distinct URT-building module specifically for the Following surface's pagination_meta (FollowingPaginationMeta), separate from util/urt/mod.rs's make_urt_timeline used by the other 3 URT surfaces."
