path,top_component,kind_hint,lines,bytes,review_status,domain,pass_component_audit,pass_behavior_trace,pass_discovery,pass_adversarial_verify,finding_count,last_reviewed_upstream_commit,notes,primary_domain,secondary_domains,classification_confidence,review_treatment
CODE_OF_CONDUCT.md,[root],documentation,1,28,UNREVIEWED,D00,NO,NO,NO,NO,0,,,D00,,HIGH,DOC_CONTEXT_VERIFY_AGAINST_CODE
LICENSE,[root],other,201,11357,UNREVIEWED,D00,NO,NO,NO,NO,0,,,D00,,HIGH,FULL_SOURCE_REVIEW
README.md,[root],documentation,482,45489,UNREVIEWED,D00,NO,NO,NO,NO,0,,,D00,,HIGH,DOC_CONTEXT_VERIFY_AGAINST_CODE
abuse-enforcement-service/server/src/main.rs,abuse-enforcement-service,source,104,3536,UNREVIEWED,D13;D16,NO,NO,NO,NO,0,,,D13,D16,HIGH,FULL_SOURCE_REVIEW
abuse-enforcement-service/service-lib/rules/enforcement_post.yaml,abuse-enforcement-service,config_or_build,82,2132,UNREVIEWED,D13;D17;D16,NO,NO,NO,NO,0,,,D13,D17;D16,HIGH,FULL_SOURCE_REVIEW
abuse-enforcement-service/service-lib/rules/enforcement_user.yaml,abuse-enforcement-service,config_or_build,210,6384,UNREVIEWED,D13;D17;D16,NO,NO,NO,NO,0,,,D13,D17;D16,HIGH,FULL_SOURCE_REVIEW
abuse-enforcement-service/service-lib/src/ais_client.rs,abuse-enforcement-service,source,595,18452,UNREVIEWED,D13;D16,NO,NO,NO,NO,0,,,D13,D16,HIGH,FULL_SOURCE_REVIEW
abuse-enforcement-service/service-lib/src/allowlist.rs,abuse-enforcement-service,source,172,5273,UNREVIEWED,D13;D17;D16,NO,NO,NO,NO,0,,,D13,D17;D16,HIGH,FULL_SOURCE_REVIEW
abuse-enforcement-service/service-lib/src/api_doc.rs,abuse-enforcement-service,source,212,8391,UNREVIEWED,D13;D16,NO,NO,NO,NO,0,,,D13,D16,HIGH,FULL_SOURCE_REVIEW
abuse-enforcement-service/service-lib/src/auth.rs,abuse-enforcement-service,source,227,6979,UNREVIEWED,D13;D16,NO,NO,NO,NO,0,,,D13,D16,HIGH,FULL_SOURCE_REVIEW
abuse-enforcement-service/service-lib/src/bin/validate_rules_yaml.rs,abuse-enforcement-service,source,33,969,UNREVIEWED,D13;D16,NO,NO,NO,NO,0,,,D13,D16,HIGH,FULL_SOURCE_REVIEW
abuse-enforcement-service/service-lib/src/config.rs,abuse-enforcement-service,source,336,10097,UNREVIEWED,D13;D17;D16,NO,NO,NO,NO,0,,,D13,D17;D16,HIGH,FULL_SOURCE_REVIEW
abuse-enforcement-service/service-lib/src/decision.rs,abuse-enforcement-service,source,38,947,UNREVIEWED,D13;D16,NO,NO,NO,NO,0,,,D13,D16,HIGH,FULL_SOURCE_REVIEW
abuse-enforcement-service/service-lib/src/dedup_cache.rs,abuse-enforcement-service,source,791,26180,UNREVIEWED,D13;D16,NO,NO,NO,NO,0,,,D13,D16,HIGH,FULL_SOURCE_REVIEW
abuse-enforcement-service/service-lib/src/entities.rs,abuse-enforcement-service,source,62,1885,UNREVIEWED,D13;D16,NO,NO,NO,NO,0,,,D13,D16,HIGH,FULL_SOURCE_REVIEW
abuse-enforcement-service/service-lib/src/facts.rs,abuse-enforcement-service,source,1008,35914,UNREVIEWED,D13;D16,NO,NO,NO,NO,0,,,D13,D16,HIGH,FULL_SOURCE_REVIEW
abuse-enforcement-service/service-lib/src/fixtures/mock_rules_post.yaml,abuse-enforcement-service,config_or_build,14,484,UNREVIEWED,D13;D16;D17,NO,NO,NO,NO,0,,,D13,D16;D17,HIGH,FIXTURE_EVIDENCE
abuse-enforcement-service/service-lib/src/fixtures/mock_rules_user.yaml,abuse-enforcement-service,config_or_build,24,828,UNREVIEWED,D13;D16;D17,NO,NO,NO,NO,0,,,D13,D16;D17,HIGH,FIXTURE_EVIDENCE
abuse-enforcement-service/service-lib/src/gizmoduck.rs,abuse-enforcement-service,source,175,6302,UNREVIEWED,D13;D16,NO,NO,NO,NO,0,,,D13,D16,HIGH,FULL_SOURCE_REVIEW
abuse-enforcement-service/service-lib/src/gizmoduck_labels.rs,abuse-enforcement-service,source,6,177,UNREVIEWED,D13;D16,NO,NO,NO,NO,0,,,D13,D16,HIGH,FULL_SOURCE_REVIEW
abuse-enforcement-service/service-lib/src/growthbook.rs,abuse-enforcement-service,source,473,15543,UNREVIEWED,D13;D17;D16,NO,NO,NO,NO,0,,,D13,D17;D16,HIGH,FULL_SOURCE_REVIEW
abuse-enforcement-service/service-lib/src/growthbook_writer.rs,abuse-enforcement-service,source,257,8466,UNREVIEWED,D13;D17;D16,NO,NO,NO,NO,0,,,D13,D17;D16,HIGH,FULL_SOURCE_REVIEW
abuse-enforcement-service/service-lib/src/lib.rs,abuse-enforcement-service,source,1955,67593,UNREVIEWED,D13;D16,NO,NO,NO,NO,0,,,D13,D16,HIGH,FULL_SOURCE_REVIEW
abuse-enforcement-service/service-lib/src/limiter.rs,abuse-enforcement-service,source,145,4517,UNREVIEWED,D13;D16,NO,NO,NO,NO,0,,,D13,D16,HIGH,FULL_SOURCE_REVIEW
abuse-enforcement-service/service-lib/src/manhattan.rs,abuse-enforcement-service,source,103,3072,UNREVIEWED,D13;D16,NO,NO,NO,NO,0,,,D13,D16,HIGH,FULL_SOURCE_REVIEW
abuse-enforcement-service/service-lib/src/metrics.rs,abuse-enforcement-service,source,445,16186,UNREVIEWED,D13;D16;D18,NO,NO,NO,NO,0,,,D13,D16;D18,HIGH,FULL_SOURCE_REVIEW
abuse-enforcement-service/service-lib/src/rules.rs,abuse-enforcement-service,source,1202,38647,UNREVIEWED,D13;D16,NO,NO,NO,NO,0,,,D13,D16,HIGH,FULL_SOURCE_REVIEW
abuse-enforcement-service/service-lib/src/service.rs,abuse-enforcement-service,source,2598,88259,UNREVIEWED,D13;D16,NO,NO,NO,NO,0,,,D13,D16,HIGH,FULL_SOURCE_REVIEW
abuse-enforcement-service/service-lib/src/sliding_window.rs,abuse-enforcement-service,source,672,21267,UNREVIEWED,D13;D16,NO,NO,NO,NO,0,,,D13,D16,HIGH,FULL_SOURCE_REVIEW
abuse-enforcement-service/service-lib/src/strato.rs,abuse-enforcement-service,source,283,8813,UNREVIEWED,D13;D16,NO,NO,NO,NO,0,,,D13,D16,HIGH,FULL_SOURCE_REVIEW
abuse-enforcement-service/service-lib/src/test_user.rs,abuse-enforcement-service,test,75,2335,UNREVIEWED,D13;D16,NO,NO,NO,NO,0,,,D13,D16,HIGH,TEST_EVIDENCE
abuse-enforcement-service/types/src/allowlist.rs,abuse-enforcement-service,source,315,9267,UNREVIEWED,D13;D17;D16,NO,NO,NO,NO,0,,,D13,D17;D16,HIGH,FULL_SOURCE_REVIEW
abuse-enforcement-service/types/src/config.rs,abuse-enforcement-service,source,8,235,UNREVIEWED,D13;D17;D16,NO,NO,NO,NO,0,,,D13,D17;D16,HIGH,FULL_SOURCE_REVIEW
abuse-enforcement-service/types/src/lib.rs,abuse-enforcement-service,source,2,35,UNREVIEWED,D13;D16,NO,NO,NO,NO,0,,,D13,D16,HIGH,FULL_SOURCE_REVIEW
adult-content/BUILD,adult-content,config_or_build,11,170,UNREVIEWED,D09;D19,NO,NO,NO,NO,0,,,D09,D19,HIGH,REPRO_BUILD_REVIEW
adult-content/calibration.py,adult-content,source,97,3209,UNREVIEWED,D09;D15,NO,NO,NO,NO,0,,,D09,D15,HIGH,FULL_SOURCE_REVIEW
adult-content/config.py,adult-content,source,44,1202,UNREVIEWED,D09;D17,NO,NO,NO,NO,0,,,D09,D17,HIGH,FULL_SOURCE_REVIEW
adult-content/dataset_utils.py,adult-content,source,66,1661,UNREVIEWED,D09;D15,NO,NO,NO,NO,0,,,D09,D15,HIGH,FULL_SOURCE_REVIEW
adult-content/scripts/BUILD,adult-content,config_or_build,28,898,UNREVIEWED,D09;D19,NO,NO,NO,NO,0,,,D09,D19,HIGH,REPRO_BUILD_REVIEW
adult-content/scripts/calibrate_model_scores.py,adult-content,source,54,1392,UNREVIEWED,D09;D15,NO,NO,NO,NO,0,,,D09,D15,HIGH,FULL_SOURCE_REVIEW
adult-content/scripts/train_model.py,adult-content,source,97,2501,UNREVIEWED,D09;D15,NO,NO,NO,NO,0,,,D09,D15,HIGH,FULL_SOURCE_REVIEW
adult-content/training.py,adult-content,source,85,2242,UNREVIEWED,D09;D15,NO,NO,NO,NO,0,,,D09,D15,HIGH,FULL_SOURCE_REVIEW
agatha/hub/agatha/BUILD,agatha,config_or_build,13,468,UNREVIEWED,D10;D16;D19,NO,NO,NO,NO,0,,,D10,D16;D19,HIGH,REPRO_BUILD_REVIEW
agatha/hub/agatha/Bijections.scala,agatha,source,10,375,UNREVIEWED,D10;D16,NO,NO,NO,NO,0,,,D10,D16,HIGH,FULL_SOURCE_REVIEW
agatha/hub/agatha/builder/BUILD,agatha,config_or_build,31,955,UNREVIEWED,D10;D16;D19,NO,NO,NO,NO,0,,,D10,D16;D19,HIGH,REPRO_BUILD_REVIEW
agatha/hub/agatha/builder/Builder.scala,agatha,source,65,2411,UNREVIEWED,D10;D16,NO,NO,NO,NO,0,,,D10,D16,HIGH,FULL_SOURCE_REVIEW
agatha/hub/agatha/job/AgathaJobTemplates.scala,agatha,source,180,6062,UNREVIEWED,D10;D16,NO,NO,NO,NO,0,,,D10,D16,HIGH,FULL_SOURCE_REVIEW
agatha/hub/agatha/job/BUILD.bazel,agatha,config_or_build,27,825,UNREVIEWED,D10;D16;D19,NO,NO,NO,NO,0,,,D10,D16;D19,HIGH,REPRO_BUILD_REVIEW
agatha/hub/agatha/labels/BUILD,agatha,config_or_build,38,1126,UNREVIEWED,D10;D16;D19,NO,NO,NO,NO,0,,,D10,D16;D19,HIGH,REPRO_BUILD_REVIEW
agatha/hub/agatha/labels/LabelGenerator.scala,agatha,source,10,272,UNREVIEWED,D10;D16,NO,NO,NO,NO,0,,,D10,D16,HIGH,FULL_SOURCE_REVIEW
agatha/hub/agatha/labels/LabelManager.scala,agatha,source,21,712,UNREVIEWED,D10;D16,NO,NO,NO,NO,0,,,D10,D16,HIGH,FULL_SOURCE_REVIEW
agatha/hub/agatha/predict/Aggregators.scala,agatha,source,54,1810,UNREVIEWED,D10;D16,NO,NO,NO,NO,0,,,D10,D16,HIGH,FULL_SOURCE_REVIEW
agatha/hub/agatha/predict/BUILD,agatha,config_or_build,14,539,UNREVIEWED,D10;D16;D19,NO,NO,NO,NO,0,,,D10,D16;D19,HIGH,REPRO_BUILD_REVIEW
agatha/hub/agatha/predict/Predict.scala,agatha,source,84,2910,UNREVIEWED,D10;D16,NO,NO,NO,NO,0,,,D10,D16,HIGH,FULL_SOURCE_REVIEW
agatha/hub/agatha/predict/package.scala,agatha,source,7,163,UNREVIEWED,D10;D16,NO,NO,NO,NO,0,,,D10,D16,HIGH,FULL_SOURCE_REVIEW
agatha/hub/agatha/thrift/BUILD,agatha,config_or_build,14,319,UNREVIEWED,D10;D16;D19,NO,NO,NO,NO,0,,,D10,D16;D19,HIGH,REPRO_BUILD_REVIEW
agatha/hub/agatha/thrift/agatha.thrift,agatha,schema_or_dsl,52,1450,UNREVIEWED,D10;D16,NO,NO,NO,NO,0,,,D10,D16,HIGH,FULL_SOURCE_REVIEW
agatha/hub/agatha/thrift/featureSource.thrift,agatha,schema_or_dsl,29,580,UNREVIEWED,D10;D16,NO,NO,NO,NO,0,,,D10,D16,HIGH,FULL_SOURCE_REVIEW
agatha/hub/agatha/util/BUILD,agatha,config_or_build,10,282,UNREVIEWED,D10;D16;D19,NO,NO,NO,NO,0,,,D10,D16;D19,HIGH,REPRO_BUILD_REVIEW
agatha/hub/agatha/util/CrossedPMIStatToModelledFeature.scala,agatha,source,31,875,UNREVIEWED,D10;D15;D16,NO,NO,NO,NO,0,,,D10,D15;D16,HIGH,FULL_SOURCE_REVIEW
agatha/hub/pmi/BUILD,agatha,config_or_build,11,285,UNREVIEWED,D10;D16;D19,NO,NO,NO,NO,0,,,D10,D16;D19,HIGH,REPRO_BUILD_REVIEW
agatha/hub/pmi/ModelCommon.scala,agatha,source,85,2344,UNREVIEWED,D10;D15;D16,NO,NO,NO,NO,0,,,D10,D15;D16,HIGH,FULL_SOURCE_REVIEW
agatha/hub/pmi/PMI.scala,agatha,source,353,10025,UNREVIEWED,D10;D16,NO,NO,NO,NO,0,,,D10,D16,HIGH,FULL_SOURCE_REVIEW
agatha/hub/pmi/PMISetExtractors.scala,agatha,source,106,3380,UNREVIEWED,D10;D16,NO,NO,NO,NO,0,,,D10,D16,HIGH,FULL_SOURCE_REVIEW
agatha/hub/pmi/PMITypes.scala,agatha,source,115,3910,UNREVIEWED,D10;D16,NO,NO,NO,NO,0,,,D10,D16,HIGH,FULL_SOURCE_REVIEW
agatha/hub/pmi/PreProcessors.scala,agatha,source,50,1251,UNREVIEWED,D10;D16,NO,NO,NO,NO,0,,,D10,D16,HIGH,FULL_SOURCE_REVIEW
agatha/hub/pmi/examples/BUILD.bazel,agatha,config_or_build,33,1070,UNREVIEWED,D10;D16;D19,NO,NO,NO,NO,0,,,D10,D16;D19,HIGH,REPRO_BUILD_REVIEW
agatha/hub/pmi/examples/TopFollowPmi.scala,agatha,source,128,3760,UNREVIEWED,D10;D16;D19,NO,NO,NO,NO,0,,,D10,D16;D19,HIGH,EXAMPLE_REFERENCE_REVIEW
agatha/hub/pmi/math/BUILD,agatha,config_or_build,7,149,UNREVIEWED,D10;D16;D19,NO,NO,NO,NO,0,,,D10,D16;D19,HIGH,REPRO_BUILD_REVIEW
agatha/hub/pmi/math/Math.scala,agatha,source,103,2649,UNREVIEWED,D10;D16,NO,NO,NO,NO,0,,,D10,D16,HIGH,FULL_SOURCE_REVIEW
agatha/hub/pmi/math/aggregators/BUILD,agatha,config_or_build,10,262,UNREVIEWED,D10;D16;D19,NO,NO,NO,NO,0,,,D10,D16;D19,HIGH,REPRO_BUILD_REVIEW
agatha/hub/pmi/math/aggregators/Moments.scala,agatha,source,160,4717,UNREVIEWED,D10;D16,NO,NO,NO,NO,0,,,D10,D16,HIGH,FULL_SOURCE_REVIEW
agatha/hub/pmi/math/aggregators/Percentiles.scala,agatha,source,30,843,UNREVIEWED,D10;D16,NO,NO,NO,NO,0,,,D10,D16,HIGH,FULL_SOURCE_REVIEW
agatha/scalding/AgathaFeaturesPredictJob.scala,agatha,source,88,3372,UNREVIEWED,D10;D16,NO,NO,NO,NO,0,,,D10,D16,HIGH,FULL_SOURCE_REVIEW
agatha/scalding/NSFWBuildJob.scala,agatha,source,57,2106,UNREVIEWED,D10;D16,NO,NO,NO,NO,0,,,D10,D16,HIGH,FULL_SOURCE_REVIEW
agatha/scalding/RateBasedBuildJob.scala,agatha,source,60,2365,UNREVIEWED,D10;D16,NO,NO,NO,NO,0,,,D10,D16,HIGH,FULL_SOURCE_REVIEW
agatha/scalding/SpagathaBuildJob.scala,agatha,source,56,2133,UNREVIEWED,D10;D16,NO,NO,NO,NO,0,,,D10,D16,HIGH,FULL_SOURCE_REVIEW
agatha/scalding/blink/BlinkScoreJobTemplate.scala,agatha,source,338,13339,UNREVIEWED,D10;D16,NO,NO,NO,NO,0,,,D10,D16,HIGH,FULL_SOURCE_REVIEW
agatha/scalding/blink/ManhattanImportInjection.scala,agatha,source,14,692,UNREVIEWED,D10;D16,NO,NO,NO,NO,0,,,D10,D16,HIGH,FULL_SOURCE_REVIEW
agatha/scalding/data/ActiveUserFeaturesJob.scala,agatha,source,64,2272,UNREVIEWED,D10;D16,NO,NO,NO,NO,0,,,D10,D16,HIGH,FULL_SOURCE_REVIEW
agatha/scalding/data/BUILD.bazel,agatha,config_or_build,112,3664,UNREVIEWED,D10;D16;D19,NO,NO,NO,NO,0,,,D10,D16;D19,HIGH,REPRO_BUILD_REVIEW
agatha/scalding/data/DataLoader.scala,agatha,source,15,410,UNREVIEWED,D10;D16,NO,NO,NO,NO,0,,,D10,D16,HIGH,FULL_SOURCE_REVIEW
agatha/scalding/data/DataLoaderUtil.scala,agatha,source,53,1474,UNREVIEWED,D10;D16,NO,NO,NO,NO,0,,,D10,D16,HIGH,FULL_SOURCE_REVIEW
agatha/scalding/data/FeatureExtractionTemplate.scala,agatha,source,57,2465,UNREVIEWED,D10;D16,NO,NO,NO,NO,0,,,D10,D16,HIGH,FULL_SOURCE_REVIEW
agatha/scalding/data/loaders/AbuseReportGraphDataLoader.scala,agatha,source,12,538,UNREVIEWED,D10;D16,NO,NO,NO,NO,0,,,D10,D16,HIGH,FULL_SOURCE_REVIEW
agatha/scalding/data/loaders/BUILD.bazel,agatha,config_or_build,287,8010,UNREVIEWED,D10;D16;D19,NO,NO,NO,NO,0,,,D10,D16;D19,HIGH,REPRO_BUILD_REVIEW
agatha/scalding/data/loaders/BlockGraphDataLoader.scala,agatha,source,12,512,UNREVIEWED,D10;D16,NO,NO,NO,NO,0,,,D10,D16,HIGH,FULL_SOURCE_REVIEW
agatha/scalding/data/loaders/CombinedUserDataLoader.scala,agatha,source,192,6461,UNREVIEWED,D10;D16,NO,NO,NO,NO,0,,,D10,D16,HIGH,FULL_SOURCE_REVIEW
agatha/scalding/data/loaders/ContributorGraphDataLoader.scala,agatha,source,12,536,UNREVIEWED,D10;D16,NO,NO,NO,NO,0,,,D10,D16,HIGH,FULL_SOURCE_REVIEW
agatha/scalding/data/loaders/DirectMessageGraphDataLoader.scala,agatha,source,34,1331,UNREVIEWED,D10;D16,NO,NO,NO,NO,0,,,D10,D16,HIGH,FULL_SOURCE_REVIEW
agatha/scalding/data/loaders/FavGraphDataLoader.scala,agatha,source,41,1575,UNREVIEWED,D10;D16,NO,NO,NO,NO,0,,,D10,D16,HIGH,FULL_SOURCE_REVIEW
agatha/scalding/data/loaders/FavedTweetsDataLoader.scala,agatha,source,38,1547,UNREVIEWED,D10;D16,NO,NO,NO,NO,0,,,D10,D16,HIGH,FULL_SOURCE_REVIEW
agatha/scalding/data/loaders/FollowGraphDataLoader.scala,agatha,source,12,516,UNREVIEWED,D10;D16,NO,NO,NO,NO,0,,,D10,D16,HIGH,FULL_SOURCE_REVIEW
agatha/scalding/data/loaders/HashtagTweetsDataLoader.scala,agatha,source,64,2018,UNREVIEWED,D10;D16,NO,NO,NO,NO,0,,,D10,D16,HIGH,FULL_SOURCE_REVIEW
agatha/scalding/data/loaders/LegitTattleGraphDataLoader.scala,agatha,source,39,1497,UNREVIEWED,D10;D16,NO,NO,NO,NO,0,,,D10,D16,HIGH,FULL_SOURCE_REVIEW
agatha/scalding/data/loaders/ListFollowerGraphDataLoader.scala,agatha,source,13,559,UNREVIEWED,D10;D16,NO,NO,NO,NO,0,,,D10,D16,HIGH,FULL_SOURCE_REVIEW
agatha/scalding/data/loaders/ListMembershipGraphDataLoader.scala,agatha,source,13,556,UNREVIEWED,D10;D16,NO,NO,NO,NO,0,,,D10,D16,HIGH,FULL_SOURCE_REVIEW
agatha/scalding/data/loaders/MostRecentEdgeSourceDataLoader.scala,agatha,source,49,1703,UNREVIEWED,D10;D16,NO,NO,NO,NO,0,,,D10,D16,HIGH,FULL_SOURCE_REVIEW
agatha/scalding/data/loaders/MuteGraphDataLoader.scala,agatha,source,12,506,UNREVIEWED,D10;D16,NO,NO,NO,NO,0,,,D10,D16,HIGH,FULL_SOURCE_REVIEW
agatha/scalding/data/loaders/NonLegitTattlesNoBlocksGraphDataLoader.scala,agatha,source,41,1613,UNREVIEWED,D10;D16,NO,NO,NO,NO,0,,,D10,D16,HIGH,FULL_SOURCE_REVIEW
agatha/scalding/data/loaders/RetweetedTweetsDataLoader.scala,agatha,source,43,1583,UNREVIEWED,D10;D16,NO,NO,NO,NO,0,,,D10,D16,HIGH,FULL_SOURCE_REVIEW
agatha/scalding/data/loaders/TweetAuthorEngagementGraph.scala,agatha,source,83,2964,UNREVIEWED,D10;D16,NO,NO,NO,NO,0,,,D10,D16,HIGH,FULL_SOURCE_REVIEW
agatha/scalding/labels/AgathaLabelManager.scala,agatha,source,21,828,UNREVIEWED,D10;D16,NO,NO,NO,NO,0,,,D10,D16,HIGH,FULL_SOURCE_REVIEW
agatha/scalding/labels/BUILD.bazel,agatha,config_or_build,43,1604,UNREVIEWED,D10;D16;D19,NO,NO,NO,NO,0,,,D10,D16;D19,HIGH,REPRO_BUILD_REVIEW
agatha/scalding/labels/LabelExtractionTemplate.scala,agatha,source,72,2891,UNREVIEWED,D10;D16,NO,NO,NO,NO,0,,,D10,D16,HIGH,FULL_SOURCE_REVIEW
agatha/scalding/labels/LabelUtil.scala,agatha,source,62,1948,UNREVIEWED,D10;D16,NO,NO,NO,NO,0,,,D10,D16,HIGH,FULL_SOURCE_REVIEW
agatha/scalding/labels/blocks_per_fav/BUILD.bazel,agatha,config_or_build,55,1961,UNREVIEWED,D10;D16;D19,NO,NO,NO,NO,0,,,D10,D16;D19,HIGH,REPRO_BUILD_REVIEW
agatha/scalding/labels/blocks_per_fav/BlocksPerFav.scala,agatha,source,34,1155,UNREVIEWED,D10;D16,NO,NO,NO,NO,0,,,D10,D16,HIGH,FULL_SOURCE_REVIEW
agatha/scalding/labels/favs/BUILD.bazel,agatha,config_or_build,33,1342,UNREVIEWED,D10;D16;D19,NO,NO,NO,NO,0,,,D10,D16;D19,HIGH,REPRO_BUILD_REVIEW
agatha/scalding/labels/favs/Favs.scala,agatha,source,69,2325,UNREVIEWED,D10;D16,NO,NO,NO,NO,0,,,D10,D16,HIGH,FULL_SOURCE_REVIEW
agatha/scalding/labels/nsfw/BUILD.bazel,agatha,config_or_build,79,2999,UNREVIEWED,D10;D16;D19,NO,NO,NO,NO,0,,,D10,D16;D19,HIGH,REPRO_BUILD_REVIEW
agatha/scalding/labels/nsfw/NSFWLabel.scala,agatha,source,15,517,UNREVIEWED,D10;D16,NO,NO,NO,NO,0,,,D10,D16,HIGH,FULL_SOURCE_REVIEW
agatha/scalding/labels/nsfw/NSFWLabelExtraction.scala,agatha,source,50,1788,UNREVIEWED,D10;D16,NO,NO,NO,NO,0,,,D10,D16,HIGH,FULL_SOURCE_REVIEW
agatha/scalding/labels/nsfw/NsfwAgathaLabelManager.scala,agatha,source,8,278,UNREVIEWED,D10;D16,NO,NO,NO,NO,0,,,D10,D16,HIGH,FULL_SOURCE_REVIEW
agatha/scalding/labels/rate_based_labels/BUILD.bazel,agatha,config_or_build,89,4246,UNREVIEWED,D10;D16;D19,NO,NO,NO,NO,0,,,D10,D16;D19,HIGH,REPRO_BUILD_REVIEW
agatha/scalding/labels/rate_based_labels/RateBasedLabels.scala,agatha,source,230,8126,UNREVIEWED,D10;D16,NO,NO,NO,NO,0,,,D10,D16,HIGH,FULL_SOURCE_REVIEW
agatha/scalding/labels/rate_based_labels/RateBasedLabelsExtraction.scala,agatha,source,23,988,UNREVIEWED,D10;D16,NO,NO,NO,NO,0,,,D10,D16,HIGH,FULL_SOURCE_REVIEW
agatha/scalding/labels/reports_per_fav/BUILD.bazel,agatha,config_or_build,57,2079,UNREVIEWED,D10;D16;D19,NO,NO,NO,NO,0,,,D10,D16;D19,HIGH,REPRO_BUILD_REVIEW
agatha/scalding/labels/reports_per_fav/ReportsPerFav.scala,agatha,source,38,1302,UNREVIEWED,D10;D16,NO,NO,NO,NO,0,,,D10,D16,HIGH,FULL_SOURCE_REVIEW
agatha/scalding/labels/spam_reports_per_fav/BUILD.bazel,agatha,config_or_build,57,2097,UNREVIEWED,D10;D16;D19,NO,NO,NO,NO,0,,,D10,D16;D19,HIGH,REPRO_BUILD_REVIEW
agatha/scalding/labels/spam_reports_per_fav/SpamReportsPerFav.scala,agatha,source,35,1271,UNREVIEWED,D10;D16,NO,NO,NO,NO,0,,,D10,D16,HIGH,FULL_SOURCE_REVIEW
agatha/scalding/labels/spam_suspended/BUILD.bazel,agatha,config_or_build,74,2895,UNREVIEWED,D10;D16;D19,NO,NO,NO,NO,0,,,D10,D16;D19,HIGH,REPRO_BUILD_REVIEW
agatha/scalding/labels/spam_suspended/SpamSuspendedLabel.scala,agatha,source,20,764,UNREVIEWED,D10;D16,NO,NO,NO,NO,0,,,D10,D16,HIGH,FULL_SOURCE_REVIEW
agatha/scalding/labels/spam_suspended/SpamSuspendedLabelExtraction.scala,agatha,source,35,1489,UNREVIEWED,D10;D16,NO,NO,NO,NO,0,,,D10,D16,HIGH,FULL_SOURCE_REVIEW
agatha/scalding/quantile/BUILD.bazel,agatha,config_or_build,69,2507,UNREVIEWED,D10;D15;D16;D19,NO,NO,NO,NO,0,,,D10,D15;D16;D19,HIGH,REPRO_BUILD_REVIEW
agatha/scalding/quantile/QuantileFeatureExport.scala,agatha,source,210,8161,UNREVIEWED,D10;D15;D16,NO,NO,NO,NO,0,,,D10,D15;D16,HIGH,FULL_SOURCE_REVIEW
agatha/scalding/util/BUILD.bazel,agatha,config_or_build,38,1425,UNREVIEWED,D10;D16;D19,NO,NO,NO,NO,0,,,D10,D16;D19,HIGH,REPRO_BUILD_REVIEW
agatha/scalding/util/FeaturesToLabels.scala,agatha,source,120,4160,UNREVIEWED,D10;D16,NO,NO,NO,NO,0,,,D10,D16,HIGH,FULL_SOURCE_REVIEW
agatha/scalding/util/GetActiveUsers.scala,agatha,source,27,944,UNREVIEWED,D10;D16,NO,NO,NO,NO,0,,,D10,D16,HIGH,FULL_SOURCE_REVIEW
agatha/scalding/util/GetSuspendedUsers.scala,agatha,source,28,997,UNREVIEWED,D10;D16,NO,NO,NO,NO,0,,,D10,D16,HIGH,FULL_SOURCE_REVIEW
agatha/scalding/util/PredictionsToDataSetPipe.scala,agatha,source,123,4855,UNREVIEWED,D10;D16,NO,NO,NO,NO,0,,,D10,D16,HIGH,FULL_SOURCE_REVIEW
agatha/thrift/agatha.thrift,agatha,schema_or_dsl,23,696,UNREVIEWED,D10;D16,NO,NO,NO,NO,0,,,D10,D16,HIGH,FULL_SOURCE_REVIEW
bdsm/README.md,bdsm,documentation,122,6706,UNREVIEWED,D10;D16,NO,NO,NO,NO,0,,,D10,D16,HIGH,DOC_CONTEXT_VERIFY_AGAINST_CODE
bdsm/proto/abuse_inference.proto,bdsm,schema_or_dsl,133,3469,UNREVIEWED,D10;D16,NO,NO,NO,NO,0,,,D10,D16,HIGH,FULL_SOURCE_REVIEW
bdsm/pyproject.toml,bdsm,config_or_build,44,813,UNREVIEWED,D10;D16;D17;D19,NO,NO,NO,NO,0,,,D10,D16;D17;D19,HIGH,REPRO_BUILD_REVIEW
bdsm/runtime/__init__.py,bdsm,source,0,0,UNREVIEWED,D10;D16,NO,NO,NO,NO,0,,,D10,D16,HIGH,FULL_SOURCE_REVIEW
bdsm/runtime/action_names.json,bdsm,config_or_build,198,7853,UNREVIEWED,D10;D16;D17,NO,NO,NO,NO,0,,,D10,D16;D17,HIGH,FULL_SOURCE_REVIEW
bdsm/runtime/batch_prefetcher.py,bdsm,source,1029,39891,UNREVIEWED,D10;D16,NO,NO,NO,NO,0,,,D10,D16,HIGH,FULL_SOURCE_REVIEW
bdsm/runtime/feature_norm.py,bdsm,source,70,1325,UNREVIEWED,D10;D16,NO,NO,NO,NO,0,,,D10,D16,HIGH,FULL_SOURCE_REVIEW
bdsm/runtime/gizmoduck_age.py,bdsm,source,90,2550,UNREVIEWED,D10;D16,NO,NO,NO,NO,0,,,D10,D16,HIGH,FULL_SOURCE_REVIEW
bdsm/runtime/gpu_scorer.py,bdsm,source,250,8858,UNREVIEWED,D10;D16,NO,NO,NO,NO,0,,,D10,D16,HIGH,FULL_SOURCE_REVIEW
bdsm/runtime/heads.py,bdsm,source,130,3026,UNREVIEWED,D10;D16,NO,NO,NO,NO,0,,,D10,D16,HIGH,FULL_SOURCE_REVIEW
bdsm/runtime/labels.py,bdsm,source,24,665,UNREVIEWED,D10;D16,NO,NO,NO,NO,0,,,D10,D16,HIGH,FULL_SOURCE_REVIEW
bdsm/runtime/load_backbone.py,bdsm,source,39,1409,UNREVIEWED,D10;D16,NO,NO,NO,NO,0,,,D10,D16,HIGH,FULL_SOURCE_REVIEW
bdsm/runtime/login_starter_pack_counter.py,bdsm,source,110,3250,UNREVIEWED,D10;D16,NO,NO,NO,NO,0,,,D10,D16,HIGH,FULL_SOURCE_REVIEW
bdsm/runtime/loss.py,bdsm,source,50,1751,UNREVIEWED,D10;D16,NO,NO,NO,NO,0,,,D10,D16,HIGH,FULL_SOURCE_REVIEW
bdsm/runtime/manhattan_arrow_adapter.py,bdsm,source,255,8905,UNREVIEWED,D10;D16,NO,NO,NO,NO,0,,,D10,D16,HIGH,FULL_SOURCE_REVIEW
bdsm/runtime/manhattan_scorer.py,bdsm,source,85,3212,UNREVIEWED,D10;D16,NO,NO,NO,NO,0,,,D10,D16,HIGH,FULL_SOURCE_REVIEW
bdsm/runtime/metrics.py,bdsm,source,14,400,UNREVIEWED,D10;D16;D18,NO,NO,NO,NO,0,,,D10,D16;D18,HIGH,FULL_SOURCE_REVIEW
bdsm/runtime/model.py,bdsm,source,334,12998,UNREVIEWED,D10;D15;D16,NO,NO,NO,NO,0,,,D10,D15;D16,HIGH,FULL_SOURCE_REVIEW
bdsm/runtime/pipeline_security.py,bdsm,source,41,1284,UNREVIEWED,D10;D16,NO,NO,NO,NO,0,,,D10,D16,HIGH,FULL_SOURCE_REVIEW
bdsm/runtime/proto_gen/__init__.py,bdsm,source,0,0,UNREVIEWED,D10;D16,NO,NO,NO,NO,0,,,D10,D16,HIGH,BOUNDARY_TRACE_GENERATED
bdsm/runtime/proto_gen/abuse_inference_pb2.py,bdsm,source,40,6699,UNREVIEWED,D10;D16,NO,NO,NO,NO,0,,,D10,D16,HIGH,BOUNDARY_TRACE_GENERATED
bdsm/runtime/score_layout.py,bdsm,source,70,2344,UNREVIEWED,D10;D16,NO,NO,NO,NO,0,,,D10,D16,HIGH,FULL_SOURCE_REVIEW
bdsm/runtime/score_results_sink_focal.py,bdsm,source,1689,65056,UNREVIEWED,D10;D16,NO,NO,NO,NO,0,,,D10,D16,HIGH,FULL_SOURCE_REVIEW
bdsm/runtime/sequence_cache.py,bdsm,source,274,9289,UNREVIEWED,D10;D16,NO,NO,NO,NO,0,,,D10,D16,HIGH,FULL_SOURCE_REVIEW
bdsm/runtime/sink_policy.yaml,bdsm,config_or_build,41,1209,UNREVIEWED,D10;D16;D17,NO,NO,NO,NO,0,,,D10,D16;D17,HIGH,FULL_SOURCE_REVIEW
bdsm/runtime/starter_pack_follows.py,bdsm,source,103,3002,UNREVIEWED,D10;D16,NO,NO,NO,NO,0,,,D10,D16,HIGH,FULL_SOURCE_REVIEW
bdsm/runtime/task_heads.py,bdsm,source,46,1296,UNREVIEWED,D10;D16,NO,NO,NO,NO,0,,,D10,D16,HIGH,FULL_SOURCE_REVIEW
bdsm/rust/abuse-v3-features/Cargo.toml,bdsm,config_or_build,30,793,UNREVIEWED,D10;D16;D17;D19,NO,NO,NO,NO,0,,,D10,D16;D17;D19,HIGH,REPRO_BUILD_REVIEW
bdsm/rust/abuse-v3-features/src/derived.rs,bdsm,source,149,4320,UNREVIEWED,D10;D16,NO,NO,NO,NO,0,,,D10,D16,HIGH,FULL_SOURCE_REVIEW
bdsm/rust/abuse-v3-features/src/lib.rs,bdsm,source,646,22837,UNREVIEWED,D10;D16,NO,NO,NO,NO,0,,,D10,D16,HIGH,FULL_SOURCE_REVIEW
bdsm/rust/accumulator/Cargo.lock,bdsm,config_or_build,1953,49603,UNREVIEWED,D10;D16;D19,NO,NO,NO,NO,0,,,D10,D16;D19,HIGH,BOUNDARY_TRACE_GENERATED
bdsm/rust/accumulator/Cargo.toml,bdsm,config_or_build,24,704,UNREVIEWED,D10;D16;D17;D19,NO,NO,NO,NO,0,,,D10,D16;D17;D19,HIGH,REPRO_BUILD_REVIEW
bdsm/rust/accumulator/Dockerfile,bdsm,other,31,617,UNREVIEWED,D10;D16,NO,NO,NO,NO,0,,,D10,D16,HIGH,FULL_SOURCE_REVIEW
bdsm/rust/accumulator/src/main.rs,bdsm,source,776,27097,UNREVIEWED,D10;D16,NO,NO,NO,NO,0,,,D10,D16,HIGH,FULL_SOURCE_REVIEW
bdsm/rust/accumulator/src/trace.rs,bdsm,source,379,12928,UNREVIEWED,D10;D16;D18,NO,NO,NO,NO,0,,,D10,D16;D18,HIGH,FULL_SOURCE_REVIEW
bdsm/tests/conftest.py,bdsm,test,7,219,UNREVIEWED,D10;D16,NO,NO,NO,NO,0,,,D10,D16,HIGH,TEST_EVIDENCE
bdsm/tests/test_feature_norm.py,bdsm,test,35,1190,UNREVIEWED,D10;D16,NO,NO,NO,NO,0,,,D10,D16,HIGH,TEST_EVIDENCE
bdsm/tests/test_heads.py,bdsm,test,33,884,UNREVIEWED,D10;D16,NO,NO,NO,NO,0,,,D10,D16,HIGH,TEST_EVIDENCE
bdsm/tests/test_labels.py,bdsm,test,50,1598,UNREVIEWED,D10;D16,NO,NO,NO,NO,0,,,D10,D16,HIGH,TEST_EVIDENCE
bdsm/tests/test_loss.py,bdsm,test,56,2070,UNREVIEWED,D10;D16,NO,NO,NO,NO,0,,,D10,D16,HIGH,TEST_EVIDENCE
bdsm/tests/test_pipeline_security.py,bdsm,test,26,766,UNREVIEWED,D10;D16,NO,NO,NO,NO,0,,,D10,D16,HIGH,TEST_EVIDENCE
bdsm/tests/test_score_layout.py,bdsm,test,74,2578,UNREVIEWED,D10;D16,NO,NO,NO,NO,0,,,D10,D16,HIGH,TEST_EVIDENCE
bdsm/tests/test_sink_policy.py,bdsm,test,86,2631,UNREVIEWED,D10;D16,NO,NO,NO,NO,0,,,D10,D16,HIGH,TEST_EVIDENCE
bdsm/tests/test_train_head.py,bdsm,test,82,2483,UNREVIEWED,D10;D15;D16,NO,NO,NO,NO,0,,,D10,D15;D16,HIGH,TEST_EVIDENCE
bdsm/training/__init__.py,bdsm,source,0,0,UNREVIEWED,D10;D15;D16,NO,NO,NO,NO,0,,,D10,D15;D16,HIGH,FULL_SOURCE_REVIEW
bdsm/training/train_head.py,bdsm,source,286,10931,UNREVIEWED,D10;D15;D16,NO,NO,NO,NO,0,,,D10,D15;D16,HIGH,FULL_SOURCE_REVIEW
botmaker/BUILD.bazel,botmaker,config_or_build,0,0,UNREVIEWED,D11;D16;D19,NO,NO,NO,NO,0,,,D11,D16;D19,HIGH,REPRO_BUILD_REVIEW
botmaker/CONFIG.ini,botmaker,config_or_build,3,21,UNREVIEWED,D11;D16;D17,NO,NO,NO,NO,0,,,D11,D16;D17,HIGH,FULL_SOURCE_REVIEW
botmaker/botmaker_aggregator/src/main/scala/com/twitter/botmaker/BUILD,botmaker,config_or_build,17,660,UNREVIEWED,D11;D16;D19,NO,NO,NO,NO,0,,,D11,D16;D19,HIGH,REPRO_BUILD_REVIEW
botmaker/botmaker_aggregator/src/main/scala/com/twitter/botmaker/runtime/LocalAggregator.scala,botmaker,source,228,6979,UNREVIEWED,D11;D16,NO,NO,NO,NO,0,,,D11,D16,HIGH,FULL_SOURCE_REVIEW
botmaker/botmaker_aggregator/src/main/scala/com/twitter/botmaker/runtime/MoniodAggregator.scala,botmaker,source,132,3946,UNREVIEWED,D11;D16,NO,NO,NO,NO,0,,,D11,D16,HIGH,FULL_SOURCE_REVIEW
botmaker/botmaker_aggregator/src/main/scala/com/twitter/botmaker/runtime/config/BloomFilterAggregator.scala,botmaker,config_or_build,67,1833,UNREVIEWED,D11;D16;D17,NO,NO,NO,NO,0,,,D11,D16;D17,HIGH,FULL_SOURCE_REVIEW
botmaker/botmaker_aggregator/src/main/scala/com/twitter/botmaker/runtime/config/ComboAggregator.scala,botmaker,config_or_build,101,3304,UNREVIEWED,D11;D16;D17,NO,NO,NO,NO,0,,,D11,D16;D17,HIGH,FULL_SOURCE_REVIEW
botmaker/botmaker_aggregator/src/main/scala/com/twitter/botmaker/runtime/config/CounterAggregator.scala,botmaker,config_or_build,34,971,UNREVIEWED,D11;D16;D17,NO,NO,NO,NO,0,,,D11,D16;D17,HIGH,FULL_SOURCE_REVIEW
botmaker/botmaker_aggregator/src/main/scala/com/twitter/botmaker/runtime/config/HllAggregator.scala,botmaker,config_or_build,64,1743,UNREVIEWED,D11;D16;D17,NO,NO,NO,NO,0,,,D11,D16;D17,HIGH,FULL_SOURCE_REVIEW
botmaker/botmaker_aggregator/src/main/scala/com/twitter/botmaker/runtime/config/LocalAggregatorConfigs.scala,botmaker,config_or_build,112,3349,UNREVIEWED,D11;D16;D17,NO,NO,NO,NO,0,,,D11,D16;D17,HIGH,FULL_SOURCE_REVIEW
botmaker/botmaker_aggregator/src/main/scala/com/twitter/botmaker/runtime/config/QTreeAggregator.scala,botmaker,config_or_build,63,1698,UNREVIEWED,D11;D16;D17,NO,NO,NO,NO,0,,,D11,D16;D17,HIGH,FULL_SOURCE_REVIEW
botmaker/botmaker_aggregator/src/main/scala/com/twitter/botmaker/runtime/config/SetAggregator.scala,botmaker,config_or_build,50,1198,UNREVIEWED,D11;D16;D17,NO,NO,NO,NO,0,,,D11,D16;D17,HIGH,FULL_SOURCE_REVIEW
botmaker/botmaker_aggregator/src/main/scala/com/twitter/botmaker/runtime/config/SimpleStatsAggregator.scala,botmaker,config_or_build,60,1544,UNREVIEWED,D11;D16;D17,NO,NO,NO,NO,0,,,D11,D16;D17,HIGH,FULL_SOURCE_REVIEW
botmaker/botmaker_aggregator/src/main/scala/com/twitter/botmaker/runtime/config/SketchMapAggregator.scala,botmaker,config_or_build,83,2336,UNREVIEWED,D11;D16;D17,NO,NO,NO,NO,0,,,D11,D16;D17,HIGH,FULL_SOURCE_REVIEW
botmaker/botmaker_aggregator/src/main/scala/com/twitter/botmaker/runtime/function/BloomFilterFunctions.scala,botmaker,source,47,1619,UNREVIEWED,D11;D16,NO,NO,NO,NO,0,,,D11,D16,HIGH,FULL_SOURCE_REVIEW
botmaker/botmaker_aggregator/src/main/scala/com/twitter/botmaker/runtime/function/HllFunctions.scala,botmaker,source,46,1533,UNREVIEWED,D11;D16,NO,NO,NO,NO,0,,,D11,D16,HIGH,FULL_SOURCE_REVIEW
botmaker/botmaker_aggregator/src/main/scala/com/twitter/botmaker/runtime/function/QTreeFunctions.scala,botmaker,source,68,2706,UNREVIEWED,D11;D16,NO,NO,NO,NO,0,,,D11,D16,HIGH,FULL_SOURCE_REVIEW
botmaker/botmaker_aggregator/src/main/scala/com/twitter/botmaker/runtime/function/SketchMapFunctions.scala,botmaker,source,69,2330,UNREVIEWED,D11;D16,NO,NO,NO,NO,0,,,D11,D16,HIGH,FULL_SOURCE_REVIEW
botmaker/botmaker_app/src/main/resources/BUILD,botmaker,config_or_build,3,38,UNREVIEWED,D11;D16;D19,NO,NO,NO,NO,0,,,D11,D16;D19,HIGH,REPRO_BUILD_REVIEW
botmaker/botmaker_app/src/main/resources/logback.xml,botmaker,config_or_build,111,4176,UNREVIEWED,D11;D16,NO,NO,NO,NO,0,,,D11,D16,HIGH,FULL_SOURCE_REVIEW
botmaker/botmaker_app/src/main/scala/com/twitter/botmaker/app/client/AppClient.scala,botmaker,source,469,14403,UNREVIEWED,D11;D16,NO,NO,NO,NO,0,,,D11,D16,HIGH,FULL_SOURCE_REVIEW
botmaker/botmaker_app/src/main/scala/com/twitter/botmaker/app/client/BUILD.bazel,botmaker,config_or_build,10,258,UNREVIEWED,D11;D16;D19,NO,NO,NO,NO,0,,,D11,D16;D19,HIGH,REPRO_BUILD_REVIEW
botmaker/botmaker_app/src/main/scala/com/twitter/botmaker/app/client/BotMakerAppClient.scala,botmaker,source,237,7422,UNREVIEWED,D11;D16,NO,NO,NO,NO,0,,,D11,D16,HIGH,FULL_SOURCE_REVIEW
botmaker/botmaker_app/src/main/scala/com/twitter/botmaker/app/module/AppBotMaker.scala,botmaker,source,85,2915,UNREVIEWED,D11;D16,NO,NO,NO,NO,0,,,D11,D16,HIGH,FULL_SOURCE_REVIEW
botmaker/botmaker_app/src/main/scala/com/twitter/botmaker/app/module/BUILD,botmaker,config_or_build,25,1208,UNREVIEWED,D11;D16;D19,NO,NO,NO,NO,0,,,D11,D16;D19,HIGH,REPRO_BUILD_REVIEW
botmaker/botmaker_app/src/main/scala/com/twitter/botmaker/app/module/BotMakerApp.scala,botmaker,source,153,4406,UNREVIEWED,D11;D16,NO,NO,NO,NO,0,,,D11,D16,HIGH,FULL_SOURCE_REVIEW
botmaker/botmaker_app/src/main/scala/com/twitter/botmaker/app/module/BotMakerAppController.scala,botmaker,source,252,9261,UNREVIEWED,D11;D16,NO,NO,NO,NO,0,,,D11,D16,HIGH,FULL_SOURCE_REVIEW
botmaker/botmaker_app/src/main/scala/com/twitter/botmaker/app/module/BotMakerAppModule.scala,botmaker,source,215,6792,UNREVIEWED,D11;D16,NO,NO,NO,NO,0,,,D11,D16,HIGH,FULL_SOURCE_REVIEW
botmaker/botmaker_app/src/main/scala/com/twitter/botmaker/app/module/InjectionNamedConstants.scala,botmaker,source,16,867,UNREVIEWED,D11;D16,NO,NO,NO,NO,0,,,D11,D16,HIGH,FULL_SOURCE_REVIEW
botmaker/botmaker_app/src/main/scala/com/twitter/botmaker/app/publisher/function/Arguments.scala,botmaker,source,50,1498,UNREVIEWED,D11;D16,NO,NO,NO,NO,0,,,D11,D16,HIGH,FULL_SOURCE_REVIEW
botmaker/botmaker_app/src/main/scala/com/twitter/botmaker/app/publisher/function/WriteToConfigBus.scala,botmaker,source,76,2592,UNREVIEWED,D11;D16;D17,NO,NO,NO,NO,0,,,D11,D16;D17,HIGH,FULL_SOURCE_REVIEW
botmaker/botmaker_app/src/main/scala/com/twitter/botmaker/app/publisher/function/WriteToFile.scala,botmaker,source,81,2539,UNREVIEWED,D11;D16,NO,NO,NO,NO,0,,,D11,D16,HIGH,FULL_SOURCE_REVIEW
botmaker/botmaker_app/src/main/scala/com/twitter/botmaker/app/runtime/BUILD.bazel,botmaker,config_or_build,17,738,UNREVIEWED,D11;D16;D19,NO,NO,NO,NO,0,,,D11,D16;D19,HIGH,REPRO_BUILD_REVIEW
botmaker/botmaker_app/src/main/scala/com/twitter/botmaker/app/runtime/StdBotMakerAppRuntime.scala,botmaker,source,40,1254,UNREVIEWED,D11;D16,NO,NO,NO,NO,0,,,D11,D16,HIGH,FULL_SOURCE_REVIEW
botmaker/botmaker_app/src/main/scala/com/twitter/botmaker/app/server/BUILD.bazel,botmaker,config_or_build,68,3859,UNREVIEWED,D11;D16;D19,NO,NO,NO,NO,0,,,D11,D16;D19,HIGH,REPRO_BUILD_REVIEW
botmaker/botmaker_app/src/main/scala/com/twitter/botmaker/app/server/BotMakerAppServer.scala,botmaker,source,80,2700,UNREVIEWED,D11;D16,NO,NO,NO,NO,0,,,D11,D16,HIGH,FULL_SOURCE_REVIEW
botmaker/botmaker_app/src/main/scala/com/twitter/botmaker/app/server/BotMakerAppThriftController.scala,botmaker,source,12,407,UNREVIEWED,D11;D16,NO,NO,NO,NO,0,,,D11,D16,HIGH,FULL_SOURCE_REVIEW
botmaker/botmaker_app/src/main/scala/com/twitter/botmaker/app/util/BUILD,botmaker,config_or_build,9,227,UNREVIEWED,D11;D16;D19,NO,NO,NO,NO,0,,,D11,D16;D19,HIGH,REPRO_BUILD_REVIEW
botmaker/botmaker_app/src/main/scala/com/twitter/botmaker/app/util/JsonUtils.scala,botmaker,source,53,1477,UNREVIEWED,D11;D16,NO,NO,NO,NO,0,,,D11,D16,HIGH,FULL_SOURCE_REVIEW
botmaker/botmaker_common/src/main/scala/com/twitter/botmaker/common/BUILD,botmaker,config_or_build,11,359,UNREVIEWED,D11;D16;D19,NO,NO,NO,NO,0,,,D11,D16;D19,HIGH,REPRO_BUILD_REVIEW
botmaker/botmaker_common/src/main/scala/com/twitter/botmaker/common/UserAgent.scala,botmaker,source,87,3735,UNREVIEWED,D11;D16,NO,NO,NO,NO,0,,,D11,D16,HIGH,FULL_SOURCE_REVIEW
botmaker/botmaker_common/src/main/scala/com/twitter/botmaker/common/UserAgentProperties.scala,botmaker,source,81,2574,UNREVIEWED,D11;D16,NO,NO,NO,NO,0,,,D11,D16,HIGH,FULL_SOURCE_REVIEW
botmaker/botmaker_eventbus/src/main/scala/com/twitter/botmaker/BUILD.bazel,botmaker,config_or_build,16,670,UNREVIEWED,D11;D16;D19,NO,NO,NO,NO,0,,,D11,D16;D19,HIGH,REPRO_BUILD_REVIEW
botmaker/botmaker_eventbus/src/main/scala/com/twitter/botmaker/runtime/EventBusContainer.scala,botmaker,source,12,310,UNREVIEWED,D11;D16,NO,NO,NO,NO,0,,,D11,D16,HIGH,FULL_SOURCE_REVIEW
botmaker/botmaker_eventbus/src/main/scala/com/twitter/botmaker/runtime/EventPublisher.scala,botmaker,source,170,5746,UNREVIEWED,D11;D16,NO,NO,NO,NO,0,,,D11,D16,HIGH,FULL_SOURCE_REVIEW
botmaker/botmaker_eventbus/src/main/scala/com/twitter/botmaker/runtime/EventSubscriber.scala,botmaker,source,129,4579,UNREVIEWED,D11;D16,NO,NO,NO,NO,0,,,D11,D16,HIGH,FULL_SOURCE_REVIEW
botmaker/botmaker_eventbus/src/main/scala/com/twitter/botmaker/runtime/KafkaConsumer.scala,botmaker,source,143,5573,UNREVIEWED,D11;D16,NO,NO,NO,NO,0,,,D11,D16,HIGH,FULL_SOURCE_REVIEW
botmaker/botmaker_eventbus/src/main/scala/com/twitter/botmaker/runtime/KafkaProducer.scala,botmaker,source,247,9181,UNREVIEWED,D11;D16,NO,NO,NO,NO,0,,,D11,D16,HIGH,FULL_SOURCE_REVIEW
botmaker/botmaker_eventbus/src/main/scala/com/twitter/botmaker/runtime/KafkaSerdes.scala,botmaker,source,121,4119,UNREVIEWED,D11;D16,NO,NO,NO,NO,0,,,D11,D16,HIGH,FULL_SOURCE_REVIEW
botmaker/botmaker_eventbus/src/main/scala/com/twitter/botmaker/runtime/TwitterKafkaUtil.scala,botmaker,source,28,782,UNREVIEWED,D11;D16,NO,NO,NO,NO,0,,,D11,D16,HIGH,FULL_SOURCE_REVIEW
botmaker/botmaker_eventbus/src/main/scala/com/twitter/botmaker/runtime/config/EventBusConfigs.scala,botmaker,config_or_build,7,193,UNREVIEWED,D11;D16;D17,NO,NO,NO,NO,0,,,D11,D16;D17,HIGH,FULL_SOURCE_REVIEW
botmaker/botmaker_eventbus/src/main/scala/com/twitter/botmaker/runtime/config/EventPublisherConfigs.scala,botmaker,config_or_build,59,1752,UNREVIEWED,D11;D16;D17,NO,NO,NO,NO,0,,,D11,D16;D17,HIGH,FULL_SOURCE_REVIEW
botmaker/botmaker_eventbus/src/main/scala/com/twitter/botmaker/runtime/config/EventSubscriberConfigs.scala,botmaker,config_or_build,118,3792,UNREVIEWED,D11;D16;D17,NO,NO,NO,NO,0,,,D11,D16;D17,HIGH,FULL_SOURCE_REVIEW
botmaker/botmaker_eventbus/src/main/scala/com/twitter/botmaker/runtime/config/KafkaConsumerConfigs.scala,botmaker,config_or_build,114,3418,UNREVIEWED,D11;D16;D17,NO,NO,NO,NO,0,,,D11,D16;D17,HIGH,FULL_SOURCE_REVIEW
botmaker/botmaker_eventbus/src/main/scala/com/twitter/botmaker/runtime/config/KafkaProducerConfigs.scala,botmaker,config_or_build,86,2684,UNREVIEWED,D11;D16;D17,NO,NO,NO,NO,0,,,D11,D16;D17,HIGH,FULL_SOURCE_REVIEW
botmaker/botmaker_http/src/main/scala/com/twitter/botmaker/BUILD,botmaker,config_or_build,14,463,UNREVIEWED,D11;D16;D19,NO,NO,NO,NO,0,,,D11,D16;D19,HIGH,REPRO_BUILD_REVIEW
botmaker/botmaker_http/src/main/scala/com/twitter/botmaker/runtime/HttpEndpoint.scala,botmaker,source,190,6689,UNREVIEWED,D11;D16,NO,NO,NO,NO,0,,,D11,D16,HIGH,FULL_SOURCE_REVIEW
botmaker/botmaker_http/src/main/scala/com/twitter/botmaker/runtime/config/HttpEndpointConfigs.scala,botmaker,config_or_build,61,1819,UNREVIEWED,D11;D16;D17,NO,NO,NO,NO,0,,,D11,D16;D17,HIGH,FULL_SOURCE_REVIEW
botmaker/botmaker_loader/src/main/scala/com/twitter/botmaker/loader/BUILD,botmaker,config_or_build,11,298,UNREVIEWED,D11;D16;D19,NO,NO,NO,NO,0,,,D11,D16;D19,HIGH,REPRO_BUILD_REVIEW
botmaker/botmaker_loader/src/main/scala/com/twitter/botmaker/loader/BotmakerRulesConfigbusLoader.scala,botmaker,source,46,1476,UNREVIEWED,D11;D16;D17,NO,NO,NO,NO,0,,,D11,D16;D17,HIGH,FULL_SOURCE_REVIEW
botmaker/botmaker_loader/src/main/scala/com/twitter/botmaker/loader/ConfigbusLoader.scala,botmaker,source,134,4622,UNREVIEWED,D11;D16;D17,NO,NO,NO,NO,0,,,D11,D16;D17,HIGH,FULL_SOURCE_REVIEW
botmaker/botmaker_manhattan/src/main/scala/com/twitter/botmaker/BUILD,botmaker,config_or_build,15,510,UNREVIEWED,D11;D16;D19,NO,NO,NO,NO,0,,,D11,D16;D19,HIGH,REPRO_BUILD_REVIEW
botmaker/botmaker_manhattan/src/main/scala/com/twitter/botmaker/runtime/ManhattanClient.scala,botmaker,source,459,14089,UNREVIEWED,D11;D16,NO,NO,NO,NO,0,,,D11,D16,HIGH,FULL_SOURCE_REVIEW
botmaker/botmaker_manhattan/src/main/scala/com/twitter/botmaker/runtime/ManhattanContainer.scala,botmaker,source,3,98,UNREVIEWED,D11;D16,NO,NO,NO,NO,0,,,D11,D16,HIGH,FULL_SOURCE_REVIEW
botmaker/botmaker_manhattan/src/main/scala/com/twitter/botmaker/runtime/ManhattanEndpoint.scala,botmaker,source,70,2609,UNREVIEWED,D11;D16,NO,NO,NO,NO,0,,,D11,D16,HIGH,FULL_SOURCE_REVIEW
botmaker/botmaker_manhattan/src/main/scala/com/twitter/botmaker/runtime/config/ManhattanClientConfigs.scala,botmaker,config_or_build,76,2341,UNREVIEWED,D11;D16;D17,NO,NO,NO,NO,0,,,D11,D16;D17,HIGH,FULL_SOURCE_REVIEW
botmaker/botmaker_manhattan/src/main/scala/com/twitter/botmaker/runtime/config/ManhattanConfigs.scala,botmaker,config_or_build,3,129,UNREVIEWED,D11;D16;D17,NO,NO,NO,NO,0,,,D11,D16;D17,HIGH,FULL_SOURCE_REVIEW
botmaker/botmaker_manhattan/src/main/scala/com/twitter/botmaker/runtime/config/ManhattanEndpointConfigs.scala,botmaker,config_or_build,49,1462,UNREVIEWED,D11;D16;D17,NO,NO,NO,NO,0,,,D11,D16;D17,HIGH,FULL_SOURCE_REVIEW
botmaker/botmaker_memcached/src/main/scala/com/twitter/botmaker/BUILD,botmaker,config_or_build,13,422,UNREVIEWED,D11;D16;D19,NO,NO,NO,NO,0,,,D11,D16;D19,HIGH,REPRO_BUILD_REVIEW
botmaker/botmaker_memcached/src/main/scala/com/twitter/botmaker/runtime/MemCachedClient.scala,botmaker,source,158,5256,UNREVIEWED,D11;D16,NO,NO,NO,NO,0,,,D11,D16,HIGH,FULL_SOURCE_REVIEW
botmaker/botmaker_memcached/src/main/scala/com/twitter/botmaker/runtime/MemCachedContainer.scala,botmaker,source,3,98,UNREVIEWED,D11;D16,NO,NO,NO,NO,0,,,D11,D16,HIGH,FULL_SOURCE_REVIEW
botmaker/botmaker_memcached/src/main/scala/com/twitter/botmaker/runtime/MemCachedCounter.scala,botmaker,source,260,8277,UNREVIEWED,D11;D16,NO,NO,NO,NO,0,,,D11,D16,HIGH,FULL_SOURCE_REVIEW
botmaker/botmaker_memcached/src/main/scala/com/twitter/botmaker/runtime/MemCachedEndpoint.scala,botmaker,source,72,2831,UNREVIEWED,D11;D16,NO,NO,NO,NO,0,,,D11,D16,HIGH,FULL_SOURCE_REVIEW
botmaker/botmaker_memcached/src/main/scala/com/twitter/botmaker/runtime/config/MemCachedClientConfigs.scala,botmaker,config_or_build,74,2248,UNREVIEWED,D11;D16;D17,NO,NO,NO,NO,0,,,D11,D16;D17,HIGH,FULL_SOURCE_REVIEW
botmaker/botmaker_memcached/src/main/scala/com/twitter/botmaker/runtime/config/MemCachedConfigs.scala,botmaker,config_or_build,6,170,UNREVIEWED,D11;D16;D17,NO,NO,NO,NO,0,,,D11,D16;D17,HIGH,FULL_SOURCE_REVIEW
botmaker/botmaker_memcached/src/main/scala/com/twitter/botmaker/runtime/config/MemCachedCounterConfigs.scala,botmaker,config_or_build,72,2256,UNREVIEWED,D11;D16;D17,NO,NO,NO,NO,0,,,D11,D16;D17,HIGH,FULL_SOURCE_REVIEW
botmaker/botmaker_memcached/src/main/scala/com/twitter/botmaker/runtime/config/MemCachedEndpointConfigs.scala,botmaker,config_or_build,52,1608,UNREVIEWED,D11;D16;D17,NO,NO,NO,NO,0,,,D11,D16;D17,HIGH,FULL_SOURCE_REVIEW
botmaker/botmaker_package/src/main/scala/com/twitter/botmaker/botmaker_package/BUILD.bazel,botmaker,config_or_build,11,299,UNREVIEWED,D11;D16;D19,NO,NO,NO,NO,0,,,D11,D16;D19,HIGH,REPRO_BUILD_REVIEW
botmaker/botmaker_package/src/main/scala/com/twitter/botmaker/botmaker_package/BotMakerPackageDetails.scala,botmaker,source,49,1519,UNREVIEWED,D11;D16,NO,NO,NO,NO,0,,,D11,D16,HIGH,FULL_SOURCE_REVIEW
botmaker/botmaker_thrift/src/main/scala/com/twitter/botmaker/BUILD,botmaker,config_or_build,19,813,UNREVIEWED,D11;D16;D19,NO,NO,NO,NO,0,,,D11,D16;D19,HIGH,REPRO_BUILD_REVIEW
botmaker/botmaker_thrift/src/main/scala/com/twitter/botmaker/runtime/ScribePublisher.scala,botmaker,source,118,3810,UNREVIEWED,D11;D16,NO,NO,NO,NO,0,,,D11,D16,HIGH,FULL_SOURCE_REVIEW
botmaker/botmaker_thrift/src/main/scala/com/twitter/botmaker/runtime/ThriftEndpoint.scala,botmaker,source,339,11133,UNREVIEWED,D11;D16,NO,NO,NO,NO,0,,,D11,D16,HIGH,FULL_SOURCE_REVIEW
botmaker/botmaker_thrift/src/main/scala/com/twitter/botmaker/runtime/config/ScribePublisherConfigs.scala,botmaker,config_or_build,83,2398,UNREVIEWED,D11;D16;D17,NO,NO,NO,NO,0,,,D11,D16;D17,HIGH,FULL_SOURCE_REVIEW
botmaker/botmaker_thrift/src/main/scala/com/twitter/botmaker/runtime/config/ThriftEndpointConfigs.scala,botmaker,config_or_build,114,3544,UNREVIEWED,D11;D16;D17,NO,NO,NO,NO,0,,,D11,D16;D17,HIGH,FULL_SOURCE_REVIEW
botmaker/scarecrow_features/src/main/java/com/twitter/scarecrow/features/BUILD,botmaker,config_or_build,68,4435,UNREVIEWED,D11;D16;D19,NO,NO,NO,NO,0,,,D11,D16;D19,HIGH,REPRO_BUILD_REVIEW
botmaker/scarecrow_features/src/main/java/com/twitter/scarecrow/features/FeaturesOfArkoseVerifyEvent.java,botmaker,source,31,1217,UNREVIEWED,D11;D16,NO,NO,NO,NO,0,,,D11,D16,HIGH,FULL_SOURCE_REVIEW
botmaker/scarecrow_features/src/main/java/com/twitter/scarecrow/features/FeaturesOfAudioSpaceBaseEvent.java,botmaker,source,24,852,UNREVIEWED,D11;D16,NO,NO,NO,NO,0,,,D11,D16,HIGH,FULL_SOURCE_REVIEW
botmaker/scarecrow_features/src/main/java/com/twitter/scarecrow/features/FeaturesOfAudioSpaceCoHostJoinEvent.java,botmaker,source,29,1130,UNREVIEWED,D11;D16,NO,NO,NO,NO,0,,,D11,D16,HIGH,FULL_SOURCE_REVIEW
botmaker/scarecrow_features/src/main/java/com/twitter/scarecrow/features/FeaturesOfAudioSpaceCoHostLeaveEvent.java,botmaker,source,29,1142,UNREVIEWED,D11;D16,NO,NO,NO,NO,0,,,D11,D16,HIGH,FULL_SOURCE_REVIEW
botmaker/scarecrow_features/src/main/java/com/twitter/scarecrow/features/FeaturesOfAudioSpaceEndEvent.java,botmaker,source,29,1091,UNREVIEWED,D11;D16,NO,NO,NO,NO,0,,,D11,D16,HIGH,FULL_SOURCE_REVIEW
botmaker/scarecrow_features/src/main/java/com/twitter/scarecrow/features/FeaturesOfAudioSpaceListenerJoinEvent.java,botmaker,source,29,1154,UNREVIEWED,D11;D16,NO,NO,NO,NO,0,,,D11,D16,HIGH,FULL_SOURCE_REVIEW
botmaker/scarecrow_features/src/main/java/com/twitter/scarecrow/features/FeaturesOfAudioSpaceListenerLeaveEvent.java,botmaker,source,29,1166,UNREVIEWED,D11;D16,NO,NO,NO,NO,0,,,D11,D16,HIGH,FULL_SOURCE_REVIEW
botmaker/scarecrow_features/src/main/java/com/twitter/scarecrow/features/FeaturesOfAudioSpacePublishEvent.java,botmaker,source,29,1139,UNREVIEWED,D11;D16,NO,NO,NO,NO,0,,,D11,D16,HIGH,FULL_SOURCE_REVIEW
botmaker/scarecrow_features/src/main/java/com/twitter/scarecrow/features/FeaturesOfAudioSpaceReplayToggleOffEvent.java,botmaker,source,29,1209,UNREVIEWED,D11;D16,NO,NO,NO,NO,0,,,D11,D16,HIGH,FULL_SOURCE_REVIEW
botmaker/scarecrow_features/src/main/java/com/twitter/scarecrow/features/FeaturesOfAudioSpaceScheduledEvent.java,botmaker,source,33,1394,UNREVIEWED,D11;D16,NO,NO,NO,NO,0,,,D11,D16,HIGH,FULL_SOURCE_REVIEW
botmaker/scarecrow_features/src/main/java/com/twitter/scarecrow/features/FeaturesOfAudioSpaceSpeakerPublishEvent.java,botmaker,source,35,1508,UNREVIEWED,D11;D16,NO,NO,NO,NO,0,,,D11,D16,HIGH,FULL_SOURCE_REVIEW
botmaker/scarecrow_features/src/main/java/com/twitter/scarecrow/features/FeaturesOfAudioSpaceTopicsUpdatedEvent.java,botmaker,source,37,1385,UNREVIEWED,D11;D16,NO,NO,NO,NO,0,,,D11,D16,HIGH,FULL_SOURCE_REVIEW
botmaker/scarecrow_features/src/main/java/com/twitter/scarecrow/features/FeaturesOfAudioSpaceTranscriptionEvent.java,botmaker,source,33,1267,UNREVIEWED,D11;D16,NO,NO,NO,NO,0,,,D11,D16,HIGH,FULL_SOURCE_REVIEW
botmaker/scarecrow_features/src/main/java/com/twitter/scarecrow/features/FeaturesOfAudioSpaceUserBannedEvent.java,botmaker,source,53,2470,UNREVIEWED,D11;D16,NO,NO,NO,NO,0,,,D11,D16,HIGH,FULL_SOURCE_REVIEW
botmaker/scarecrow_features/src/main/java/com/twitter/scarecrow/features/FeaturesOfAudioSpaceUserUnbannedEvent.java,botmaker,source,50,2323,UNREVIEWED,D11;D16,NO,NO,NO,NO,0,,,D11,D16,HIGH,FULL_SOURCE_REVIEW
botmaker/scarecrow_features/src/main/java/com/twitter/scarecrow/features/FeaturesOfAuthCompletion.java,botmaker,source,498,22010,UNREVIEWED,D11;D16,NO,NO,NO,NO,0,,,D11,D16,HIGH,FULL_SOURCE_REVIEW
botmaker/scarecrow_features/src/main/java/com/twitter/scarecrow/features/FeaturesOfAuthTransactionLog.java,botmaker,source,74,3965,UNREVIEWED,D11;D16,NO,NO,NO,NO,0,,,D11,D16,HIGH,FULL_SOURCE_REVIEW
botmaker/scarecrow_features/src/main/java/com/twitter/scarecrow/features/FeaturesOfBirdwatchStatusChangeEvent.java,botmaker,source,44,2159,UNREVIEWED,D11;D16,NO,NO,NO,NO,0,,,D11,D16,HIGH,FULL_SOURCE_REVIEW
botmaker/scarecrow_features/src/main/java/com/twitter/scarecrow/features/FeaturesOfBookmarkEvent.java,botmaker,source,27,944,UNREVIEWED,D11;D16,NO,NO,NO,NO,0,,,D11,D16,HIGH,FULL_SOURCE_REVIEW
botmaker/scarecrow_features/src/main/java/com/twitter/scarecrow/features/FeaturesOfBotSmyterLabel.java,botmaker,source,30,1422,UNREVIEWED,D11;D16,NO,NO,NO,NO,0,,,D11,D16,HIGH,FULL_SOURCE_REVIEW
botmaker/scarecrow_features/src/main/java/com/twitter/scarecrow/features/FeaturesOfBouncerEvent.java,botmaker,source,115,3370,UNREVIEWED,D11;D16,NO,NO,NO,NO,0,,,D11,D16,HIGH,FULL_SOURCE_REVIEW
botmaker/scarecrow_features/src/main/java/com/twitter/scarecrow/features/FeaturesOfCastleEvent.java,botmaker,source,33,1340,UNREVIEWED,D11;D16,NO,NO,NO,NO,0,,,D11,D16,HIGH,FULL_SOURCE_REVIEW
botmaker/scarecrow_features/src/main/java/com/twitter/scarecrow/features/FeaturesOfClientApplicationEvent.java,botmaker,source,42,1768,UNREVIEWED,D11;D16,NO,NO,NO,NO,0,,,D11,D16,HIGH,FULL_SOURCE_REVIEW
botmaker/scarecrow_features/src/main/java/com/twitter/scarecrow/features/FeaturesOfClientEventTcoResolution.java,botmaker,source,42,1575,UNREVIEWED,D11;D16,NO,NO,NO,NO,0,,,D11,D16,HIGH,FULL_SOURCE_REVIEW
botmaker/scarecrow_features/src/main/java/com/twitter/scarecrow/features/FeaturesOfCommunityEvent.java,botmaker,source,30,1055,UNREVIEWED,D11;D16,NO,NO,NO,NO,0,,,D11,D16,HIGH,FULL_SOURCE_REVIEW
botmaker/scarecrow_features/src/main/java/com/twitter/scarecrow/features/FeaturesOfCommunityJoinEvent.java,botmaker,source,30,1235,UNREVIEWED,D11;D16,NO,NO,NO,NO,0,,,D11,D16,HIGH,FULL_SOURCE_REVIEW
botmaker/scarecrow_features/src/main/java/com/twitter/scarecrow/features/FeaturesOfCommunityJoinRequestsAutoEnrollData.java,botmaker,source,30,1187,UNREVIEWED,D11;D16,NO,NO,NO,NO,0,,,D11,D16,HIGH,FULL_SOURCE_REVIEW
botmaker/scarecrow_features/src/main/java/com/twitter/scarecrow/features/FeaturesOfCommunityPinEntryData.java,botmaker,source,38,1540,UNREVIEWED,D11;D16,NO,NO,NO,NO,0,,,D11,D16,HIGH,FULL_SOURCE_REVIEW
botmaker/scarecrow_features/src/main/java/com/twitter/scarecrow/features/FeaturesOfCommunityRuleCreateData.java,botmaker,source,35,1408,UNREVIEWED,D11;D16,NO,NO,NO,NO,0,,,D11,D16,HIGH,FULL_SOURCE_REVIEW
botmaker/scarecrow_features/src/main/java/com/twitter/scarecrow/features/FeaturesOfCommunityRuleRemoveData.java,botmaker,source,28,1063,UNREVIEWED,D11;D16,NO,NO,NO,NO,0,,,D11,D16,HIGH,FULL_SOURCE_REVIEW
botmaker/scarecrow_features/src/main/java/com/twitter/scarecrow/features/FeaturesOfCommunityRuleUpdateData.java,botmaker,source,45,1636,UNREVIEWED,D11;D16,NO,NO,NO,NO,0,,,D11,D16,HIGH,FULL_SOURCE_REVIEW
botmaker/scarecrow_features/src/main/java/com/twitter/scarecrow/features/FeaturesOfCommunityTweetHideData.java,botmaker,source,28,1060,UNREVIEWED,D11;D16,NO,NO,NO,NO,0,,,D11,D16,HIGH,FULL_SOURCE_REVIEW
botmaker/scarecrow_features/src/main/java/com/twitter/scarecrow/features/FeaturesOfCommunityTweetReportData.java,botmaker,source,35,1346,UNREVIEWED,D11;D16,NO,NO,NO,NO,0,,,D11,D16,HIGH,FULL_SOURCE_REVIEW
botmaker/scarecrow_features/src/main/java/com/twitter/scarecrow/features/FeaturesOfCommunityUnpinEntryData.java,botmaker,source,39,1555,UNREVIEWED,D11;D16,NO,NO,NO,NO,0,,,D11,D16,HIGH,FULL_SOURCE_REVIEW
botmaker/scarecrow_features/src/main/java/com/twitter/scarecrow/features/FeaturesOfDMConversationReport.java,botmaker,source,32,1065,UNREVIEWED,D11;D16,NO,NO,NO,NO,0,,,D11,D16,HIGH,FULL_SOURCE_REVIEW
botmaker/scarecrow_features/src/main/java/com/twitter/scarecrow/features/FeaturesOfDMReport.java,botmaker,source,39,1403,UNREVIEWED,D11;D16,NO,NO,NO,NO,0,,,D11,D16,HIGH,FULL_SOURCE_REVIEW
botmaker/scarecrow_features/src/main/java/com/twitter/scarecrow/features/FeaturesOfDestroyStatus.java,botmaker,source,36,1815,UNREVIEWED,D11;D16,NO,NO,NO,NO,0,,,D11,D16,HIGH,FULL_SOURCE_REVIEW
botmaker/scarecrow_features/src/main/java/com/twitter/scarecrow/features/FeaturesOfEmailChange.java,botmaker,source,38,1746,UNREVIEWED,D11;D16,NO,NO,NO,NO,0,,,D11,D16,HIGH,FULL_SOURCE_REVIEW
botmaker/scarecrow_features/src/main/java/com/twitter/scarecrow/features/FeaturesOfEventBusFanoutEvent.java,botmaker,source,285,13690,UNREVIEWED,D11;D16,NO,NO,NO,NO,0,,,D11,D16,HIGH,FULL_SOURCE_REVIEW
botmaker/scarecrow_features/src/main/java/com/twitter/scarecrow/features/FeaturesOfExploreClientEvent.java,botmaker,source,93,3075,UNREVIEWED,D11;D16,NO,NO,NO,NO,0,,,D11,D16,HIGH,FULL_SOURCE_REVIEW
botmaker/scarecrow_features/src/main/java/com/twitter/scarecrow/features/FeaturesOfFavorite.java,botmaker,source,41,1683,UNREVIEWED,D11;D16,NO,NO,NO,NO,0,,,D11,D16,HIGH,FULL_SOURCE_REVIEW
botmaker/scarecrow_features/src/main/java/com/twitter/scarecrow/features/FeaturesOfFilteredAuthRequest.java,botmaker,source,49,2037,UNREVIEWED,D11;D16,NO,NO,NO,NO,0,,,D11,D16,HIGH,FULL_SOURCE_REVIEW
botmaker/scarecrow_features/src/main/java/com/twitter/scarecrow/features/FeaturesOfGrokShareEvent.java,botmaker,source,35,1723,UNREVIEWED,D11;D16,NO,NO,NO,NO,0,,,D11,D16,HIGH,FULL_SOURCE_REVIEW
botmaker/scarecrow_features/src/main/java/com/twitter/scarecrow/features/FeaturesOfHealthGenericEntityEvent.java,botmaker,source,29,990,UNREVIEWED,D11;D16,NO,NO,NO,NO,0,,,D11,D16,HIGH,FULL_SOURCE_REVIEW
botmaker/scarecrow_features/src/main/java/com/twitter/scarecrow/features/FeaturesOfHealthSideEffectEvent.java,botmaker,source,255,12171,UNREVIEWED,D11;D16,NO,NO,NO,NO,0,,,D11,D16,HIGH,FULL_SOURCE_REVIEW
botmaker/scarecrow_features/src/main/java/com/twitter/scarecrow/features/FeaturesOfHmlSignupPredictionEvent.java,botmaker,source,25,1068,UNREVIEWED,D11;D16,NO,NO,NO,NO,0,,,D11,D16,HIGH,FULL_SOURCE_REVIEW
botmaker/scarecrow_features/src/main/java/com/twitter/scarecrow/features/FeaturesOfInAppReport.java,botmaker,source,331,14685,UNREVIEWED,D11;D16,NO,NO,NO,NO,0,,,D11,D16,HIGH,FULL_SOURCE_REVIEW
botmaker/scarecrow_features/src/main/java/com/twitter/scarecrow/features/FeaturesOfListReport.java,botmaker,source,28,822,UNREVIEWED,D11;D16,NO,NO,NO,NO,0,,,D11,D16,HIGH,FULL_SOURCE_REVIEW
botmaker/scarecrow_features/src/main/java/com/twitter/scarecrow/features/FeaturesOfLoginChallengeAction.java,botmaker,source,57,2457,UNREVIEWED,D11;D16,NO,NO,NO,NO,0,,,D11,D16,HIGH,FULL_SOURCE_REVIEW
botmaker/scarecrow_features/src/main/java/com/twitter/scarecrow/features/FeaturesOfMediaUpdate.java,botmaker,source,184,8978,UNREVIEWED,D11;D16,NO,NO,NO,NO,0,,,D11,D16,HIGH,FULL_SOURCE_REVIEW
botmaker/scarecrow_features/src/main/java/com/twitter/scarecrow/features/FeaturesOfNsfwFlag.java,botmaker,source,56,1971,UNREVIEWED,D11;D16,NO,NO,NO,NO,0,,,D11,D16,HIGH,FULL_SOURCE_REVIEW
botmaker/scarecrow_features/src/main/java/com/twitter/scarecrow/features/FeaturesOfPeriscopePublishBroadcastEvent.java,botmaker,source,59,2290,UNREVIEWED,D11;D16,NO,NO,NO,NO,0,,,D11,D16,HIGH,FULL_SOURCE_REVIEW
botmaker/scarecrow_features/src/main/java/com/twitter/scarecrow/features/FeaturesOfPinkStealthResolutionsNotification.java,botmaker,source,157,5866,UNREVIEWED,D11;D16,NO,NO,NO,NO,0,,,D11,D16,HIGH,FULL_SOURCE_REVIEW
botmaker/scarecrow_features/src/main/java/com/twitter/scarecrow/features/FeaturesOfPromotedTweet.java,botmaker,source,74,2997,UNREVIEWED,D11;D16,NO,NO,NO,NO,0,,,D11,D16,HIGH,FULL_SOURCE_REVIEW
botmaker/scarecrow_features/src/main/java/com/twitter/scarecrow/features/FeaturesOfPublishedTicket.java,botmaker,source,59,2145,UNREVIEWED,D11;D16,NO,NO,NO,NO,0,,,D11,D16,HIGH,FULL_SOURCE_REVIEW
botmaker/scarecrow_features/src/main/java/com/twitter/scarecrow/features/FeaturesOfReportAsSpam.java,botmaker,source,35,1466,UNREVIEWED,D11;D16,NO,NO,NO,NO,0,,,D11,D16,HIGH,FULL_SOURCE_REVIEW
botmaker/scarecrow_features/src/main/java/com/twitter/scarecrow/features/FeaturesOfRtpCaseUpdateEvent.java,botmaker,source,446,18912,UNREVIEWED,D11;D16,NO,NO,NO,NO,0,,,D11,D16,HIGH,FULL_SOURCE_REVIEW
botmaker/scarecrow_features/src/main/java/com/twitter/scarecrow/features/FeaturesOfSgsBlockGraphEvent.java,botmaker,source,64,2478,UNREVIEWED,D11;D16,NO,NO,NO,NO,0,,,D11,D16,HIGH,FULL_SOURCE_REVIEW
botmaker/scarecrow_features/src/main/java/com/twitter/scarecrow/features/FeaturesOfSgsFollowGraphEvent.java,botmaker,source,69,2787,UNREVIEWED,D11;D16,NO,NO,NO,NO,0,,,D11,D16,HIGH,FULL_SOURCE_REVIEW
botmaker/scarecrow_features/src/main/java/com/twitter/scarecrow/features/FeaturesOfSgsListCreateRequestResult.java,botmaker,source,48,2037,UNREVIEWED,D11;D16,NO,NO,NO,NO,0,,,D11,D16,HIGH,FULL_SOURCE_REVIEW
botmaker/scarecrow_features/src/main/java/com/twitter/scarecrow/features/FeaturesOfSgsListMemberAddRequestResult.java,botmaker,source,49,1962,UNREVIEWED,D11;D16,NO,NO,NO,NO,0,,,D11,D16,HIGH,FULL_SOURCE_REVIEW
botmaker/scarecrow_features/src/main/java/com/twitter/scarecrow/features/FeaturesOfSgsListMemberRemoveRequestResult.java,botmaker,source,49,1980,UNREVIEWED,D11;D16,NO,NO,NO,NO,0,,,D11,D16,HIGH,FULL_SOURCE_REVIEW
botmaker/scarecrow_features/src/main/java/com/twitter/scarecrow/features/FeaturesOfSgsListRemoveRequestResult.java,botmaker,source,47,1862,UNREVIEWED,D11;D16,NO,NO,NO,NO,0,,,D11,D16,HIGH,FULL_SOURCE_REVIEW
botmaker/scarecrow_features/src/main/java/com/twitter/scarecrow/features/FeaturesOfSgsListSubscribeRequestResult.java,botmaker,source,49,1966,UNREVIEWED,D11;D16,NO,NO,NO,NO,0,,,D11,D16,HIGH,FULL_SOURCE_REVIEW
botmaker/scarecrow_features/src/main/java/com/twitter/scarecrow/features/FeaturesOfSgsListUnsubscribeRequestResult.java,botmaker,source,49,1978,UNREVIEWED,D11;D16,NO,NO,NO,NO,0,,,D11,D16,HIGH,FULL_SOURCE_REVIEW
botmaker/scarecrow_features/src/main/java/com/twitter/scarecrow/features/FeaturesOfSgsListUpdateRequestResult.java,botmaker,source,58,2540,UNREVIEWED,D11;D16,NO,NO,NO,NO,0,,,D11,D16,HIGH,FULL_SOURCE_REVIEW
botmaker/scarecrow_features/src/main/java/com/twitter/scarecrow/features/FeaturesOfSgsMuteGraphEvent.java,botmaker,source,64,2393,UNREVIEWED,D11;D16,NO,NO,NO,NO,0,,,D11,D16,HIGH,FULL_SOURCE_REVIEW
botmaker/scarecrow_features/src/main/java/com/twitter/scarecrow/features/FeaturesOfSgsWriteRequestResult.java,botmaker,source,53,2230,UNREVIEWED,D11;D16,NO,NO,NO,NO,0,,,D11,D16,HIGH,FULL_SOURCE_REVIEW
botmaker/scarecrow_features/src/main/java/com/twitter/scarecrow/features/FeaturesOfSoftFollowEvent.java,botmaker,source,37,1456,UNREVIEWED,D11;D16,NO,NO,NO,NO,0,,,D11,D16,HIGH,FULL_SOURCE_REVIEW
botmaker/scarecrow_features/src/main/java/com/twitter/scarecrow/features/FeaturesOfSqrlEvent.java,botmaker,source,29,1142,UNREVIEWED,D11;D16,NO,NO,NO,NO,0,,,D11,D16,HIGH,FULL_SOURCE_REVIEW
botmaker/scarecrow_features/src/main/java/com/twitter/scarecrow/features/FeaturesOfThornInfo.java,botmaker,source,97,4254,UNREVIEWED,D11;D16,NO,NO,NO,NO,0,,,D11,D16,HIGH,FULL_SOURCE_REVIEW
botmaker/scarecrow_features/src/main/java/com/twitter/scarecrow/features/FeaturesOfTitleUpdatedEvent.java,botmaker,source,27,1071,UNREVIEWED,D11;D16,NO,NO,NO,NO,0,,,D11,D16,HIGH,FULL_SOURCE_REVIEW
botmaker/scarecrow_features/src/main/java/com/twitter/scarecrow/features/FeaturesOfTweet.java,botmaker,source,318,12478,UNREVIEWED,D11;D16,NO,NO,NO,NO,0,,,D11,D16,HIGH,FULL_SOURCE_REVIEW
botmaker/scarecrow_features/src/main/java/com/twitter/scarecrow/features/FeaturesOfTweetCreate.java,botmaker,source,65,2252,UNREVIEWED,D11;D16,NO,NO,NO,NO,0,,,D11,D16,HIGH,FULL_SOURCE_REVIEW
botmaker/scarecrow_features/src/main/java/com/twitter/scarecrow/features/FeaturesOfTweetDelete.java,botmaker,source,40,1354,UNREVIEWED,D11;D16,NO,NO,NO,NO,0,,,D11,D16,HIGH,FULL_SOURCE_REVIEW
botmaker/scarecrow_features/src/main/java/com/twitter/scarecrow/features/FeaturesOfTweetReport.java,botmaker,source,106,3839,UNREVIEWED,D11;D16,NO,NO,NO,NO,0,,,D11,D16,HIGH,FULL_SOURCE_REVIEW
botmaker/scarecrow_features/src/main/java/com/twitter/scarecrow/features/FeaturesOfTweetSafetyLabelEvent.java,botmaker,source,82,3602,UNREVIEWED,D11;D16,NO,NO,NO,NO,0,,,D11,D16,HIGH,FULL_SOURCE_REVIEW
botmaker/scarecrow_features/src/main/java/com/twitter/scarecrow/features/FeaturesOfTweetUndelete.java,botmaker,source,59,2161,UNREVIEWED,D11;D16,NO,NO,NO,NO,0,,,D11,D16,HIGH,FULL_SOURCE_REVIEW
botmaker/scarecrow_features/src/main/java/com/twitter/scarecrow/features/FeaturesOfTwitterContext.java,botmaker,source,62,1999,UNREVIEWED,D11;D16,NO,NO,NO,NO,0,,,D11,D16,HIGH,FULL_SOURCE_REVIEW
botmaker/scarecrow_features/src/main/java/com/twitter/scarecrow/features/FeaturesOfUnbookmarkEvent.java,botmaker,source,27,954,UNREVIEWED,D11;D16,NO,NO,NO,NO,0,,,D11,D16,HIGH,FULL_SOURCE_REVIEW
botmaker/scarecrow_features/src/main/java/com/twitter/scarecrow/features/FeaturesOfUnfavorite.java,botmaker,source,41,1711,UNREVIEWED,D11;D16,NO,NO,NO,NO,0,,,D11,D16,HIGH,FULL_SOURCE_REVIEW
botmaker/scarecrow_features/src/main/java/com/twitter/scarecrow/features/FeaturesOfUnifiedPostAnnotationsEvent.java,botmaker,source,73,3791,UNREVIEWED,D11;D16,NO,NO,NO,NO,0,,,D11,D16,HIGH,FULL_SOURCE_REVIEW
botmaker/scarecrow_features/src/main/java/com/twitter/scarecrow/features/FeaturesOfUrlEvent.java,botmaker,source,157,6316,UNREVIEWED,D11;D16,NO,NO,NO,NO,0,,,D11,D16,HIGH,FULL_SOURCE_REVIEW
botmaker/scarecrow_features/src/main/java/com/twitter/scarecrow/features/FeaturesOfUrlReputationChange.java,botmaker,source,45,2079,UNREVIEWED,D11;D16,NO,NO,NO,NO,0,,,D11,D16,HIGH,FULL_SOURCE_REVIEW
botmaker/scarecrow_features/src/main/java/com/twitter/scarecrow/features/FeaturesOfUserCreate.java,botmaker,source,57,2450,UNREVIEWED,D11;D16,NO,NO,NO,NO,0,,,D11,D16,HIGH,FULL_SOURCE_REVIEW
botmaker/scarecrow_features/src/main/java/com/twitter/scarecrow/features/FeaturesOfUserModification.java,botmaker,source,74,3143,UNREVIEWED,D11;D16,NO,NO,NO,NO,0,,,D11,D16,HIGH,FULL_SOURCE_REVIEW
botmaker/scarecrow_features/src/main/java/com/twitter/scarecrow/features/FeaturesOfUserReport.java,botmaker,source,85,3345,UNREVIEWED,D11;D16,NO,NO,NO,NO,0,,,D11,D16,HIGH,FULL_SOURCE_REVIEW
botmaker/scarecrow_features/src/main/java/com/twitter/scarecrow/features/FeaturesOfXchatMessageCreateEvent.java,botmaker,source,53,1832,UNREVIEWED,D11;D16,NO,NO,NO,NO,0,,,D11,D16,HIGH,FULL_SOURCE_REVIEW
botmaker/scarecrow_features/src/main/java/com/twitter/scarecrow/features/FeaturesOfXchatMessageEvent.java,botmaker,source,111,4171,UNREVIEWED,D11;D16,NO,NO,NO,NO,0,,,D11,D16,HIGH,FULL_SOURCE_REVIEW
botmaker/scarecrow_features/src/main/java/com/twitter/scarecrow/features/SqrlEventThriftSimpleJSONProtocol.java,botmaker,source,33,992,UNREVIEWED,D11;D16,NO,NO,NO,NO,0,,,D11,D16,HIGH,FULL_SOURCE_REVIEW
botmaker/src/antlr/com/twitter/botmaker/BUILD,botmaker,config_or_build,7,169,UNREVIEWED,D11;D16;D19,NO,NO,NO,NO,0,,,D11,D16;D19,HIGH,REPRO_BUILD_REVIEW
botmaker/src/antlr/com/twitter/botmaker/CONFIG.ini,botmaker,config_or_build,3,21,UNREVIEWED,D11;D16;D17,NO,NO,NO,NO,0,,,D11,D16;D17,HIGH,FULL_SOURCE_REVIEW
botmaker/src/antlr/com/twitter/botmaker/antlr/BotMaker.g,botmaker,other,248,5773,UNREVIEWED,D11;D16,NO,NO,NO,NO,0,,,D11,D16,HIGH,FULL_SOURCE_REVIEW
botmaker/src/java/com/twitter/botmaker/ASTNode.java,botmaker,source,462,13869,UNREVIEWED,D11;D16,NO,NO,NO,NO,0,,,D11,D16,HIGH,FULL_SOURCE_REVIEW
botmaker/src/java/com/twitter/botmaker/BUILD,botmaker,config_or_build,16,567,UNREVIEWED,D11;D16;D19,NO,NO,NO,NO,0,,,D11,D16;D19,HIGH,REPRO_BUILD_REVIEW
botmaker/src/java/com/twitter/botmaker/CONFIG.ini,botmaker,config_or_build,3,21,UNREVIEWED,D11;D16;D17,NO,NO,NO,NO,0,,,D11,D16;D17,HIGH,FULL_SOURCE_REVIEW
botmaker/src/java/com/twitter/botmaker/Context.java,botmaker,source,378,10931,UNREVIEWED,D11;D16,NO,NO,NO,NO,0,,,D11,D16,HIGH,FULL_SOURCE_REVIEW
botmaker/src/java/com/twitter/botmaker/ContextBuilder.java,botmaker,source,107,2793,UNREVIEWED,D11;D16,NO,NO,NO,NO,0,,,D11,D16,HIGH,FULL_SOURCE_REVIEW
botmaker/src/java/com/twitter/botmaker/Extractor.java,botmaker,source,174,4917,UNREVIEWED,D11;D16,NO,NO,NO,NO,0,,,D11,D16,HIGH,FULL_SOURCE_REVIEW
botmaker/src/java/com/twitter/botmaker/compiler/ActionLevel.java,botmaker,source,12,284,UNREVIEWED,D11;D16,NO,NO,NO,NO,0,,,D11,D16,HIGH,FULL_SOURCE_REVIEW
botmaker/src/java/com/twitter/botmaker/compiler/BotMakerDoc.java,botmaker,source,286,5416,UNREVIEWED,D11;D16,NO,NO,NO,NO,0,,,D11,D16,HIGH,FULL_SOURCE_REVIEW
botmaker/src/java/com/twitter/botmaker/compiler/BotMakerFunction.java,botmaker,source,28,616,UNREVIEWED,D11;D16,NO,NO,NO,NO,0,,,D11,D16,HIGH,FULL_SOURCE_REVIEW
botmaker/src/java/com/twitter/botmaker/compiler/ClassCache.java,botmaker,source,79,2776,UNREVIEWED,D11;D16,NO,NO,NO,NO,0,,,D11,D16,HIGH,FULL_SOURCE_REVIEW
botmaker/src/java/com/twitter/botmaker/compiler/Compiler.java,botmaker,source,1617,59766,UNREVIEWED,D11;D16,NO,NO,NO,NO,0,,,D11,D16,HIGH,FULL_SOURCE_REVIEW
botmaker/src/java/com/twitter/botmaker/compiler/CompilerBuilder.java,botmaker,source,261,8981,UNREVIEWED,D11;D16,NO,NO,NO,NO,0,,,D11,D16,HIGH,FULL_SOURCE_REVIEW
botmaker/src/java/com/twitter/botmaker/compiler/CompilerContext.java,botmaker,source,478,15653,UNREVIEWED,D11;D16,NO,NO,NO,NO,0,,,D11,D16,HIGH,FULL_SOURCE_REVIEW
botmaker/src/java/com/twitter/botmaker/compiler/CompilerScope.java,botmaker,source,140,4470,UNREVIEWED,D11;D16,NO,NO,NO,NO,0,,,D11,D16,HIGH,FULL_SOURCE_REVIEW
botmaker/src/java/com/twitter/botmaker/compiler/CompilerUnit.java,botmaker,source,299,8688,UNREVIEWED,D11;D16,NO,NO,NO,NO,0,,,D11,D16,HIGH,FULL_SOURCE_REVIEW
botmaker/src/java/com/twitter/botmaker/compiler/DerivedFeature.java,botmaker,source,168,4071,UNREVIEWED,D11;D16,NO,NO,NO,NO,0,,,D11,D16,HIGH,FULL_SOURCE_REVIEW
botmaker/src/java/com/twitter/botmaker/compiler/DerivedFeatureProvider.java,botmaker,source,91,2589,UNREVIEWED,D11;D16,NO,NO,NO,NO,0,,,D11,D16,HIGH,FULL_SOURCE_REVIEW
botmaker/src/java/com/twitter/botmaker/compiler/Fingerprint.java,botmaker,source,91,2183,UNREVIEWED,D11;D16,NO,NO,NO,NO,0,,,D11,D16,HIGH,FULL_SOURCE_REVIEW
botmaker/src/java/com/twitter/botmaker/compiler/InterruptibleCharSequence.java,botmaker,source,48,1206,UNREVIEWED,D11;D16,NO,NO,NO,NO,0,,,D11,D16,HIGH,FULL_SOURCE_REVIEW
botmaker/src/java/com/twitter/botmaker/compiler/Mock.java,botmaker,source,163,5162,UNREVIEWED,D11;D16,NO,NO,NO,NO,0,,,D11,D16,HIGH,FIXTURE_EVIDENCE
botmaker/src/java/com/twitter/botmaker/compiler/Parameter.java,botmaker,source,95,2901,UNREVIEWED,D11;D16;D17,NO,NO,NO,NO,0,,,D11,D16;D17,HIGH,FULL_SOURCE_REVIEW
botmaker/src/java/com/twitter/botmaker/compiler/Parser.java,botmaker,source,244,9212,UNREVIEWED,D11;D16,NO,NO,NO,NO,0,,,D11,D16,HIGH,FULL_SOURCE_REVIEW
botmaker/src/java/com/twitter/botmaker/compiler/RegexCache.java,botmaker,source,162,5224,UNREVIEWED,D11;D16,NO,NO,NO,NO,0,,,D11,D16,HIGH,FULL_SOURCE_REVIEW
botmaker/src/java/com/twitter/botmaker/compiler/Serializer.java,botmaker,source,1903,60814,UNREVIEWED,D11;D16,NO,NO,NO,NO,0,,,D11,D16,HIGH,FULL_SOURCE_REVIEW
botmaker/src/java/com/twitter/botmaker/compiler/Timeout.java,botmaker,source,6,90,UNREVIEWED,D11;D16,NO,NO,NO,NO,0,,,D11,D16,HIGH,FULL_SOURCE_REVIEW
botmaker/src/java/com/twitter/botmaker/compiler/UsageUnit.java,botmaker,source,103,2767,UNREVIEWED,D11;D16,NO,NO,NO,NO,0,,,D11,D16,HIGH,FULL_SOURCE_REVIEW
botmaker/src/java/com/twitter/botmaker/compiler/exceptions/BadFetchedDataException.java,botmaker,source,10,207,UNREVIEWED,D11;D16,NO,NO,NO,NO,0,,,D11,D16,HIGH,FULL_SOURCE_REVIEW
botmaker/src/java/com/twitter/botmaker/compiler/exceptions/ContextCancelledException.java,botmaker,source,9,205,UNREVIEWED,D11;D16,NO,NO,NO,NO,0,,,D11,D16,HIGH,FULL_SOURCE_REVIEW
botmaker/src/java/com/twitter/botmaker/compiler/exceptions/FunctionFailure.java,botmaker,source,58,1443,UNREVIEWED,D11;D16,NO,NO,NO,NO,0,,,D11,D16,HIGH,FULL_SOURCE_REVIEW
botmaker/src/java/com/twitter/botmaker/compiler/exceptions/MissingFeatureException.java,botmaker,source,9,190,UNREVIEWED,D11;D16,NO,NO,NO,NO,0,,,D11,D16,HIGH,FULL_SOURCE_REVIEW
botmaker/src/java/com/twitter/botmaker/compiler/exceptions/ParseFailure.java,botmaker,source,11,234,UNREVIEWED,D11;D16,NO,NO,NO,NO,0,,,D11,D16,HIGH,FULL_SOURCE_REVIEW
botmaker/src/java/com/twitter/botmaker/compiler/exceptions/RegexTimeoutException.java,botmaker,source,10,203,UNREVIEWED,D11;D16,NO,NO,NO,NO,0,,,D11,D16,HIGH,FULL_SOURCE_REVIEW
botmaker/src/java/com/twitter/botmaker/compiler/exceptions/RuntimeFailure.java,botmaker,source,17,316,UNREVIEWED,D11;D16,NO,NO,NO,NO,0,,,D11,D16,HIGH,FULL_SOURCE_REVIEW
botmaker/src/java/com/twitter/botmaker/compiler/exceptions/SemanticCheckFailure.java,botmaker,source,12,236,UNREVIEWED,D11;D16,NO,NO,NO,NO,0,,,D11,D16,HIGH,FULL_SOURCE_REVIEW
botmaker/src/java/com/twitter/botmaker/compiler/thrift/FieldMetaData.java,botmaker,source,18,493,UNREVIEWED,D11;D16,NO,NO,NO,NO,0,,,D11,D16,HIGH,FULL_SOURCE_REVIEW
botmaker/src/java/com/twitter/botmaker/compiler/thrift/FieldValueMetaData.java,botmaker,source,51,1120,UNREVIEWED,D11;D16,NO,NO,NO,NO,0,,,D11,D16,HIGH,FULL_SOURCE_REVIEW
botmaker/src/java/com/twitter/botmaker/compiler/thrift/ListMetaData.java,botmaker,source,28,608,UNREVIEWED,D11;D16,NO,NO,NO,NO,0,,,D11,D16,HIGH,FULL_SOURCE_REVIEW
botmaker/src/java/com/twitter/botmaker/compiler/thrift/MapMetaData.java,botmaker,source,31,762,UNREVIEWED,D11;D16,NO,NO,NO,NO,0,,,D11,D16,HIGH,FULL_SOURCE_REVIEW
botmaker/src/java/com/twitter/botmaker/compiler/thrift/PrimitiveValueMetaData.java,botmaker,source,70,1437,UNREVIEWED,D11;D16,NO,NO,NO,NO,0,,,D11,D16,HIGH,FULL_SOURCE_REVIEW
botmaker/src/java/com/twitter/botmaker/compiler/thrift/SetMetaData.java,botmaker,source,28,603,UNREVIEWED,D11;D16,NO,NO,NO,NO,0,,,D11,D16,HIGH,FULL_SOURCE_REVIEW
botmaker/src/java/com/twitter/botmaker/compiler/thrift/TBaseStructMetaData.java,botmaker,source,28,720,UNREVIEWED,D11;D16,NO,NO,NO,NO,0,,,D11,D16,HIGH,FULL_SOURCE_REVIEW
botmaker/src/java/com/twitter/botmaker/compiler/thrift/TEnumMetaData.java,botmaker,source,26,528,UNREVIEWED,D11;D16,NO,NO,NO,NO,0,,,D11,D16,HIGH,FULL_SOURCE_REVIEW
botmaker/src/java/com/twitter/botmaker/compiler/thrift/TFieldRequirementType.java,botmaker,source,12,401,UNREVIEWED,D11;D16,NO,NO,NO,NO,0,,,D11,D16,HIGH,FULL_SOURCE_REVIEW
botmaker/src/java/com/twitter/botmaker/compiler/thrift/TType.java,botmaker,source,24,1181,UNREVIEWED,D11;D16,NO,NO,NO,NO,0,,,D11,D16,HIGH,FULL_SOURCE_REVIEW
botmaker/src/java/com/twitter/botmaker/compiler/thrift/ThriftEnumMetaData.java,botmaker,source,25,554,UNREVIEWED,D11;D16,NO,NO,NO,NO,0,,,D11,D16,HIGH,FULL_SOURCE_REVIEW
botmaker/src/java/com/twitter/botmaker/compiler/thrift/ThriftStructMetaData.java,botmaker,source,27,762,UNREVIEWED,D11;D16,NO,NO,NO,NO,0,,,D11,D16,HIGH,FULL_SOURCE_REVIEW
botmaker/src/java/com/twitter/botmaker/compiler/tuples/OutputKey.java,botmaker,source,19,437,UNREVIEWED,D11;D16,NO,NO,NO,NO,0,,,D11,D16,HIGH,FULL_SOURCE_REVIEW
botmaker/src/java/com/twitter/botmaker/compiler/tuples/Pair.java,botmaker,source,56,891,UNREVIEWED,D11;D16,NO,NO,NO,NO,0,,,D11,D16,HIGH,FULL_SOURCE_REVIEW
botmaker/src/java/com/twitter/botmaker/compiler/tuples/StackFrame.java,botmaker,source,32,701,UNREVIEWED,D11;D16,NO,NO,NO,NO,0,,,D11,D16,HIGH,FULL_SOURCE_REVIEW
botmaker/src/java/com/twitter/botmaker/compiler/tuples/StructTuple.java,botmaker,source,80,1885,UNREVIEWED,D11;D16,NO,NO,NO,NO,0,,,D11,D16,HIGH,FULL_SOURCE_REVIEW
botmaker/src/java/com/twitter/botmaker/compiler/tuples/Symbol.java,botmaker,source,30,639,UNREVIEWED,D11;D16,NO,NO,NO,NO,0,,,D11,D16,HIGH,FULL_SOURCE_REVIEW
botmaker/src/java/com/twitter/botmaker/compiler/tuples/Try.java,botmaker,source,34,718,UNREVIEWED,D11;D16,NO,NO,NO,NO,0,,,D11,D16,HIGH,FULL_SOURCE_REVIEW
botmaker/src/java/com/twitter/botmaker/compiler/tuples/TryWithStack.java,botmaker,source,47,996,UNREVIEWED,D11;D16,NO,NO,NO,NO,0,,,D11,D16,HIGH,FULL_SOURCE_REVIEW
botmaker/src/java/com/twitter/botmaker/compiler/tuples/Tuple.java,botmaker,source,111,2372,UNREVIEWED,D11;D16,NO,NO,NO,NO,0,,,D11,D16,HIGH,FULL_SOURCE_REVIEW
botmaker/src/java/com/twitter/botmaker/compiler/tuples/Tuple3.java,botmaker,source,61,946,UNREVIEWED,D11;D16,NO,NO,NO,NO,0,,,D11,D16,HIGH,FULL_SOURCE_REVIEW
botmaker/src/java/com/twitter/botmaker/compiler/tuples/Tuple4.java,botmaker,source,68,1089,UNREVIEWED,D11;D16,NO,NO,NO,NO,0,,,D11,D16,HIGH,FULL_SOURCE_REVIEW
botmaker/src/java/com/twitter/botmaker/compiler/types/FieldAccessibleType.java,botmaker,source,16,382,UNREVIEWED,D11;D16,NO,NO,NO,NO,0,,,D11,D16,HIGH,FULL_SOURCE_REVIEW
botmaker/src/java/com/twitter/botmaker/compiler/types/StructTupleType.java,botmaker,source,201,6118,UNREVIEWED,D11;D16,NO,NO,NO,NO,0,,,D11,D16,HIGH,FULL_SOURCE_REVIEW
botmaker/src/java/com/twitter/botmaker/compiler/types/Symbol.java,botmaker,source,34,657,UNREVIEWED,D11;D16,NO,NO,NO,NO,0,,,D11,D16,HIGH,FULL_SOURCE_REVIEW
botmaker/src/java/com/twitter/botmaker/compiler/types/ThriftEnumType.java,botmaker,source,21,546,UNREVIEWED,D11;D16,NO,NO,NO,NO,0,,,D11,D16,HIGH,FULL_SOURCE_REVIEW
botmaker/src/java/com/twitter/botmaker/compiler/types/ThriftStructType.java,botmaker,source,838,27076,UNREVIEWED,D11;D16,NO,NO,NO,NO,0,,,D11,D16,HIGH,FULL_SOURCE_REVIEW
botmaker/src/java/com/twitter/botmaker/compiler/types/ThriftType.java,botmaker,source,464,17170,UNREVIEWED,D11;D16,NO,NO,NO,NO,0,,,D11,D16,HIGH,FULL_SOURCE_REVIEW
botmaker/src/java/com/twitter/botmaker/compiler/types/TupleType.java,botmaker,source,85,2526,UNREVIEWED,D11;D16,NO,NO,NO,NO,0,,,D11,D16,HIGH,FULL_SOURCE_REVIEW
botmaker/src/java/com/twitter/botmaker/compiler/types/Type.java,botmaker,source,692,22685,UNREVIEWED,D11;D16,NO,NO,NO,NO,0,,,D11,D16,HIGH,FULL_SOURCE_REVIEW
botmaker/src/java/com/twitter/botmaker/compiler/types/TypeCompiler.java,botmaker,source,114,3997,UNREVIEWED,D11;D16,NO,NO,NO,NO,0,,,D11,D16,HIGH,FULL_SOURCE_REVIEW
botmaker/src/java/com/twitter/botmaker/compiler/types/TypeContext.java,botmaker,source,16,334,UNREVIEWED,D11;D16,NO,NO,NO,NO,0,,,D11,D16,HIGH,FULL_SOURCE_REVIEW
botmaker/src/java/com/twitter/botmaker/config/ConfigContainer.java,botmaker,config_or_build,27,719,UNREVIEWED,D11;D16;D17,NO,NO,NO,NO,0,,,D11,D16;D17,HIGH,FULL_SOURCE_REVIEW
botmaker/src/java/com/twitter/botmaker/config/ConfigNode.java,botmaker,config_or_build,59,1757,UNREVIEWED,D11;D16;D17,NO,NO,NO,NO,0,,,D11,D16;D17,HIGH,FULL_SOURCE_REVIEW
botmaker/src/java/com/twitter/botmaker/function/Block.java,botmaker,source,157,5443,UNREVIEWED,D11;D16,NO,NO,NO,NO,0,,,D11,D16,HIGH,FULL_SOURCE_REVIEW
botmaker/src/java/com/twitter/botmaker/function/Constant.java,botmaker,source,181,5407,UNREVIEWED,D11;D16,NO,NO,NO,NO,0,,,D11,D16,HIGH,FULL_SOURCE_REVIEW
botmaker/src/java/com/twitter/botmaker/function/DerivedFeatureCall.java,botmaker,source,238,7609,UNREVIEWED,D11;D16,NO,NO,NO,NO,0,,,D11,D16,HIGH,FULL_SOURCE_REVIEW
botmaker/src/java/com/twitter/botmaker/function/Do.java,botmaker,source,49,1200,UNREVIEWED,D11;D16,NO,NO,NO,NO,0,,,D11,D16,HIGH,FULL_SOURCE_REVIEW
botmaker/src/java/com/twitter/botmaker/function/DoAsync.java,botmaker,source,63,1718,UNREVIEWED,D11;D16,NO,NO,NO,NO,0,,,D11,D16,HIGH,FULL_SOURCE_REVIEW
botmaker/src/java/com/twitter/botmaker/function/DoSequential.java,botmaker,source,89,2568,UNREVIEWED,D11;D16,NO,NO,NO,NO,0,,,D11,D16,HIGH,FULL_SOURCE_REVIEW
botmaker/src/java/com/twitter/botmaker/function/FunctionNode.java,botmaker,source,79,2528,UNREVIEWED,D11;D16,NO,NO,NO,NO,0,,,D11,D16,HIGH,FULL_SOURCE_REVIEW
botmaker/src/java/com/twitter/botmaker/function/FunctionNode0.java,botmaker,source,72,2209,UNREVIEWED,D11;D16,NO,NO,NO,NO,0,,,D11,D16,HIGH,FULL_SOURCE_REVIEW
botmaker/src/java/com/twitter/botmaker/function/FunctionNode1.java,botmaker,source,74,2429,UNREVIEWED,D11;D16,NO,NO,NO,NO,0,,,D11,D16,HIGH,FULL_SOURCE_REVIEW
botmaker/src/java/com/twitter/botmaker/function/FunctionNode1O1.java,botmaker,source,110,3639,UNREVIEWED,D11;D16,NO,NO,NO,NO,0,,,D11,D16,HIGH,FULL_SOURCE_REVIEW
botmaker/src/java/com/twitter/botmaker/function/FunctionNode1O3.java,botmaker,source,119,4152,UNREVIEWED,D11;D16,NO,NO,NO,NO,0,,,D11,D16,HIGH,FULL_SOURCE_REVIEW
botmaker/src/java/com/twitter/botmaker/function/FunctionNode2.java,botmaker,source,77,2549,UNREVIEWED,D11;D16,NO,NO,NO,NO,0,,,D11,D16,HIGH,FULL_SOURCE_REVIEW
botmaker/src/java/com/twitter/botmaker/function/FunctionNode2O1.java,botmaker,source,108,3828,UNREVIEWED,D11;D16,NO,NO,NO,NO,0,,,D11,D16,HIGH,FULL_SOURCE_REVIEW
botmaker/src/java/com/twitter/botmaker/function/FunctionNode3.java,botmaker,source,79,2728,UNREVIEWED,D11;D16,NO,NO,NO,NO,0,,,D11,D16,HIGH,FULL_SOURCE_REVIEW
botmaker/src/java/com/twitter/botmaker/function/FunctionNode6O5.java,botmaker,source,169,6748,UNREVIEWED,D11;D16,NO,NO,NO,NO,0,,,D11,D16,HIGH,FULL_SOURCE_REVIEW
botmaker/src/java/com/twitter/botmaker/function/GeneralNode.java,botmaker,source,68,2139,UNREVIEWED,D11;D16,NO,NO,NO,NO,0,,,D11,D16,HIGH,FULL_SOURCE_REVIEW
botmaker/src/java/com/twitter/botmaker/function/IfThenElse.java,botmaker,source,121,3679,UNREVIEWED,D11;D16,NO,NO,NO,NO,0,,,D11,D16,HIGH,FULL_SOURCE_REVIEW
botmaker/src/java/com/twitter/botmaker/function/Val.java,botmaker,source,68,2009,UNREVIEWED,D11;D16,NO,NO,NO,NO,0,,,D11,D16,HIGH,FULL_SOURCE_REVIEW
botmaker/src/java/com/twitter/botmaker/function/Variable.java,botmaker,source,56,1403,UNREVIEWED,D11;D16,NO,NO,NO,NO,0,,,D11,D16,HIGH,FULL_SOURCE_REVIEW
botmaker/src/java/com/twitter/botmaker/function/With.java,botmaker,source,149,5067,UNREVIEWED,D11;D16,NO,NO,NO,NO,0,,,D11,D16,HIGH,FULL_SOURCE_REVIEW
botmaker/src/java/com/twitter/botmaker/function/bitwise/BitwiseAnd.java,botmaker,source,36,855,UNREVIEWED,D11;D16,NO,NO,NO,NO,0,,,D11,D16,HIGH,FULL_SOURCE_REVIEW
botmaker/src/java/com/twitter/botmaker/function/bitwise/BitwiseInvert.java,botmaker,source,53,1368,UNREVIEWED,D11;D16,NO,NO,NO,NO,0,,,D11,D16,HIGH,FULL_SOURCE_REVIEW
botmaker/src/java/com/twitter/botmaker/function/bitwise/BitwiseOp.java,botmaker,source,39,1056,UNREVIEWED,D11;D16,NO,NO,NO,NO,0,,,D11,D16,HIGH,FULL_SOURCE_REVIEW
botmaker/src/java/com/twitter/botmaker/function/bitwise/BitwiseOr.java,botmaker,source,41,940,UNREVIEWED,D11;D16,NO,NO,NO,NO,0,,,D11,D16,HIGH,FULL_SOURCE_REVIEW
botmaker/src/java/com/twitter/botmaker/function/bitwise/BitwiseSignedLeftShift.java,botmaker,source,36,900,UNREVIEWED,D11;D16,NO,NO,NO,NO,0,,,D11,D16,HIGH,FULL_SOURCE_REVIEW
botmaker/src/java/com/twitter/botmaker/function/bitwise/BitwiseSignedRightShift.java,botmaker,source,36,903,UNREVIEWED,D11;D16,NO,NO,NO,NO,0,,,D11,D16,HIGH,FULL_SOURCE_REVIEW
botmaker/src/java/com/twitter/botmaker/function/bitwise/BitwiseUnsignedRightShift.java,botmaker,source,36,913,UNREVIEWED,D11;D16,NO,NO,NO,NO,0,,,D11,D16,HIGH,FULL_SOURCE_REVIEW
botmaker/src/java/com/twitter/botmaker/function/bitwise/BitwiseXor.java,botmaker,source,36,855,UNREVIEWED,D11;D16,NO,NO,NO,NO,0,,,D11,D16,HIGH,FULL_SOURCE_REVIEW
botmaker/src/java/com/twitter/botmaker/function/bitwise/ReverseBits.java,botmaker,source,54,1419,UNREVIEWED,D11;D16,NO,NO,NO,NO,0,,,D11,D16,HIGH,FULL_SOURCE_REVIEW
botmaker/src/java/com/twitter/botmaker/function/collection/Any.java,botmaker,source,175,7073,UNREVIEWED,D11;D16,NO,NO,NO,NO,0,,,D11,D16,HIGH,FULL_SOURCE_REVIEW
botmaker/src/java/com/twitter/botmaker/function/collection/Contains.java,botmaker,source,92,2850,UNREVIEWED,D11;D16,NO,NO,NO,NO,0,,,D11,D16,HIGH,FULL_SOURCE_REVIEW
botmaker/src/java/com/twitter/botmaker/function/collection/Copy.java,botmaker,source,181,5769,UNREVIEWED,D11;D16,NO,NO,NO,NO,0,,,D11,D16,HIGH,FULL_SOURCE_REVIEW
botmaker/src/java/com/twitter/botmaker/function/collection/Count.java,botmaker,source,73,2219,UNREVIEWED,D11;D16,NO,NO,NO,NO,0,,,D11,D16,HIGH,FULL_SOURCE_REVIEW
botmaker/src/java/com/twitter/botmaker/function/collection/Distinct.java,botmaker,source,55,1682,UNREVIEWED,D11;D16,NO,NO,NO,NO,0,,,D11,D16,HIGH,FULL_SOURCE_REVIEW
botmaker/src/java/com/twitter/botmaker/function/collection/ElementAtIndex.java,botmaker,source,61,1592,UNREVIEWED,D11;D16,NO,NO,NO,NO,0,,,D11,D16,HIGH,FULL_SOURCE_REVIEW
botmaker/src/java/com/twitter/botmaker/function/collection/Filter.java,botmaker,source,218,8101,UNREVIEWED,D11;D16,NO,NO,NO,NO,0,,,D11,D16,HIGH,FULL_SOURCE_REVIEW
botmaker/src/java/com/twitter/botmaker/function/collection/First.java,botmaker,source,51,1425,UNREVIEWED,D11;D16,NO,NO,NO,NO,0,,,D11,D16,HIGH,FULL_SOURCE_REVIEW
botmaker/src/java/com/twitter/botmaker/function/collection/FirstN.java,botmaker,source,59,1651,UNREVIEWED,D11;D16,NO,NO,NO,NO,0,,,D11,D16,HIGH,FULL_SOURCE_REVIEW
botmaker/src/java/com/twitter/botmaker/function/collection/Flatten.java,botmaker,source,63,1976,UNREVIEWED,D11;D16,NO,NO,NO,NO,0,,,D11,D16,HIGH,FULL_SOURCE_REVIEW
botmaker/src/java/com/twitter/botmaker/function/collection/Fold.java,botmaker,source,190,6575,UNREVIEWED,D11;D16,NO,NO,NO,NO,0,,,D11,D16,HIGH,FULL_SOURCE_REVIEW
botmaker/src/java/com/twitter/botmaker/function/collection/ForEach.java,botmaker,source,183,6853,UNREVIEWED,D11;D16,NO,NO,NO,NO,0,,,D11,D16,HIGH,FULL_SOURCE_REVIEW
botmaker/src/java/com/twitter/botmaker/function/collection/IndexAccessor.java,botmaker,source,160,5087,UNREVIEWED,D11;D16,NO,NO,NO,NO,0,,,D11,D16,HIGH,FULL_SOURCE_REVIEW
botmaker/src/java/com/twitter/botmaker/function/collection/IsCollection.java,botmaker,source,56,1481,UNREVIEWED,D11;D16,NO,NO,NO,NO,0,,,D11,D16,HIGH,FULL_SOURCE_REVIEW
botmaker/src/java/com/twitter/botmaker/function/collection/Last.java,botmaker,source,51,1435,UNREVIEWED,D11;D16,NO,NO,NO,NO,0,,,D11,D16,HIGH,FULL_SOURCE_REVIEW
botmaker/src/java/com/twitter/botmaker/function/collection/LastN.java,botmaker,source,55,1787,UNREVIEWED,D11;D16,NO,NO,NO,NO,0,,,D11,D16,HIGH,FULL_SOURCE_REVIEW
botmaker/src/java/com/twitter/botmaker/function/collection/ListAppend.java,botmaker,source,73,1960,UNREVIEWED,D11;D16,NO,NO,NO,NO,0,,,D11,D16,HIGH,FULL_SOURCE_REVIEW
botmaker/src/java/com/twitter/botmaker/function/collection/ListConcat.java,botmaker,source,64,1954,UNREVIEWED,D11;D16,NO,NO,NO,NO,0,,,D11,D16,HIGH,FULL_SOURCE_REVIEW
botmaker/src/java/com/twitter/botmaker/function/collection/ListJoin.java,botmaker,source,69,1913,UNREVIEWED,D11;D16,NO,NO,NO,NO,0,,,D11,D16,HIGH,FULL_SOURCE_REVIEW
botmaker/src/java/com/twitter/botmaker/function/collection/ListOperator.java,botmaker,source,57,1561,UNREVIEWED,D11;D16,NO,NO,NO,NO,0,,,D11,D16,HIGH,FULL_SOURCE_REVIEW
botmaker/src/java/com/twitter/botmaker/function/collection/ListPrepend.java,botmaker,source,73,1971,UNREVIEWED,D11;D16,NO,NO,NO,NO,0,,,D11,D16,HIGH,FULL_SOURCE_REVIEW
botmaker/src/java/com/twitter/botmaker/function/collection/MapContains.java,botmaker,source,63,1759,UNREVIEWED,D11;D16,NO,NO,NO,NO,0,,,D11,D16,HIGH,FULL_SOURCE_REVIEW
botmaker/src/java/com/twitter/botmaker/function/collection/MapEntries.java,botmaker,source,62,1951,UNREVIEWED,D11;D16,NO,NO,NO,NO,0,,,D11,D16,HIGH,FULL_SOURCE_REVIEW
botmaker/src/java/com/twitter/botmaker/function/collection/MapGet.java,botmaker,source,76,2049,UNREVIEWED,D11;D16,NO,NO,NO,NO,0,,,D11,D16,HIGH,FULL_SOURCE_REVIEW
botmaker/src/java/com/twitter/botmaker/function/collection/MapKeys.java,botmaker,source,55,1675,UNREVIEWED,D11;D16,NO,NO,NO,NO,0,,,D11,D16,HIGH,FULL_SOURCE_REVIEW
botmaker/src/java/com/twitter/botmaker/function/collection/MapMerge.java,botmaker,source,70,2088,UNREVIEWED,D11;D16,NO,NO,NO,NO,0,,,D11,D16,HIGH,FULL_SOURCE_REVIEW
botmaker/src/java/com/twitter/botmaker/function/collection/MapOperator.java,botmaker,source,72,2103,UNREVIEWED,D11;D16,NO,NO,NO,NO,0,,,D11,D16,HIGH,FULL_SOURCE_REVIEW
botmaker/src/java/com/twitter/botmaker/function/collection/MapRemove.java,botmaker,source,78,2221,UNREVIEWED,D11;D16,NO,NO,NO,NO,0,,,D11,D16,HIGH,FULL_SOURCE_REVIEW
botmaker/src/java/com/twitter/botmaker/function/collection/MapValues.java,botmaker,source,53,1576,UNREVIEWED,D11;D16,NO,NO,NO,NO,0,,,D11,D16,HIGH,FULL_SOURCE_REVIEW
botmaker/src/java/com/twitter/botmaker/function/collection/PairFirst.java,botmaker,source,53,1522,UNREVIEWED,D11;D16,NO,NO,NO,NO,0,,,D11,D16,HIGH,FULL_SOURCE_REVIEW
botmaker/src/java/com/twitter/botmaker/function/collection/PairSecond.java,botmaker,source,54,1562,UNREVIEWED,D11;D16,NO,NO,NO,NO,0,,,D11,D16,HIGH,FULL_SOURCE_REVIEW
botmaker/src/java/com/twitter/botmaker/function/collection/Range.java,botmaker,source,83,2033,UNREVIEWED,D11;D16,NO,NO,NO,NO,0,,,D11,D16,HIGH,FULL_SOURCE_REVIEW
botmaker/src/java/com/twitter/botmaker/function/collection/SetDiff.java,botmaker,source,61,1637,UNREVIEWED,D11;D16,NO,NO,NO,NO,0,,,D11,D16,HIGH,FULL_SOURCE_REVIEW
botmaker/src/java/com/twitter/botmaker/function/collection/SetIntersect.java,botmaker,source,70,2173,UNREVIEWED,D11;D16,NO,NO,NO,NO,0,,,D11,D16,HIGH,FULL_SOURCE_REVIEW
botmaker/src/java/com/twitter/botmaker/function/collection/SetOperator.java,botmaker,source,57,1561,UNREVIEWED,D11;D16,NO,NO,NO,NO,0,,,D11,D16,HIGH,FULL_SOURCE_REVIEW
botmaker/src/java/com/twitter/botmaker/function/collection/SetSymmetricDiff.java,botmaker,source,61,1690,UNREVIEWED,D11;D16,NO,NO,NO,NO,0,,,D11,D16,HIGH,FULL_SOURCE_REVIEW
botmaker/src/java/com/twitter/botmaker/function/collection/SetUnion.java,botmaker,source,62,1731,UNREVIEWED,D11;D16,NO,NO,NO,NO,0,,,D11,D16,HIGH,FULL_SOURCE_REVIEW
botmaker/src/java/com/twitter/botmaker/function/collection/Slice.java,botmaker,source,105,3434,UNREVIEWED,D11;D16,NO,NO,NO,NO,0,,,D11,D16,HIGH,FULL_SOURCE_REVIEW
botmaker/src/java/com/twitter/botmaker/function/collection/Sort.java,botmaker,source,171,5888,UNREVIEWED,D11;D16,NO,NO,NO,NO,0,,,D11,D16,HIGH,FULL_SOURCE_REVIEW
botmaker/src/java/com/twitter/botmaker/function/collection/ToStructTuple.java,botmaker,source,76,2511,UNREVIEWED,D11;D16,NO,NO,NO,NO,0,,,D11,D16,HIGH,FULL_SOURCE_REVIEW
botmaker/src/java/com/twitter/botmaker/function/collection/ToTuple.java,botmaker,source,53,1496,UNREVIEWED,D11;D16,NO,NO,NO,NO,0,,,D11,D16,HIGH,FULL_SOURCE_REVIEW
botmaker/src/java/com/twitter/botmaker/function/conversion/Cast.java,botmaker,source,163,5442,UNREVIEWED,D11;D16,NO,NO,NO,NO,0,,,D11,D16,HIGH,FULL_SOURCE_REVIEW
botmaker/src/java/com/twitter/botmaker/function/conversion/FromBase64.java,botmaker,source,53,1497,UNREVIEWED,D11;D16,NO,NO,NO,NO,0,,,D11,D16,HIGH,FULL_SOURCE_REVIEW
botmaker/src/java/com/twitter/botmaker/function/conversion/FromHex.java,botmaker,source,47,1347,UNREVIEWED,D11;D16,NO,NO,NO,NO,0,,,D11,D16,HIGH,FULL_SOURCE_REVIEW
botmaker/src/java/com/twitter/botmaker/function/conversion/StringFromBase64.java,botmaker,source,49,1376,UNREVIEWED,D11;D16,NO,NO,NO,NO,0,,,D11,D16,HIGH,FULL_SOURCE_REVIEW
botmaker/src/java/com/twitter/botmaker/function/conversion/StringToBase64.java,botmaker,source,49,1381,UNREVIEWED,D11;D16,NO,NO,NO,NO,0,,,D11,D16,HIGH,FULL_SOURCE_REVIEW
botmaker/src/java/com/twitter/botmaker/function/conversion/ThriftFromDict.java,botmaker,source,83,2338,UNREVIEWED,D11;D16,NO,NO,NO,NO,0,,,D11,D16,HIGH,FULL_SOURCE_REVIEW
botmaker/src/java/com/twitter/botmaker/function/conversion/ToBase64.java,botmaker,source,57,1698,UNREVIEWED,D11;D16,NO,NO,NO,NO,0,,,D11,D16,HIGH,FULL_SOURCE_REVIEW
botmaker/src/java/com/twitter/botmaker/function/conversion/ToBinary.java,botmaker,source,54,1561,UNREVIEWED,D11;D16,NO,NO,NO,NO,0,,,D11,D16,HIGH,FULL_SOURCE_REVIEW
botmaker/src/java/com/twitter/botmaker/function/conversion/ToDouble.java,botmaker,source,55,1474,UNREVIEWED,D11;D16,NO,NO,NO,NO,0,,,D11,D16,HIGH,FULL_SOURCE_REVIEW
botmaker/src/java/com/twitter/botmaker/function/conversion/ToHex.java,botmaker,source,50,1498,UNREVIEWED,D11;D16,NO,NO,NO,NO,0,,,D11,D16,HIGH,FULL_SOURCE_REVIEW
botmaker/src/java/com/twitter/botmaker/function/conversion/ToList.java,botmaker,source,60,1740,UNREVIEWED,D11;D16,NO,NO,NO,NO,0,,,D11,D16,HIGH,FULL_SOURCE_REVIEW
botmaker/src/java/com/twitter/botmaker/function/conversion/ToLong.java,botmaker,source,55,1456,UNREVIEWED,D11;D16,NO,NO,NO,NO,0,,,D11,D16,HIGH,FULL_SOURCE_REVIEW
botmaker/src/java/com/twitter/botmaker/function/conversion/ToMap.java,botmaker,source,83,2699,UNREVIEWED,D11;D16,NO,NO,NO,NO,0,,,D11,D16,HIGH,FULL_SOURCE_REVIEW
botmaker/src/java/com/twitter/botmaker/function/conversion/ToPair.java,botmaker,source,95,2832,UNREVIEWED,D11;D16,NO,NO,NO,NO,0,,,D11,D16,HIGH,FULL_SOURCE_REVIEW
botmaker/src/java/com/twitter/botmaker/function/conversion/ToScript.java,botmaker,source,47,1384,UNREVIEWED,D11;D16,NO,NO,NO,NO,0,,,D11,D16,HIGH,FULL_SOURCE_REVIEW
botmaker/src/java/com/twitter/botmaker/function/conversion/ToSet.java,botmaker,source,60,1823,UNREVIEWED,D11;D16,NO,NO,NO,NO,0,,,D11,D16,HIGH,FULL_SOURCE_REVIEW
botmaker/src/java/com/twitter/botmaker/function/conversion/ToString.java,botmaker,source,47,1312,UNREVIEWED,D11;D16,NO,NO,NO,NO,0,,,D11,D16,HIGH,FULL_SOURCE_REVIEW
botmaker/src/java/com/twitter/botmaker/function/conversion/ToThrift.java,botmaker,source,78,2195,UNREVIEWED,D11;D16,NO,NO,NO,NO,0,,,D11,D16,HIGH,FULL_SOURCE_REVIEW
botmaker/src/java/com/twitter/botmaker/function/datetime/CurrentTimeMs.java,botmaker,source,48,1305,UNREVIEWED,D11;D16,NO,NO,NO,NO,0,,,D11,D16,HIGH,FULL_SOURCE_REVIEW
botmaker/src/java/com/twitter/botmaker/function/datetime/StringToTimeMs.java,botmaker,source,84,2590,UNREVIEWED,D11;D16,NO,NO,NO,NO,0,,,D11,D16,HIGH,FULL_SOURCE_REVIEW
botmaker/src/java/com/twitter/botmaker/function/datetime/TimeMsToString.java,botmaker,source,87,2604,UNREVIEWED,D11;D16,NO,NO,NO,NO,0,,,D11,D16,HIGH,FULL_SOURCE_REVIEW
botmaker/src/java/com/twitter/botmaker/function/exception/Assert.java,botmaker,source,70,1939,UNREVIEWED,D11;D16,NO,NO,NO,NO,0,,,D11,D16,HIGH,FULL_SOURCE_REVIEW
botmaker/src/java/com/twitter/botmaker/function/exception/Try.java,botmaker,source,128,4146,UNREVIEWED,D11;D16,NO,NO,NO,NO,0,,,D11,D16,HIGH,FULL_SOURCE_REVIEW
botmaker/src/java/com/twitter/botmaker/function/exception/TryOrElse.java,botmaker,source,107,3105,UNREVIEWED,D11;D16,NO,NO,NO,NO,0,,,D11,D16,HIGH,FULL_SOURCE_REVIEW
botmaker/src/java/com/twitter/botmaker/function/exception/TryWithStack.java,botmaker,source,139,4903,UNREVIEWED,D11;D16,NO,NO,NO,NO,0,,,D11,D16,HIGH,FULL_SOURCE_REVIEW
botmaker/src/java/com/twitter/botmaker/function/feature/Exists.java,botmaker,source,64,1864,UNREVIEWED,D11;D16,NO,NO,NO,NO,0,,,D11,D16,HIGH,FULL_SOURCE_REVIEW
botmaker/src/java/com/twitter/botmaker/function/feature/GetOrElse.java,botmaker,source,96,2873,UNREVIEWED,D11;D16,NO,NO,NO,NO,0,,,D11,D16,HIGH,FULL_SOURCE_REVIEW
botmaker/src/java/com/twitter/botmaker/function/feature/InputFeature.java,botmaker,source,61,2038,UNREVIEWED,D11;D16,NO,NO,NO,NO,0,,,D11,D16,HIGH,FULL_SOURCE_REVIEW
botmaker/src/java/com/twitter/botmaker/function/feature/OutputFeature.java,botmaker,source,61,1684,UNREVIEWED,D11;D16,NO,NO,NO,NO,0,,,D11,D16,HIGH,FULL_SOURCE_REVIEW
botmaker/src/java/com/twitter/botmaker/function/logic/BatchedOr.java,botmaker,source,149,5121,UNREVIEWED,D11;D16,NO,NO,NO,NO,0,,,D11,D16,HIGH,FULL_SOURCE_REVIEW
botmaker/src/java/com/twitter/botmaker/function/logic/Conjunction.java,botmaker,source,158,5022,UNREVIEWED,D11;D16,NO,NO,NO,NO,0,,,D11,D16,HIGH,FULL_SOURCE_REVIEW
botmaker/src/java/com/twitter/botmaker/function/logic/Disjunction.java,botmaker,source,160,5009,UNREVIEWED,D11;D16,NO,NO,NO,NO,0,,,D11,D16,HIGH,FULL_SOURCE_REVIEW
botmaker/src/java/com/twitter/botmaker/function/logic/Equals.java,botmaker,source,48,1391,UNREVIEWED,D11;D16,NO,NO,NO,NO,0,,,D11,D16,HIGH,FULL_SOURCE_REVIEW
botmaker/src/java/com/twitter/botmaker/function/logic/GreaterThan.java,botmaker,source,54,1520,UNREVIEWED,D11;D16,NO,NO,NO,NO,0,,,D11,D16,HIGH,FULL_SOURCE_REVIEW
botmaker/src/java/com/twitter/botmaker/function/logic/GreaterThanOrEquals.java,botmaker,source,54,1539,UNREVIEWED,D11;D16,NO,NO,NO,NO,0,,,D11,D16,HIGH,FULL_SOURCE_REVIEW
botmaker/src/java/com/twitter/botmaker/function/logic/LessThan.java,botmaker,source,54,1514,UNREVIEWED,D11;D16,NO,NO,NO,NO,0,,,D11,D16,HIGH,FULL_SOURCE_REVIEW
botmaker/src/java/com/twitter/botmaker/function/logic/LessThanOrEquals.java,botmaker,source,54,1533,UNREVIEWED,D11;D16,NO,NO,NO,NO,0,,,D11,D16,HIGH,FULL_SOURCE_REVIEW
botmaker/src/java/com/twitter/botmaker/function/logic/NotEquals.java,botmaker,source,63,1745,UNREVIEWED,D11;D16,NO,NO,NO,NO,0,,,D11,D16,HIGH,FULL_SOURCE_REVIEW
botmaker/src/java/com/twitter/botmaker/function/math/Abs.java,botmaker,source,55,1548,UNREVIEWED,D11;D16,NO,NO,NO,NO,0,,,D11,D16,HIGH,FULL_SOURCE_REVIEW
botmaker/src/java/com/twitter/botmaker/function/math/ArithmeticOperation.java,botmaker,source,194,7204,UNREVIEWED,D11;D16,NO,NO,NO,NO,0,,,D11,D16,HIGH,FULL_SOURCE_REVIEW
botmaker/src/java/com/twitter/botmaker/function/math/Ceil.java,botmaker,source,48,1340,UNREVIEWED,D11;D16,NO,NO,NO,NO,0,,,D11,D16,HIGH,FULL_SOURCE_REVIEW
botmaker/src/java/com/twitter/botmaker/function/math/Exp.java,botmaker,source,49,1343,UNREVIEWED,D11;D16,NO,NO,NO,NO,0,,,D11,D16,HIGH,FULL_SOURCE_REVIEW
botmaker/src/java/com/twitter/botmaker/function/math/Floor.java,botmaker,source,49,1347,UNREVIEWED,D11;D16,NO,NO,NO,NO,0,,,D11,D16,HIGH,FULL_SOURCE_REVIEW
botmaker/src/java/com/twitter/botmaker/function/math/Ln.java,botmaker,source,49,1426,UNREVIEWED,D11;D16,NO,NO,NO,NO,0,,,D11,D16,HIGH,FULL_SOURCE_REVIEW
botmaker/src/java/com/twitter/botmaker/function/math/Max.java,botmaker,source,62,1710,UNREVIEWED,D11;D16,NO,NO,NO,NO,0,,,D11,D16,HIGH,FULL_SOURCE_REVIEW
botmaker/src/java/com/twitter/botmaker/function/math/Min.java,botmaker,source,62,1713,UNREVIEWED,D11;D16,NO,NO,NO,NO,0,,,D11,D16,HIGH,FULL_SOURCE_REVIEW
botmaker/src/java/com/twitter/botmaker/function/math/Mod.java,botmaker,source,58,1410,UNREVIEWED,D11;D16,NO,NO,NO,NO,0,,,D11,D16,HIGH,FULL_SOURCE_REVIEW
botmaker/src/java/com/twitter/botmaker/function/math/Negate.java,botmaker,source,54,1358,UNREVIEWED,D11;D16,NO,NO,NO,NO,0,,,D11,D16,HIGH,FULL_SOURCE_REVIEW
botmaker/src/java/com/twitter/botmaker/function/math/Pow.java,botmaker,source,59,1566,UNREVIEWED,D11;D16,NO,NO,NO,NO,0,,,D11,D16,HIGH,FULL_SOURCE_REVIEW
botmaker/src/java/com/twitter/botmaker/function/math/Random.java,botmaker,source,46,1262,UNREVIEWED,D11;D16,NO,NO,NO,NO,0,,,D11,D16,HIGH,FULL_SOURCE_REVIEW
botmaker/src/java/com/twitter/botmaker/function/math/Round.java,botmaker,source,50,1358,UNREVIEWED,D11;D16,NO,NO,NO,NO,0,,,D11,D16,HIGH,FULL_SOURCE_REVIEW
botmaker/src/java/com/twitter/botmaker/function/math/Sqrt.java,botmaker,source,57,1628,UNREVIEWED,D11;D16,NO,NO,NO,NO,0,,,D11,D16,HIGH,FULL_SOURCE_REVIEW
botmaker/src/java/com/twitter/botmaker/function/misc/DebugOutput.java,botmaker,source,60,1673,UNREVIEWED,D11;D16,NO,NO,NO,NO,0,,,D11,D16,HIGH,FULL_SOURCE_REVIEW
botmaker/src/java/com/twitter/botmaker/function/misc/FarmFingerprintAsLong.java,botmaker,source,49,1535,UNREVIEWED,D11;D16,NO,NO,NO,NO,0,,,D11,D16,HIGH,FULL_SOURCE_REVIEW
botmaker/src/java/com/twitter/botmaker/function/misc/GetMurmur3Hashes.java,botmaker,source,56,1813,UNREVIEWED,D11;D16,NO,NO,NO,NO,0,,,D11,D16,HIGH,FULL_SOURCE_REVIEW
botmaker/src/java/com/twitter/botmaker/function/misc/GetStackTrace.java,botmaker,source,49,1414,UNREVIEWED,D11;D16;D18,NO,NO,NO,NO,0,,,D11,D16;D18,HIGH,FULL_SOURCE_REVIEW
botmaker/src/java/com/twitter/botmaker/function/misc/InstanceOf.java,botmaker,source,53,1719,UNREVIEWED,D11;D16,NO,NO,NO,NO,0,,,D11,D16,HIGH,FULL_SOURCE_REVIEW
botmaker/src/java/com/twitter/botmaker/function/misc/Nop.java,botmaker,source,47,1197,UNREVIEWED,D11;D16,NO,NO,NO,NO,0,,,D11,D16,HIGH,FULL_SOURCE_REVIEW
botmaker/src/java/com/twitter/botmaker/function/misc/Print.java,botmaker,source,54,1510,UNREVIEWED,D11;D16,NO,NO,NO,NO,0,,,D11,D16,HIGH,FULL_SOURCE_REVIEW
botmaker/src/java/com/twitter/botmaker/function/misc/SHA256.java,botmaker,source,51,1560,UNREVIEWED,D11;D16,NO,NO,NO,NO,0,,,D11,D16,HIGH,FULL_SOURCE_REVIEW
botmaker/src/java/com/twitter/botmaker/function/misc/TestRun.java,botmaker,source,89,2515,UNREVIEWED,D11;D16,NO,NO,NO,NO,0,,,D11,D16,HIGH,TEST_EVIDENCE
botmaker/src/java/com/twitter/botmaker/function/misc/TypeName.java,botmaker,source,54,1448,UNREVIEWED,D11;D16,NO,NO,NO,NO,0,,,D11,D16,HIGH,FULL_SOURCE_REVIEW
botmaker/src/java/com/twitter/botmaker/function/misc/UUID.java,botmaker,source,47,1259,UNREVIEWED,D11;D16,NO,NO,NO,NO,0,,,D11,D16,HIGH,FULL_SOURCE_REVIEW
botmaker/src/java/com/twitter/botmaker/function/string/Chr.java,botmaker,source,47,1380,UNREVIEWED,D11;D16,NO,NO,NO,NO,0,,,D11,D16,HIGH,FULL_SOURCE_REVIEW
botmaker/src/java/com/twitter/botmaker/function/string/Concat.java,botmaker,source,56,1598,UNREVIEWED,D11;D16,NO,NO,NO,NO,0,,,D11,D16,HIGH,FULL_SOURCE_REVIEW
botmaker/src/java/com/twitter/botmaker/function/string/CosineDist.java,botmaker,source,63,2215,UNREVIEWED,D11;D16,NO,NO,NO,NO,0,,,D11,D16,HIGH,FULL_SOURCE_REVIEW
botmaker/src/java/com/twitter/botmaker/function/string/EndsWith.java,botmaker,source,54,1484,UNREVIEWED,D11;D16,NO,NO,NO,NO,0,,,D11,D16,HIGH,FULL_SOURCE_REVIEW
botmaker/src/java/com/twitter/botmaker/function/string/HammingDist.java,botmaker,source,70,2246,UNREVIEWED,D11;D16,NO,NO,NO,NO,0,,,D11,D16,HIGH,FULL_SOURCE_REVIEW
botmaker/src/java/com/twitter/botmaker/function/string/IndexOf.java,botmaker,source,71,1888,UNREVIEWED,D11;D16,NO,NO,NO,NO,0,,,D11,D16,HIGH,FULL_SOURCE_REVIEW
botmaker/src/java/com/twitter/botmaker/function/string/Join.java,botmaker,source,60,1644,UNREVIEWED,D11;D16,NO,NO,NO,NO,0,,,D11,D16,HIGH,FULL_SOURCE_REVIEW
botmaker/src/java/com/twitter/botmaker/function/string/LastIndexOf.java,botmaker,source,71,1903,UNREVIEWED,D11;D16,NO,NO,NO,NO,0,,,D11,D16,HIGH,FULL_SOURCE_REVIEW
botmaker/src/java/com/twitter/botmaker/function/string/Quotes.java,botmaker,source,51,1384,UNREVIEWED,D11;D16,NO,NO,NO,NO,0,,,D11,D16,HIGH,FULL_SOURCE_REVIEW
botmaker/src/java/com/twitter/botmaker/function/string/RegexExtract.java,botmaker,source,70,2018,UNREVIEWED,D11;D16,NO,NO,NO,NO,0,,,D11,D16,HIGH,FULL_SOURCE_REVIEW
botmaker/src/java/com/twitter/botmaker/function/string/RegexMatch.java,botmaker,source,47,1299,UNREVIEWED,D11;D16,NO,NO,NO,NO,0,,,D11,D16,HIGH,FULL_SOURCE_REVIEW
botmaker/src/java/com/twitter/botmaker/function/string/Replace.java,botmaker,source,70,1905,UNREVIEWED,D11;D16,NO,NO,NO,NO,0,,,D11,D16,HIGH,FULL_SOURCE_REVIEW
botmaker/src/java/com/twitter/botmaker/function/string/SplitString.java,botmaker,source,66,1790,UNREVIEWED,D11;D16,NO,NO,NO,NO,0,,,D11,D16,HIGH,FULL_SOURCE_REVIEW
botmaker/src/java/com/twitter/botmaker/function/string/StartsWith.java,botmaker,source,65,1860,UNREVIEWED,D11;D16,NO,NO,NO,NO,0,,,D11,D16,HIGH,FULL_SOURCE_REVIEW
botmaker/src/java/com/twitter/botmaker/function/string/StrLen.java,botmaker,source,51,1370,UNREVIEWED,D11;D16,NO,NO,NO,NO,0,,,D11,D16,HIGH,FULL_SOURCE_REVIEW
botmaker/src/java/com/twitter/botmaker/function/string/StringFormat.java,botmaker,source,55,1658,UNREVIEWED,D11;D16,NO,NO,NO,NO,0,,,D11,D16,HIGH,FULL_SOURCE_REVIEW
botmaker/src/java/com/twitter/botmaker/function/string/ToLower.java,botmaker,source,49,1361,UNREVIEWED,D11;D16,NO,NO,NO,NO,0,,,D11,D16,HIGH,FULL_SOURCE_REVIEW
botmaker/src/java/com/twitter/botmaker/function/string/ToUpper.java,botmaker,source,50,1363,UNREVIEWED,D11;D16,NO,NO,NO,NO,0,,,D11,D16,HIGH,FULL_SOURCE_REVIEW
botmaker/src/java/com/twitter/botmaker/function/string/Trim.java,botmaker,source,52,1426,UNREVIEWED,D11;D16,NO,NO,NO,NO,0,,,D11,D16,HIGH,FULL_SOURCE_REVIEW
botmaker/src/java/com/twitter/botmaker/function/thrift/FieldAccessor.java,botmaker,source,123,4121,UNREVIEWED,D11;D16,NO,NO,NO,NO,0,,,D11,D16,HIGH,FULL_SOURCE_REVIEW
botmaker/src/java/com/twitter/botmaker/function/thrift/ThriftOperator.java,botmaker,source,140,4428,UNREVIEWED,D11;D16,NO,NO,NO,NO,0,,,D11,D16,HIGH,FULL_SOURCE_REVIEW
botmaker/src/java/com/twitter/botmaker/function/thrift/ThriftStructOperator.java,botmaker,source,139,4491,UNREVIEWED,D11;D16,NO,NO,NO,NO,0,,,D11,D16,HIGH,FULL_SOURCE_REVIEW
botmaker/src/java/com/twitter/botmaker/runtime/Runtime.java,botmaker,source,5,69,UNREVIEWED,D11;D16,NO,NO,NO,NO,0,,,D11,D16,HIGH,FULL_SOURCE_REVIEW
botmaker/src/java/com/twitter/botmaker/util/TriConsumer.java,botmaker,source,18,415,UNREVIEWED,D11;D16,NO,NO,NO,NO,0,,,D11,D16,HIGH,FULL_SOURCE_REVIEW
botmaker/src/scala/com/twitter/botmaker/BUILD,botmaker,config_or_build,23,1030,UNREVIEWED,D11;D16;D19,NO,NO,NO,NO,0,,,D11,D16;D19,HIGH,REPRO_BUILD_REVIEW
botmaker/src/scala/com/twitter/botmaker/CONFIG.ini,botmaker,config_or_build,3,21,UNREVIEWED,D11;D16;D17,NO,NO,NO,NO,0,,,D11,D16;D17,HIGH,FULL_SOURCE_REVIEW
botmaker/src/scala/com/twitter/botmaker/FunctionUnit.scala,botmaker,source,403,13470,UNREVIEWED,D11;D16,NO,NO,NO,NO,0,,,D11,D16,HIGH,FULL_SOURCE_REVIEW
botmaker/src/scala/com/twitter/botmaker/FunctionUnitGen.scala,botmaker,source,12644,554425,UNREVIEWED,D11;D16,NO,NO,NO,NO,0,,,D11,D16,HIGH,FULL_SOURCE_REVIEW
botmaker/src/scala/com/twitter/botmaker/common/AsyncRateLimiter.scala,botmaker,source,131,3535,UNREVIEWED,D11;D16,NO,NO,NO,NO,0,,,D11,D16,HIGH,FULL_SOURCE_REVIEW
botmaker/src/scala/com/twitter/botmaker/common/BatchDispatcher.scala,botmaker,source,133,3553,UNREVIEWED,D11;D16,NO,NO,NO,NO,0,,,D11,D16,HIGH,FULL_SOURCE_REVIEW
botmaker/src/scala/com/twitter/botmaker/common/FeatureDataConverter.scala,botmaker,source,568,23313,UNREVIEWED,D11;D16,NO,NO,NO,NO,0,,,D11,D16,HIGH,FULL_SOURCE_REVIEW
botmaker/src/scala/com/twitter/botmaker/common/RatelimitedLogger.scala,botmaker,source,115,3421,UNREVIEWED,D11;D16;D18,NO,NO,NO,NO,0,,,D11,D16;D18,HIGH,FULL_SOURCE_REVIEW
botmaker/src/scala/com/twitter/botmaker/common/TypedFeatureDataInjection.scala,botmaker,source,452,15406,UNREVIEWED,D11;D16,NO,NO,NO,NO,0,,,D11,D16,HIGH,FULL_SOURCE_REVIEW
botmaker/src/scala/com/twitter/botmaker/common/Using.scala,botmaker,source,160,4123,UNREVIEWED,D11;D16,NO,NO,NO,NO,0,,,D11,D16,HIGH,FULL_SOURCE_REVIEW
botmaker/src/scala/com/twitter/botmaker/compiler/types/ScalaType.scala,botmaker,source,251,9634,UNREVIEWED,D11;D16,NO,NO,NO,NO,0,,,D11,D16,HIGH,FULL_SOURCE_REVIEW
botmaker/src/scala/com/twitter/botmaker/loader/Loader.scala,botmaker,source,70,2077,UNREVIEWED,D11;D16,NO,NO,NO,NO,0,,,D11,D16,HIGH,FULL_SOURCE_REVIEW
botmaker/src/scala/com/twitter/botmaker/loader/Scheduler.scala,botmaker,source,141,4110,UNREVIEWED,D11;D16,NO,NO,NO,NO,0,,,D11,D16,HIGH,FULL_SOURCE_REVIEW
botmaker/src/scala/com/twitter/botmaker/rule/ActionRateLimiter.scala,botmaker,source,32,886,UNREVIEWED,D11;D16,NO,NO,NO,NO,0,,,D11,D16,HIGH,FULL_SOURCE_REVIEW
botmaker/src/scala/com/twitter/botmaker/rule/BotMaker.scala,botmaker,source,1072,36991,UNREVIEWED,D11;D16,NO,NO,NO,NO,0,,,D11,D16,HIGH,FULL_SOURCE_REVIEW
botmaker/src/scala/com/twitter/botmaker/rule/ConfigContainer.scala,botmaker,source,206,7382,UNREVIEWED,D11;D16;D17,NO,NO,NO,NO,0,,,D11,D16;D17,HIGH,FULL_SOURCE_REVIEW
botmaker/src/scala/com/twitter/botmaker/rule/DerivedFeatureContainer.scala,botmaker,source,116,3994,UNREVIEWED,D11;D16,NO,NO,NO,NO,0,,,D11,D16,HIGH,FULL_SOURCE_REVIEW
botmaker/src/scala/com/twitter/botmaker/rule/EventContext.scala,botmaker,source,146,4360,UNREVIEWED,D11;D16,NO,NO,NO,NO,0,,,D11,D16,HIGH,FULL_SOURCE_REVIEW
botmaker/src/scala/com/twitter/botmaker/rule/EventEvaluator.scala,botmaker,source,32,951,UNREVIEWED,D11;D16,NO,NO,NO,NO,0,,,D11,D16,HIGH,FULL_SOURCE_REVIEW
botmaker/src/scala/com/twitter/botmaker/rule/EventOutput.scala,botmaker,source,462,14201,UNREVIEWED,D11;D16,NO,NO,NO,NO,0,,,D11,D16,HIGH,FULL_SOURCE_REVIEW
botmaker/src/scala/com/twitter/botmaker/rule/EventProcessor.scala,botmaker,source,18,434,UNREVIEWED,D11;D16,NO,NO,NO,NO,0,,,D11,D16,HIGH,FULL_SOURCE_REVIEW
botmaker/src/scala/com/twitter/botmaker/rule/ExceptionCategory.scala,botmaker,source,9,222,UNREVIEWED,D11;D16,NO,NO,NO,NO,0,,,D11,D16,HIGH,FULL_SOURCE_REVIEW
botmaker/src/scala/com/twitter/botmaker/rule/ExprCache.scala,botmaker,source,107,3240,UNREVIEWED,D11;D16,NO,NO,NO,NO,0,,,D11,D16,HIGH,FULL_SOURCE_REVIEW
botmaker/src/scala/com/twitter/botmaker/rule/ExtractorVisitorUnit.scala,botmaker,source,11,309,UNREVIEWED,D11;D16,NO,NO,NO,NO,0,,,D11,D16,HIGH,FULL_SOURCE_REVIEW
botmaker/src/scala/com/twitter/botmaker/rule/FailureCollector.scala,botmaker,source,23,454,UNREVIEWED,D11;D16,NO,NO,NO,NO,0,,,D11,D16,HIGH,FULL_SOURCE_REVIEW
botmaker/src/scala/com/twitter/botmaker/rule/InputProvider.scala,botmaker,source,96,3088,UNREVIEWED,D11;D16,NO,NO,NO,NO,0,,,D11,D16,HIGH,FULL_SOURCE_REVIEW
botmaker/src/scala/com/twitter/botmaker/rule/OutputCollector.scala,botmaker,source,27,511,UNREVIEWED,D11;D16,NO,NO,NO,NO,0,,,D11,D16,HIGH,FULL_SOURCE_REVIEW
botmaker/src/scala/com/twitter/botmaker/rule/Package.scala,botmaker,source,26,602,UNREVIEWED,D11;D16,NO,NO,NO,NO,0,,,D11,D16,HIGH,FULL_SOURCE_REVIEW
botmaker/src/scala/com/twitter/botmaker/rule/ProfilingCollector.scala,botmaker,source,24,506,UNREVIEWED,D11;D16,NO,NO,NO,NO,0,,,D11,D16,HIGH,FULL_SOURCE_REVIEW
botmaker/src/scala/com/twitter/botmaker/rule/RuleAst.scala,botmaker,source,411,14593,UNREVIEWED,D11;D16,NO,NO,NO,NO,0,,,D11,D16,HIGH,FULL_SOURCE_REVIEW
botmaker/src/scala/com/twitter/botmaker/rule/RuleAstExtractorForAnalysis.scala,botmaker,source,91,3274,UNREVIEWED,D11;D16,NO,NO,NO,NO,0,,,D11,D16,HIGH,FULL_SOURCE_REVIEW
botmaker/src/scala/com/twitter/botmaker/rule/RuleContainer.scala,botmaker,source,349,12754,UNREVIEWED,D11;D16,NO,NO,NO,NO,0,,,D11,D16,HIGH,FULL_SOURCE_REVIEW
botmaker/src/scala/com/twitter/botmaker/rule/RuleContext.scala,botmaker,source,160,5055,UNREVIEWED,D11;D16,NO,NO,NO,NO,0,,,D11,D16,HIGH,FULL_SOURCE_REVIEW
botmaker/src/scala/com/twitter/botmaker/rule/RuleEvaluator.scala,botmaker,source,299,9400,UNREVIEWED,D11;D16,NO,NO,NO,NO,0,,,D11,D16,HIGH,FULL_SOURCE_REVIEW
botmaker/src/scala/com/twitter/botmaker/rule/RuleResult.scala,botmaker,source,7,218,UNREVIEWED,D11;D16,NO,NO,NO,NO,0,,,D11,D16,HIGH,FULL_SOURCE_REVIEW
botmaker/src/scala/com/twitter/botmaker/rule/StatCollector.scala,botmaker,source,23,426,UNREVIEWED,D11;D16,NO,NO,NO,NO,0,,,D11,D16,HIGH,FULL_SOURCE_REVIEW
botmaker/src/scala/com/twitter/botmaker/rule/config/SystemConfigs.scala,botmaker,config_or_build,133,4108,UNREVIEWED,D11;D16;D17,NO,NO,NO,NO,0,,,D11,D16;D17,HIGH,FULL_SOURCE_REVIEW
botmaker/src/scala/com/twitter/botmaker/rule/function/CacheGet.scala,botmaker,source,90,3524,UNREVIEWED,D11;D16,NO,NO,NO,NO,0,,,D11,D16,HIGH,FULL_SOURCE_REVIEW
botmaker/src/scala/com/twitter/botmaker/rule/function/CacheSet.scala,botmaker,source,56,2386,UNREVIEWED,D11;D16,NO,NO,NO,NO,0,,,D11,D16,HIGH,FULL_SOURCE_REVIEW
botmaker/src/scala/com/twitter/botmaker/rule/function/FeatureDataMapToInputFeatures.scala,botmaker,source,31,1246,UNREVIEWED,D11;D16,NO,NO,NO,NO,0,,,D11,D16,HIGH,FULL_SOURCE_REVIEW
botmaker/src/scala/com/twitter/botmaker/rule/function/GetFunctionOrFeatureDirectUsages.scala,botmaker,source,39,1673,UNREVIEWED,D11;D16,NO,NO,NO,NO,0,,,D11,D16,HIGH,FULL_SOURCE_REVIEW
botmaker/src/scala/com/twitter/botmaker/rule/function/GetRule.scala,botmaker,source,25,1129,UNREVIEWED,D11;D16,NO,NO,NO,NO,0,,,D11,D16,HIGH,FULL_SOURCE_REVIEW
botmaker/src/scala/com/twitter/botmaker/rule/function/InputFeatures.scala,botmaker,source,108,3941,UNREVIEWED,D11;D16,NO,NO,NO,NO,0,,,D11,D16,HIGH,FULL_SOURCE_REVIEW
botmaker/src/scala/com/twitter/botmaker/rule/function/IsFunctionOrFeatureUsed.scala,botmaker,source,29,1179,UNREVIEWED,D11;D16,NO,NO,NO,NO,0,,,D11,D16,HIGH,FULL_SOURCE_REVIEW
botmaker/src/scala/com/twitter/botmaker/rule/function/ResponseCodes.scala,botmaker,source,422,16878,UNREVIEWED,D11;D16,NO,NO,NO,NO,0,,,D11,D16,HIGH,FULL_SOURCE_REVIEW
botmaker/src/scala/com/twitter/botmaker/rule/sys/PreEventOutput.scala,botmaker,source,119,3489,UNREVIEWED,D11;D16,NO,NO,NO,NO,0,,,D11,D16,HIGH,FULL_SOURCE_REVIEW
botmaker/src/scala/com/twitter/botmaker/runtime/BatchQueue.scala,botmaker,source,474,14963,UNREVIEWED,D11;D16,NO,NO,NO,NO,0,,,D11,D16,HIGH,FULL_SOURCE_REVIEW
botmaker/src/scala/com/twitter/botmaker/runtime/LocalCounter.scala,botmaker,source,457,14904,UNREVIEWED,D11;D16,NO,NO,NO,NO,0,,,D11,D16,HIGH,FULL_SOURCE_REVIEW
botmaker/src/scala/com/twitter/botmaker/runtime/LocalStore.scala,botmaker,source,375,11784,UNREVIEWED,D11;D16,NO,NO,NO,NO,0,,,D11,D16,HIGH,FULL_SOURCE_REVIEW
botmaker/src/scala/com/twitter/botmaker/runtime/LogWriter.scala,botmaker,source,172,4751,UNREVIEWED,D11;D16,NO,NO,NO,NO,0,,,D11,D16,HIGH,FULL_SOURCE_REVIEW
botmaker/src/scala/com/twitter/botmaker/runtime/RegexOptions.scala,botmaker,source,153,5163,UNREVIEWED,D11;D16,NO,NO,NO,NO,0,,,D11,D16,HIGH,FULL_SOURCE_REVIEW
botmaker/src/scala/com/twitter/botmaker/runtime/RuntimeDebugger.scala,botmaker,source,73,1728,UNREVIEWED,D11;D16,NO,NO,NO,NO,0,,,D11,D16,HIGH,FULL_SOURCE_REVIEW
botmaker/src/scala/com/twitter/botmaker/runtime/RuntimeFailures.scala,botmaker,source,3,99,UNREVIEWED,D11;D16,NO,NO,NO,NO,0,,,D11,D16,HIGH,FULL_SOURCE_REVIEW
botmaker/src/scala/com/twitter/botmaker/runtime/ScheduledEvent.scala,botmaker,source,70,2201,UNREVIEWED,D11;D16,NO,NO,NO,NO,0,,,D11,D16,HIGH,FULL_SOURCE_REVIEW
botmaker/src/scala/com/twitter/botmaker/runtime/ServiceContainer.scala,botmaker,source,55,1532,UNREVIEWED,D11;D16,NO,NO,NO,NO,0,,,D11,D16,HIGH,FULL_SOURCE_REVIEW
botmaker/src/scala/com/twitter/botmaker/runtime/TwitterRuntime.scala,botmaker,source,144,3870,UNREVIEWED,D11;D16,NO,NO,NO,NO,0,,,D11,D16,HIGH,FULL_SOURCE_REVIEW
botmaker/src/scala/com/twitter/botmaker/runtime/config/BatchQueueConfigs.scala,botmaker,config_or_build,112,3730,UNREVIEWED,D11;D16;D17,NO,NO,NO,NO,0,,,D11,D16;D17,HIGH,FULL_SOURCE_REVIEW
botmaker/src/scala/com/twitter/botmaker/runtime/config/EventTypeConfigs.scala,botmaker,config_or_build,91,2844,UNREVIEWED,D11;D16;D17,NO,NO,NO,NO,0,,,D11,D16;D17,HIGH,FULL_SOURCE_REVIEW
botmaker/src/scala/com/twitter/botmaker/runtime/config/LocalCounterConfigs.scala,botmaker,config_or_build,72,2248,UNREVIEWED,D11;D16;D17,NO,NO,NO,NO,0,,,D11,D16;D17,HIGH,FULL_SOURCE_REVIEW
botmaker/src/scala/com/twitter/botmaker/runtime/config/LocalStoreConfigs.scala,botmaker,config_or_build,72,2209,UNREVIEWED,D11;D16;D17,NO,NO,NO,NO,0,,,D11,D16;D17,HIGH,FULL_SOURCE_REVIEW
botmaker/src/scala/com/twitter/botmaker/runtime/config/LogWriterConfigs.scala,botmaker,config_or_build,43,1335,UNREVIEWED,D11;D16;D17,NO,NO,NO,NO,0,,,D11,D16;D17,HIGH,FULL_SOURCE_REVIEW
botmaker/src/scala/com/twitter/botmaker/runtime/config/PackageConfigs.scala,botmaker,config_or_build,57,2062,UNREVIEWED,D11;D16;D17,NO,NO,NO,NO,0,,,D11,D16;D17,HIGH,FULL_SOURCE_REVIEW
botmaker/src/scala/com/twitter/botmaker/runtime/config/RegexConfigs.scala,botmaker,config_or_build,54,1422,UNREVIEWED,D11;D16;D17,NO,NO,NO,NO,0,,,D11,D16;D17,HIGH,FULL_SOURCE_REVIEW
botmaker/src/scala/com/twitter/botmaker/runtime/config/ScheduledEventConfigs.scala,botmaker,config_or_build,57,1704,UNREVIEWED,D11;D16;D17,NO,NO,NO,NO,0,,,D11,D16;D17,HIGH,FULL_SOURCE_REVIEW
botmaker/src/scala/com/twitter/botmaker/runtime/config/ServiceConfigs.scala,botmaker,config_or_build,312,10924,UNREVIEWED,D11;D16;D17,NO,NO,NO,NO,0,,,D11,D16;D17,HIGH,FULL_SOURCE_REVIEW
botmaker/src/scala/com/twitter/botmaker/runtime/config/StructTupleTypeConfigs.scala,botmaker,config_or_build,18,533,UNREVIEWED,D11;D16;D17,NO,NO,NO,NO,0,,,D11,D16;D17,HIGH,FULL_SOURCE_REVIEW
botmaker/src/scala/com/twitter/botmaker/runtime/config/TeamConfigs.scala,botmaker,config_or_build,43,1098,UNREVIEWED,D11;D16;D17,NO,NO,NO,NO,0,,,D11,D16;D17,HIGH,FULL_SOURCE_REVIEW
botmaker/src/scala/com/twitter/botmaker/runtime/config/ThriftTypeConfigs.scala,botmaker,config_or_build,18,498,UNREVIEWED,D11;D16;D17,NO,NO,NO,NO,0,,,D11,D16;D17,HIGH,FULL_SOURCE_REVIEW
botmaker/src/scala/com/twitter/botmaker/runtime/function/GetHelp.scala,botmaker,source,33,1062,UNREVIEWED,D11;D16,NO,NO,NO,NO,0,,,D11,D16,HIGH,FULL_SOURCE_REVIEW
botmaker/src/scala/com/twitter/botmaker/runtime/function/IncrementStat.scala,botmaker,source,42,1576,UNREVIEWED,D11;D16,NO,NO,NO,NO,0,,,D11,D16,HIGH,FULL_SOURCE_REVIEW
botmaker/src/scala/com/twitter/botmaker/runtime/function/IncrementStatEventwise.scala,botmaker,source,37,1570,UNREVIEWED,D11;D16,NO,NO,NO,NO,0,,,D11,D16,HIGH,FULL_SOURCE_REVIEW
botmaker/src/scala/com/twitter/botmaker/runtime/function/IncrementStats.scala,botmaker,source,33,1175,UNREVIEWED,D11;D16,NO,NO,NO,NO,0,,,D11,D16,HIGH,FULL_SOURCE_REVIEW
botmaker/src/scala/com/twitter/botmaker/runtime/function/IncrementStatsEventwise.scala,botmaker,source,39,1662,UNREVIEWED,D11;D16,NO,NO,NO,NO,0,,,D11,D16,HIGH,FULL_SOURCE_REVIEW
botmaker/src/scala/com/twitter/botmaker/runtime/function/RPrint.scala,botmaker,source,50,1597,UNREVIEWED,D11;D16,NO,NO,NO,NO,0,,,D11,D16,HIGH,FULL_SOURCE_REVIEW
botmaker/src/scala/com/twitter/botmaker/runtime/function/SampleStat.scala,botmaker,source,27,1057,UNREVIEWED,D11;D16,NO,NO,NO,NO,0,,,D11,D16,HIGH,FULL_SOURCE_REVIEW
botmaker/src/scala/com/twitter/botmaker/runtime/function/SampleStats.scala,botmaker,source,33,1162,UNREVIEWED,D11;D16,NO,NO,NO,NO,0,,,D11,D16,HIGH,FULL_SOURCE_REVIEW
botmaker/src/scala/com/twitter/botmaker/runtime/function/SetStat.scala,botmaker,source,24,1042,UNREVIEWED,D11;D16,NO,NO,NO,NO,0,,,D11,D16,HIGH,FULL_SOURCE_REVIEW
botmaker/src/scala/com/twitter/botmaker/runtime/function/SetStats.scala,botmaker,source,33,1161,UNREVIEWED,D11;D16,NO,NO,NO,NO,0,,,D11,D16,HIGH,FULL_SOURCE_REVIEW
botmaker/src/scala/com/twitter/botmaker/runtime/function/ToFeatureDataMap.scala,botmaker,source,72,2818,UNREVIEWED,D11;D16,NO,NO,NO,NO,0,,,D11,D16,HIGH,FULL_SOURCE_REVIEW
botmaker/src/scala/com/twitter/botmaker/runtime/function/TryAcquire.scala,botmaker,source,35,1273,UNREVIEWED,D11;D16,NO,NO,NO,NO,0,,,D11,D16,HIGH,FULL_SOURCE_REVIEW
botmaker/src/scala/com/twitter/botmaker/util/CodeAnalysisUtil.scala,botmaker,source,78,2955,UNREVIEWED,D11;D16,NO,NO,NO,NO,0,,,D11,D16,HIGH,FULL_SOURCE_REVIEW
botmaker/src/scala/com/twitter/botmaker/util/FileUtil.scala,botmaker,source,53,1277,UNREVIEWED,D11;D16,NO,NO,NO,NO,0,,,D11,D16,HIGH,FULL_SOURCE_REVIEW
botmaker/src/scala/com/twitter/botmaker/util/ThriftUtil.scala,botmaker,source,392,12737,UNREVIEWED,D11;D16,NO,NO,NO,NO,0,,,D11,D16,HIGH,FULL_SOURCE_REVIEW
botmaker/src/thrift/com/twitter/botmaker/app/BUILD,botmaker,config_or_build,27,919,UNREVIEWED,D11;D16;D19,NO,NO,NO,NO,0,,,D11,D16;D19,HIGH,REPRO_BUILD_REVIEW
botmaker/src/thrift/com/twitter/botmaker/app/app.thrift,botmaker,schema_or_dsl,189,4089,UNREVIEWED,D11;D16,NO,NO,NO,NO,0,,,D11,D16,HIGH,FULL_SOURCE_REVIEW
botmaker/src/thrift/com/twitter/botmaker/rule/BUILD,botmaker,config_or_build,20,443,UNREVIEWED,D11;D16;D19,NO,NO,NO,NO,0,,,D11,D16;D19,HIGH,REPRO_BUILD_REVIEW
botmaker/src/thrift/com/twitter/botmaker/rule/rule.thrift,botmaker,schema_or_dsl,53,1398,UNREVIEWED,D11;D16,NO,NO,NO,NO,0,,,D11,D16,HIGH,FULL_SOURCE_REVIEW
botmaker/src/thrift/com/twitter/botmaker/runtime/BUILD,botmaker,config_or_build,20,503,UNREVIEWED,D11;D16;D19,NO,NO,NO,NO,0,,,D11,D16;D19,HIGH,REPRO_BUILD_REVIEW
botmaker/src/thrift/com/twitter/botmaker/runtime/runtime.thrift,botmaker,schema_or_dsl,344,10655,UNREVIEWED,D11;D16,NO,NO,NO,NO,0,,,D11,D16,HIGH,FULL_SOURCE_REVIEW
botmaker-rules/scarecrow/bot/AgathaSpamProduction__ApplySearchTopTweetLabel.bot,botmaker-rules,schema_or_dsl,31,942,UNREVIEWED,D11;D17,NO,NO,NO,NO,0,,,D11,D17,HIGH,FULL_SOURCE_REVIEW
botmaker-rules/scarecrow/bot/BBQDuplicateTextProd.bot,botmaker-rules,schema_or_dsl,77,2583,UNREVIEWED,D11;D17,NO,NO,NO,NO,0,,,D11,D17,HIGH,FULL_SOURCE_REVIEW
botmaker-rules/scarecrow/bot/BBQDuplicateTextRepliesProd.bot,botmaker-rules,schema_or_dsl,62,2091,UNREVIEWED,D11;D17,NO,NO,NO,NO,0,,,D11,D17,HIGH,FULL_SOURCE_REVIEW
botmaker-rules/scarecrow/bot/FollowFromActorWithPinnedLowQualityOrBadUrl.bot,botmaker-rules,schema_or_dsl,50,1397,UNREVIEWED,D11;D17,NO,NO,NO,NO,0,,,D11,D17,HIGH,FULL_SOURCE_REVIEW
botmaker-rules/scarecrow/bot/GroxTweetProcessor.bot,botmaker-rules,schema_or_dsl,40,1636,UNREVIEWED,D11;D17,NO,NO,NO,NO,0,,,D11,D17,HIGH,FULL_SOURCE_REVIEW
botmaker-rules/scarecrow/bot/LQ_Tweets_With_LQ_URL_Verdict_At_Mention_To_NonFollower.bot,botmaker-rules,schema_or_dsl,54,1557,UNREVIEWED,D11;D17,NO,NO,NO,NO,0,,,D11,D17,HIGH,FULL_SOURCE_REVIEW
botmaker-rules/scarecrow/bot/LQ_Tweets_With_LQ_URL_Verdict_At_Mention_To_NonFollower_v2.bot,botmaker-rules,schema_or_dsl,22,683,UNREVIEWED,D11;D17,NO,NO,NO,NO,0,,,D11,D17,HIGH,FULL_SOURCE_REVIEW
botmaker-rules/scarecrow/bot/NSFW_Card_Image_Media_To_URL_Verdict.bot,botmaker-rules,schema_or_dsl,33,1279,UNREVIEWED,D11;D17,NO,NO,NO,NO,0,,,D11,D17,HIGH,FULL_SOURCE_REVIEW
botmaker-rules/scarecrow/bot/NSFW_Card_Image_URL_to_Tweet_Verdict.bot,botmaker-rules,schema_or_dsl,39,1480,UNREVIEWED,D11;D17,NO,NO,NO,NO,0,,,D11,D17,HIGH,FULL_SOURCE_REVIEW
botmaker-rules/scarecrow/bot/NSFW_Grok_Generated_Image_To_URL_Verdict.bot,botmaker-rules,schema_or_dsl,31,842,UNREVIEWED,D11;D17,NO,NO,NO,NO,0,,,D11,D17,HIGH,FULL_SOURCE_REVIEW
botmaker-rules/scarecrow/bot/NSFW_Grok_Share.bot,botmaker-rules,schema_or_dsl,25,985,UNREVIEWED,D11;D17,NO,NO,NO,NO,0,,,D11,D17,HIGH,FULL_SOURCE_REVIEW
botmaker-rules/scarecrow/bot/NsfwTweetMediaProcessor.bot,botmaker-rules,schema_or_dsl,43,1217,UNREVIEWED,D11;D17,NO,NO,NO,NO,0,,,D11,D17,HIGH,FULL_SOURCE_REVIEW
botmaker-rules/scarecrow/bot/PinnedLowQualityOrBadUrl.bot,botmaker-rules,schema_or_dsl,45,1341,UNREVIEWED,D11;D17,NO,NO,NO,NO,0,,,D11,D17,HIGH,FULL_SOURCE_REVIEW
botmaker-rules/scarecrow/bot/ProductionAgatha__FilterOutOrganicNotifications.bot,botmaker-rules,schema_or_dsl,39,1357,UNREVIEWED,D11;D17,NO,NO,NO,NO,0,,,D11,D17,HIGH,FULL_SOURCE_REVIEW
botmaker-rules/scarecrow/bot/Tweet_Search_Blacklist_RTF_All_UNSAFE_URL_Sources.bot,botmaker-rules,schema_or_dsl,64,2924,UNREVIEWED,D11;D17,NO,NO,NO,NO,0,,,D11,D17,HIGH,FULL_SOURCE_REVIEW
botmaker-rules/scarecrow/bot/Tweet_Spam_High_Recall_RTF_All_Bad_URL_Sources.bot,botmaker-rules,schema_or_dsl,51,1555,UNREVIEWED,D11;D17,NO,NO,NO,NO,0,,,D11,D17,HIGH,FULL_SOURCE_REVIEW
botmaker-rules/scarecrow/bot/ViolenceAndGore_ImageModel_MTT.bot,botmaker-rules,schema_or_dsl,107,4403,UNREVIEWED,D11;D17,NO,NO,NO,NO,0,,,D11,D17,HIGH,FULL_SOURCE_REVIEW
botmaker-rules/scarecrow/bot/nsfw_user_write_user_label.bot,botmaker-rules,schema_or_dsl,14,467,UNREVIEWED,D11;D17,NO,NO,NO,NO,0,,,D11,D17,HIGH,FULL_SOURCE_REVIEW
botmaker-rules/scarecrow/bot/rtf_tweets_on_unsafe_verdict.bot,botmaker-rules,schema_or_dsl,38,1587,UNREVIEWED,D11;D17,NO,NO,NO,NO,0,,,D11,D17,HIGH,FULL_SOURCE_REVIEW
botmaker-rules/scarecrow/bot/tweet_rtf_or_unrtf_on_bad_verdict.bot,botmaker-rules,schema_or_dsl,41,1483,UNREVIEWED,D11;D17,NO,NO,NO,NO,0,,,D11,D17,HIGH,FULL_SOURCE_REVIEW
botmaker-rules/scarecrow/derived-feature/AddToHLLForDataCenter.df,botmaker-rules,schema_or_dsl,12,414,UNREVIEWED,D11;D17,NO,NO,NO,NO,0,,,D11,D17,HIGH,FULL_SOURCE_REVIEW
botmaker-rules/scarecrow/derived-feature/AddTwitterSupportGuanoNote.df,botmaker-rules,schema_or_dsl,33,891,UNREVIEWED,D11;D17,NO,NO,NO,NO,0,,,D11,D17,HIGH,FULL_SOURCE_REVIEW
botmaker-rules/scarecrow/derived-feature/ApplyNsfwUserLabel.df,botmaker-rules,schema_or_dsl,54,1527,UNREVIEWED,D11;D17,NO,NO,NO,NO,0,,,D11,D17,HIGH,FULL_SOURCE_REVIEW
botmaker-rules/scarecrow/derived-feature/ApplyNsfwUserLabelOrCreateReport.df,botmaker-rules,schema_or_dsl,93,4162,UNREVIEWED,D11;D17,NO,NO,NO,NO,0,,,D11,D17,HIGH,FULL_SOURCE_REVIEW
botmaker-rules/scarecrow/derived-feature/BQ_to_BM_namespace.df,botmaker-rules,schema_or_dsl,4,88,UNREVIEWED,D11;D17,NO,NO,NO,NO,0,,,D11,D17,HIGH,FULL_SOURCE_REVIEW
botmaker-rules/scarecrow/derived-feature/Coalesce.df,botmaker-rules,schema_or_dsl,6,147,UNREVIEWED,D11;D17,NO,NO,NO,NO,0,,,D11,D17,HIGH,FULL_SOURCE_REVIEW
botmaker-rules/scarecrow/derived-feature/CreateRemediationFatigueNamespace.df,botmaker-rules,schema_or_dsl,4,123,UNREVIEWED,D11;D17,NO,NO,NO,NO,0,,,D11,D17,HIGH,FULL_SOURCE_REVIEW
botmaker-rules/scarecrow/derived-feature/DayInSecs.df,botmaker-rules,schema_or_dsl,4,74,UNREVIEWED,D11;D17,NO,NO,NO,NO,0,,,D11,D17,HIGH,FULL_SOURCE_REVIEW
botmaker-rules/scarecrow/derived-feature/EmptyLongList.df,botmaker-rules,schema_or_dsl,4,112,UNREVIEWED,D11;D17,NO,NO,NO,NO,0,,,D11,D17,HIGH,FULL_SOURCE_REVIEW
botmaker-rules/scarecrow/derived-feature/EmptyStringSet.df,botmaker-rules,schema_or_dsl,4,106,UNREVIEWED,D11;D17,NO,NO,NO,NO,0,,,D11,D17,HIGH,FULL_SOURCE_REVIEW
botmaker-rules/scarecrow/derived-feature/FollowerCountFromGizmoduck.df,botmaker-rules,schema_or_dsl,7,135,UNREVIEWED,D11;D17,NO,NO,NO,NO,0,,,D11,D17,HIGH,FULL_SOURCE_REVIEW
botmaker-rules/scarecrow/derived-feature/GetDataCenterName.df,botmaker-rules,schema_or_dsl,4,102,UNREVIEWED,D11;D17,NO,NO,NO,NO,0,,,D11,D17,HIGH,FULL_SOURCE_REVIEW
botmaker-rules/scarecrow/derived-feature/GetExpandedUrlsForTweet.df,botmaker-rules,schema_or_dsl,22,810,UNREVIEWED,D11;D17,NO,NO,NO,NO,0,,,D11,D17,HIGH,FULL_SOURCE_REVIEW
botmaker-rules/scarecrow/derived-feature/GetGrokShareIdsFromGrokMediaId.df,botmaker-rules,schema_or_dsl,24,661,UNREVIEWED,D11;D17,NO,NO,NO,NO,0,,,D11,D17,HIGH,FULL_SOURCE_REVIEW
botmaker-rules/scarecrow/derived-feature/GetHLLCountFromDataCenters.df,botmaker-rules,schema_or_dsl,13,405,UNREVIEWED,D11;D17,NO,NO,NO,NO,0,,,D11,D17,HIGH,FULL_SOURCE_REVIEW
botmaker-rules/scarecrow/derived-feature/GetTweetAuthorId.df,botmaker-rules,schema_or_dsl,7,154,UNREVIEWED,D11;D17,NO,NO,NO,NO,0,,,D11,D17,HIGH,FULL_SOURCE_REVIEW
botmaker-rules/scarecrow/derived-feature/GetTweetCardOrEmptyObject.df,botmaker-rules,schema_or_dsl,34,819,UNREVIEWED,D11;D17,NO,NO,NO,NO,0,,,D11,D17,HIGH,FULL_SOURCE_REVIEW
botmaker-rules/scarecrow/derived-feature/GetTweetFullText.df,botmaker-rules,schema_or_dsl,10,358,UNREVIEWED,D11;D17,NO,NO,NO,NO,0,,,D11,D17,HIGH,FULL_SOURCE_REVIEW
botmaker-rules/scarecrow/derived-feature/GetTweetLabelInfoFromURL.df,botmaker-rules,schema_or_dsl,30,1002,UNREVIEWED,D11;D17,NO,NO,NO,NO,0,,,D11,D17,HIGH,FULL_SOURCE_REVIEW
botmaker-rules/scarecrow/derived-feature/GetTweetOrNull.df,botmaker-rules,schema_or_dsl,6,171,UNREVIEWED,D11;D17,NO,NO,NO,NO,0,,,D11,D17,HIGH,FULL_SOURCE_REVIEW
botmaker-rules/scarecrow/derived-feature/GetUrlResolutionChains.df,botmaker-rules,schema_or_dsl,12,320,UNREVIEWED,D11;D17,NO,NO,NO,NO,0,,,D11,D17,HIGH,FULL_SOURCE_REVIEW
botmaker-rules/scarecrow/derived-feature/GetUserLabels.df,botmaker-rules,schema_or_dsl,17,435,UNREVIEWED,D11;D17,NO,NO,NO,NO,0,,,D11,D17,HIGH,FULL_SOURCE_REVIEW
botmaker-rules/scarecrow/derived-feature/GetUserPinnedTweetIds.df,botmaker-rules,schema_or_dsl,12,325,UNREVIEWED,D11;D17,NO,NO,NO,NO,0,,,D11,D17,HIGH,FULL_SOURCE_REVIEW
botmaker-rules/scarecrow/derived-feature/GetVerifiedFollowers.df,botmaker-rules,schema_or_dsl,12,296,UNREVIEWED,D11;D17,NO,NO,NO,NO,0,,,D11,D17,HIGH,FULL_SOURCE_REVIEW
botmaker-rules/scarecrow/derived-feature/HasBigQuerytoBotmakerLabel.df,botmaker-rules,schema_or_dsl,5,165,UNREVIEWED,D11;D17,NO,NO,NO,NO,0,,,D11,D17,HIGH,FULL_SOURCE_REVIEW
botmaker-rules/scarecrow/derived-feature/HasLabel.df,botmaker-rules,schema_or_dsl,5,144,UNREVIEWED,D11;D17,NO,NO,NO,NO,0,,,D11,D17,HIGH,FULL_SOURCE_REVIEW
botmaker-rules/scarecrow/derived-feature/HasRemediationFatigueLabel.df,botmaker-rules,schema_or_dsl,7,183,UNREVIEWED,D11;D17,NO,NO,NO,NO,0,,,D11,D17,HIGH,FULL_SOURCE_REVIEW
botmaker-rules/scarecrow/derived-feature/HighPageRankThreshold.df,botmaker-rules,schema_or_dsl,4,66,UNREVIEWED,D11;D17,NO,NO,NO,NO,0,,,D11,D17,HIGH,FULL_SOURCE_REVIEW
botmaker-rules/scarecrow/derived-feature/IsHighPageRankUser.df,botmaker-rules,schema_or_dsl,30,1195,UNREVIEWED,D11;D17,NO,NO,NO,NO,0,,,D11,D17,HIGH,FULL_SOURCE_REVIEW
botmaker-rules/scarecrow/derived-feature/IsHighPrecisionNsfw.df,botmaker-rules,schema_or_dsl,10,236,UNREVIEWED,D11;D17,NO,NO,NO,NO,0,,,D11,D17,HIGH,FULL_SOURCE_REVIEW
botmaker-rules/scarecrow/derived-feature/IsHighPrecisionNsfwNewModelLogic.df,botmaker-rules,schema_or_dsl,7,217,UNREVIEWED,D11;D17,NO,NO,NO,NO,0,,,D11,D17,HIGH,FULL_SOURCE_REVIEW
botmaker-rules/scarecrow/derived-feature/IsHighRecallNsfw.df,botmaker-rules,schema_or_dsl,10,230,UNREVIEWED,D11;D17,NO,NO,NO,NO,0,,,D11,D17,HIGH,FULL_SOURCE_REVIEW
botmaker-rules/scarecrow/derived-feature/IsHighRecallNsfwNewModelLogic.df,botmaker-rules,schema_or_dsl,12,446,UNREVIEWED,D11;D17,NO,NO,NO,NO,0,,,D11,D17,HIGH,FULL_SOURCE_REVIEW
botmaker-rules/scarecrow/derived-feature/IsNearPerfectNsfw.df,botmaker-rules,schema_or_dsl,10,232,UNREVIEWED,D11;D17,NO,NO,NO,NO,0,,,D11,D17,HIGH,FULL_SOURCE_REVIEW
botmaker-rules/scarecrow/derived-feature/IsNearPerfectNsfwNewModelLogic.df,botmaker-rules,schema_or_dsl,7,215,UNREVIEWED,D11;D17,NO,NO,NO,NO,0,,,D11,D17,HIGH,FULL_SOURCE_REVIEW
botmaker-rules/scarecrow/derived-feature/IsTweetFound.df,botmaker-rules,schema_or_dsl,7,150,UNREVIEWED,D11;D17,NO,NO,NO,NO,0,,,D11,D17,HIGH,FULL_SOURCE_REVIEW
botmaker-rules/scarecrow/derived-feature/IsUserGoldVerified.df,botmaker-rules,schema_or_dsl,13,264,UNREVIEWED,D11;D17,NO,NO,NO,NO,0,,,D11,D17,HIGH,FULL_SOURCE_REVIEW
botmaker-rules/scarecrow/derived-feature/IsUserGrayVerified.df,botmaker-rules,schema_or_dsl,13,266,UNREVIEWED,D11;D17,NO,NO,NO,NO,0,,,D11,D17,HIGH,FULL_SOURCE_REVIEW
botmaker-rules/scarecrow/derived-feature/OneDayInMillis.df,botmaker-rules,schema_or_dsl,4,77,UNREVIEWED,D11;D17,NO,NO,NO,NO,0,,,D11,D17,HIGH,FULL_SOURCE_REVIEW
botmaker-rules/scarecrow/derived-feature/OneDayInSecs.df,botmaker-rules,schema_or_dsl,4,74,UNREVIEWED,D11;D17,NO,NO,NO,NO,0,,,D11,D17,HIGH,FULL_SOURCE_REVIEW
botmaker-rules/scarecrow/derived-feature/OneMinuteInSecs.df,botmaker-rules,schema_or_dsl,4,71,UNREVIEWED,D11;D17,NO,NO,NO,NO,0,,,D11,D17,HIGH,FULL_SOURCE_REVIEW
botmaker-rules/scarecrow/derived-feature/OneWeekInSecs.df,botmaker-rules,schema_or_dsl,4,75,UNREVIEWED,D11;D17,NO,NO,NO,NO,0,,,D11,D17,HIGH,FULL_SOURCE_REVIEW
botmaker-rules/scarecrow/derived-feature/RULE_ID.df,botmaker-rules,schema_or_dsl,4,72,UNREVIEWED,D11;D17,NO,NO,NO,NO,0,,,D11,D17,HIGH,FULL_SOURCE_REVIEW
botmaker-rules/scarecrow/derived-feature/RemediationFatigueLabel.df,botmaker-rules,schema_or_dsl,4,95,UNREVIEWED,D11;D17,NO,NO,NO,NO,0,,,D11,D17,HIGH,FULL_SOURCE_REVIEW
botmaker-rules/scarecrow/derived-feature/SetBigQuerytoBotmakerLabel.df,botmaker-rules,schema_or_dsl,5,213,UNREVIEWED,D11;D17,NO,NO,NO,NO,0,,,D11,D17,HIGH,FULL_SOURCE_REVIEW
botmaker-rules/scarecrow/derived-feature/SetRemediationFatigueLabel.df,botmaker-rules,schema_or_dsl,14,297,UNREVIEWED,D11;D17,NO,NO,NO,NO,0,,,D11,D17,HIGH,FULL_SOURCE_REVIEW
botmaker-rules/scarecrow/derived-feature/SetTweetRtfApplyLabelWithExpirationMs.df,botmaker-rules,schema_or_dsl,22,490,UNREVIEWED,D11;D17,NO,NO,NO,NO,0,,,D11,D17,HIGH,FULL_SOURCE_REVIEW
botmaker-rules/scarecrow/derived-feature/SevenDaysInSecs.df,botmaker-rules,schema_or_dsl,4,75,UNREVIEWED,D11;D17,NO,NO,NO,NO,0,,,D11,D17,HIGH,FULL_SOURCE_REVIEW
botmaker-rules/scarecrow/derived-feature/SpammerIdString.df,botmaker-rules,schema_or_dsl,4,87,UNREVIEWED,D11;D17,NO,NO,NO,NO,0,,,D11,D17,HIGH,FULL_SOURCE_REVIEW
botmaker-rules/scarecrow/derived-feature/StringIdListToLongList.df,botmaker-rules,schema_or_dsl,5,201,UNREVIEWED,D11;D17,NO,NO,NO,NO,0,,,D11,D17,HIGH,FULL_SOURCE_REVIEW
botmaker-rules/scarecrow/derived-feature/SubLongList.df,botmaker-rules,schema_or_dsl,16,448,UNREVIEWED,D11;D17,NO,NO,NO,NO,0,,,D11,D17,HIGH,FULL_SOURCE_REVIEW
botmaker-rules/scarecrow/derived-feature/ThirtyDaysInSecs.df,botmaker-rules,schema_or_dsl,4,76,UNREVIEWED,D11;D17,NO,NO,NO,NO,0,,,D11,D17,HIGH,FULL_SOURCE_REVIEW
botmaker-rules/scarecrow/derived-feature/TwitterSafetyUserId.df,botmaker-rules,schema_or_dsl,6,87,UNREVIEWED,D11;D17,NO,NO,NO,NO,0,,,D11,D17,HIGH,FULL_SOURCE_REVIEW
candidate-pipeline/candidate_pipeline.rs,candidate-pipeline,source,426,15397,UNREVIEWED,D01;D16,NO,NO,NO,NO,0,,,D01,D16,HIGH,FULL_SOURCE_REVIEW
candidate-pipeline/filter.rs,candidate-pipeline,source,74,2367,UNREVIEWED,D01;D16,NO,NO,NO,NO,0,,,D01,D16,HIGH,FULL_SOURCE_REVIEW
candidate-pipeline/hydrator.rs,candidate-pipeline,source,196,6548,UNREVIEWED,D01;D16,NO,NO,NO,NO,0,,,D01,D16,HIGH,FULL_SOURCE_REVIEW
candidate-pipeline/lib.rs,candidate-pipeline,source,15,390,UNREVIEWED,D01;D16,NO,NO,NO,NO,0,,,D01,D16,HIGH,FULL_SOURCE_REVIEW
candidate-pipeline/pipeline_summary.rs,candidate-pipeline,source,229,6604,UNREVIEWED,D01;D16,NO,NO,NO,NO,0,,,D01,D16,HIGH,FULL_SOURCE_REVIEW
candidate-pipeline/query_hydrator.rs,candidate-pipeline,source,41,1151,UNREVIEWED,D01;D16,NO,NO,NO,NO,0,,,D01,D16,HIGH,FULL_SOURCE_REVIEW
candidate-pipeline/scorer.rs,candidate-pipeline,source,61,1865,UNREVIEWED,D01;D16,NO,NO,NO,NO,0,,,D01,D16,HIGH,FULL_SOURCE_REVIEW
candidate-pipeline/selector.rs,candidate-pipeline,source,109,3252,UNREVIEWED,D01;D16,NO,NO,NO,NO,0,,,D01,D16,HIGH,FULL_SOURCE_REVIEW
candidate-pipeline/side_effect.rs,candidate-pipeline,source,34,851,UNREVIEWED,D01;D16;D18,NO,NO,NO,NO,0,,,D01,D16;D18,HIGH,FULL_SOURCE_REVIEW
candidate-pipeline/source.rs,candidate-pipeline,source,46,1389,UNREVIEWED,D01;D16,NO,NO,NO,NO,0,,,D01,D16,HIGH,FULL_SOURCE_REVIEW
candidate-pipeline/util.rs,candidate-pipeline,source,3,108,UNREVIEWED,D01;D16,NO,NO,NO,NO,0,,,D01,D16,HIGH,FULL_SOURCE_REVIEW
clip/BUILD,clip,config_or_build,115,3191,UNREVIEWED,D09;D19,NO,NO,NO,NO,0,,,D09,D19,HIGH,REPRO_BUILD_REVIEW
clip/config.py,clip,source,35,1076,UNREVIEWED,D09;D17,NO,NO,NO,NO,0,,,D09,D17,HIGH,FULL_SOURCE_REVIEW
clip/datasets/language_image_dataset.py,clip,source,82,2951,UNREVIEWED,D09;D15,NO,NO,NO,NO,0,,,D09,D15,HIGH,FULL_SOURCE_REVIEW
clip/datasets/media_cache_dataset.py,clip,source,117,3873,UNREVIEWED,D09;D15,NO,NO,NO,NO,0,,,D09,D15,HIGH,FULL_SOURCE_REVIEW
clip/keras_model.py,clip,source,155,5177,UNREVIEWED,D09,NO,NO,NO,NO,0,,,D09,,HIGH,FULL_SOURCE_REVIEW
clip/model.py,clip,source,359,13265,UNREVIEWED,D09,NO,NO,NO,NO,0,,,D09,,HIGH,FULL_SOURCE_REVIEW
clip/modules.py,clip,source,81,2702,UNREVIEWED,D09,NO,NO,NO,NO,0,,,D09,,HIGH,FULL_SOURCE_REVIEW
clip/notebooks/BUILD,clip,config_or_build,9,411,UNREVIEWED,D09;D15;D19,NO,NO,NO,NO,0,,,D09,D15;D19,HIGH,REPRO_BUILD_REVIEW
clip/notebooks/create_bq_language_image_dataset.ipynb,clip,other,225,7560,UNREVIEWED,D09;D15;D19,NO,NO,NO,NO,0,,,D09,D15;D19,HIGH,EXAMPLE_REFERENCE_REVIEW
clip/notebooks/create_gcs_language_image_dataset.ipynb,clip,other,210,5800,UNREVIEWED,D09;D15;D19,NO,NO,NO,NO,0,,,D09,D15;D19,HIGH,EXAMPLE_REFERENCE_REVIEW
clip/notebooks/gcs_lifecycle_config.json,clip,config_or_build,9,101,UNREVIEWED,D09;D15;D17;D19,NO,NO,NO,NO,0,,,D09,D15;D17;D19,HIGH,EXAMPLE_REFERENCE_REVIEW
clip/notebooks/media_embeddings_dataflow.ipynb,clip,other,636,21359,UNREVIEWED,D09;D15;D19,NO,NO,NO,NO,0,,,D09,D15;D19,HIGH,EXAMPLE_REFERENCE_REVIEW
clip/scripts/BUILD,clip,config_or_build,24,734,UNREVIEWED,D09;D19,NO,NO,NO,NO,0,,,D09,D19,HIGH,REPRO_BUILD_REVIEW
clip/scripts/export_dbv2_image_model.py,clip,source,64,1688,UNREVIEWED,D09,NO,NO,NO,NO,0,,,D09,,HIGH,FULL_SOURCE_REVIEW
clip/scripts/export_keras_models.py,clip,source,74,2144,UNREVIEWED,D09,NO,NO,NO,NO,0,,,D09,,HIGH,FULL_SOURCE_REVIEW
clip/training.py,clip,source,242,7627,UNREVIEWED,D09;D15,NO,NO,NO,NO,0,,,D09,D15,HIGH,FULL_SOURCE_REVIEW
clip/utils/data_utils.py,clip,source,284,8420,UNREVIEWED,D09,NO,NO,NO,NO,0,,,D09,,HIGH,FULL_SOURCE_REVIEW
clip/utils/io_utils.py,clip,source,52,1431,UNREVIEWED,D09,NO,NO,NO,NO,0,,,D09,,HIGH,FULL_SOURCE_REVIEW
clip/utils/model_utils.py,clip,source,31,878,UNREVIEWED,D09,NO,NO,NO,NO,0,,,D09,,HIGH,FULL_SOURCE_REVIEW
clip/utils/train_utils.py,clip,source,52,1558,UNREVIEWED,D09;D15,NO,NO,NO,NO,0,,,D09,D15,HIGH,FULL_SOURCE_REVIEW
docs/BIDIRECTIONAL_BOOST_CHANGE.md,docs,documentation,495,19293,UNREVIEWED,D00;D05;D17,NO,NO,NO,NO,0,,,D00,D05;D17,HIGH,DOC_CONTEXT_VERIFY_AGAINST_CODE
grox/config/config.py,grox,config_or_build,268,8265,UNREVIEWED,D09;D16;D17,NO,NO,NO,NO,0,,,D09,D16;D17,HIGH,FULL_SOURCE_REVIEW
grox/core/__init__.py,grox,source,0,0,UNREVIEWED,D09;D16,NO,NO,NO,NO,0,,,D09,D16,HIGH,FULL_SOURCE_REVIEW
grox/core/clients/nightowl_client.py,grox,source,81,2574,UNREVIEWED,D09;D16,NO,NO,NO,NO,0,,,D09,D16,HIGH,FULL_SOURCE_REVIEW
grox/core/constants.py,grox,source,2,70,UNREVIEWED,D09;D16,NO,NO,NO,NO,0,,,D09,D16,HIGH,FULL_SOURCE_REVIEW
grox/core/data_loaders/asr_processor.py,grox,source,381,13590,UNREVIEWED,D09;D16,NO,NO,NO,NO,0,,,D09,D16,HIGH,FULL_SOURCE_REVIEW
grox/core/data_loaders/data_types.py,grox,source,849,30784,UNREVIEWED,D09;D16,NO,NO,NO,NO,0,,,D09,D16,HIGH,FULL_SOURCE_REVIEW
grox/core/data_loaders/descendant_hydrator.py,grox,source,41,1390,UNREVIEWED,D09;D16,NO,NO,NO,NO,0,,,D09,D16,HIGH,FULL_SOURCE_REVIEW
grox/core/data_loaders/descendant_id_provider.py,grox,source,27,992,UNREVIEWED,D09;D16,NO,NO,NO,NO,0,,,D09,D16,HIGH,FULL_SOURCE_REVIEW
grox/core/data_loaders/kafka_loader.py,grox,source,227,8722,UNREVIEWED,D09;D16,NO,NO,NO,NO,0,,,D09,D16,HIGH,FULL_SOURCE_REVIEW
grox/core/data_loaders/media_loader.py,grox,source,583,24111,UNREVIEWED,D09;D16,NO,NO,NO,NO,0,,,D09,D16,HIGH,FULL_SOURCE_REVIEW
grox/core/data_loaders/media_processor.py,grox,source,208,7644,UNREVIEWED,D09;D16,NO,NO,NO,NO,0,,,D09,D16,HIGH,FULL_SOURCE_REVIEW
grox/core/data_loaders/message_queue_loader.py,grox,source,36,790,UNREVIEWED,D09;D16,NO,NO,NO,NO,0,,,D09,D16,HIGH,FULL_SOURCE_REVIEW
grox/core/data_loaders/post_mapper.py,grox,source,387,14615,UNREVIEWED,D09;D16,NO,NO,NO,NO,0,,,D09,D16,HIGH,FULL_SOURCE_REVIEW
grox/core/data_loaders/strato_loader.py,grox,source,136,4926,UNREVIEWED,D09;D16,NO,NO,NO,NO,0,,,D09,D16,HIGH,FULL_SOURCE_REVIEW
grox/core/dispatcher.py,grox,source,209,8318,UNREVIEWED,D09;D16,NO,NO,NO,NO,0,,,D09,D16,HIGH,FULL_SOURCE_REVIEW
grox/core/engine.py,grox,source,173,6805,UNREVIEWED,D09;D16,NO,NO,NO,NO,0,,,D09,D16,HIGH,FULL_SOURCE_REVIEW
grox/core/generators/__init__.py,grox,source,0,0,UNREVIEWED,D09;D16,NO,NO,NO,NO,0,,,D09,D16,HIGH,FULL_SOURCE_REVIEW
grox/core/generators/registry.py,grox,source,36,1217,UNREVIEWED,D09;D16,NO,NO,NO,NO,0,,,D09,D16,HIGH,FULL_SOURCE_REVIEW
grox/core/generators/stream_generator.py,grox,source,48,1555,UNREVIEWED,D09;D16,NO,NO,NO,NO,0,,,D09,D16,HIGH,FULL_SOURCE_REVIEW
grox/core/generators/task_generator.py,grox,source,166,6318,UNREVIEWED,D09;D16,NO,NO,NO,NO,0,,,D09,D16,HIGH,FULL_SOURCE_REVIEW
grox/core/lib/utils.py,grox,source,12,434,UNREVIEWED,D09;D16,NO,NO,NO,NO,0,,,D09,D16,HIGH,FULL_SOURCE_REVIEW
grox/core/lm/convo.py,grox,source,393,14252,UNREVIEWED,D09;D16,NO,NO,NO,NO,0,,,D09,D16,HIGH,FULL_SOURCE_REVIEW
grox/core/lm/post.py,grox,source,176,7094,UNREVIEWED,D09;D16,NO,NO,NO,NO,0,,,D09,D16,HIGH,FULL_SOURCE_REVIEW
grox/core/lm/thread.py,grox,source,86,3390,UNREVIEWED,D09;D16,NO,NO,NO,NO,0,,,D09,D16,HIGH,FULL_SOURCE_REVIEW
grox/core/lm/user.py,grox,source,50,1971,UNREVIEWED,D09;D16,NO,NO,NO,NO,0,,,D09,D16,HIGH,FULL_SOURCE_REVIEW
grox/core/loading.py,grox,source,66,2167,UNREVIEWED,D09;D16,NO,NO,NO,NO,0,,,D09,D16,HIGH,FULL_SOURCE_REVIEW
grox/core/plans/__init__.py,grox,source,0,0,UNREVIEWED,D09;D16;D11,NO,NO,NO,NO,0,,,D09,D16;D11,HIGH,FULL_SOURCE_REVIEW
grox/core/plans/plan.py,grox,source,103,3957,UNREVIEWED,D09;D16;D11,NO,NO,NO,NO,0,,,D09,D16;D11,HIGH,FULL_SOURCE_REVIEW
grox/core/plans/plan_master.py,grox,source,42,1564,UNREVIEWED,D09;D16;D11,NO,NO,NO,NO,0,,,D09,D16;D11,HIGH,FULL_SOURCE_REVIEW
grox/core/plans/registry.py,grox,source,15,412,UNREVIEWED,D09;D16;D11,NO,NO,NO,NO,0,,,D09,D16;D11,HIGH,FULL_SOURCE_REVIEW
grox/core/processors.py,grox,source,47,1276,UNREVIEWED,D09;D16,NO,NO,NO,NO,0,,,D09,D16,HIGH,FULL_SOURCE_REVIEW
grox/core/registry.py,grox,source,17,745,UNREVIEWED,D09;D16,NO,NO,NO,NO,0,,,D09,D16,HIGH,FULL_SOURCE_REVIEW
grox/core/schedules/context.py,grox,source,45,1155,UNREVIEWED,D09;D16,NO,NO,NO,NO,0,,,D09,D16,HIGH,FULL_SOURCE_REVIEW
grox/core/schedules/init.py,grox,source,40,1185,UNREVIEWED,D09;D16,NO,NO,NO,NO,0,,,D09,D16,HIGH,FULL_SOURCE_REVIEW
grox/core/schedules/types.py,grox,source,56,1491,UNREVIEWED,D09;D16,NO,NO,NO,NO,0,,,D09,D16,HIGH,FULL_SOURCE_REVIEW
grox/core/services/__init__.py,grox,source,0,0,UNREVIEWED,D09;D16,NO,NO,NO,NO,0,,,D09,D16,HIGH,FULL_SOURCE_REVIEW
grox/core/services/registry.py,grox,source,29,702,UNREVIEWED,D09;D16,NO,NO,NO,NO,0,,,D09,D16,HIGH,FULL_SOURCE_REVIEW
grox/core/services/service.py,grox,source,58,2175,UNREVIEWED,D09;D16,NO,NO,NO,NO,0,,,D09,D16,HIGH,FULL_SOURCE_REVIEW
grox/core/tasks/disable_rules.py,grox,source,24,561,UNREVIEWED,D09;D16;D11,NO,NO,NO,NO,0,,,D09,D16;D11,HIGH,FULL_SOURCE_REVIEW
grox/core/tasks/task.py,grox,source,117,3730,UNREVIEWED,D09;D16;D11,NO,NO,NO,NO,0,,,D09,D16;D11,HIGH,FULL_SOURCE_REVIEW
grox/core/tasks/task_asr.py,grox,source,151,5989,UNREVIEWED,D09;D16;D11,NO,NO,NO,NO,0,,,D09,D16;D11,HIGH,FULL_SOURCE_REVIEW
grox/core/tasks/task_filters.py,grox,source,35,980,UNREVIEWED,D09;D16;D11,NO,NO,NO,NO,0,,,D09,D16;D11,HIGH,FULL_SOURCE_REVIEW
grox/core/tasks/task_load_post.py,grox,source,15,595,UNREVIEWED,D09;D16;D11,NO,NO,NO,NO,0,,,D09,D16;D11,HIGH,FULL_SOURCE_REVIEW
grox/core/tasks/task_media.py,grox,source,13,560,UNREVIEWED,D09;D16;D11,NO,NO,NO,NO,0,,,D09,D16;D11,HIGH,FULL_SOURCE_REVIEW
grox/core/tasks/task_rate_limit.py,grox,source,59,1782,UNREVIEWED,D09;D16;D11,NO,NO,NO,NO,0,,,D09,D16;D11,HIGH,FULL_SOURCE_REVIEW
grox/flows/mm_emb/__init__.py,grox,source,0,0,UNREVIEWED,D09;D16;D11,NO,NO,NO,NO,0,,,D09,D16;D11,HIGH,FULL_SOURCE_REVIEW
grox/flows/mm_emb/constants.py,grox,source,17,1011,UNREVIEWED,D09;D16;D11,NO,NO,NO,NO,0,,,D09,D16;D11,HIGH,FULL_SOURCE_REVIEW
grox/flows/mm_emb/disable_rules.py,grox,source,11,376,UNREVIEWED,D09;D16;D11,NO,NO,NO,NO,0,,,D09,D16;D11,HIGH,FULL_SOURCE_REVIEW
grox/flows/mm_emb/embedder.py,grox,source,116,4372,UNREVIEWED,D09;D16;D11,NO,NO,NO,NO,0,,,D09,D16;D11,HIGH,FULL_SOURCE_REVIEW
grox/flows/mm_emb/embedder_v82.py,grox,source,114,4268,UNREVIEWED,D09;D16;D11,NO,NO,NO,NO,0,,,D09,D16;D11,HIGH,FULL_SOURCE_REVIEW
grox/flows/mm_emb/generators.py,grox,source,77,2563,UNREVIEWED,D09;D16;D11,NO,NO,NO,NO,0,,,D09,D16;D11,HIGH,FULL_SOURCE_REVIEW
grox/flows/mm_emb/plan_post_embedding_v5.py,grox,source,37,1517,UNREVIEWED,D09;D16;D11,NO,NO,NO,NO,0,,,D09,D16;D11,HIGH,FULL_SOURCE_REVIEW
grox/flows/mm_emb/plan_post_embedding_v5_for_reply.py,grox,source,35,1571,UNREVIEWED,D09;D16;D11,NO,NO,NO,NO,0,,,D09,D16;D11,HIGH,FULL_SOURCE_REVIEW
grox/flows/mm_emb/plan_post_embedding_v82.py,grox,source,32,1304,UNREVIEWED,D09;D16;D11,NO,NO,NO,NO,0,,,D09,D16;D11,HIGH,FULL_SOURCE_REVIEW
grox/flows/mm_emb/plan_post_embedding_v82_for_reply.py,grox,source,35,1588,UNREVIEWED,D09;D16;D11,NO,NO,NO,NO,0,,,D09,D16;D11,HIGH,FULL_SOURCE_REVIEW
grox/flows/mm_emb/renderer.py,grox,source,195,6465,UNREVIEWED,D09;D16;D11,NO,NO,NO,NO,0,,,D09,D16;D11,HIGH,FULL_SOURCE_REVIEW
grox/flows/mm_emb/renderer_v82.py,grox,source,372,11770,UNREVIEWED,D09;D16;D11,NO,NO,NO,NO,0,,,D09,D16;D11,HIGH,FULL_SOURCE_REVIEW
grox/flows/mm_emb/state.py,grox,source,6,159,UNREVIEWED,D09;D16;D11,NO,NO,NO,NO,0,,,D09,D16;D11,HIGH,FULL_SOURCE_REVIEW
grox/flows/mm_emb/task_embedding_pub.py,grox,source,56,1875,UNREVIEWED,D09;D16;D11,NO,NO,NO,NO,0,,,D09,D16;D11,HIGH,FULL_SOURCE_REVIEW
grox/flows/mm_emb/task_filter.py,grox,source,50,1875,UNREVIEWED,D09;D16;D11,NO,NO,NO,NO,0,,,D09,D16;D11,HIGH,FULL_SOURCE_REVIEW
grox/flows/mm_emb/task_multimodal_post_embedding.py,grox,source,77,3311,UNREVIEWED,D09;D16;D11,NO,NO,NO,NO,0,,,D09,D16;D11,HIGH,FULL_SOURCE_REVIEW
grox/flows/mm_emb/task_rate_limit.py,grox,source,23,697,UNREVIEWED,D09;D16;D11,NO,NO,NO,NO,0,,,D09,D16;D11,HIGH,FULL_SOURCE_REVIEW
grox/flows/mm_emb/task_write_mm_embedding_sink.py,grox,source,160,5829,UNREVIEWED,D09;D16;D11,NO,NO,NO,NO,0,,,D09,D16;D11,HIGH,FULL_SOURCE_REVIEW
grox/flows/ptos/__init__.py,grox,source,0,0,UNREVIEWED,D09;D16;D11,NO,NO,NO,NO,0,,,D09,D16;D11,HIGH,FULL_SOURCE_REVIEW
grox/flows/ptos/classifier.py,grox,source,543,21408,UNREVIEWED,D09;D16;D11,NO,NO,NO,NO,0,,,D09,D16;D11,HIGH,FULL_SOURCE_REVIEW
grox/flows/ptos/constants.py,grox,source,25,1121,UNREVIEWED,D09;D16;D11,NO,NO,NO,NO,0,,,D09,D16;D11,HIGH,FULL_SOURCE_REVIEW
grox/flows/ptos/disable_rules.py,grox,source,11,369,UNREVIEWED,D09;D16;D11,NO,NO,NO,NO,0,,,D09,D16;D11,HIGH,FULL_SOURCE_REVIEW
grox/flows/ptos/generators.py,grox,source,90,2858,UNREVIEWED,D09;D16;D11,NO,NO,NO,NO,0,,,D09,D16;D11,HIGH,FULL_SOURCE_REVIEW
grox/flows/ptos/kafka_loader.py,grox,source,49,1790,UNREVIEWED,D09;D16;D11,NO,NO,NO,NO,0,,,D09,D16;D11,HIGH,FULL_SOURCE_REVIEW
grox/flows/ptos/mode.py,grox,source,28,869,UNREVIEWED,D09;D16;D11,NO,NO,NO,NO,0,,,D09,D16;D11,HIGH,FULL_SOURCE_REVIEW
grox/flows/ptos/plan_safety_ptos.py,grox,source,48,2296,UNREVIEWED,D09;D16;D11,NO,NO,NO,NO,0,,,D09,D16;D11,HIGH,FULL_SOURCE_REVIEW
grox/flows/ptos/plan_safety_ptos_live_cluster_anchors.py,grox,source,38,1823,UNREVIEWED,D09;D16;D11,NO,NO,NO,NO,0,,,D09,D16;D11,HIGH,FULL_SOURCE_REVIEW
grox/flows/ptos/plan_safety_ptos_realtime_with_signals.py,grox,source,32,1511,UNREVIEWED,D09;D16;D11,NO,NO,NO,NO,0,,,D09,D16;D11,HIGH,FULL_SOURCE_REVIEW
grox/flows/ptos/prompts.py,grox,source,57,1472,UNREVIEWED,D09;D16;D11,NO,NO,NO,NO,0,,,D09,D16;D11,HIGH,FULL_SOURCE_REVIEW
grox/flows/ptos/state.py,grox,source,125,4661,UNREVIEWED,D09;D16;D11,NO,NO,NO,NO,0,,,D09,D16;D11,HIGH,FULL_SOURCE_REVIEW
grox/flows/ptos/task_filter.py,grox,source,86,3239,UNREVIEWED,D09;D16;D11,NO,NO,NO,NO,0,,,D09,D16;D11,HIGH,FULL_SOURCE_REVIEW
grox/flows/ptos/task_ptos_spam_detection.py,grox,source,62,2399,UNREVIEWED,D09;D16;D11,NO,NO,NO,NO,0,,,D09,D16;D11,HIGH,FULL_SOURCE_REVIEW
grox/flows/ptos/task_rate_limit.py,grox,source,35,1301,UNREVIEWED,D09;D16;D11,NO,NO,NO,NO,0,,,D09,D16;D11,HIGH,FULL_SOURCE_REVIEW
grox/flows/ptos/task_safety_ptos_category.py,grox,source,83,3396,UNREVIEWED,D09;D16;D11,NO,NO,NO,NO,0,,,D09,D16;D11,HIGH,FULL_SOURCE_REVIEW
grox/flows/ptos/task_safety_ptos_min_traction_dedupe_filter.py,grox,source,65,2476,UNREVIEWED,D09;D16;D11,NO,NO,NO,NO,0,,,D09,D16;D11,HIGH,FULL_SOURCE_REVIEW
grox/flows/ptos/task_safety_ptos_policy.py,grox,source,174,6746,UNREVIEWED,D09;D16;D11,NO,NO,NO,NO,0,,,D09,D16;D11,HIGH,FULL_SOURCE_REVIEW
grox/flows/ptos/task_safety_ptos_safemodel_sex_nudity.py,grox,source,277,10862,UNREVIEWED,D09;D16;D11,NO,NO,NO,NO,0,,,D09,D16;D11,HIGH,FULL_SOURCE_REVIEW
grox/flows/ptos/task_write_live_cluster_anchor_verdict_sink.py,grox,source,183,6504,UNREVIEWED,D09;D16;D11,NO,NO,NO,NO,0,,,D09,D16;D11,HIGH,FULL_SOURCE_REVIEW
grox/flows/ptos/task_write_safety_post_annotations_result_sink.py,grox,source,499,20901,UNREVIEWED,D09;D16;D11,NO,NO,NO,NO,0,,,D09,D16;D11,HIGH,FULL_SOURCE_REVIEW
grox/flows/reply_spam/__init__.py,grox,source,0,0,UNREVIEWED,D09;D16;D11,NO,NO,NO,NO,0,,,D09,D16;D11,HIGH,FULL_SOURCE_REVIEW
grox/flows/reply_spam/classifier_coordinated_spam.py,grox,source,218,8342,UNREVIEWED,D09;D16;D11,NO,NO,NO,NO,0,,,D09,D16;D11,HIGH,FULL_SOURCE_REVIEW
grox/flows/reply_spam/classifier_reply_ranking.py,grox,source,171,6401,UNREVIEWED,D09;D16;D11,NO,NO,NO,NO,0,,,D09,D16;D11,HIGH,FULL_SOURCE_REVIEW
grox/flows/reply_spam/classifier_simple_reply_scorer.py,grox,source,30,1247,UNREVIEWED,D09;D16;D11,NO,NO,NO,NO,0,,,D09,D16;D11,HIGH,FULL_SOURCE_REVIEW
grox/flows/reply_spam/constants.py,grox,source,5,246,UNREVIEWED,D09;D16;D11,NO,NO,NO,NO,0,,,D09,D16;D11,HIGH,FULL_SOURCE_REVIEW
grox/flows/reply_spam/generators.py,grox,source,34,1101,UNREVIEWED,D09;D16;D11,NO,NO,NO,NO,0,,,D09,D16;D11,HIGH,FULL_SOURCE_REVIEW
grox/flows/reply_spam/plan_coordinated_spam.py,grox,source,32,1393,UNREVIEWED,D09;D16;D11,NO,NO,NO,NO,0,,,D09,D16;D11,HIGH,FULL_SOURCE_REVIEW
grox/flows/reply_spam/plan_reply_ranking.py,grox,source,30,1237,UNREVIEWED,D09;D16;D11,NO,NO,NO,NO,0,,,D09,D16;D11,HIGH,FULL_SOURCE_REVIEW
grox/flows/reply_spam/plan_spam_comment.py,grox,source,30,1189,UNREVIEWED,D09;D16;D11,NO,NO,NO,NO,0,,,D09,D16;D11,HIGH,FULL_SOURCE_REVIEW
grox/flows/reply_spam/prompts.py,grox,source,30,947,UNREVIEWED,D09;D16;D11,NO,NO,NO,NO,0,,,D09,D16;D11,HIGH,FULL_SOURCE_REVIEW
grox/flows/reply_spam/state_coordinated_spam.py,grox,source,13,284,UNREVIEWED,D09;D16;D11,NO,NO,NO,NO,0,,,D09,D16;D11,HIGH,FULL_SOURCE_REVIEW
grox/flows/reply_spam/state_reply_ranking.py,grox,source,13,217,UNREVIEWED,D09;D16;D11,NO,NO,NO,NO,0,,,D09,D16;D11,HIGH,FULL_SOURCE_REVIEW
grox/flows/reply_spam/strato_loader.py,grox,source,32,935,UNREVIEWED,D09;D16;D11,NO,NO,NO,NO,0,,,D09,D16;D11,HIGH,FULL_SOURCE_REVIEW
grox/flows/reply_spam/task_coordinated_spam.py,grox,source,48,1952,UNREVIEWED,D09;D16;D11,NO,NO,NO,NO,0,,,D09,D16;D11,HIGH,FULL_SOURCE_REVIEW
grox/flows/reply_spam/task_filter.py,grox,source,248,9972,UNREVIEWED,D09;D16;D11,NO,NO,NO,NO,0,,,D09,D16;D11,HIGH,FULL_SOURCE_REVIEW
grox/flows/reply_spam/task_rank_replies.py,grox,source,31,1277,UNREVIEWED,D09;D16;D11,NO,NO,NO,NO,0,,,D09,D16;D11,HIGH,FULL_SOURCE_REVIEW
grox/flows/reply_spam/task_rate_limit.py,grox,source,18,585,UNREVIEWED,D09;D16;D11,NO,NO,NO,NO,0,,,D09,D16;D11,HIGH,FULL_SOURCE_REVIEW
grox/flows/reply_spam/task_spam_detection.py,grox,source,54,2193,UNREVIEWED,D09;D16;D11,NO,NO,NO,NO,0,,,D09,D16;D11,HIGH,FULL_SOURCE_REVIEW
grox/flows/reply_spam/task_write.py,grox,source,193,7021,UNREVIEWED,D09;D16;D11,NO,NO,NO,NO,0,,,D09,D16;D11,HIGH,FULL_SOURCE_REVIEW
grox/flows/upa/__init__.py,grox,source,0,0,UNREVIEWED,D09;D16;D11,NO,NO,NO,NO,0,,,D09,D16;D11,HIGH,FULL_SOURCE_REVIEW
grox/flows/upa/classifier_banger_initial_screen_gemma.py,grox,source,154,5606,UNREVIEWED,D09;D16;D11,NO,NO,NO,NO,0,,,D09,D16;D11,HIGH,FULL_SOURCE_REVIEW
grox/flows/upa/classifier_post_safety_screen_deluxe.py,grox,source,75,2820,UNREVIEWED,D09;D16;D11,NO,NO,NO,NO,0,,,D09,D16;D11,HIGH,FULL_SOURCE_REVIEW
grox/flows/upa/constants.py,grox,source,9,438,UNREVIEWED,D09;D16;D11,NO,NO,NO,NO,0,,,D09,D16;D11,HIGH,FULL_SOURCE_REVIEW
grox/flows/upa/generators.py,grox,source,40,1230,UNREVIEWED,D09;D16;D11,NO,NO,NO,NO,0,,,D09,D16;D11,HIGH,FULL_SOURCE_REVIEW
grox/flows/upa/models.py,grox,source,20,452,UNREVIEWED,D09;D16;D11,NO,NO,NO,NO,0,,,D09,D16;D11,HIGH,FULL_SOURCE_REVIEW
grox/flows/upa/plan_initial_banger.py,grox,source,33,1520,UNREVIEWED,D09;D16;D11,NO,NO,NO,NO,0,,,D09,D16;D11,HIGH,FULL_SOURCE_REVIEW
grox/flows/upa/plan_post_safety.py,grox,source,33,1656,UNREVIEWED,D09;D16;D11,NO,NO,NO,NO,0,,,D09,D16;D11,HIGH,FULL_SOURCE_REVIEW
grox/flows/upa/prompts.py,grox,source,22,629,UNREVIEWED,D09;D16;D11,NO,NO,NO,NO,0,,,D09,D16;D11,HIGH,FULL_SOURCE_REVIEW
grox/flows/upa/state_initial_banger.py,grox,source,20,616,UNREVIEWED,D09;D16;D11,NO,NO,NO,NO,0,,,D09,D16;D11,HIGH,FULL_SOURCE_REVIEW
grox/flows/upa/state_post_safety.py,grox,source,14,290,UNREVIEWED,D09;D16;D11,NO,NO,NO,NO,0,,,D09,D16;D11,HIGH,FULL_SOURCE_REVIEW
grox/flows/upa/task_banger_screen.py,grox,source,76,2860,UNREVIEWED,D09;D16;D11,NO,NO,NO,NO,0,,,D09,D16;D11,HIGH,FULL_SOURCE_REVIEW
grox/flows/upa/task_filter.py,grox,source,87,3263,UNREVIEWED,D09;D16;D11,NO,NO,NO,NO,0,,,D09,D16;D11,HIGH,FULL_SOURCE_REVIEW
grox/flows/upa/task_grok_upa_action_with_labels.py,grox,source,63,2529,UNREVIEWED,D09;D16;D11,NO,NO,NO,NO,0,,,D09,D16;D11,HIGH,FULL_SOURCE_REVIEW
grox/flows/upa/task_post_safety_screen_deluxe.py,grox,source,25,905,UNREVIEWED,D09;D16;D11,NO,NO,NO,NO,0,,,D09,D16;D11,HIGH,FULL_SOURCE_REVIEW
grox/flows/upa/task_rate_limit.py,grox,source,13,406,UNREVIEWED,D09;D16;D11,NO,NO,NO,NO,0,,,D09,D16;D11,HIGH,FULL_SOURCE_REVIEW
grox/flows/upa/task_write.py,grox,source,243,10146,UNREVIEWED,D09;D16;D11,NO,NO,NO,NO,0,,,D09,D16;D11,HIGH,FULL_SOURCE_REVIEW
grox/libs/blobstore_http/__init__.py,grox,source,0,0,UNREVIEWED,D09;D16,NO,NO,NO,NO,0,,,D09,D16,HIGH,FULL_SOURCE_REVIEW
grox/libs/blobstore_http/blobstore.py,grox,source,156,5240,UNREVIEWED,D09;D16,NO,NO,NO,NO,0,,,D09,D16,HIGH,FULL_SOURCE_REVIEW
grox/libs/blobstore_http/cdn_downloader.py,grox,source,71,2520,UNREVIEWED,D09;D16,NO,NO,NO,NO,0,,,D09,D16,HIGH,FULL_SOURCE_REVIEW
grox/libs/blobstore_http/py.typed,grox,schema_or_dsl,0,0,UNREVIEWED,D09;D16,NO,NO,NO,NO,0,,,D09,D16,HIGH,FULL_SOURCE_REVIEW
grox/libs/circuit_breaker/__init__.py,grox,source,15,303,UNREVIEWED,D09;D16,NO,NO,NO,NO,0,,,D09,D16,HIGH,FULL_SOURCE_REVIEW
grox/libs/circuit_breaker/circuit_breaker.py,grox,source,215,7377,UNREVIEWED,D09;D16,NO,NO,NO,NO,0,,,D09,D16,HIGH,FULL_SOURCE_REVIEW
grox/libs/circuit_breaker/py.typed,grox,schema_or_dsl,1,26,UNREVIEWED,D09;D16,NO,NO,NO,NO,0,,,D09,D16,HIGH,FULL_SOURCE_REVIEW
grox/libs/embed/__init__.py,grox,source,0,0,UNREVIEWED,D09;D16,NO,NO,NO,NO,0,,,D09,D16,HIGH,FULL_SOURCE_REVIEW
grox/libs/embed/embed_http.py,grox,source,280,10026,UNREVIEWED,D09;D16,NO,NO,NO,NO,0,,,D09,D16,HIGH,FULL_SOURCE_REVIEW
grox/libs/grok_sampler/__init__.py,grox,source,0,0,UNREVIEWED,D09;D16,NO,NO,NO,NO,0,,,D09,D16,HIGH,FULL_SOURCE_REVIEW
grox/libs/grok_sampler/config.py,grox,source,34,769,UNREVIEWED,D09;D16;D17,NO,NO,NO,NO,0,,,D09,D16;D17,HIGH,FULL_SOURCE_REVIEW
grox/libs/grok_sampler/eapi_sampler.py,grox,source,214,7822,UNREVIEWED,D09;D16,NO,NO,NO,NO,0,,,D09,D16,HIGH,FULL_SOURCE_REVIEW
grox/libs/grok_sampler/llm.py,grox,source,193,7101,UNREVIEWED,D09;D16,NO,NO,NO,NO,0,,,D09,D16,HIGH,FULL_SOURCE_REVIEW
grox/libs/grok_sampler/oai_sampler.py,grox,source,69,2372,UNREVIEWED,D09;D16,NO,NO,NO,NO,0,,,D09,D16,HIGH,FULL_SOURCE_REVIEW
grox/libs/grok_sampler/py.typed,grox,schema_or_dsl,0,0,UNREVIEWED,D09;D16,NO,NO,NO,NO,0,,,D09,D16,HIGH,FULL_SOURCE_REVIEW
grox/libs/grok_sampler/text_sampler.py,grox,source,35,1334,UNREVIEWED,D09;D16,NO,NO,NO,NO,0,,,D09,D16,HIGH,FULL_SOURCE_REVIEW
grox/libs/grok_sampler/vision_sampler.py,grox,source,54,2215,UNREVIEWED,D09;D16,NO,NO,NO,NO,0,,,D09,D16,HIGH,FULL_SOURCE_REVIEW
grox/libs/grpc_cli/__init__.py,grox,source,0,0,UNREVIEWED,D09;D16,NO,NO,NO,NO,0,,,D09,D16,HIGH,FULL_SOURCE_REVIEW
grox/libs/grpc_cli/grpc_client.py,grox,source,150,5548,UNREVIEWED,D09;D16,NO,NO,NO,NO,0,,,D09,D16,HIGH,FULL_SOURCE_REVIEW
grox/libs/grpc_cli/py.typed,grox,schema_or_dsl,0,0,UNREVIEWED,D09;D16,NO,NO,NO,NO,0,,,D09,D16,HIGH,FULL_SOURCE_REVIEW
grox/libs/html_render/__init__.py,grox,source,0,0,UNREVIEWED,D09;D16,NO,NO,NO,NO,0,,,D09,D16,HIGH,FULL_SOURCE_REVIEW
grox/libs/html_render/py.typed,grox,schema_or_dsl,0,0,UNREVIEWED,D09;D16,NO,NO,NO,NO,0,,,D09,D16,HIGH,FULL_SOURCE_REVIEW
grox/libs/html_render/tweet_render_for_grox.py,grox,source,183,6459,UNREVIEWED,D09;D16,NO,NO,NO,NO,0,,,D09,D16,HIGH,FULL_SOURCE_REVIEW
grox/libs/kafka_cli/__init__.py,grox,source,6,190,UNREVIEWED,D09;D16,NO,NO,NO,NO,0,,,D09,D16,HIGH,FULL_SOURCE_REVIEW
grox/libs/kafka_cli/config.py,grox,source,60,1578,UNREVIEWED,D09;D16;D17,NO,NO,NO,NO,0,,,D09,D16;D17,HIGH,FULL_SOURCE_REVIEW
grox/libs/kafka_cli/consumer.py,grox,source,239,9582,UNREVIEWED,D09;D16,NO,NO,NO,NO,0,,,D09,D16,HIGH,FULL_SOURCE_REVIEW
grox/libs/kafka_cli/mtls.py,grox,source,35,1375,UNREVIEWED,D09;D16,NO,NO,NO,NO,0,,,D09,D16,HIGH,FULL_SOURCE_REVIEW
grox/libs/kafka_cli/multi_region_consumer.py,grox,source,203,8317,UNREVIEWED,D09;D16,NO,NO,NO,NO,0,,,D09,D16,HIGH,FULL_SOURCE_REVIEW
grox/libs/kafka_cli/multi_region_producer.py,grox,source,160,6191,UNREVIEWED,D09;D16,NO,NO,NO,NO,0,,,D09,D16,HIGH,FULL_SOURCE_REVIEW
grox/libs/kafka_cli/patched_gssapi.py,grox,source,15,407,UNREVIEWED,D09;D16,NO,NO,NO,NO,0,,,D09,D16,HIGH,FULL_SOURCE_REVIEW
grox/libs/kafka_cli/producer.py,grox,source,204,7763,UNREVIEWED,D09;D16,NO,NO,NO,NO,0,,,D09,D16,HIGH,FULL_SOURCE_REVIEW
grox/libs/kafka_cli/py.typed,grox,schema_or_dsl,0,0,UNREVIEWED,D09;D16,NO,NO,NO,NO,0,,,D09,D16,HIGH,FULL_SOURCE_REVIEW
grox/libs/kerberos_cli/__init__.py,grox,source,0,0,UNREVIEWED,D09;D16,NO,NO,NO,NO,0,,,D09,D16,HIGH,FULL_SOURCE_REVIEW
grox/libs/kerberos_cli/kerberos.py,grox,source,103,3789,UNREVIEWED,D09;D16,NO,NO,NO,NO,0,,,D09,D16,HIGH,FULL_SOURCE_REVIEW
grox/libs/kerberos_cli/py.typed,grox,schema_or_dsl,0,0,UNREVIEWED,D09;D16,NO,NO,NO,NO,0,,,D09,D16,HIGH,FULL_SOURCE_REVIEW
grox/libs/video_tools/__init__.py,grox,source,0,0,UNREVIEWED,D09;D16,NO,NO,NO,NO,0,,,D09,D16,HIGH,FULL_SOURCE_REVIEW
grox/libs/video_tools/image.py,grox,source,154,5480,UNREVIEWED,D09;D16,NO,NO,NO,NO,0,,,D09,D16,HIGH,FULL_SOURCE_REVIEW
grox/libs/video_tools/py.typed,grox,schema_or_dsl,0,0,UNREVIEWED,D09;D16,NO,NO,NO,NO,0,,,D09,D16,HIGH,FULL_SOURCE_REVIEW
grox/libs/video_tools/subtitles.py,grox,source,79,2794,UNREVIEWED,D09;D16,NO,NO,NO,NO,0,,,D09,D16,HIGH,FULL_SOURCE_REVIEW
grox/libs/video_tools/video_frames.py,grox,source,199,7073,UNREVIEWED,D09;D16,NO,NO,NO,NO,0,,,D09,D16,HIGH,FULL_SOURCE_REVIEW
grox/libs/wily_cli/__init__.py,grox,source,0,0,UNREVIEWED,D09;D16,NO,NO,NO,NO,0,,,D09,D16,HIGH,FULL_SOURCE_REVIEW
grox/libs/wily_cli/config.py,grox,source,12,383,UNREVIEWED,D09;D16;D17,NO,NO,NO,NO,0,,,D09,D16;D17,HIGH,FULL_SOURCE_REVIEW
grox/libs/wily_cli/http_client.py,grox,source,121,4298,UNREVIEWED,D09;D16,NO,NO,NO,NO,0,,,D09,D16,HIGH,FULL_SOURCE_REVIEW
grox/libs/wily_cli/py.typed,grox,schema_or_dsl,0,0,UNREVIEWED,D09;D16,NO,NO,NO,NO,0,,,D09,D16,HIGH,FULL_SOURCE_REVIEW
grox/libs/wily_cli/wily_client.py,grox,source,128,4346,UNREVIEWED,D09;D16,NO,NO,NO,NO,0,,,D09,D16,HIGH,FULL_SOURCE_REVIEW
home-mixer/ads/following_ad_blender.rs,home-mixer,source,188,5729,UNREVIEWED,D08;D01,NO,NO,NO,NO,0,,,D08,D01,HIGH,FULL_SOURCE_REVIEW
home-mixer/ads/mod.rs,home-mixer,source,26,889,UNREVIEWED,D08;D01,NO,NO,NO,NO,0,,,D08,D01,HIGH,FULL_SOURCE_REVIEW
home-mixer/ads/partition_organic_blender.rs,home-mixer,source,292,8683,UNREVIEWED,D08;D01,NO,NO,NO,NO,0,,,D08,D01,HIGH,FULL_SOURCE_REVIEW
home-mixer/ads/safe_gap_blender.rs,home-mixer,source,107,2946,UNREVIEWED,D08;D01,NO,NO,NO,NO,0,,,D08,D01,HIGH,FULL_SOURCE_REVIEW
home-mixer/ads/tests/blender_comparison_test.rs,home-mixer,test,530,19306,UNREVIEWED,D08;D01,NO,NO,NO,NO,0,,,D08,D01,HIGH,TEST_EVIDENCE
home-mixer/ads/tests/following_ad_blender_tests.rs,home-mixer,test,250,7679,UNREVIEWED,D08;D01,NO,NO,NO,NO,0,,,D08,D01,HIGH,TEST_EVIDENCE
home-mixer/ads/tests/mod.rs,home-mixer,test,5,154,UNREVIEWED,D08;D01,NO,NO,NO,NO,0,,,D08,D01,HIGH,TEST_EVIDENCE
home-mixer/ads/tests/partition_organic_blender_tests.rs,home-mixer,test,1108,31726,UNREVIEWED,D08;D01,NO,NO,NO,NO,0,,,D08,D01,HIGH,TEST_EVIDENCE
home-mixer/ads/tests/safe_gap_blender_tests.rs,home-mixer,test,595,15890,UNREVIEWED,D08;D01,NO,NO,NO,NO,0,,,D08,D01,HIGH,TEST_EVIDENCE
home-mixer/ads/tests/time_gap_blender_tests.rs,home-mixer,test,141,4459,UNREVIEWED,D08;D01,NO,NO,NO,NO,0,,,D08,D01,HIGH,TEST_EVIDENCE
home-mixer/ads/time_gap_blender.rs,home-mixer,source,271,8065,UNREVIEWED,D08;D01,NO,NO,NO,NO,0,,,D08,D01,HIGH,FULL_SOURCE_REVIEW
home-mixer/ads/util.rs,home-mixer,source,244,6967,UNREVIEWED,D08;D01,NO,NO,NO,NO,0,,,D08,D01,HIGH,FULL_SOURCE_REVIEW
home-mixer/bin/pipeline_components_json.rs,home-mixer,source,76,3003,UNREVIEWED,D01;D16,NO,NO,NO,NO,0,,,D01,D16,HIGH,FULL_SOURCE_REVIEW
home-mixer/candidate_hydrators/ads_brand_safety_vf_hydrator.rs,home-mixer,source,531,18494,UNREVIEWED,D01;D16;D12,NO,NO,NO,NO,0,,,D01,D16;D12,HIGH,FULL_SOURCE_REVIEW
home-mixer/candidate_hydrators/bidirectional_follow_hydrator.rs,home-mixer,source,215,7077,UNREVIEWED,D01;D16;D07,NO,NO,NO,NO,0,,,D01,D16;D07,HIGH,FULL_SOURCE_REVIEW
home-mixer/candidate_hydrators/blocked_by_hydrator.rs,home-mixer,source,57,1830,UNREVIEWED,D01;D16;D07,NO,NO,NO,NO,0,,,D01,D16;D07,HIGH,FULL_SOURCE_REVIEW
home-mixer/candidate_hydrators/broadcast_liveness_hydrator.rs,home-mixer,source,245,8287,UNREVIEWED,D01;D16,NO,NO,NO,NO,0,,,D01,D16,HIGH,FULL_SOURCE_REVIEW
home-mixer/candidate_hydrators/conversation_gap_ancestor_hydrator.rs,home-mixer,source,216,7150,UNREVIEWED,D01;D16,NO,NO,NO,NO,0,,,D01,D16,HIGH,FULL_SOURCE_REVIEW
home-mixer/candidate_hydrators/core_data_candidate_hydrator.rs,home-mixer,source,180,6522,UNREVIEWED,D01;D16,NO,NO,NO,NO,0,,,D01,D16,HIGH,FULL_SOURCE_REVIEW
home-mixer/candidate_hydrators/engagement_counts_hydrator.rs,home-mixer,source,316,11127,UNREVIEWED,D01;D16,NO,NO,NO,NO,0,,,D01,D16,HIGH,FULL_SOURCE_REVIEW
home-mixer/candidate_hydrators/filtered_topics_hydrator.rs,home-mixer,source,132,4988,UNREVIEWED,D01;D16,NO,NO,NO,NO,0,,,D01,D16,HIGH,FULL_SOURCE_REVIEW
home-mixer/candidate_hydrators/following_replied_users_hydrator.rs,home-mixer,source,361,11640,UNREVIEWED,D01;D16;D07,NO,NO,NO,NO,0,,,D01,D16;D07,HIGH,FULL_SOURCE_REVIEW
home-mixer/candidate_hydrators/gizmoduck_hydrator.rs,home-mixer,source,177,6796,UNREVIEWED,D01;D16,NO,NO,NO,NO,0,,,D01,D16,HIGH,FULL_SOURCE_REVIEW
home-mixer/candidate_hydrators/in_network_candidate_hydrator.rs,home-mixer,source,45,1381,UNREVIEWED,D01;D16,NO,NO,NO,NO,0,,,D01,D16,HIGH,FULL_SOURCE_REVIEW
home-mixer/candidate_hydrators/language_code_hydrator.rs,home-mixer,source,222,6835,UNREVIEWED,D01;D16,NO,NO,NO,NO,0,,,D01,D16,HIGH,FULL_SOURCE_REVIEW
home-mixer/candidate_hydrators/media_info_hydrator.rs,home-mixer,source,260,8396,UNREVIEWED,D01;D16,NO,NO,NO,NO,0,,,D01,D16,HIGH,FULL_SOURCE_REVIEW
home-mixer/candidate_hydrators/mod.rs,home-mixer,source,19,662,UNREVIEWED,D01;D16,NO,NO,NO,NO,0,,,D01,D16,HIGH,FULL_SOURCE_REVIEW
home-mixer/candidate_hydrators/mutual_follow_jaccard_hydrator.rs,home-mixer,source,163,5454,UNREVIEWED,D01;D16;D07,NO,NO,NO,NO,0,,,D01,D16;D07,HIGH,FULL_SOURCE_REVIEW
home-mixer/candidate_hydrators/quote_hydrator.rs,home-mixer,source,176,6088,UNREVIEWED,D01;D16,NO,NO,NO,NO,0,,,D01,D16,HIGH,FULL_SOURCE_REVIEW
home-mixer/candidate_hydrators/semantic_id_hydrator.rs,home-mixer,source,119,3798,UNREVIEWED,D01;D16,NO,NO,NO,NO,0,,,D01,D16,HIGH,FULL_SOURCE_REVIEW
home-mixer/candidate_hydrators/subscription_hydrator.rs,home-mixer,source,82,2714,UNREVIEWED,D01;D16,NO,NO,NO,NO,0,,,D01,D16,HIGH,FULL_SOURCE_REVIEW
home-mixer/candidate_hydrators/topic_feedback_context_hydrator.rs,home-mixer,source,330,11800,UNREVIEWED,D01;D16,NO,NO,NO,NO,0,,,D01,D16,HIGH,FULL_SOURCE_REVIEW
home-mixer/candidate_hydrators/tweet_type_metrics_hydrator.rs,home-mixer,source,247,8005,UNREVIEWED,D01;D16;D18,NO,NO,NO,NO,0,,,D01,D16;D18,HIGH,FULL_SOURCE_REVIEW
home-mixer/candidate_hydrators/vf_candidate_hydrator.rs,home-mixer,source,178,5722,UNREVIEWED,D01;D16;D12,NO,NO,NO,NO,0,,,D01,D16;D12,HIGH,FULL_SOURCE_REVIEW
home-mixer/candidate_pipeline/following_candidate_pipeline.rs,home-mixer,source,294,12678,UNREVIEWED,D01,NO,NO,NO,NO,0,,,D01,,HIGH,FULL_SOURCE_REVIEW
home-mixer/candidate_pipeline/for_you_candidate_pipeline.rs,home-mixer,source,326,13660,UNREVIEWED,D01;D08,NO,NO,NO,NO,0,,,D01,D08,HIGH,FULL_SOURCE_REVIEW
home-mixer/candidate_pipeline/mod.rs,home-mixer,source,94,3516,UNREVIEWED,D01,NO,NO,NO,NO,0,,,D01,,HIGH,FULL_SOURCE_REVIEW
home-mixer/candidate_pipeline/phoenix_candidate_pipeline.rs,home-mixer,source,1070,49271,UNREVIEWED,D01;D03;D05,NO,NO,NO,NO,0,,,D01,D03;D05,HIGH,FULL_SOURCE_REVIEW
home-mixer/candidate_pipeline/phoenix_scores_pipeline.rs,home-mixer,source,448,20043,UNREVIEWED,D01;D03;D05,NO,NO,NO,NO,0,,,D01,D03;D05,HIGH,FULL_SOURCE_REVIEW
home-mixer/candidate_pipeline/ranked_following_candidate_pipeline.rs,home-mixer,source,227,9402,UNREVIEWED,D01,NO,NO,NO,NO,0,,,D01,,HIGH,FULL_SOURCE_REVIEW
home-mixer/candidate_pipeline/reverse_chron_posts_pipeline.rs,home-mixer,source,204,8060,UNREVIEWED,D01,NO,NO,NO,NO,0,,,D01,,HIGH,FULL_SOURCE_REVIEW
home-mixer/clients/ad_index_client.rs,home-mixer,source,304,9659,UNREVIEWED,D16;D01,NO,NO,NO,NO,0,,,D16,D01,HIGH,FULL_SOURCE_REVIEW
home-mixer/clients/engagement_counts_client.rs,home-mixer,source,185,5391,UNREVIEWED,D16;D01,NO,NO,NO,NO,0,,,D16,D01,HIGH,FULL_SOURCE_REVIEW
home-mixer/clients/engagement_signals_client.rs,home-mixer,source,212,6134,UNREVIEWED,D16;D01,NO,NO,NO,NO,0,,,D16,D01,HIGH,FULL_SOURCE_REVIEW
home-mixer/clients/gizmoduck_client.rs,home-mixer,source,1,48,UNREVIEWED,D16;D01,NO,NO,NO,NO,0,,,D16,D01,HIGH,FULL_SOURCE_REVIEW
home-mixer/clients/impressed_posts_client.rs,home-mixer,source,97,3012,UNREVIEWED,D16;D01,NO,NO,NO,NO,0,,,D16,D01,HIGH,FULL_SOURCE_REVIEW
home-mixer/clients/mod.rs,home-mixer,source,19,533,UNREVIEWED,D16;D01,NO,NO,NO,NO,0,,,D16,D01,HIGH,FULL_SOURCE_REVIEW
home-mixer/clients/night_owl_client.rs,home-mixer,source,96,3416,UNREVIEWED,D16;D01,NO,NO,NO,NO,0,,,D16,D01,HIGH,FULL_SOURCE_REVIEW
home-mixer/clients/past_request_timestamps_client.rs,home-mixer,source,106,3471,UNREVIEWED,D16;D01,NO,NO,NO,NO,0,,,D16,D01,HIGH,FULL_SOURCE_REVIEW
home-mixer/clients/prompts_client.rs,home-mixer,source,141,5093,UNREVIEWED,D16;D01,NO,NO,NO,NO,0,,,D16,D01,HIGH,FULL_SOURCE_REVIEW
home-mixer/clients/resurrection_date_client.rs,home-mixer,source,199,6259,UNREVIEWED,D16;D01,NO,NO,NO,NO,0,,,D16,D01,HIGH,FULL_SOURCE_REVIEW
home-mixer/clients/rotating_channel.rs,home-mixer,source,74,2422,UNREVIEWED,D16;D01,NO,NO,NO,NO,0,,,D16,D01,HIGH,FULL_SOURCE_REVIEW
home-mixer/clients/s2s.rs,home-mixer,source,1,35,UNREVIEWED,D16;D01,NO,NO,NO,NO,0,,,D16,D01,HIGH,FULL_SOURCE_REVIEW
home-mixer/clients/served_history_client.rs,home-mixer,source,225,6603,UNREVIEWED,D16;D01,NO,NO,NO,NO,0,,,D16,D01,HIGH,FULL_SOURCE_REVIEW
home-mixer/clients/simclusters_ann_client.rs,home-mixer,source,144,5175,UNREVIEWED,D16;D01,NO,NO,NO,NO,0,,,D16,D01,HIGH,FULL_SOURCE_REVIEW
home-mixer/clients/tweet_entity_service_client.rs,home-mixer,source,1,59,UNREVIEWED,D16;D01,NO,NO,NO,NO,0,,,D16,D01,HIGH,FULL_SOURCE_REVIEW
home-mixer/clients/uas_fetcher.rs,home-mixer,source,84,3172,UNREVIEWED,D16;D01,NO,NO,NO,NO,0,,,D16,D01,HIGH,FULL_SOURCE_REVIEW
home-mixer/clients/user_action_aggregation_client.rs,home-mixer,source,330,12136,UNREVIEWED,D16;D01,NO,NO,NO,NO,0,,,D16,D01,HIGH,FULL_SOURCE_REVIEW
home-mixer/clients/vm_ranker_client.rs,home-mixer,source,401,15208,UNREVIEWED,D16;D01,NO,NO,NO,NO,0,,,D16,D01,HIGH,FULL_SOURCE_REVIEW
home-mixer/clients/who_to_follow_client.rs,home-mixer,source,138,4850,UNREVIEWED,D16;D01,NO,NO,NO,NO,0,,,D16,D01,HIGH,FULL_SOURCE_REVIEW
home-mixer/config.rs,home-mixer,source,94,3422,UNREVIEWED,D01;D16;D17,NO,NO,NO,NO,0,,,D01,D16;D17,HIGH,FULL_SOURCE_REVIEW
home-mixer/dark_traffic_setup.rs,home-mixer,source,105,3435,UNREVIEWED,D01;D16;D18,NO,NO,NO,NO,0,,,D01,D16;D18,HIGH,FULL_SOURCE_REVIEW
home-mixer/filters/ad_adjacent_served_filter.rs,home-mixer,source,915,28866,UNREVIEWED,D07;D01,NO,NO,NO,NO,0,,,D07,D01,HIGH,FULL_SOURCE_REVIEW
home-mixer/filters/age_filter.rs,home-mixer,source,35,983,UNREVIEWED,D07;D01,NO,NO,NO,NO,0,,,D07,D01,HIGH,FULL_SOURCE_REVIEW
home-mixer/filters/ancillary_vf_filter.rs,home-mixer,source,19,595,UNREVIEWED,D07;D01;D12,NO,NO,NO,NO,0,,,D07,D01;D12,HIGH,FULL_SOURCE_REVIEW
home-mixer/filters/author_socialgraph_filter.rs,home-mixer,source,335,10652,UNREVIEWED,D07;D01,NO,NO,NO,NO,0,,,D07,D01,HIGH,FULL_SOURCE_REVIEW
home-mixer/filters/brazil_2026_election_filter.rs,home-mixer,source,1573,40837,UNREVIEWED,D07;D01;D12,NO,NO,NO,NO,0,,,D07,D01;D12,HIGH,FULL_SOURCE_REVIEW
home-mixer/filters/core_data_hydration_filter.rs,home-mixer,source,16,539,UNREVIEWED,D07;D01,NO,NO,NO,NO,0,,,D07,D01,HIGH,FULL_SOURCE_REVIEW
home-mixer/filters/dedup_conversation_filter.rs,home-mixer,source,165,5193,UNREVIEWED,D07;D01,NO,NO,NO,NO,0,,,D07,D01,HIGH,FULL_SOURCE_REVIEW
home-mixer/filters/drop_duplicates_filter.rs,home-mixer,source,29,904,UNREVIEWED,D07;D01,NO,NO,NO,NO,0,,,D07,D01,HIGH,FULL_SOURCE_REVIEW
home-mixer/filters/following_retweet_deduplication_filter.rs,home-mixer,source,48,1697,UNREVIEWED,D07;D01,NO,NO,NO,NO,0,,,D07,D01,HIGH,FULL_SOURCE_REVIEW
home-mixer/filters/ineligible_subscription_filter.rs,home-mixer,source,69,2069,UNREVIEWED,D07;D01,NO,NO,NO,NO,0,,,D07,D01,HIGH,FULL_SOURCE_REVIEW
home-mixer/filters/invalid_conversation_module_filter.rs,home-mixer,source,17,585,UNREVIEWED,D07;D01,NO,NO,NO,NO,0,,,D07,D01,HIGH,FULL_SOURCE_REVIEW
home-mixer/filters/inventory_holdout_filter.rs,home-mixer,source,263,8707,UNREVIEWED,D07;D01,NO,NO,NO,NO,0,,,D07,D01,HIGH,FULL_SOURCE_REVIEW
home-mixer/filters/mod.rs,home-mixer,source,28,918,UNREVIEWED,D07;D01,NO,NO,NO,NO,0,,,D07,D01,HIGH,FULL_SOURCE_REVIEW
home-mixer/filters/muted_keyword_filter.rs,home-mixer,source,300,10095,UNREVIEWED,D07;D01,NO,NO,NO,NO,0,,,D07,D01,HIGH,FULL_SOURCE_REVIEW
home-mixer/filters/new_user_min_engagement_filter.rs,home-mixer,source,117,3703,UNREVIEWED,D07;D01,NO,NO,NO,NO,0,,,D07,D01,HIGH,FULL_SOURCE_REVIEW
home-mixer/filters/oon_nsfw_simclusters_filter.rs,home-mixer,source,27,910,UNREVIEWED,D07;D01,NO,NO,NO,NO,0,,,D07,D01,HIGH,FULL_SOURCE_REVIEW
home-mixer/filters/oon_retweet_reply_filter.rs,home-mixer,source,124,4333,UNREVIEWED,D07;D01,NO,NO,NO,NO,0,,,D07,D01,HIGH,FULL_SOURCE_REVIEW
home-mixer/filters/popular_topics_author_dedup_filter.rs,home-mixer,source,95,2997,UNREVIEWED,D07;D01,NO,NO,NO,NO,0,,,D07,D01,HIGH,FULL_SOURCE_REVIEW
home-mixer/filters/previously_seen_posts_backup_filter.rs,home-mixer,source,91,2630,UNREVIEWED,D07;D01,NO,NO,NO,NO,0,,,D07,D01,HIGH,FULL_SOURCE_REVIEW
home-mixer/filters/previously_seen_posts_filter.rs,home-mixer,source,35,1260,UNREVIEWED,D07;D01,NO,NO,NO,NO,0,,,D07,D01,HIGH,FULL_SOURCE_REVIEW
home-mixer/filters/previously_served_posts_filter.rs,home-mixer,source,34,1272,UNREVIEWED,D07;D01,NO,NO,NO,NO,0,,,D07,D01,HIGH,FULL_SOURCE_REVIEW
home-mixer/filters/push_to_home_dedup_filter.rs,home-mixer,source,27,909,UNREVIEWED,D07;D01,NO,NO,NO,NO,0,,,D07,D01,HIGH,FULL_SOURCE_REVIEW
home-mixer/filters/result_size_filter.rs,home-mixer,source,21,676,UNREVIEWED,D07;D01,NO,NO,NO,NO,0,,,D07,D01,HIGH,FULL_SOURCE_REVIEW
home-mixer/filters/retweet_deduplication_filter.rs,home-mixer,source,153,4621,UNREVIEWED,D07;D01,NO,NO,NO,NO,0,,,D07,D01,HIGH,FULL_SOURCE_REVIEW
home-mixer/filters/self_reply_chain_filter.rs,home-mixer,source,168,4894,UNREVIEWED,D07;D01,NO,NO,NO,NO,0,,,D07,D01,HIGH,FULL_SOURCE_REVIEW
home-mixer/filters/self_tweet_filter.rs,home-mixer,source,20,614,UNREVIEWED,D07;D01,NO,NO,NO,NO,0,,,D07,D01,HIGH,FULL_SOURCE_REVIEW
home-mixer/filters/topic_ids_filter.rs,home-mixer,source,1502,56798,UNREVIEWED,D07;D01,NO,NO,NO,NO,0,,,D07,D01,HIGH,FULL_SOURCE_REVIEW
home-mixer/filters/vf_filter.rs,home-mixer,source,98,2877,UNREVIEWED,D07;D01;D12,NO,NO,NO,NO,0,,,D07,D01;D12,HIGH,FULL_SOURCE_REVIEW
home-mixer/filters/video_filter.rs,home-mixer,source,99,2639,UNREVIEWED,D07;D01,NO,NO,NO,NO,0,,,D07,D01,HIGH,FULL_SOURCE_REVIEW
home-mixer/following_feed_server.rs,home-mixer,source,89,2738,UNREVIEWED,D01;D16,NO,NO,NO,NO,0,,,D01,D16,HIGH,FULL_SOURCE_REVIEW
home-mixer/for_you_server.rs,home-mixer,source,85,2567,UNREVIEWED,D01;D16,NO,NO,NO,NO,0,,,D01,D16,HIGH,FULL_SOURCE_REVIEW
home-mixer/frames/catalog.rs,home-mixer,source,158,5194,UNREVIEWED,D08;D01,NO,NO,NO,NO,0,,,D08,D01,HIGH,FULL_SOURCE_REVIEW
home-mixer/frames/mod.rs,home-mixer,source,12,322,UNREVIEWED,D08;D01,NO,NO,NO,NO,0,,,D08,D01,HIGH,FULL_SOURCE_REVIEW
home-mixer/frames/placement.rs,home-mixer,source,85,2162,UNREVIEWED,D08;D01,NO,NO,NO,NO,0,,,D08,D01,HIGH,FULL_SOURCE_REVIEW
home-mixer/frames/plan.rs,home-mixer,source,256,7992,UNREVIEWED,D08;D01,NO,NO,NO,NO,0,,,D08,D01,HIGH,FULL_SOURCE_REVIEW
home-mixer/frames/served.rs,home-mixer,source,22,832,UNREVIEWED,D08;D01,NO,NO,NO,NO,0,,,D08,D01,HIGH,FULL_SOURCE_REVIEW
home-mixer/lib.rs,home-mixer,source,30,814,UNREVIEWED,D01;D16,NO,NO,NO,NO,0,,,D01,D16,HIGH,FULL_SOURCE_REVIEW
home-mixer/main.rs,home-mixer,source,154,6188,UNREVIEWED,D01;D16,NO,NO,NO,NO,0,,,D01,D16,HIGH,FULL_SOURCE_REVIEW
home-mixer/models/brand_safety.rs,home-mixer,source,234,6803,UNREVIEWED,D01;D16,NO,NO,NO,NO,0,,,D01,D16,HIGH,FULL_SOURCE_REVIEW
home-mixer/models/candidate.rs,home-mixer,source,285,10552,UNREVIEWED,D01;D16,NO,NO,NO,NO,0,,,D01,D16,HIGH,FULL_SOURCE_REVIEW
home-mixer/models/candidate_features.rs,home-mixer,source,146,5193,UNREVIEWED,D01;D16,NO,NO,NO,NO,0,,,D01,D16,HIGH,FULL_SOURCE_REVIEW
home-mixer/models/engagement_signals.rs,home-mixer,source,51,1626,UNREVIEWED,D01;D16,NO,NO,NO,NO,0,,,D01,D16,HIGH,FULL_SOURCE_REVIEW
home-mixer/models/in_network_reply.rs,home-mixer,source,23,510,UNREVIEWED,D01;D16,NO,NO,NO,NO,0,,,D01,D16,HIGH,FULL_SOURCE_REVIEW
home-mixer/models/mod.rs,home-mixer,source,8,162,UNREVIEWED,D01;D16,NO,NO,NO,NO,0,,,D01,D16,HIGH,FULL_SOURCE_REVIEW
home-mixer/models/query.rs,home-mixer,source,279,9354,UNREVIEWED,D01;D16,NO,NO,NO,NO,0,,,D01,D16,HIGH,FULL_SOURCE_REVIEW
home-mixer/models/user_features.rs,home-mixer,source,80,2865,UNREVIEWED,D01;D16,NO,NO,NO,NO,0,,,D01,D16,HIGH,FULL_SOURCE_REVIEW
home-mixer/params/config.rs,home-mixer,source,40,1603,UNREVIEWED,D17;D01;D05,NO,NO,NO,NO,0,,,D17,D01;D05,HIGH,FULL_SOURCE_REVIEW
home-mixer/params/mod.rs,home-mixer,source,5,61,UNREVIEWED,D17;D01;D05,NO,NO,NO,NO,0,,,D17,D01;D05,HIGH,FULL_SOURCE_REVIEW
home-mixer/params/param.rs,home-mixer,source,1146,23425,UNREVIEWED,D17;D01;D05,NO,NO,NO,NO,0,,,D17,D01;D05,HIGH,FULL_SOURCE_REVIEW
home-mixer/phoenix_scores_server.rs,home-mixer,source,80,2389,UNREVIEWED,D01;D16,NO,NO,NO,NO,0,,,D01,D16,HIGH,FULL_SOURCE_REVIEW
home-mixer/query_hydrators/blocked_user_ids_query_hydrator.rs,home-mixer,source,33,1120,UNREVIEWED,D01;D16;D07,NO,NO,NO,NO,0,,,D01,D16;D07,HIGH,FULL_SOURCE_REVIEW
home-mixer/query_hydrators/cached_posts_query_hydrator.rs,home-mixer,source,82,2943,UNREVIEWED,D01;D16,NO,NO,NO,NO,0,,,D01,D16,HIGH,FULL_SOURCE_REVIEW
home-mixer/query_hydrators/explicit_engagement_signals_query_hydrator.rs,home-mixer,source,112,3990,UNREVIEWED,D01;D16,NO,NO,NO,NO,0,,,D01,D16,HIGH,FULL_SOURCE_REVIEW
home-mixer/query_hydrators/followed_grok_topics_query_hydrator.rs,home-mixer,source,44,1588,UNREVIEWED,D01;D16;D07,NO,NO,NO,NO,0,,,D01,D16;D07,HIGH,FULL_SOURCE_REVIEW
home-mixer/query_hydrators/followed_starter_packs_query_hydrator.rs,home-mixer,source,44,1594,UNREVIEWED,D01;D16;D07,NO,NO,NO,NO,0,,,D01,D16;D07,HIGH,FULL_SOURCE_REVIEW
home-mixer/query_hydrators/followed_user_ids_query_hydrator.rs,home-mixer,source,37,1248,UNREVIEWED,D01;D16;D07,NO,NO,NO,NO,0,,,D01,D16;D07,HIGH,FULL_SOURCE_REVIEW
home-mixer/query_hydrators/implicit_engagement_signals_query_hydrator.rs,home-mixer,source,137,4641,UNREVIEWED,D01;D16,NO,NO,NO,NO,0,,,D01,D16,HIGH,FULL_SOURCE_REVIEW
home-mixer/query_hydrators/impressed_posts_query_hydrator.rs,home-mixer,source,88,2564,UNREVIEWED,D01;D16,NO,NO,NO,NO,0,,,D01,D16,HIGH,FULL_SOURCE_REVIEW
home-mixer/query_hydrators/impression_bloom_filter_query_hydrator.rs,home-mixer,source,183,5889,UNREVIEWED,D01;D16,NO,NO,NO,NO,0,,,D01,D16,HIGH,FULL_SOURCE_REVIEW
home-mixer/query_hydrators/ip_query_hydrator.rs,home-mixer,source,30,927,UNREVIEWED,D01;D16,NO,NO,NO,NO,0,,,D01,D16,HIGH,FULL_SOURCE_REVIEW
home-mixer/query_hydrators/mod.rs,home-mixer,source,20,854,UNREVIEWED,D01;D16,NO,NO,NO,NO,0,,,D01,D16,HIGH,FULL_SOURCE_REVIEW
home-mixer/query_hydrators/muted_user_ids_query_hydrator.rs,home-mixer,source,33,1106,UNREVIEWED,D01;D16;D07,NO,NO,NO,NO,0,,,D01,D16;D07,HIGH,FULL_SOURCE_REVIEW
home-mixer/query_hydrators/mutual_follow_query_hydrator.rs,home-mixer,source,37,1205,UNREVIEWED,D01;D16;D07,NO,NO,NO,NO,0,,,D01,D16;D07,HIGH,FULL_SOURCE_REVIEW
home-mixer/query_hydrators/past_request_timestamps_query_hydrator.rs,home-mixer,source,36,1184,UNREVIEWED,D01;D16,NO,NO,NO,NO,0,,,D01,D16,HIGH,FULL_SOURCE_REVIEW
home-mixer/query_hydrators/retrieval_sequence_query_hydrator.rs,home-mixer,source,74,2806,UNREVIEWED,D01;D16,NO,NO,NO,NO,0,,,D01,D16,HIGH,FULL_SOURCE_REVIEW
home-mixer/query_hydrators/scoring_sequence_query_hydrator.rs,home-mixer,source,74,2949,UNREVIEWED,D01;D16,NO,NO,NO,NO,0,,,D01,D16,HIGH,FULL_SOURCE_REVIEW
home-mixer/query_hydrators/served_history_query_hydrator.rs,home-mixer,source,119,3829,UNREVIEWED,D01;D16,NO,NO,NO,NO,0,,,D01,D16,HIGH,FULL_SOURCE_REVIEW
home-mixer/query_hydrators/subscribed_user_ids_query_hydrator.rs,home-mixer,source,33,1141,UNREVIEWED,D01;D16,NO,NO,NO,NO,0,,,D01,D16,HIGH,FULL_SOURCE_REVIEW
home-mixer/query_hydrators/user_demographics_query_hydrator.rs,home-mixer,source,30,1056,UNREVIEWED,D01;D16,NO,NO,NO,NO,0,,,D01,D16,HIGH,FULL_SOURCE_REVIEW
home-mixer/query_hydrators/user_inferred_gender_query_hydrator.rs,home-mixer,source,65,2439,UNREVIEWED,D01;D16,NO,NO,NO,NO,0,,,D01,D16,HIGH,FULL_SOURCE_REVIEW
home-mixer/query_hydrators/user_installed_apps_query_hydrator.rs,home-mixer,source,50,1886,UNREVIEWED,D01;D16,NO,NO,NO,NO,0,,,D01,D16,HIGH,FULL_SOURCE_REVIEW
home-mixer/ranked_following_feed_server.rs,home-mixer,source,81,2527,UNREVIEWED,D01;D16,NO,NO,NO,NO,0,,,D01,D16,HIGH,FULL_SOURCE_REVIEW
home-mixer/scored_posts_server.rs,home-mixer,source,226,8987,UNREVIEWED,D01;D16,NO,NO,NO,NO,0,,,D01,D16,HIGH,FULL_SOURCE_REVIEW
home-mixer/scorers/author_cold_start.rs,home-mixer,source,758,25054,UNREVIEWED,D05;D01,NO,NO,NO,NO,0,,,D05,D01,HIGH,FULL_SOURCE_REVIEW
home-mixer/scorers/mod.rs,home-mixer,source,6,159,UNREVIEWED,D05;D01,NO,NO,NO,NO,0,,,D05,D01,HIGH,FULL_SOURCE_REVIEW
home-mixer/scorers/phoenix_scorer.rs,home-mixer,source,123,4237,UNREVIEWED,D05;D01,NO,NO,NO,NO,0,,,D05,D01,HIGH,FULL_SOURCE_REVIEW
home-mixer/scorers/phoenix_scores_ranking_scorer.rs,home-mixer,source,38,1227,UNREVIEWED,D05;D01,NO,NO,NO,NO,0,,,D05,D01,HIGH,FULL_SOURCE_REVIEW
home-mixer/scorers/ranking_scorer.rs,home-mixer,source,1708,66310,UNREVIEWED,D05;D01,NO,NO,NO,NO,0,,,D05,D01,HIGH,FULL_SOURCE_REVIEW
home-mixer/scorers/value_model_gate.rs,home-mixer,source,537,19053,UNREVIEWED,D05;D01,NO,NO,NO,NO,0,,,D05,D01,HIGH,FULL_SOURCE_REVIEW
home-mixer/scorers/vm_ranker.rs,home-mixer,source,227,9665,UNREVIEWED,D05;D01,NO,NO,NO,NO,0,,,D05,D01,HIGH,FULL_SOURCE_REVIEW
home-mixer/selectors/blender_selector.rs,home-mixer,source,372,11682,UNREVIEWED,D06;D01;D08,NO,NO,NO,NO,0,,,D06,D01;D08,HIGH,FULL_SOURCE_REVIEW
home-mixer/selectors/following_blender_selector.rs,home-mixer,source,139,4217,UNREVIEWED,D06;D01;D08,NO,NO,NO,NO,0,,,D06,D01;D08,HIGH,FULL_SOURCE_REVIEW
home-mixer/selectors/mod.rs,home-mixer,source,9,312,UNREVIEWED,D06;D01,NO,NO,NO,NO,0,,,D06,D01,HIGH,FULL_SOURCE_REVIEW
home-mixer/selectors/passthrough_selector.rs,home-mixer,source,11,361,UNREVIEWED,D06;D01,NO,NO,NO,NO,0,,,D06,D01,HIGH,FULL_SOURCE_REVIEW
home-mixer/selectors/top_k_score_selector.rs,home-mixer,source,15,469,UNREVIEWED,D06;D01,NO,NO,NO,NO,0,,,D06,D01,HIGH,FULL_SOURCE_REVIEW
home-mixer/server.rs,home-mixer,source,979,35809,UNREVIEWED,D01;D16,NO,NO,NO,NO,0,,,D01,D16,HIGH,FULL_SOURCE_REVIEW
home-mixer/side_effects/ads_injection_logging_side_effect.rs,home-mixer,source,178,6275,UNREVIEWED,D18;D01,NO,NO,NO,NO,0,,,D18,D01,HIGH,FULL_SOURCE_REVIEW
home-mixer/side_effects/author_served_metrics_side_effect.rs,home-mixer,source,186,5416,UNREVIEWED,D18;D01,NO,NO,NO,NO,0,,,D18,D01,HIGH,FULL_SOURCE_REVIEW
home-mixer/side_effects/client_events_kafka_side_effect.rs,home-mixer,source,309,9742,UNREVIEWED,D18;D01,NO,NO,NO,NO,0,,,D18,D01,HIGH,FULL_SOURCE_REVIEW
home-mixer/side_effects/debug_side_effect.rs,home-mixer,source,40,1247,UNREVIEWED,D18;D01,NO,NO,NO,NO,0,,,D18,D01,HIGH,FULL_SOURCE_REVIEW
home-mixer/side_effects/mod.rs,home-mixer,source,17,711,UNREVIEWED,D18;D01,NO,NO,NO,NO,0,,,D18,D01,HIGH,FULL_SOURCE_REVIEW
home-mixer/side_effects/mutual_follow_stats_side_effect.rs,home-mixer,source,67,2154,UNREVIEWED,D18;D01,NO,NO,NO,NO,0,,,D18,D01,HIGH,FULL_SOURCE_REVIEW
home-mixer/side_effects/phoenix_experiments_side_effect.rs,home-mixer,source,192,8132,UNREVIEWED,D18;D01,NO,NO,NO,NO,0,,,D18,D01,HIGH,FULL_SOURCE_REVIEW
home-mixer/side_effects/phoenix_request_cache_side_effect.rs,home-mixer,source,475,16834,UNREVIEWED,D18;D01,NO,NO,NO,NO,0,,,D18,D01,HIGH,FULL_SOURCE_REVIEW
home-mixer/side_effects/publish_seen_ids_to_kafka_side_effect.rs,home-mixer,source,79,2599,UNREVIEWED,D18;D01,NO,NO,NO,NO,0,,,D18,D01,HIGH,FULL_SOURCE_REVIEW
home-mixer/side_effects/redis_post_candidate_cache_side_effect.rs,home-mixer,source,233,8185,UNREVIEWED,D18;D01,NO,NO,NO,NO,0,,,D18,D01,HIGH,FULL_SOURCE_REVIEW
home-mixer/side_effects/reranking_kafka_side_effect.rs,home-mixer,source,275,10192,UNREVIEWED,D18;D01,NO,NO,NO,NO,0,,,D18,D01,HIGH,FULL_SOURCE_REVIEW
home-mixer/side_effects/response_stats_side_effect.rs,home-mixer,source,120,4180,UNREVIEWED,D18;D01,NO,NO,NO,NO,0,,,D18,D01,HIGH,FULL_SOURCE_REVIEW
home-mixer/side_effects/scored_stats_side_effect.rs,home-mixer,source,435,13086,UNREVIEWED,D18;D01,NO,NO,NO,NO,0,,,D18,D01,HIGH,FULL_SOURCE_REVIEW
home-mixer/side_effects/served_ad_history_cache_side_effect.rs,home-mixer,source,66,2055,UNREVIEWED,D18;D01,NO,NO,NO,NO,0,,,D18,D01,HIGH,FULL_SOURCE_REVIEW
home-mixer/side_effects/served_candidates_kafka_side_effect.rs,home-mixer,source,215,8312,UNREVIEWED,D18;D01,NO,NO,NO,NO,0,,,D18,D01,HIGH,FULL_SOURCE_REVIEW
home-mixer/side_effects/truncate_served_history_side_effect.rs,home-mixer,source,59,1828,UNREVIEWED,D18;D01,NO,NO,NO,NO,0,,,D18,D01,HIGH,FULL_SOURCE_REVIEW
home-mixer/side_effects/update_past_request_timestamps_side_effect.rs,home-mixer,source,65,2327,UNREVIEWED,D18;D01,NO,NO,NO,NO,0,,,D18,D01,HIGH,FULL_SOURCE_REVIEW
home-mixer/side_effects/update_served_history_side_effect.rs,home-mixer,source,313,10217,UNREVIEWED,D18;D01,NO,NO,NO,NO,0,,,D18,D01,HIGH,FULL_SOURCE_REVIEW
home-mixer/sources/ads_source.rs,home-mixer,source,143,5048,UNREVIEWED,D03;D01,NO,NO,NO,NO,0,,,D03,D01,HIGH,FULL_SOURCE_REVIEW
home-mixer/sources/cached_posts_source.rs,home-mixer,source,17,508,UNREVIEWED,D03;D01,NO,NO,NO,NO,0,,,D03,D01,HIGH,FULL_SOURCE_REVIEW
home-mixer/sources/feed_survey_source.rs,home-mixer,source,21,735,UNREVIEWED,D03;D01,NO,NO,NO,NO,0,,,D03,D01,HIGH,FULL_SOURCE_REVIEW
home-mixer/sources/following_night_owl_source.rs,home-mixer,source,217,7499,UNREVIEWED,D03;D01,NO,NO,NO,NO,0,,,D03,D01,HIGH,FULL_SOURCE_REVIEW
home-mixer/sources/jetfuel_frame_source.rs,home-mixer,source,557,19175,UNREVIEWED,D03;D01,NO,NO,NO,NO,0,,,D03,D01,HIGH,FULL_SOURCE_REVIEW
home-mixer/sources/mod.rs,home-mixer,source,17,486,UNREVIEWED,D03;D01,NO,NO,NO,NO,0,,,D03,D01,HIGH,FULL_SOURCE_REVIEW
home-mixer/sources/phoenix_moe_source.rs,home-mixer,source,77,2956,UNREVIEWED,D03;D01,NO,NO,NO,NO,0,,,D03,D01,HIGH,FULL_SOURCE_REVIEW
home-mixer/sources/phoenix_source.rs,home-mixer,source,153,5437,UNREVIEWED,D03;D01,NO,NO,NO,NO,0,,,D03,D01,HIGH,FULL_SOURCE_REVIEW
home-mixer/sources/phoenix_topics_source.rs,home-mixer,source,105,4088,UNREVIEWED,D03;D01,NO,NO,NO,NO,0,,,D03,D01,HIGH,FULL_SOURCE_REVIEW
home-mixer/sources/popular_topics_source.rs,home-mixer,source,102,3079,UNREVIEWED,D03;D01,NO,NO,NO,NO,0,,,D03,D01,HIGH,FULL_SOURCE_REVIEW
home-mixer/sources/prompts_source.rs,home-mixer,source,102,3321,UNREVIEWED,D03;D01,NO,NO,NO,NO,0,,,D03,D01,HIGH,FULL_SOURCE_REVIEW
home-mixer/sources/push_to_home_source.rs,home-mixer,source,197,6307,UNREVIEWED,D03;D01,NO,NO,NO,NO,0,,,D03,D01,HIGH,FULL_SOURCE_REVIEW
home-mixer/sources/reverse_chron_posts_source.rs,home-mixer,source,83,3389,UNREVIEWED,D03;D01,NO,NO,NO,NO,0,,,D03,D01,HIGH,FULL_SOURCE_REVIEW
home-mixer/sources/scored_posts_source.rs,home-mixer,source,32,944,UNREVIEWED,D03;D01,NO,NO,NO,NO,0,,,D03,D01,HIGH,FULL_SOURCE_REVIEW
home-mixer/sources/seed_candidates_source.rs,home-mixer,source,24,715,UNREVIEWED,D03;D01,NO,NO,NO,NO,0,,,D03,D01,HIGH,FULL_SOURCE_REVIEW
home-mixer/sources/simclusters_source.rs,home-mixer,source,221,7714,UNREVIEWED,D03;D01,NO,NO,NO,NO,0,,,D03,D01,HIGH,FULL_SOURCE_REVIEW
home-mixer/sources/thunder_source.rs,home-mixer,source,122,4695,UNREVIEWED,D02;D03;D01,NO,NO,NO,NO,0,,,D02,D03;D01,HIGH,FULL_SOURCE_REVIEW
home-mixer/sources/tweet_mixer_source.rs,home-mixer,source,138,4676,UNREVIEWED,D03;D01,NO,NO,NO,NO,0,,,D03,D01,HIGH,FULL_SOURCE_REVIEW
home-mixer/sources/who_to_follow_source.rs,home-mixer,source,121,4068,UNREVIEWED,D03;D01,NO,NO,NO,NO,0,,,D03,D01,HIGH,FULL_SOURCE_REVIEW
home-mixer/util/author_rules.rs,home-mixer,source,157,5167,UNREVIEWED,D01;D16,NO,NO,NO,NO,0,,,D01,D16,HIGH,FULL_SOURCE_REVIEW
home-mixer/util/candidates_util.rs,home-mixer,source,110,3058,UNREVIEWED,D01;D16,NO,NO,NO,NO,0,,,D01,D16,HIGH,FULL_SOURCE_REVIEW
home-mixer/util/conversation_grouping.rs,home-mixer,source,125,3945,UNREVIEWED,D01;D16,NO,NO,NO,NO,0,,,D01,D16,HIGH,FULL_SOURCE_REVIEW
home-mixer/util/country_codes.rs,home-mixer,source,12,311,UNREVIEWED,D01;D16,NO,NO,NO,NO,0,,,D01,D16,HIGH,FULL_SOURCE_REVIEW
home-mixer/util/egress.rs,home-mixer,source,3,152,UNREVIEWED,D01;D16,NO,NO,NO,NO,0,,,D01,D16,HIGH,FULL_SOURCE_REVIEW
home-mixer/util/feed_log.rs,home-mixer,source,60,2040,UNREVIEWED,D01;D16,NO,NO,NO,NO,0,,,D01,D16,HIGH,FULL_SOURCE_REVIEW
home-mixer/util/mod.rs,home-mixer,source,14,281,UNREVIEWED,D01;D16,NO,NO,NO,NO,0,,,D01,D16,HIGH,FULL_SOURCE_REVIEW
home-mixer/util/phoenix_request.rs,home-mixer,source,151,5146,UNREVIEWED,D01;D16,NO,NO,NO,NO,0,,,D01,D16,HIGH,FULL_SOURCE_REVIEW
home-mixer/util/rescore.rs,home-mixer,source,152,5271,UNREVIEWED,D01;D16,NO,NO,NO,NO,0,,,D01,D16,HIGH,FULL_SOURCE_REVIEW
home-mixer/util/shadow.rs,home-mixer,source,133,4798,UNREVIEWED,D01;D16,NO,NO,NO,NO,0,,,D01,D16,HIGH,FULL_SOURCE_REVIEW
home-mixer/util/string_case.rs,home-mixer,source,15,449,UNREVIEWED,D01;D16,NO,NO,NO,NO,0,,,D01,D16,HIGH,FULL_SOURCE_REVIEW
home-mixer/util/tweet_type_metrics.rs,home-mixer,source,65,2739,UNREVIEWED,D01;D16;D18,NO,NO,NO,NO,0,,,D01,D16;D18,HIGH,FULL_SOURCE_REVIEW
home-mixer/util/url.rs,home-mixer,source,35,828,UNREVIEWED,D01;D16,NO,NO,NO,NO,0,,,D01,D16,HIGH,FULL_SOURCE_REVIEW
home-mixer/util/urt/ad_marshaller.rs,home-mixer,source,465,16507,UNREVIEWED,D01;D16,NO,NO,NO,NO,0,,,D01,D16,HIGH,FULL_SOURCE_REVIEW
home-mixer/util/urt/client_event.rs,home-mixer,source,114,3676,UNREVIEWED,D01;D16,NO,NO,NO,NO,0,,,D01,D16,HIGH,FULL_SOURCE_REVIEW
home-mixer/util/urt/controller_data.rs,home-mixer,source,77,2620,UNREVIEWED,D01;D16,NO,NO,NO,NO,0,,,D01,D16,HIGH,FULL_SOURCE_REVIEW
home-mixer/util/urt/convo_marshaller.rs,home-mixer,source,126,4265,UNREVIEWED,D01;D16,NO,NO,NO,NO,0,,,D01,D16,HIGH,FULL_SOURCE_REVIEW
home-mixer/util/urt/cursors.rs,home-mixer,source,91,2683,UNREVIEWED,D01;D16,NO,NO,NO,NO,0,,,D01,D16,HIGH,FULL_SOURCE_REVIEW
home-mixer/util/urt/feed_survey_marshaller.rs,home-mixer,source,172,5873,UNREVIEWED,D01;D16,NO,NO,NO,NO,0,,,D01,D16,HIGH,FULL_SOURCE_REVIEW
home-mixer/util/urt/feedback.rs,home-mixer,source,288,10495,UNREVIEWED,D01;D16,NO,NO,NO,NO,0,,,D01,D16,HIGH,FULL_SOURCE_REVIEW
home-mixer/util/urt/frame_marshaller.rs,home-mixer,source,107,3509,UNREVIEWED,D01;D16,NO,NO,NO,NO,0,,,D01,D16,HIGH,FULL_SOURCE_REVIEW
home-mixer/util/urt/mod.rs,home-mixer,source,318,10619,UNREVIEWED,D01;D16,NO,NO,NO,NO,0,,,D01,D16,HIGH,FULL_SOURCE_REVIEW
home-mixer/util/urt/navigation.rs,home-mixer,source,79,2292,UNREVIEWED,D01;D16,NO,NO,NO,NO,0,,,D01,D16,HIGH,FULL_SOURCE_REVIEW
home-mixer/util/urt/new_tweets_pill.rs,home-mixer,source,121,3834,UNREVIEWED,D01;D16,NO,NO,NO,NO,0,,,D01,D16,HIGH,FULL_SOURCE_REVIEW
home-mixer/util/urt/post_marshaller.rs,home-mixer,source,113,3561,UNREVIEWED,D01;D16,NO,NO,NO,NO,0,,,D01,D16,HIGH,FULL_SOURCE_REVIEW
home-mixer/util/urt/prompt_marshaller.rs,home-mixer,source,547,19991,UNREVIEWED,D01;D16,NO,NO,NO,NO,0,,,D01,D16,HIGH,FULL_SOURCE_REVIEW
home-mixer/util/urt/push_to_home_marshaller.rs,home-mixer,source,118,4210,UNREVIEWED,D01;D16,NO,NO,NO,NO,0,,,D01,D16,HIGH,FULL_SOURCE_REVIEW
home-mixer/util/urt/reverse_chron_following/cursors.rs,home-mixer,source,236,7466,UNREVIEWED,D01;D16,NO,NO,NO,NO,0,,,D01,D16,HIGH,FULL_SOURCE_REVIEW
home-mixer/util/urt/reverse_chron_following/mod.rs,home-mixer,source,125,4330,UNREVIEWED,D01;D16,NO,NO,NO,NO,0,,,D01,D16,HIGH,FULL_SOURCE_REVIEW
home-mixer/util/urt/wtf_marshaller.rs,home-mixer,source,145,5292,UNREVIEWED,D01;D16,NO,NO,NO,NO,0,,,D01,D16,HIGH,FULL_SOURCE_REVIEW
home-mixer/util/xds.rs,home-mixer,source,19,780,UNREVIEWED,D01;D16,NO,NO,NO,NO,0,,,D01,D16,HIGH,FULL_SOURCE_REVIEW
media-model-proxy/BUILD.bazel,media-model-proxy,config_or_build,53,1338,UNREVIEWED,D09;D16;D19,NO,NO,NO,NO,0,,,D09,D16;D19,HIGH,REPRO_BUILD_REVIEW
media-model-proxy/README.rst,media-model-proxy,documentation,38,1423,UNREVIEWED,D09;D16,NO,NO,NO,NO,0,,,D09,D16,HIGH,DOC_CONTEXT_VERIFY_AGAINST_CODE
media-model-proxy/config/decider.yml,media-model-proxy,config_or_build,59,2056,UNREVIEWED,D09;D16;D17,NO,NO,NO,NO,0,,,D09,D16;D17,HIGH,FULL_SOURCE_REVIEW
media-model-proxy/integrationtest/scripts/local.sh,media-model-proxy,test,116,3318,UNREVIEWED,D09;D16;D19,NO,NO,NO,NO,0,,,D09,D16;D19,HIGH,TEST_EVIDENCE
media-model-proxy/integrationtest/scripts/workflow.sh,media-model-proxy,test,90,2720,UNREVIEWED,D09;D16;D19,NO,NO,NO,NO,0,,,D09,D16;D19,HIGH,TEST_EVIDENCE
media-model-proxy/integrationtest/src/test/resources/com/twitter/media_understanding/model_proxy/integrationtest/BUILD.bazel,media-model-proxy,test,4,50,UNREVIEWED,D09;D16;D19,NO,NO,NO,NO,0,,,D09,D16;D19,HIGH,TEST_EVIDENCE
media-model-proxy/integrationtest/src/test/resources/com/twitter/media_understanding/model_proxy/integrationtest/models.txt,media-model-proxy,test,5,86,UNREVIEWED,D09;D16;D19,NO,NO,NO,NO,0,,,D09,D16;D19,HIGH,TEST_EVIDENCE
media-model-proxy/integrationtest/src/test/scala/com/twitter/media_understanding/model_proxy/integrationtest/BUILD.bazel,media-model-proxy,test,18,825,UNREVIEWED,D09;D16;D19,NO,NO,NO,NO,0,,,D09,D16;D19,HIGH,TEST_EVIDENCE
media-model-proxy/integrationtest/src/test/scala/com/twitter/media_understanding/model_proxy/integrationtest/MediaModelProxyService.scala,media-model-proxy,test,49,1629,UNREVIEWED,D09;D16;D19,NO,NO,NO,NO,0,,,D09,D16;D19,HIGH,TEST_EVIDENCE
media-model-proxy/integrationtest/src/test/scala/com/twitter/media_understanding/model_proxy/integrationtest/MediaModelProxyTest.scala,media-model-proxy,test,99,3322,UNREVIEWED,D09;D16;D19,NO,NO,NO,NO,0,,,D09,D16;D19,HIGH,TEST_EVIDENCE
media-model-proxy/loadtest/BUILD,media-model-proxy,test,27,586,UNREVIEWED,D09;D16;D19,NO,NO,NO,NO,0,,,D09,D16;D19,HIGH,TEST_EVIDENCE
media-model-proxy/loadtest/config/loadtest.yaml,media-model-proxy,test,14,363,UNREVIEWED,D09;D16;D17;D19,NO,NO,NO,NO,0,,,D09,D16;D17;D19,HIGH,TEST_EVIDENCE
media-model-proxy/loadtest/launcher.sh,media-model-proxy,test,47,1217,UNREVIEWED,D09;D16;D19,NO,NO,NO,NO,0,,,D09,D16;D19,HIGH,TEST_EVIDENCE
media-model-proxy/loadtest/logs/.gitignore,media-model-proxy,test,1,6,UNREVIEWED,D09;D16;D19,NO,NO,NO,NO,0,,,D09,D16;D19,HIGH,TEST_EVIDENCE
media-model-proxy/loadtest/src/scala/com/twitter/media_understanding/media_model_proxy/loadtest/BUILD,media-model-proxy,test,54,2110,UNREVIEWED,D09;D16;D19,NO,NO,NO,NO,0,,,D09,D16;D19,HIGH,TEST_EVIDENCE
media-model-proxy/loadtest/src/scala/com/twitter/media_understanding/media_model_proxy/loadtest/MediaModelProxyLoadTest.scala,media-model-proxy,test,90,2959,UNREVIEWED,D09;D16;D19,NO,NO,NO,NO,0,,,D09,D16;D19,HIGH,TEST_EVIDENCE
media-model-proxy/loadtest/src/scala/com/twitter/media_understanding/media_model_proxy/loadtest/MediaModelProxyLogSampler.scala,media-model-proxy,test,121,4279,UNREVIEWED,D09;D16;D19,NO,NO,NO,NO,0,,,D09,D16;D19,HIGH,TEST_EVIDENCE
media-model-proxy/scripts/local.sh,media-model-proxy,source,122,4034,UNREVIEWED,D09;D16,NO,NO,NO,NO,0,,,D09,D16,HIGH,FULL_SOURCE_REVIEW
media-model-proxy/src/main/resources/BUILD,media-model-proxy,config_or_build,10,204,UNREVIEWED,D09;D16;D19,NO,NO,NO,NO,0,,,D09,D16;D19,HIGH,REPRO_BUILD_REVIEW
media-model-proxy/src/main/resources/META-INF/services/com.twitter.util.tunable.ServiceLoadedTunableMap,media-model-proxy,other,1,62,UNREVIEWED,D09;D16;D17,NO,NO,NO,NO,0,,,D09,D16;D17,HIGH,FULL_SOURCE_REVIEW
media-model-proxy/src/main/resources/com/twitter/tunables/cortex_media_annotator/instances.json,media-model-proxy,config_or_build,14,284,UNREVIEWED,D09;D16;D17,NO,NO,NO,NO,0,,,D09,D16;D17,HIGH,FULL_SOURCE_REVIEW
media-model-proxy/src/main/resources/okta_features_metadata.xml,media-model-proxy,config_or_build,17,2296,UNREVIEWED,D09;D16,NO,NO,NO,NO,0,,,D09,D16,HIGH,FULL_SOURCE_REVIEW
media-model-proxy/src/main/resources/okta_features_prod_metadata.xml,media-model-proxy,config_or_build,17,2290,UNREVIEWED,D09;D16,NO,NO,NO,NO,0,,,D09,D16,HIGH,FULL_SOURCE_REVIEW
media-model-proxy/src/main/resources/sample-image.jpg,media-model-proxy,other,,6716,UNREVIEWED,D09;D16,NO,NO,NO,NO,0,,,D09,D16,HIGH,ASSET_PROVENANCE_REVIEW
media-model-proxy/src/main/scala/com/twitter/media_understanding/model_proxy/app/BUILD.bazel,media-model-proxy,config_or_build,43,2528,UNREVIEWED,D09;D16;D19,NO,NO,NO,NO,0,,,D09,D16;D19,HIGH,REPRO_BUILD_REVIEW
media-model-proxy/src/main/scala/com/twitter/media_understanding/model_proxy/app/ModelClientValidator.scala,media-model-proxy,source,46,1509,UNREVIEWED,D09;D16,NO,NO,NO,NO,0,,,D09,D16,HIGH,FULL_SOURCE_REVIEW
media-model-proxy/src/main/scala/com/twitter/media_understanding/model_proxy/app/Server.scala,media-model-proxy,source,69,2599,UNREVIEWED,D09;D16,NO,NO,NO,NO,0,,,D09,D16,HIGH,FULL_SOURCE_REVIEW
media-model-proxy/src/main/scala/com/twitter/media_understanding/model_proxy/clients/BUILD.bazel,media-model-proxy,config_or_build,24,1307,UNREVIEWED,D09;D16;D19,NO,NO,NO,NO,0,,,D09,D16;D19,HIGH,REPRO_BUILD_REVIEW
media-model-proxy/src/main/scala/com/twitter/media_understanding/model_proxy/clients/DeepbirdClient.scala,media-model-proxy,source,74,2377,UNREVIEWED,D09;D16,NO,NO,NO,NO,0,,,D09,D16,HIGH,FULL_SOURCE_REVIEW
media-model-proxy/src/main/scala/com/twitter/media_understanding/model_proxy/clients/DummyEmbeddingsClient.scala,media-model-proxy,source,76,2426,UNREVIEWED,D09;D16,NO,NO,NO,NO,0,,,D09,D16,HIGH,FULL_SOURCE_REVIEW
media-model-proxy/src/main/scala/com/twitter/media_understanding/model_proxy/clients/ModelClient.scala,media-model-proxy,source,19,622,UNREVIEWED,D09;D16,NO,NO,NO,NO,0,,,D09,D16,HIGH,FULL_SOURCE_REVIEW
media-model-proxy/src/main/scala/com/twitter/media_understanding/model_proxy/clients/SwitchingModelClient.scala,media-model-proxy,source,47,1718,UNREVIEWED,D09;D16,NO,NO,NO,NO,0,,,D09,D16,HIGH,FULL_SOURCE_REVIEW
media-model-proxy/src/main/scala/com/twitter/media_understanding/model_proxy/config/BUILD,media-model-proxy,config_or_build,13,497,UNREVIEWED,D09;D16;D17;D19,NO,NO,NO,NO,0,,,D09,D16;D17;D19,HIGH,REPRO_BUILD_REVIEW
media-model-proxy/src/main/scala/com/twitter/media_understanding/model_proxy/config/Config.scala,media-model-proxy,config_or_build,5,122,UNREVIEWED,D09;D16;D17,NO,NO,NO,NO,0,,,D09,D16;D17,HIGH,FULL_SOURCE_REVIEW
media-model-proxy/src/main/scala/com/twitter/media_understanding/model_proxy/config/Deciders.scala,media-model-proxy,config_or_build,8,203,UNREVIEWED,D09;D16;D17,NO,NO,NO,NO,0,,,D09,D16;D17,HIGH,FULL_SOURCE_REVIEW
media-model-proxy/src/main/scala/com/twitter/media_understanding/model_proxy/config/Features.scala,media-model-proxy,config_or_build,40,1968,UNREVIEWED,D09;D16;D17,NO,NO,NO,NO,0,,,D09,D16;D17,HIGH,FULL_SOURCE_REVIEW
media-model-proxy/src/main/scala/com/twitter/media_understanding/model_proxy/config/TunableMap.scala,media-model-proxy,config_or_build,9,260,UNREVIEWED,D09;D16;D17,NO,NO,NO,NO,0,,,D09,D16;D17,HIGH,FULL_SOURCE_REVIEW
media-model-proxy/src/main/scala/com/twitter/media_understanding/model_proxy/config/Tunables.scala,media-model-proxy,config_or_build,23,944,UNREVIEWED,D09;D16;D17,NO,NO,NO,NO,0,,,D09,D16;D17,HIGH,FULL_SOURCE_REVIEW
media-model-proxy/src/main/scala/com/twitter/media_understanding/model_proxy/controllers/BUILD.bazel,media-model-proxy,config_or_build,23,1279,UNREVIEWED,D09;D16;D19,NO,NO,NO,NO,0,,,D09,D16;D19,HIGH,REPRO_BUILD_REVIEW
media-model-proxy/src/main/scala/com/twitter/media_understanding/model_proxy/controllers/ProxyController.scala,media-model-proxy,source,94,3637,UNREVIEWED,D09;D16,NO,NO,NO,NO,0,,,D09,D16,HIGH,FULL_SOURCE_REVIEW
media-model-proxy/src/main/scala/com/twitter/media_understanding/model_proxy/exception/BUILD.bazel,media-model-proxy,config_or_build,13,437,UNREVIEWED,D09;D16;D19,NO,NO,NO,NO,0,,,D09,D16;D19,HIGH,REPRO_BUILD_REVIEW
media-model-proxy/src/main/scala/com/twitter/media_understanding/model_proxy/exception/Exceptions.scala,media-model-proxy,source,47,1709,UNREVIEWED,D09;D16,NO,NO,NO,NO,0,,,D09,D16,HIGH,FULL_SOURCE_REVIEW
media-model-proxy/src/main/scala/com/twitter/media_understanding/model_proxy/model_descriptors/BUILD.bazel,media-model-proxy,config_or_build,25,1423,UNREVIEWED,D09;D16;D19,NO,NO,NO,NO,0,,,D09,D16;D19,HIGH,REPRO_BUILD_REVIEW
media-model-proxy/src/main/scala/com/twitter/media_understanding/model_proxy/model_descriptors/CategoryClassificationEmbeddingsModelDescriptor.scala,media-model-proxy,source,68,2536,UNREVIEWED,D09;D16,NO,NO,NO,NO,0,,,D09,D16,HIGH,FULL_SOURCE_REVIEW
media-model-proxy/src/main/scala/com/twitter/media_understanding/model_proxy/model_descriptors/CategoryClassificationModelDescriptor.scala,media-model-proxy,source,57,1964,UNREVIEWED,D09;D16,NO,NO,NO,NO,0,,,D09,D16,HIGH,FULL_SOURCE_REVIEW
media-model-proxy/src/main/scala/com/twitter/media_understanding/model_proxy/model_descriptors/FingerprintingModelDescriptor.scala,media-model-proxy,source,70,2424,UNREVIEWED,D09;D16,NO,NO,NO,NO,0,,,D09,D16,HIGH,FULL_SOURCE_REVIEW
media-model-proxy/src/main/scala/com/twitter/media_understanding/model_proxy/model_descriptors/FingerprintingV2ModelDescriptor.scala,media-model-proxy,source,70,2428,UNREVIEWED,D09;D16,NO,NO,NO,NO,0,,,D09,D16,HIGH,FULL_SOURCE_REVIEW
media-model-proxy/src/main/scala/com/twitter/media_understanding/model_proxy/model_descriptors/HatefulSymbolRecognitionModelDescriptor.scala,media-model-proxy,source,52,1795,UNREVIEWED,D09;D16,NO,NO,NO,NO,0,,,D09,D16,HIGH,FULL_SOURCE_REVIEW
media-model-proxy/src/main/scala/com/twitter/media_understanding/model_proxy/model_descriptors/ModelDescriptor.scala,media-model-proxy,source,47,1700,UNREVIEWED,D09;D16,NO,NO,NO,NO,0,,,D09,D16,HIGH,FULL_SOURCE_REVIEW
media-model-proxy/src/main/scala/com/twitter/media_understanding/model_proxy/model_descriptors/ModelDescriptorRegistry.scala,media-model-proxy,source,28,1166,UNREVIEWED,D09;D16,NO,NO,NO,NO,0,,,D09,D16,HIGH,FULL_SOURCE_REVIEW
media-model-proxy/src/main/scala/com/twitter/media_understanding/model_proxy/model_descriptors/ViolenceAndGoreModelDescriptor.scala,media-model-proxy,source,74,2679,UNREVIEWED,D09;D16,NO,NO,NO,NO,0,,,D09,D16,HIGH,FULL_SOURCE_REVIEW
media-model-proxy/src/main/scala/com/twitter/media_understanding/model_proxy/model_descriptors/XXNsfwModelDescriptor.scala,media-model-proxy,source,86,3251,UNREVIEWED,D09;D16,NO,NO,NO,NO,0,,,D09,D16,HIGH,FULL_SOURCE_REVIEW
media-model-proxy/src/main/scala/com/twitter/media_understanding/model_proxy/modules/BUILD.bazel,media-model-proxy,config_or_build,31,1848,UNREVIEWED,D09;D16;D19,NO,NO,NO,NO,0,,,D09,D16;D19,HIGH,REPRO_BUILD_REVIEW
media-model-proxy/src/main/scala/com/twitter/media_understanding/model_proxy/modules/BlobStoreModule.scala,media-model-proxy,source,100,3568,UNREVIEWED,D09;D16,NO,NO,NO,NO,0,,,D09,D16,HIGH,FULL_SOURCE_REVIEW
media-model-proxy/src/main/scala/com/twitter/media_understanding/model_proxy/modules/ConfigModule.scala,media-model-proxy,source,7,341,UNREVIEWED,D09;D16;D17,NO,NO,NO,NO,0,,,D09,D16;D17,HIGH,FULL_SOURCE_REVIEW
media-model-proxy/src/main/scala/com/twitter/media_understanding/model_proxy/modules/FeaturesModule.scala,media-model-proxy,source,46,1553,UNREVIEWED,D09;D16,NO,NO,NO,NO,0,,,D09,D16,HIGH,FULL_SOURCE_REVIEW
media-model-proxy/src/main/scala/com/twitter/media_understanding/model_proxy/modules/LoadSheddingFilterModule.scala,media-model-proxy,source,23,808,UNREVIEWED,D09;D16,NO,NO,NO,NO,0,,,D09,D16,HIGH,FULL_SOURCE_REVIEW
media-model-proxy/src/main/scala/com/twitter/media_understanding/model_proxy/modules/MediaModelProxyModule.scala,media-model-proxy,source,21,621,UNREVIEWED,D09;D16,NO,NO,NO,NO,0,,,D09,D16,HIGH,FULL_SOURCE_REVIEW
media-model-proxy/src/main/scala/com/twitter/media_understanding/model_proxy/modules/ModelsModule.scala,media-model-proxy,source,47,1526,UNREVIEWED,D09;D16,NO,NO,NO,NO,0,,,D09,D16,HIGH,FULL_SOURCE_REVIEW
media-model-proxy/src/main/scala/com/twitter/media_understanding/model_proxy/modules/ScribeLoggerModule.scala,media-model-proxy,source,30,1174,UNREVIEWED,D09;D16;D18,NO,NO,NO,NO,0,,,D09,D16;D18,HIGH,FULL_SOURCE_REVIEW
media-model-proxy/src/main/scala/com/twitter/media_understanding/model_proxy/modules/StatsReceiverModule.scala,media-model-proxy,source,16,454,UNREVIEWED,D09;D16,NO,NO,NO,NO,0,,,D09,D16,HIGH,FULL_SOURCE_REVIEW
media-model-proxy/src/main/scala/com/twitter/media_understanding/model_proxy/modules/ThriftDiffyProxyModule.scala,media-model-proxy,source,32,1111,UNREVIEWED,D09;D16,NO,NO,NO,NO,0,,,D09,D16,HIGH,FULL_SOURCE_REVIEW
media-model-proxy/src/main/scala/com/twitter/media_understanding/model_proxy/modules/package.scala,media-model-proxy,source,8,175,UNREVIEWED,D09;D16,NO,NO,NO,NO,0,,,D09,D16,HIGH,FULL_SOURCE_REVIEW
media-model-proxy/src/main/scala/com/twitter/media_understanding/model_proxy/services/BUILD.bazel,media-model-proxy,config_or_build,16,682,UNREVIEWED,D09;D16;D19,NO,NO,NO,NO,0,,,D09,D16;D19,HIGH,REPRO_BUILD_REVIEW
media-model-proxy/src/main/scala/com/twitter/media_understanding/model_proxy/services/BlobStoreService.scala,media-model-proxy,source,32,1146,UNREVIEWED,D09;D16,NO,NO,NO,NO,0,,,D09,D16,HIGH,FULL_SOURCE_REVIEW
media-model-proxy/src/main/scala/com/twitter/media_understanding/model_proxy/services/ModelsService.scala,media-model-proxy,source,121,4420,UNREVIEWED,D09;D16,NO,NO,NO,NO,0,,,D09,D16,HIGH,FULL_SOURCE_REVIEW
media-model-proxy/src/main/scala/com/twitter/media_understanding/model_proxy/util/BUILD.bazel,media-model-proxy,config_or_build,14,560,UNREVIEWED,D09;D16;D19,NO,NO,NO,NO,0,,,D09,D16;D19,HIGH,REPRO_BUILD_REVIEW
media-model-proxy/src/main/scala/com/twitter/media_understanding/model_proxy/util/ScribeLogger.scala,media-model-proxy,source,50,1625,UNREVIEWED,D09;D16;D18,NO,NO,NO,NO,0,,,D09,D16;D18,HIGH,FULL_SOURCE_REVIEW
media-model-proxy/src/main/scala/com/twitter/media_understanding/model_proxy/util/Scriber.scala,media-model-proxy,source,9,338,UNREVIEWED,D09;D16,NO,NO,NO,NO,0,,,D09,D16,HIGH,FULL_SOURCE_REVIEW
media-model-proxy/src/main/thrift/BUILD,media-model-proxy,config_or_build,19,536,UNREVIEWED,D09;D16;D19,NO,NO,NO,NO,0,,,D09,D16;D19,HIGH,REPRO_BUILD_REVIEW
media-model-proxy/src/main/thrift/com/twitter/cortex_media_annotator/annotate.thrift,media-model-proxy,schema_or_dsl,78,1814,UNREVIEWED,D09;D16,NO,NO,NO,NO,0,,,D09,D16,HIGH,FULL_SOURCE_REVIEW
media-model-proxy/src/main/thrift/com/twitter/cortex_media_annotator/annotate_scribe.thrift,media-model-proxy,schema_or_dsl,8,259,UNREVIEWED,D09;D16,NO,NO,NO,NO,0,,,D09,D16,HIGH,FULL_SOURCE_REVIEW
media-model-proxy/src/test/resources/BUILD.bazel,media-model-proxy,test,3,34,UNREVIEWED,D09;D16;D19,NO,NO,NO,NO,0,,,D09,D16;D19,HIGH,TEST_EVIDENCE
media-model-proxy/src/test/resources/test_decider_base.yml,media-model-proxy,test,59,2056,UNREVIEWED,D09;D16;D19;D17,NO,NO,NO,NO,0,,,D09,D16;D19;D17,HIGH,SYMLINK_REFERENCE
media-model-proxy/src/test/scala/com/twitter/media_understanding/model_proxy/app/BUILD.bazel,media-model-proxy,test,21,1042,UNREVIEWED,D09;D16;D19,NO,NO,NO,NO,0,,,D09,D16;D19,HIGH,TEST_EVIDENCE
media-model-proxy/src/test/scala/com/twitter/media_understanding/model_proxy/app/FeatureTest.scala,media-model-proxy,test,152,5289,UNREVIEWED,D09;D16;D19,NO,NO,NO,NO,0,,,D09,D16;D19,HIGH,TEST_EVIDENCE
media-model-proxy/src/test/scala/com/twitter/media_understanding/model_proxy/app/StartupTest.scala,media-model-proxy,test,23,723,UNREVIEWED,D09;D16;D19,NO,NO,NO,NO,0,,,D09,D16;D19,HIGH,TEST_EVIDENCE
media-model-proxy/src/test/scala/com/twitter/media_understanding/model_proxy/clients/BUILD.bazel,media-model-proxy,test,20,920,UNREVIEWED,D09;D16;D19,NO,NO,NO,NO,0,,,D09,D16;D19,HIGH,TEST_EVIDENCE
media-model-proxy/src/test/scala/com/twitter/media_understanding/model_proxy/clients/DeepbirdClientSpec.scala,media-model-proxy,test,59,1857,UNREVIEWED,D09;D16;D19,NO,NO,NO,NO,0,,,D09,D16;D19,HIGH,TEST_EVIDENCE
media-model-proxy/src/test/scala/com/twitter/media_understanding/model_proxy/clients/DummyEmbeddingsClientSpec.scala,media-model-proxy,test,66,2059,UNREVIEWED,D09;D16;D19,NO,NO,NO,NO,0,,,D09,D16;D19,HIGH,TEST_EVIDENCE
media-model-proxy/src/test/scala/com/twitter/media_understanding/model_proxy/clients/SwitchingModelClientSpec.scala,media-model-proxy,test,106,3434,UNREVIEWED,D09;D16;D19,NO,NO,NO,NO,0,,,D09,D16;D19,HIGH,TEST_EVIDENCE
media-model-proxy/src/test/scala/com/twitter/media_understanding/model_proxy/config/BUILD.bazel,media-model-proxy,test,17,746,UNREVIEWED,D09;D16;D17;D19,NO,NO,NO,NO,0,,,D09,D16;D17;D19,HIGH,TEST_EVIDENCE
media-model-proxy/src/test/scala/com/twitter/media_understanding/model_proxy/config/FeaturesSpec.scala,media-model-proxy,test,14,405,UNREVIEWED,D09;D16;D17;D19,NO,NO,NO,NO,0,,,D09,D16;D17;D19,HIGH,TEST_EVIDENCE
media-model-proxy/src/test/scala/com/twitter/media_understanding/model_proxy/model_descriptors/BUILD.bazel,media-model-proxy,test,19,882,UNREVIEWED,D09;D16;D19,NO,NO,NO,NO,0,,,D09,D16;D19,HIGH,TEST_EVIDENCE
media-model-proxy/src/test/scala/com/twitter/media_understanding/model_proxy/model_descriptors/CategoryClassificationEmbeddingsModelDescriptorSpec.scala,media-model-proxy,test,26,1086,UNREVIEWED,D09;D16;D19,NO,NO,NO,NO,0,,,D09,D16;D19,HIGH,TEST_EVIDENCE
media-model-proxy/src/test/scala/com/twitter/media_understanding/model_proxy/model_descriptors/CategoryClassificationModelDescriptorSpec.scala,media-model-proxy,test,23,1012,UNREVIEWED,D09;D16;D19,NO,NO,NO,NO,0,,,D09,D16;D19,HIGH,TEST_EVIDENCE
media-model-proxy/src/test/scala/com/twitter/media_understanding/model_proxy/model_descriptors/FingerprintingModelDescriptorSpec.scala,media-model-proxy,test,23,993,UNREVIEWED,D09;D16;D19,NO,NO,NO,NO,0,,,D09,D16;D19,HIGH,TEST_EVIDENCE
media-model-proxy/src/test/scala/com/twitter/media_understanding/model_proxy/model_descriptors/FingerprintingV2ModelDescriptorSpec.scala,media-model-proxy,test,23,997,UNREVIEWED,D09;D16;D19,NO,NO,NO,NO,0,,,D09,D16;D19,HIGH,TEST_EVIDENCE
media-model-proxy/src/test/scala/com/twitter/media_understanding/model_proxy/model_descriptors/HatefulSymbolRecognitionModelDescriptorSpec.scala,media-model-proxy,test,23,1019,UNREVIEWED,D09;D16;D19,NO,NO,NO,NO,0,,,D09,D16;D19,HIGH,TEST_EVIDENCE
media-model-proxy/src/test/scala/com/twitter/media_understanding/model_proxy/model_descriptors/ViolenceAndGoreModelDescriptorSpec.scala,media-model-proxy,test,86,3227,UNREVIEWED,D09;D16;D19,NO,NO,NO,NO,0,,,D09,D16;D19,HIGH,TEST_EVIDENCE
media-model-proxy/src/test/scala/com/twitter/media_understanding/model_proxy/model_descriptors/XXNsfwModelDescriptorSpec.scala,media-model-proxy,test,73,2908,UNREVIEWED,D09;D16;D19,NO,NO,NO,NO,0,,,D09,D16;D19,HIGH,TEST_EVIDENCE
media-model-proxy/src/test/scala/com/twitter/media_understanding/model_proxy/modules/BUILD.bazel,media-model-proxy,test,11,451,UNREVIEWED,D09;D16;D19,NO,NO,NO,NO,0,,,D09,D16;D19,HIGH,TEST_EVIDENCE
media-model-proxy/src/test/scala/com/twitter/media_understanding/model_proxy/modules/TestClientModules.scala,media-model-proxy,test,72,2342,UNREVIEWED,D09;D16;D19,NO,NO,NO,NO,0,,,D09,D16;D19,HIGH,TEST_EVIDENCE
media-model-proxy/src/test/scala/com/twitter/media_understanding/model_proxy/services/BUILD.bazel,media-model-proxy,test,21,1030,UNREVIEWED,D09;D16;D19,NO,NO,NO,NO,0,,,D09,D16;D19,HIGH,TEST_EVIDENCE
media-model-proxy/src/test/scala/com/twitter/media_understanding/model_proxy/services/BlobStoreServiceSpec.scala,media-model-proxy,test,37,1471,UNREVIEWED,D09;D16;D19,NO,NO,NO,NO,0,,,D09,D16;D19,HIGH,TEST_EVIDENCE
media-model-proxy/src/test/scala/com/twitter/media_understanding/model_proxy/services/ModelsServiceSpec.scala,media-model-proxy,test,161,6460,UNREVIEWED,D09;D16;D19,NO,NO,NO,NO,0,,,D09,D16;D19,HIGH,TEST_EVIDENCE
media-model-proxy/src/test/scala/com/twitter/media_understanding/model_proxy/util/BUILD.bazel,media-model-proxy,test,19,869,UNREVIEWED,D09;D16;D19,NO,NO,NO,NO,0,,,D09,D16;D19,HIGH,TEST_EVIDENCE
media-model-proxy/src/test/scala/com/twitter/media_understanding/model_proxy/util/ScribeLoggerSpec.scala,media-model-proxy,test,44,1395,UNREVIEWED,D09;D16;D19;D18,NO,NO,NO,NO,0,,,D09,D16;D19;D18,HIGH,TEST_EVIDENCE
phoenix/Cargo.lock,phoenix,config_or_build,5339,128345,UNREVIEWED,D16;D15;D03;D05;D19,NO,NO,NO,NO,0,,,D16,D15;D03;D05;D19,HIGH,BOUNDARY_TRACE_GENERATED
phoenix/Cargo.toml,phoenix,config_or_build,93,3089,UNREVIEWED,D16;D15;D03;D05;D17;D19,NO,NO,NO,NO,0,,,D16,D15;D03;D05;D17;D19,HIGH,REPRO_BUILD_REVIEW
phoenix/NOTICE,phoenix,other,844,44073,UNREVIEWED,D19;D15;D03;D05,NO,NO,NO,NO,0,,,D19,D15;D03;D05,HIGH,REPRO_BUILD_REVIEW
phoenix/QUICKSTART.md,phoenix,documentation,176,6307,UNREVIEWED,D15;D16,NO,NO,NO,NO,0,,,D15,D16,HIGH,DOC_CONTEXT_VERIFY_AGAINST_CODE
phoenix/README.md,phoenix,documentation,447,26793,UNREVIEWED,D19;D15;D03;D05,NO,NO,NO,NO,0,,,D19,D15;D03;D05,HIGH,DOC_CONTEXT_VERIFY_AGAINST_CODE
phoenix/THIRD_PARTY_NOTICES.md,phoenix,documentation,85,4075,UNREVIEWED,D19;D15;D03;D05,NO,NO,NO,NO,0,,,D19,D15;D03;D05,HIGH,DOC_CONTEXT_VERIFY_AGAINST_CODE
phoenix/TRAINING.md,phoenix,documentation,102,3748,UNREVIEWED,D15;D16,NO,NO,NO,NO,0,,,D15,D16,HIGH,DOC_CONTEXT_VERIFY_AGAINST_CODE
phoenix/crates/common/xai-recsys/Cargo.toml,phoenix,config_or_build,17,380,UNREVIEWED,D16;D03;D05;D15;D17;D19,NO,NO,NO,NO,0,,,D16,D03;D05;D15;D17;D19,HIGH,REPRO_BUILD_REVIEW
phoenix/crates/common/xai-recsys/build.rs,phoenix,source,231,7489,UNREVIEWED,D16;D03;D05;D15;D19,NO,NO,NO,NO,0,,,D16,D03;D05;D15;D19,HIGH,REPRO_BUILD_REVIEW
phoenix/crates/common/xai-recsys/pyproject.toml,phoenix,config_or_build,21,414,UNREVIEWED,D16;D03;D05;D15;D17;D19,NO,NO,NO,NO,0,,,D16,D03;D05;D15;D17;D19,HIGH,REPRO_BUILD_REVIEW
phoenix/crates/common/xai-recsys/src/lib.rs,phoenix,source,8,204,UNREVIEWED,D16;D03;D05;D15,NO,NO,NO,NO,0,,,D16,D03;D05;D15,HIGH,FULL_SOURCE_REVIEW
phoenix/crates/common/xai-recsys/src/model_config.rs,phoenix,source,297,8775,UNREVIEWED,D17;D15;D03;D05,NO,NO,NO,NO,0,,,D17,D15;D03;D05,HIGH,FULL_SOURCE_REVIEW
phoenix/crates/common/xai-recsys/src/util.rs,phoenix,source,2017,80685,UNREVIEWED,D16;D03;D05;D15,NO,NO,NO,NO,0,,,D16,D03;D05;D15,HIGH,FULL_SOURCE_REVIEW
phoenix/crates/serving/xai-recsys-engine/Cargo.toml,phoenix,config_or_build,75,2169,UNREVIEWED,D05;D03;D16;D17;D19,NO,NO,NO,NO,0,,,D05,D03;D16;D17;D19,HIGH,REPRO_BUILD_REVIEW
phoenix/crates/serving/xai-recsys-engine/pyproject.toml,phoenix,config_or_build,25,670,UNREVIEWED,D05;D03;D16;D17;D19,NO,NO,NO,NO,0,,,D05,D03;D16;D17;D19,HIGH,REPRO_BUILD_REVIEW
phoenix/crates/serving/xai-recsys-engine/src/adler32.rs,phoenix,source,135,4208,UNREVIEWED,D05;D03;D16,NO,NO,NO,NO,0,,,D05,D03;D16,HIGH,FULL_SOURCE_REVIEW
phoenix/crates/serving/xai-recsys-engine/src/admission.rs,phoenix,source,395,11743,UNREVIEWED,D05;D03;D16,NO,NO,NO,NO,0,,,D05,D03;D16,HIGH,FULL_SOURCE_REVIEW
phoenix/crates/serving/xai-recsys-engine/src/bin/checkpoint_server.rs,phoenix,source,225,6730,UNREVIEWED,D15;D16,NO,NO,NO,NO,0,,,D15,D16,HIGH,FULL_SOURCE_REVIEW
phoenix/crates/serving/xai-recsys-engine/src/checkpoint_proxy.rs,phoenix,source,754,23771,UNREVIEWED,D15;D16,NO,NO,NO,NO,0,,,D15,D16,HIGH,FULL_SOURCE_REVIEW
phoenix/crates/serving/xai-recsys-engine/src/checkpoint_proxy_metrics.rs,phoenix,source,66,2646,UNREVIEWED,D15;D16;D18,NO,NO,NO,NO,0,,,D15,D16;D18,HIGH,FULL_SOURCE_REVIEW
phoenix/crates/serving/xai-recsys-engine/src/checkpoint_store.rs,phoenix,source,331,11425,UNREVIEWED,D15;D16,NO,NO,NO,NO,0,,,D15,D16,HIGH,FULL_SOURCE_REVIEW
phoenix/crates/serving/xai-recsys-engine/src/const.rs,phoenix,source,7,243,UNREVIEWED,D05;D03;D16,NO,NO,NO,NO,0,,,D05,D03;D16,HIGH,FULL_SOURCE_REVIEW
phoenix/crates/serving/xai-recsys-engine/src/copy.rs,phoenix,source,979,33311,UNREVIEWED,D05;D03;D16,NO,NO,NO,NO,0,,,D05,D03;D16,HIGH,FULL_SOURCE_REVIEW
phoenix/crates/serving/xai-recsys-engine/src/copy_manifest.rs,phoenix,source,761,23697,UNREVIEWED,D05;D03;D16,NO,NO,NO,NO,0,,,D05,D03;D16,HIGH,FULL_SOURCE_REVIEW
phoenix/crates/serving/xai-recsys-engine/src/copy_port_client.rs,phoenix,source,1430,48574,UNREVIEWED,D05;D03;D16,NO,NO,NO,NO,0,,,D05,D03;D16,HIGH,FULL_SOURCE_REVIEW
phoenix/crates/serving/xai-recsys-engine/src/emb_table.rs,phoenix,source,1580,58068,UNREVIEWED,D05;D03;D16,NO,NO,NO,NO,0,,,D05,D03;D16,HIGH,FULL_SOURCE_REVIEW
phoenix/crates/serving/xai-recsys-engine/src/grpc_compression.rs,phoenix,source,197,6372,UNREVIEWED,D05;D03;D16,NO,NO,NO,NO,0,,,D05,D03;D16,HIGH,FULL_SOURCE_REVIEW
phoenix/crates/serving/xai-recsys-engine/src/grpc_util.rs,phoenix,source,339,11202,UNREVIEWED,D05;D03;D16,NO,NO,NO,NO,0,,,D05,D03;D16,HIGH,FULL_SOURCE_REVIEW
phoenix/crates/serving/xai-recsys-engine/src/host_buffer.rs,phoenix,source,231,5986,UNREVIEWED,D05;D03;D16,NO,NO,NO,NO,0,,,D05,D03;D16,HIGH,FULL_SOURCE_REVIEW
phoenix/crates/serving/xai-recsys-engine/src/ibverbs_util.rs,phoenix,source,143,4781,UNREVIEWED,D05;D03;D16,NO,NO,NO,NO,0,,,D05,D03;D16,HIGH,FULL_SOURCE_REVIEW
phoenix/crates/serving/xai-recsys-engine/src/lib.rs,phoenix,source,31,693,UNREVIEWED,D05;D03;D16,NO,NO,NO,NO,0,,,D05,D03;D16,HIGH,FULL_SOURCE_REVIEW
phoenix/crates/serving/xai-recsys-engine/src/mem_util.rs,phoenix,source,236,6754,UNREVIEWED,D05;D03;D16,NO,NO,NO,NO,0,,,D05,D03;D16,HIGH,FULL_SOURCE_REVIEW
phoenix/crates/serving/xai-recsys-engine/src/multimodal_retrieval.rs,phoenix,source,209,6735,UNREVIEWED,D03;D16,NO,NO,NO,NO,0,,,D03,D16,HIGH,FULL_SOURCE_REVIEW
phoenix/crates/serving/xai-recsys-engine/src/proto_parser.rs,phoenix,source,553,18528,UNREVIEWED,D05;D03;D16,NO,NO,NO,NO,0,,,D05,D03;D16,HIGH,FULL_SOURCE_REVIEW
phoenix/crates/serving/xai-recsys-engine/src/python.rs,phoenix,source,3765,152189,UNREVIEWED,D05;D03;D16,NO,NO,NO,NO,0,,,D05,D03;D16,HIGH,FULL_SOURCE_REVIEW
phoenix/crates/serving/xai-recsys-engine/src/request_metrics.rs,phoenix,source,762,27278,UNREVIEWED,D05;D03;D16;D18,NO,NO,NO,NO,0,,,D05,D03;D16;D18,HIGH,FULL_SOURCE_REVIEW
phoenix/crates/serving/xai-recsys-engine/src/request_queue.rs,phoenix,source,131,4046,UNREVIEWED,D05;D03;D16,NO,NO,NO,NO,0,,,D05,D03;D16,HIGH,FULL_SOURCE_REVIEW
phoenix/crates/serving/xai-recsys-engine/src/sid_client.rs,phoenix,source,144,4859,UNREVIEWED,D03;D16,NO,NO,NO,NO,0,,,D03,D16,HIGH,FULL_SOURCE_REVIEW
phoenix/crates/serving/xai-recsys-engine/src/storage_util.rs,phoenix,source,2073,71056,UNREVIEWED,D05;D03;D16,NO,NO,NO,NO,0,,,D05,D03;D16,HIGH,FULL_SOURCE_REVIEW
phoenix/crates/serving/xai-recsys-engine/src/tls.rs,phoenix,source,220,7503,UNREVIEWED,D05;D03;D16,NO,NO,NO,NO,0,,,D05,D03;D16,HIGH,FULL_SOURCE_REVIEW
phoenix/crates/serving/xai-recsys-engine/src/util.rs,phoenix,source,482,20686,UNREVIEWED,D05;D03;D16,NO,NO,NO,NO,0,,,D05,D03;D16,HIGH,FULL_SOURCE_REVIEW
phoenix/crates/serving/xai-recsys-engine/xai_recsys_engine.pyi,phoenix,source,499,20251,UNREVIEWED,D05;D03;D16,NO,NO,NO,NO,0,,,D05,D03;D16,HIGH,FULL_SOURCE_REVIEW
phoenix/crates/serving/xai-recsys-mm-server/Cargo.toml,phoenix,config_or_build,32,883,UNREVIEWED,D05;D03;D16;D17;D19,NO,NO,NO,NO,0,,,D05,D03;D16;D17;D19,HIGH,REPRO_BUILD_REVIEW
phoenix/crates/serving/xai-recsys-mm-server/src/embedding_cache.rs,phoenix,source,640,20579,UNREVIEWED,D05;D03;D16,NO,NO,NO,NO,0,,,D05,D03;D16,HIGH,FULL_SOURCE_REVIEW
phoenix/crates/serving/xai-recsys-mm-server/src/events.rs,phoenix,source,912,32580,UNREVIEWED,D05;D03;D16,NO,NO,NO,NO,0,,,D05,D03;D16,HIGH,BOUNDARY_TRACE_GENERATED
phoenix/crates/serving/xai-recsys-mm-server/src/lib.rs,phoenix,source,12,272,UNREVIEWED,D05;D03;D16,NO,NO,NO,NO,0,,,D05,D03;D16,HIGH,FULL_SOURCE_REVIEW
phoenix/crates/serving/xai-recsys-mm-server/src/mm_embedding_client.rs,phoenix,source,436,15221,UNREVIEWED,D05;D03;D16,NO,NO,NO,NO,0,,,D05,D03;D16,HIGH,FULL_SOURCE_REVIEW
phoenix/crates/serving/xai-recsys-mm-server/src/mm_embedding_fetcher.rs,phoenix,source,227,7956,UNREVIEWED,D05;D03;D16,NO,NO,NO,NO,0,,,D05,D03;D16,HIGH,FULL_SOURCE_REVIEW
phoenix/crates/serving/xai-recsys-mm-server/src/o2.rs,phoenix,source,253,8736,UNREVIEWED,D05;D03;D16,NO,NO,NO,NO,0,,,D05,D03;D16,HIGH,FULL_SOURCE_REVIEW
phoenix/crates/serving/xai-recsys-mm-server/src/python.rs,phoenix,source,112,3750,UNREVIEWED,D05;D03;D16,NO,NO,NO,NO,0,,,D05,D03;D16,HIGH,FULL_SOURCE_REVIEW
phoenix/crates/serving/xai-recsys-mm-server/src/snapshot.rs,phoenix,source,637,20742,UNREVIEWED,D05;D03;D16,NO,NO,NO,NO,0,,,D05,D03;D16,HIGH,FULL_SOURCE_REVIEW
phoenix/crates/serving/xai-recsys-mm-server/src/snowflake.rs,phoenix,source,19,568,UNREVIEWED,D05;D03;D16,NO,NO,NO,NO,0,,,D05,D03;D16,HIGH,FULL_SOURCE_REVIEW
phoenix/crates/serving/xai-recsys-proto/Cargo.toml,phoenix,config_or_build,18,378,UNREVIEWED,D05;D03;D16;D17;D19,NO,NO,NO,NO,0,,,D05,D03;D16;D17;D19,HIGH,REPRO_BUILD_REVIEW
phoenix/crates/serving/xai-recsys-proto/build.rs,phoenix,source,88,2307,UNREVIEWED,D05;D03;D16;D19,NO,NO,NO,NO,0,,,D05,D03;D16;D19,HIGH,REPRO_BUILD_REVIEW
phoenix/crates/serving/xai-recsys-proto/proto/recsys.proto,phoenix,schema_or_dsl,1740,41513,UNREVIEWED,D05;D03;D16,NO,NO,NO,NO,0,,,D05,D03;D16,HIGH,FULL_SOURCE_REVIEW
phoenix/crates/serving/xai-recsys-proto/proto/recsys_features.proto,phoenix,schema_or_dsl,15,376,UNREVIEWED,D05;D03;D16,NO,NO,NO,NO,0,,,D05,D03;D16,HIGH,FULL_SOURCE_REVIEW
phoenix/crates/serving/xai-recsys-proto/proto/served_feed.proto,phoenix,schema_or_dsl,23,466,UNREVIEWED,D05;D03;D16,NO,NO,NO,NO,0,,,D05,D03;D16,HIGH,FULL_SOURCE_REVIEW
phoenix/crates/serving/xai-recsys-proto/src/grok_topics.rs,phoenix,source,178,6450,UNREVIEWED,D05;D03;D16,NO,NO,NO,NO,0,,,D05,D03;D16,HIGH,FULL_SOURCE_REVIEW
phoenix/crates/serving/xai-recsys-proto/src/installed_apps.rs,phoenix,source,229,7191,UNREVIEWED,D05;D03;D16,NO,NO,NO,NO,0,,,D05,D03;D16,HIGH,FULL_SOURCE_REVIEW
phoenix/crates/serving/xai-recsys-proto/src/lib.rs,phoenix,source,149,6878,UNREVIEWED,D05;D03;D16,NO,NO,NO,NO,0,,,D05,D03;D16,HIGH,FULL_SOURCE_REVIEW
phoenix/crates/serving/xai-recsys-proto/src/starter_packs.rs,phoenix,source,56,2185,UNREVIEWED,D05;D03;D16,NO,NO,NO,NO,0,,,D05,D03;D16,HIGH,FULL_SOURCE_REVIEW
phoenix/crates/serving/xai-recsys-server/Cargo.toml,phoenix,config_or_build,27,686,UNREVIEWED,D05;D03;D16;D17;D19,NO,NO,NO,NO,0,,,D05,D03;D16;D17;D19,HIGH,REPRO_BUILD_REVIEW
phoenix/crates/serving/xai-recsys-server/src/lib.rs,phoenix,source,806,25938,UNREVIEWED,D05;D03;D16,NO,NO,NO,NO,0,,,D05,D03;D16,HIGH,FULL_SOURCE_REVIEW
phoenix/crates/serving/xai-recsys-server/src/load_gauge.rs,phoenix,source,40,854,UNREVIEWED,D05;D03;D16,NO,NO,NO,NO,0,,,D05,D03;D16,HIGH,FULL_SOURCE_REVIEW
phoenix/crates/serving/xai-recsys-server/src/readyz.rs,phoenix,source,210,6472,UNREVIEWED,D05;D03;D16,NO,NO,NO,NO,0,,,D05,D03;D16,HIGH,FULL_SOURCE_REVIEW
phoenix/crates/serving/xai-recsys-sid-proto/Cargo.toml,phoenix,config_or_build,17,347,UNREVIEWED,D03;D16;D17;D19,NO,NO,NO,NO,0,,,D03,D16;D17;D19,HIGH,REPRO_BUILD_REVIEW
phoenix/crates/serving/xai-recsys-sid-proto/build.rs,phoenix,source,6,201,UNREVIEWED,D03;D16;D19,NO,NO,NO,NO,0,,,D03,D16;D19,HIGH,REPRO_BUILD_REVIEW
phoenix/crates/serving/xai-recsys-sid-proto/proto/sid_lookup.proto,phoenix,schema_or_dsl,21,381,UNREVIEWED,D03;D16,NO,NO,NO,NO,0,,,D03,D16,HIGH,FULL_SOURCE_REVIEW
phoenix/crates/serving/xai-recsys-sid-proto/src/lib.rs,phoenix,source,3,105,UNREVIEWED,D03;D16,NO,NO,NO,NO,0,,,D03,D16,HIGH,FULL_SOURCE_REVIEW
phoenix/pyproject.toml,phoenix,config_or_build,90,2259,UNREVIEWED,D16;D15;D03;D05;D17;D19,NO,NO,NO,NO,0,,,D16,D15;D03;D05;D17;D19,HIGH,REPRO_BUILD_REVIEW
phoenix/python/common/xai-configlib/pyproject.toml,phoenix,config_or_build,18,323,UNREVIEWED,D17;D15;D03;D05;D19,NO,NO,NO,NO,0,,,D17,D15;D03;D05;D19,HIGH,REPRO_BUILD_REVIEW
phoenix/python/common/xai-configlib/src/xai_configlib/__init__.py,phoenix,source,633,21370,UNREVIEWED,D17;D15;D03;D05,NO,NO,NO,NO,0,,,D17,D15;D03;D05,HIGH,FULL_SOURCE_REVIEW
phoenix/python/common/xai-configlib/src/xai_configlib/py.typed,phoenix,schema_or_dsl,0,0,UNREVIEWED,D17;D15;D03;D05,NO,NO,NO,NO,0,,,D17,D15;D03;D05,HIGH,FULL_SOURCE_REVIEW
phoenix/python/common/xai-gimmick/pyproject.toml,phoenix,config_or_build,16,286,UNREVIEWED,D16;D03;D05;D15;D17;D19,NO,NO,NO,NO,0,,,D16,D03;D05;D15;D17;D19,HIGH,REPRO_BUILD_REVIEW
phoenix/python/common/xai-gimmick/src/xai_gimmick/__init__.py,phoenix,source,33,948,UNREVIEWED,D16;D03;D05;D15,NO,NO,NO,NO,0,,,D16,D03;D05;D15,HIGH,FULL_SOURCE_REVIEW
phoenix/python/common/xai-proto/backend_proxy.py,phoenix,source,29,1072,UNREVIEWED,D16;D03;D05;D15,NO,NO,NO,NO,0,,,D16,D03;D05;D15,HIGH,FULL_SOURCE_REVIEW
phoenix/python/common/xai-proto/hatch_build.py,phoenix,source,72,1889,UNREVIEWED,D16;D03;D05;D15,NO,NO,NO,NO,0,,,D16,D03;D05;D15,HIGH,FULL_SOURCE_REVIEW
phoenix/python/common/xai-proto/proto/copy.proto,phoenix,schema_or_dsl,19,313,UNREVIEWED,D16;D03;D05;D15,NO,NO,NO,NO,0,,,D16,D03;D05;D15,HIGH,FULL_SOURCE_REVIEW
phoenix/python/common/xai-proto/proto/recsys.proto,phoenix,schema_or_dsl,1740,41513,UNREVIEWED,D16;D03;D05;D15,NO,NO,NO,NO,0,,,D16,D03;D05;D15,HIGH,FULL_SOURCE_REVIEW
phoenix/python/common/xai-proto/proto/recsys_kafka.proto,phoenix,schema_or_dsl,75,1615,UNREVIEWED,D16;D03;D05;D15,NO,NO,NO,NO,0,,,D16,D03;D05;D15,HIGH,FULL_SOURCE_REVIEW
phoenix/python/common/xai-proto/pyproject.toml,phoenix,config_or_build,22,521,UNREVIEWED,D16;D03;D05;D15;D17;D19,NO,NO,NO,NO,0,,,D16,D03;D05;D15;D17;D19,HIGH,REPRO_BUILD_REVIEW
phoenix/python/common/xai-proto/xai_proto/__init__.py,phoenix,source,2,66,UNREVIEWED,D16;D03;D05;D15,NO,NO,NO,NO,0,,,D16,D03;D05;D15,HIGH,FULL_SOURCE_REVIEW
phoenix/python/training/xai-checkpointing/pyproject.toml,phoenix,config_or_build,17,340,UNREVIEWED,D15;D16;D17;D19,NO,NO,NO,NO,0,,,D15,D16;D17;D19,HIGH,REPRO_BUILD_REVIEW
phoenix/python/training/xai-checkpointing/xai_checkpointing/__init__.py,phoenix,source,2,66,UNREVIEWED,D15;D16,NO,NO,NO,NO,0,,,D15,D16,HIGH,FULL_SOURCE_REVIEW
phoenix/python/training/xai-checkpointing/xai_checkpointing/adler32_zlib.py,phoenix,source,27,757,UNREVIEWED,D15;D16,NO,NO,NO,NO,0,,,D15,D16,HIGH,FULL_SOURCE_REVIEW
phoenix/python/training/xai-checkpointing/xai_checkpointing/checksum.py,phoenix,source,465,15134,UNREVIEWED,D15;D16,NO,NO,NO,NO,0,,,D15,D16,HIGH,FULL_SOURCE_REVIEW
phoenix/python/training/xai-checkpointing/xai_checkpointing/common.py,phoenix,source,87,2570,UNREVIEWED,D15;D16,NO,NO,NO,NO,0,,,D15,D16,HIGH,FULL_SOURCE_REVIEW
phoenix/python/training/xai-checkpointing/xai_checkpointing/fix_jax.py,phoenix,source,20,589,UNREVIEWED,D15;D16,NO,NO,NO,NO,0,,,D15,D16,HIGH,FULL_SOURCE_REVIEW
phoenix/python/training/xai-checkpointing/xai_checkpointing/load.py,phoenix,source,195,6768,UNREVIEWED,D15;D16,NO,NO,NO,NO,0,,,D15,D16,HIGH,FULL_SOURCE_REVIEW
phoenix/python/training/xai-checkpointing/xai_checkpointing/tree_util.py,phoenix,source,86,2620,UNREVIEWED,D15;D16,NO,NO,NO,NO,0,,,D15,D16,HIGH,FULL_SOURCE_REVIEW
phoenix/reference/README.md,phoenix,documentation,193,12213,UNREVIEWED,D19;D15;D03;D05,NO,NO,NO,NO,0,,,D19,D15;D03;D05,HIGH,DOC_CONTEXT_VERIFY_AGAINST_CODE
phoenix/reference/_sid_proto/sid_lookup_pb2.py,phoenix,source,32,1665,UNREVIEWED,D03;D16;D19,NO,NO,NO,NO,0,,,D03,D16;D19,HIGH,BOUNDARY_TRACE_GENERATED
phoenix/reference/_sid_proto/sid_lookup_pb2_grpc.py,phoenix,source,89,2963,UNREVIEWED,D03;D16;D19,NO,NO,NO,NO,0,,,D03,D16;D19,HIGH,BOUNDARY_TRACE_GENERATED
phoenix/reference/dump_gen.py,phoenix,source,735,33438,UNREVIEWED,D19;D15;D03;D05,NO,NO,NO,NO,0,,,D19,D15;D03;D05,HIGH,EXAMPLE_REFERENCE_REVIEW
phoenix/reference/example_data/example_posts.py,phoenix,source,117,3538,UNREVIEWED,D19;D15;D03;D05,NO,NO,NO,NO,0,,,D19,D15;D03;D05,HIGH,EXAMPLE_REFERENCE_REVIEW
phoenix/reference/gen_recs_artifacts_gen.py,phoenix,source,221,8536,UNREVIEWED,D05;D16;D19,NO,NO,NO,NO,0,,,D05,D16;D19,HIGH,EXAMPLE_REFERENCE_REVIEW
phoenix/reference/mm_encoder.py,phoenix,source,534,17071,UNREVIEWED,D19;D15;D03;D05,NO,NO,NO,NO,0,,,D19,D15;D03;D05,HIGH,EXAMPLE_REFERENCE_REVIEW
phoenix/reference/mm_snapshot_gen.py,phoenix,source,234,9007,UNREVIEWED,D19;D15;D03;D05,NO,NO,NO,NO,0,,,D19,D15;D03;D05,HIGH,EXAMPLE_REFERENCE_REVIEW
phoenix/reference/oss_recsys_synth.py,phoenix,source,104,3558,UNREVIEWED,D19;D15;D03;D05,NO,NO,NO,NO,0,,,D19,D15;D03;D05,HIGH,EXAMPLE_REFERENCE_REVIEW
phoenix/reference/repack_checkpoint.py,phoenix,source,245,8050,UNREVIEWED,D15;D16;D19,NO,NO,NO,NO,0,,,D15,D16;D19,HIGH,EXAMPLE_REFERENCE_REVIEW
phoenix/reference/retrieve_then_rank.py,phoenix,source,180,6793,UNREVIEWED,D19;D15;D03;D05,NO,NO,NO,NO,0,,,D19,D15;D03;D05,HIGH,EXAMPLE_REFERENCE_REVIEW
phoenix/reference/sid_assign.py,phoenix,source,120,3544,UNREVIEWED,D03;D16;D19,NO,NO,NO,NO,0,,,D03,D16;D19,HIGH,EXAMPLE_REFERENCE_REVIEW
phoenix/reference/sid_codebook.py,phoenix,source,864,28989,UNREVIEWED,D03;D16;D19,NO,NO,NO,NO,0,,,D03,D16;D19,HIGH,EXAMPLE_REFERENCE_REVIEW
phoenix/reference/sid_index_server.py,phoenix,source,110,3643,UNREVIEWED,D03;D16;D19,NO,NO,NO,NO,0,,,D03,D16;D19,HIGH,EXAMPLE_REFERENCE_REVIEW
phoenix/reference/sid_io.py,phoenix,source,235,8016,UNREVIEWED,D03;D16;D19,NO,NO,NO,NO,0,,,D03,D16;D19,HIGH,EXAMPLE_REFERENCE_REVIEW
phoenix/reference/sid_mock_server.py,phoenix,source,87,2789,UNREVIEWED,D03;D16;D19,NO,NO,NO,NO,0,,,D03,D16;D19,HIGH,FIXTURE_EVIDENCE
phoenix/reference/sid_snapshot_gen.py,phoenix,source,174,6371,UNREVIEWED,D03;D16;D19,NO,NO,NO,NO,0,,,D03,D16;D19,HIGH,EXAMPLE_REFERENCE_REVIEW
phoenix/reference/train_step.py,phoenix,source,149,5318,UNREVIEWED,D15;D16;D19,NO,NO,NO,NO,0,,,D15,D16;D19,HIGH,EXAMPLE_REFERENCE_REVIEW
phoenix/reference/train_synth.py,phoenix,source,165,5275,UNREVIEWED,D15;D16;D19,NO,NO,NO,NO,0,,,D15,D16;D19,HIGH,EXAMPLE_REFERENCE_REVIEW
phoenix/reference/world.py,phoenix,source,670,25426,UNREVIEWED,D19;D15;D03;D05,NO,NO,NO,NO,0,,,D19,D15;D03;D05,HIGH,EXAMPLE_REFERENCE_REVIEW
phoenix/reference/world_snapshots.py,phoenix,source,320,10860,UNREVIEWED,D19;D15;D03;D05,NO,NO,NO,NO,0,,,D19,D15;D03;D05,HIGH,EXAMPLE_REFERENCE_REVIEW
phoenix/xrex/__init__.py,phoenix,source,2,66,UNREVIEWED,D16;D15;D03;D05,NO,NO,NO,NO,0,,,D16,D15;D03;D05,HIGH,FULL_SOURCE_REVIEW
phoenix/xrex/configs/__init__.py,phoenix,source,2,66,UNREVIEWED,D17;D15;D03;D05,NO,NO,NO,NO,0,,,D17,D15;D03;D05,HIGH,FULL_SOURCE_REVIEW
phoenix/xrex/configs/config.py,phoenix,source,31,732,UNREVIEWED,D17;D15;D03;D05,NO,NO,NO,NO,0,,,D17,D15;D03;D05,HIGH,FULL_SOURCE_REVIEW
phoenix/xrex/configs/config_loader.py,phoenix,source,114,3354,UNREVIEWED,D17;D15;D03;D05,NO,NO,NO,NO,0,,,D17,D15;D03;D05,HIGH,FULL_SOURCE_REVIEW
phoenix/xrex/configs/config_registry.py,phoenix,source,26,1056,UNREVIEWED,D17;D15;D03;D05,NO,NO,NO,NO,0,,,D17,D15;D03;D05,HIGH,FULL_SOURCE_REVIEW
phoenix/xrex/configs/data_feeds.py,phoenix,source,423,16772,UNREVIEWED,D17;D15;D03;D05,NO,NO,NO,NO,0,,,D17,D15;D03;D05,HIGH,FULL_SOURCE_REVIEW
phoenix/xrex/configs/xrecsys.py,phoenix,source,741,30334,UNREVIEWED,D17;D15;D03;D05,NO,NO,NO,NO,0,,,D17,D15;D03;D05,HIGH,FULL_SOURCE_REVIEW
phoenix/xrex/configs/xrecsys_gen_recs.py,phoenix,source,333,12624,UNREVIEWED,D05;D16;D17,NO,NO,NO,NO,0,,,D05,D16;D17,HIGH,FULL_SOURCE_REVIEW
phoenix/xrex/configs/xrecsys_sid_retrieval.py,phoenix,source,262,8999,UNREVIEWED,D03;D16;D17,NO,NO,NO,NO,0,,,D03,D16;D17,HIGH,FULL_SOURCE_REVIEW
phoenix/xrex/configs/xrecsys_sid_variants.py,phoenix,source,20,666,UNREVIEWED,D03;D16;D17,NO,NO,NO,NO,0,,,D03,D16;D17,HIGH,FULL_SOURCE_REVIEW
phoenix/xrex/configs/xrecsys_two_tower.py,phoenix,source,752,30995,UNREVIEWED,D03;D16;D17,NO,NO,NO,NO,0,,,D03,D16;D17,HIGH,FULL_SOURCE_REVIEW
phoenix/xrex/configs/xrecsys_two_tower_evals.py,phoenix,source,91,3451,UNREVIEWED,D03;D16;D17,NO,NO,NO,NO,0,,,D03,D16;D17,HIGH,FULL_SOURCE_REVIEW
phoenix/xrex/cuda/__init__.py,phoenix,source,40,2193,UNREVIEWED,D16;D15;D05,NO,NO,NO,NO,0,,,D16,D15;D05,HIGH,FULL_SOURCE_REVIEW
phoenix/xrex/cuda/adler32/__init__.py,phoenix,source,53,1310,UNREVIEWED,D16;D15;D05,NO,NO,NO,NO,0,,,D16,D15;D05,HIGH,FULL_SOURCE_REVIEW
phoenix/xrex/cuda/adler32/src/adler32_api.cc,phoenix,source,62,1791,UNREVIEWED,D16;D15;D05,NO,NO,NO,NO,0,,,D16,D15;D05,HIGH,FULL_SOURCE_REVIEW
phoenix/xrex/cuda/adler32/src/adler32_api.cu,phoenix,source,155,5292,UNREVIEWED,D16;D15;D05,NO,NO,NO,NO,0,,,D16,D15;D05,HIGH,FULL_SOURCE_REVIEW
phoenix/xrex/cuda/adler32/src/adler32_api.h,phoenix,source,32,733,UNREVIEWED,D16;D15;D05,NO,NO,NO,NO,0,,,D16,D15;D05,HIGH,FULL_SOURCE_REVIEW
phoenix/xrex/cuda/adler32/src/adler32_cpu.cc,phoenix,source,42,1091,UNREVIEWED,D16;D15;D05,NO,NO,NO,NO,0,,,D16,D15;D05,HIGH,FULL_SOURCE_REVIEW
phoenix/xrex/cuda/adler32/src/adler32_kernel.cuh,phoenix,source,223,5892,UNREVIEWED,D16;D15;D05,NO,NO,NO,NO,0,,,D16,D15;D05,HIGH,FULL_SOURCE_REVIEW
phoenix/xrex/cuda/async_emb/__init__.py,phoenix,source,2,66,UNREVIEWED,D16;D15;D05,NO,NO,NO,NO,0,,,D16,D15;D05,HIGH,FULL_SOURCE_REVIEW
phoenix/xrex/cuda/async_emb/async_emb.py,phoenix,source,232,8136,UNREVIEWED,D16;D15;D05,NO,NO,NO,NO,0,,,D16,D15;D05,HIGH,FULL_SOURCE_REVIEW
phoenix/xrex/cuda/async_emb/comm_utils.py,phoenix,source,47,1383,UNREVIEWED,D16;D15;D05,NO,NO,NO,NO,0,,,D16,D15;D05,HIGH,FULL_SOURCE_REVIEW
phoenix/xrex/cuda/async_emb/src/async_emb_api.cc,phoenix,source,633,21577,UNREVIEWED,D16;D15;D05,NO,NO,NO,NO,0,,,D16,D15;D05,HIGH,FULL_SOURCE_REVIEW
phoenix/xrex/cuda/async_emb/src/async_emb_comm.cc,phoenix,source,812,26364,UNREVIEWED,D16;D15;D05,NO,NO,NO,NO,0,,,D16,D15;D05,HIGH,FULL_SOURCE_REVIEW
phoenix/xrex/cuda/async_emb/src/async_emb_comm.hpp,phoenix,source,210,5321,UNREVIEWED,D16;D15;D05,NO,NO,NO,NO,0,,,D16,D15;D05,HIGH,FULL_SOURCE_REVIEW
phoenix/xrex/cuda/async_emb/src/async_emb_kernel.cu,phoenix,source,381,12889,UNREVIEWED,D16;D15;D05,NO,NO,NO,NO,0,,,D16,D15;D05,HIGH,FULL_SOURCE_REVIEW
phoenix/xrex/cuda/async_emb/src/async_emb_kernel.hpp,phoenix,source,78,1541,UNREVIEWED,D16;D15;D05,NO,NO,NO,NO,0,,,D16,D15;D05,HIGH,FULL_SOURCE_REVIEW
phoenix/xrex/cuda/async_emb/src/comm_utils.cc,phoenix,source,146,5122,UNREVIEWED,D16;D15;D05,NO,NO,NO,NO,0,,,D16,D15;D05,HIGH,FULL_SOURCE_REVIEW
phoenix/xrex/cuda/async_emb/src/comm_utils.h,phoenix,source,57,1392,UNREVIEWED,D16;D15;D05,NO,NO,NO,NO,0,,,D16,D15;D05,HIGH,FULL_SOURCE_REVIEW
phoenix/xrex/cuda/async_emb/src/cuda_error_utils.hpp,phoenix,source,68,3904,UNREVIEWED,D16;D15;D05,NO,NO,NO,NO,0,,,D16,D15;D05,HIGH,FULL_SOURCE_REVIEW
phoenix/xrex/cuda/top_k_by_key/__init__.py,phoenix,source,78,2426,UNREVIEWED,D16;D15;D05,NO,NO,NO,NO,0,,,D16,D15;D05,HIGH,FULL_SOURCE_REVIEW
phoenix/xrex/cuda/top_k_by_key/src/top_k_by_key_api.cc,phoenix,source,32,913,UNREVIEWED,D16;D15;D05,NO,NO,NO,NO,0,,,D16,D15;D05,HIGH,FULL_SOURCE_REVIEW
phoenix/xrex/cuda/top_k_by_key/src/top_k_by_key_async_api.cc,phoenix,source,31,920,UNREVIEWED,D16;D15;D05,NO,NO,NO,NO,0,,,D16,D15;D05,HIGH,FULL_SOURCE_REVIEW
phoenix/xrex/cuda/top_k_by_key/src/top_k_by_key_async_kernel.cu,phoenix,source,165,6358,UNREVIEWED,D16;D15;D05,NO,NO,NO,NO,0,,,D16,D15;D05,HIGH,FULL_SOURCE_REVIEW
phoenix/xrex/cuda/top_k_by_key/src/top_k_by_key_async_kernel.hpp,phoenix,source,16,389,UNREVIEWED,D16;D15;D05,NO,NO,NO,NO,0,,,D16,D15;D05,HIGH,FULL_SOURCE_REVIEW
phoenix/xrex/cuda/top_k_by_key/src/top_k_by_key_kernel.cu,phoenix,source,152,5004,UNREVIEWED,D16;D15;D05,NO,NO,NO,NO,0,,,D16,D15;D05,HIGH,FULL_SOURCE_REVIEW
phoenix/xrex/cuda/top_k_by_key/src/top_k_by_key_kernel.hpp,phoenix,source,17,417,UNREVIEWED,D16;D15;D05,NO,NO,NO,NO,0,,,D16,D15;D05,HIGH,FULL_SOURCE_REVIEW
phoenix/xrex/cuda/top_k_by_key/src/top_k_by_key_radix_select_api.cc,phoenix,source,33,981,UNREVIEWED,D16;D15;D05,NO,NO,NO,NO,0,,,D16,D15;D05,HIGH,FULL_SOURCE_REVIEW
phoenix/xrex/cuda/top_k_by_key/src/top_k_by_key_radix_select_kernel.cu,phoenix,source,389,12823,UNREVIEWED,D16;D15;D05,NO,NO,NO,NO,0,,,D16,D15;D05,HIGH,FULL_SOURCE_REVIEW
phoenix/xrex/cuda/top_k_by_key/src/top_k_by_key_radix_select_kernel.hpp,phoenix,source,16,396,UNREVIEWED,D16;D15;D05,NO,NO,NO,NO,0,,,D16,D15;D05,HIGH,FULL_SOURCE_REVIEW
phoenix/xrex/cuda/unique/__init__.py,phoenix,source,41,1432,UNREVIEWED,D16;D15;D05,NO,NO,NO,NO,0,,,D16,D15;D05,HIGH,FULL_SOURCE_REVIEW
phoenix/xrex/cuda/unique/src/unique_api.cc,phoenix,source,36,1063,UNREVIEWED,D16;D15;D05,NO,NO,NO,NO,0,,,D16,D15;D05,HIGH,FULL_SOURCE_REVIEW
phoenix/xrex/cuda/unique/src/unique_kernel.cu,phoenix,source,154,4862,UNREVIEWED,D16;D15;D05,NO,NO,NO,NO,0,,,D16,D15;D05,HIGH,FULL_SOURCE_REVIEW
phoenix/xrex/cuda/unique/src/unique_kernel.hpp,phoenix,source,21,646,UNREVIEWED,D16;D15;D05,NO,NO,NO,NO,0,,,D16,D15;D05,HIGH,FULL_SOURCE_REVIEW
phoenix/xrex/cuda/xla_utils/cuda_error_utils.hpp,phoenix,source,68,3904,UNREVIEWED,D16;D15;D05,NO,NO,NO,NO,0,,,D16,D15;D05,HIGH,FULL_SOURCE_REVIEW
phoenix/xrex/cuda/xla_utils/thrust_allocator.hpp,phoenix,source,37,796,UNREVIEWED,D16;D15;D05,NO,NO,NO,NO,0,,,D16,D15;D05,HIGH,FULL_SOURCE_REVIEW
phoenix/xrex/cutedsl/__init__.py,phoenix,source,2,66,UNREVIEWED,D16;D15;D05,NO,NO,NO,NO,0,,,D16,D15;D05,HIGH,FULL_SOURCE_REVIEW
phoenix/xrex/cutedsl/ranker_attention_fa4.py,phoenix,source,393,13233,UNREVIEWED,D05;D16,NO,NO,NO,NO,0,,,D05,D16,HIGH,FULL_SOURCE_REVIEW
phoenix/xrex/cutedsl/ranker_attention_varlen_fa4.py,phoenix,source,608,20322,UNREVIEWED,D05;D16,NO,NO,NO,NO,0,,,D05,D16,HIGH,FULL_SOURCE_REVIEW
phoenix/xrex/cutedsl/ranker_fa4/__init__.py,phoenix,source,33,1779,UNREVIEWED,D05;D16,NO,NO,NO,NO,0,,,D05,D16,HIGH,FULL_SOURCE_REVIEW
phoenix/xrex/cutedsl/ranker_fa4/barrier.py,phoenix,source,103,3796,UNREVIEWED,D05;D16,NO,NO,NO,NO,0,,,D05,D16,HIGH,FULL_SOURCE_REVIEW
phoenix/xrex/cutedsl/ranker_fa4/blackwell_helpers.py,phoenix,source,1065,46152,UNREVIEWED,D05;D16,NO,NO,NO,NO,0,,,D05,D16,HIGH,FULL_SOURCE_REVIEW
phoenix/xrex/cutedsl/ranker_fa4/block_info.py,phoenix,source,181,8203,UNREVIEWED,D05;D16,NO,NO,NO,NO,0,,,D05,D16,HIGH,FULL_SOURCE_REVIEW
phoenix/xrex/cutedsl/ranker_fa4/block_sparse_utils.py,phoenix,source,1564,55798,UNREVIEWED,D05;D16,NO,NO,NO,NO,0,,,D05,D16,HIGH,FULL_SOURCE_REVIEW
phoenix/xrex/cutedsl/ranker_fa4/block_sparsity.py,phoenix,source,679,25469,UNREVIEWED,D05;D16,NO,NO,NO,NO,0,,,D05,D16,HIGH,FULL_SOURCE_REVIEW
phoenix/xrex/cutedsl/ranker_fa4/copy_utils.py,phoenix,source,383,13210,UNREVIEWED,D05;D16,NO,NO,NO,NO,0,,,D05,D16,HIGH,FULL_SOURCE_REVIEW
phoenix/xrex/cutedsl/ranker_fa4/cute_dsl_utils.py,phoenix,source,165,5953,UNREVIEWED,D05;D16,NO,NO,NO,NO,0,,,D05,D16,HIGH,FULL_SOURCE_REVIEW
phoenix/xrex/cutedsl/ranker_fa4/fa_logging.py,phoenix,source,98,3443,UNREVIEWED,D05;D16;D18,NO,NO,NO,NO,0,,,D05,D16;D18,HIGH,FULL_SOURCE_REVIEW
phoenix/xrex/cutedsl/ranker_fa4/fast_math.py,phoenix,source,47,2070,UNREVIEWED,D05;D16,NO,NO,NO,NO,0,,,D05,D16,HIGH,FULL_SOURCE_REVIEW
phoenix/xrex/cutedsl/ranker_fa4/flash_bwd_postprocess.py,phoenix,source,554,25215,UNREVIEWED,D05;D16,NO,NO,NO,NO,0,,,D05,D16,HIGH,FULL_SOURCE_REVIEW
phoenix/xrex/cutedsl/ranker_fa4/flash_bwd_sm100.py,phoenix,source,3708,164546,UNREVIEWED,D05;D16,NO,NO,NO,NO,0,,,D05,D16,HIGH,FULL_SOURCE_REVIEW
phoenix/xrex/cutedsl/ranker_fa4/flash_fwd_sm100.py,phoenix,source,2941,128912,UNREVIEWED,D05;D16,NO,NO,NO,NO,0,,,D05,D16,HIGH,FULL_SOURCE_REVIEW
phoenix/xrex/cutedsl/ranker_fa4/mask.py,phoenix,source,1236,55345,UNREVIEWED,D05;D16,NO,NO,NO,NO,0,,,D05,D16,HIGH,FULL_SOURCE_REVIEW
phoenix/xrex/cutedsl/ranker_fa4/mma_sm100_desc.py,phoenix,source,298,10646,UNREVIEWED,D05;D16,NO,NO,NO,NO,0,,,D05,D16,HIGH,FULL_SOURCE_REVIEW
phoenix/xrex/cutedsl/ranker_fa4/named_barrier.py,phoenix,source,87,3150,UNREVIEWED,D05;D16,NO,NO,NO,NO,0,,,D05,D16,HIGH,FULL_SOURCE_REVIEW
phoenix/xrex/cutedsl/ranker_fa4/pack_gqa.py,phoenix,source,263,11223,UNREVIEWED,D05;D16,NO,NO,NO,NO,0,,,D05,D16,HIGH,FULL_SOURCE_REVIEW
phoenix/xrex/cutedsl/ranker_fa4/paged_kv.py,phoenix,source,268,10435,UNREVIEWED,D05;D16,NO,NO,NO,NO,0,,,D05,D16,HIGH,FULL_SOURCE_REVIEW
phoenix/xrex/cutedsl/ranker_fa4/pipeline.py,phoenix,source,350,11656,UNREVIEWED,D05;D16,NO,NO,NO,NO,0,,,D05,D16,HIGH,FULL_SOURCE_REVIEW
phoenix/xrex/cutedsl/ranker_fa4/seqlen_info.py,phoenix,source,308,12123,UNREVIEWED,D05;D16,NO,NO,NO,NO,0,,,D05,D16,HIGH,FULL_SOURCE_REVIEW
phoenix/xrex/cutedsl/ranker_fa4/softmax.py,phoenix,source,554,22599,UNREVIEWED,D05;D16,NO,NO,NO,NO,0,,,D05,D16,HIGH,FULL_SOURCE_REVIEW
phoenix/xrex/cutedsl/ranker_fa4/tile_scheduler.py,phoenix,source,1400,54000,UNREVIEWED,D05;D16,NO,NO,NO,NO,0,,,D05,D16,HIGH,FULL_SOURCE_REVIEW
phoenix/xrex/cutedsl/ranker_fa4/utils.py,phoenix,source,848,28724,UNREVIEWED,D05;D16,NO,NO,NO,NO,0,,,D05,D16,HIGH,FULL_SOURCE_REVIEW
phoenix/xrex/data/__init__.py,phoenix,source,2,66,UNREVIEWED,D15;D16;D03;D05,NO,NO,NO,NO,0,,,D15,D16;D03;D05,HIGH,FULL_SOURCE_REVIEW
phoenix/xrex/data/conversion_labels.py,phoenix,source,141,5219,UNREVIEWED,D15;D16;D03;D05,NO,NO,NO,NO,0,,,D15,D16;D03;D05,HIGH,FULL_SOURCE_REVIEW
phoenix/xrex/data/grpc_recsys.py,phoenix,source,390,17215,UNREVIEWED,D15;D16;D03;D05,NO,NO,NO,NO,0,,,D15,D16;D03;D05,HIGH,FULL_SOURCE_REVIEW
phoenix/xrex/data/parquet_recsys.py,phoenix,source,1522,65333,UNREVIEWED,D15;D16;D03;D05,NO,NO,NO,NO,0,,,D15,D16;D03;D05,HIGH,FULL_SOURCE_REVIEW
phoenix/xrex/data/parquet_recsys_metadata.py,phoenix,source,132,4189,UNREVIEWED,D15;D16;D03;D05,NO,NO,NO,NO,0,,,D15,D16;D03;D05,HIGH,FULL_SOURCE_REVIEW
phoenix/xrex/data/recsys/__init__.py,phoenix,source,2,66,UNREVIEWED,D15;D16;D03;D05,NO,NO,NO,NO,0,,,D15,D16;D03;D05,HIGH,FULL_SOURCE_REVIEW
phoenix/xrex/data/recsys/constants.py,phoenix,source,283,7596,UNREVIEWED,D15;D16;D03;D05,NO,NO,NO,NO,0,,,D15,D16;D03;D05,HIGH,FULL_SOURCE_REVIEW
phoenix/xrex/data/recsys/feature_config.py,phoenix,source,152,3797,UNREVIEWED,D15;D16;D03;D05;D17,NO,NO,NO,NO,0,,,D15,D16;D03;D05;D17,HIGH,FULL_SOURCE_REVIEW
phoenix/xrex/data/recsys/gen_recs_semantics.py,phoenix,source,453,15650,UNREVIEWED,D05;D16,NO,NO,NO,NO,0,,,D05,D16,HIGH,FULL_SOURCE_REVIEW
phoenix/xrex/data/recsys/recsys_batch.py,phoenix,source,1582,64703,UNREVIEWED,D15;D16;D03;D05,NO,NO,NO,NO,0,,,D15,D16;D03;D05,HIGH,FULL_SOURCE_REVIEW
phoenix/xrex/data/recsys/safety_filter.py,phoenix,source,61,1792,UNREVIEWED,D15;D16;D03;D05,NO,NO,NO,NO,0,,,D15,D16;D03;D05,HIGH,FULL_SOURCE_REVIEW
phoenix/xrex/data/recsys/sequence_packing.py,phoenix,source,418,17251,UNREVIEWED,D15;D16;D03;D05,NO,NO,NO,NO,0,,,D15,D16;D03;D05,HIGH,FULL_SOURCE_REVIEW
phoenix/xrex/data/retrieval_dataset.py,phoenix,source,428,15607,UNREVIEWED,D15;D16;D03,NO,NO,NO,NO,0,,,D15,D16;D03,HIGH,FULL_SOURCE_REVIEW
phoenix/xrex/data/rust_ext.py,phoenix,source,32,1238,UNREVIEWED,D15;D16;D03;D05,NO,NO,NO,NO,0,,,D15,D16;D03;D05,HIGH,FULL_SOURCE_REVIEW
phoenix/xrex/data/rust_kafka_recsys.py,phoenix,source,370,14931,UNREVIEWED,D15;D16;D03;D05,NO,NO,NO,NO,0,,,D15,D16;D03;D05,HIGH,FULL_SOURCE_REVIEW
phoenix/xrex/data/rust_parquet_recsys.py,phoenix,source,275,11627,UNREVIEWED,D15;D16;D03;D05,NO,NO,NO,NO,0,,,D15,D16;D03;D05,HIGH,FULL_SOURCE_REVIEW
phoenix/xrex/data/streaming/__init__.py,phoenix,source,2,66,UNREVIEWED,D15;D16;D03;D05,NO,NO,NO,NO,0,,,D15,D16;D03;D05,HIGH,FULL_SOURCE_REVIEW
phoenix/xrex/data/streaming/kafkaconsumer.py,phoenix,source,1406,55347,UNREVIEWED,D15;D16;D03;D05,NO,NO,NO,NO,0,,,D15,D16;D03;D05,HIGH,FULL_SOURCE_REVIEW
phoenix/xrex/data/streaming/kafkadispatcherloader.py,phoenix,source,312,12096,UNREVIEWED,D15;D16;D03;D05,NO,NO,NO,NO,0,,,D15,D16;D03;D05,HIGH,FULL_SOURCE_REVIEW
phoenix/xrex/data/streaming/kafkaloader.py,phoenix,source,1231,44612,UNREVIEWED,D15;D16;D03;D05,NO,NO,NO,NO,0,,,D15,D16;D03;D05,HIGH,FULL_SOURCE_REVIEW
phoenix/xrex/driver/__init__.py,phoenix,source,2,66,UNREVIEWED,D16;D15;D03;D05,NO,NO,NO,NO,0,,,D16,D15;D03;D05,HIGH,FULL_SOURCE_REVIEW
phoenix/xrex/driver/config_factory.py,phoenix,source,54,1758,UNREVIEWED,D17;D15;D03;D05,NO,NO,NO,NO,0,,,D17,D15;D03;D05,HIGH,FULL_SOURCE_REVIEW
phoenix/xrex/driver/driver.py,phoenix,source,351,10442,UNREVIEWED,D16;D15;D03;D05,NO,NO,NO,NO,0,,,D16,D15;D03;D05,HIGH,FULL_SOURCE_REVIEW
phoenix/xrex/driver/driver_local.py,phoenix,source,92,2678,UNREVIEWED,D16;D15;D03;D05,NO,NO,NO,NO,0,,,D16,D15;D03;D05,HIGH,FULL_SOURCE_REVIEW
phoenix/xrex/driver/hooks.py,phoenix,source,783,23974,UNREVIEWED,D16;D15;D03;D05,NO,NO,NO,NO,0,,,D16,D15;D03;D05,HIGH,FULL_SOURCE_REVIEW
phoenix/xrex/driver/run.py,phoenix,source,141,4498,UNREVIEWED,D16;D15;D03;D05,NO,NO,NO,NO,0,,,D16,D15;D03;D05,HIGH,FULL_SOURCE_REVIEW
phoenix/xrex/eval/eval_utils.py,phoenix,source,154,4913,UNREVIEWED,D15;D16,NO,NO,NO,NO,0,,,D15,D16,HIGH,FULL_SOURCE_REVIEW
phoenix/xrex/eval/evaluator_recsys.py,phoenix,source,22,903,UNREVIEWED,D15;D16,NO,NO,NO,NO,0,,,D15,D16,HIGH,FULL_SOURCE_REVIEW
phoenix/xrex/eval/metrics.py,phoenix,source,55,1183,UNREVIEWED,D15;D16;D18,NO,NO,NO,NO,0,,,D15,D16;D18,HIGH,FULL_SOURCE_REVIEW
phoenix/xrex/eval/metrics_recsys.py,phoenix,source,615,21332,UNREVIEWED,D15;D16;D18,NO,NO,NO,NO,0,,,D15,D16;D18,HIGH,FULL_SOURCE_REVIEW
phoenix/xrex/eval/recsys_eval.py,phoenix,source,989,43431,UNREVIEWED,D15;D16,NO,NO,NO,NO,0,,,D15,D16,HIGH,FULL_SOURCE_REVIEW
phoenix/xrex/inference/__init__.py,phoenix,source,2,66,UNREVIEWED,D05;D03;D16,NO,NO,NO,NO,0,,,D05,D03;D16,HIGH,FULL_SOURCE_REVIEW
phoenix/xrex/inference/checkpoint_storage.py,phoenix,source,291,11129,UNREVIEWED,D15;D16,NO,NO,NO,NO,0,,,D15,D16,HIGH,FULL_SOURCE_REVIEW
phoenix/xrex/inference/debug_logger.py,phoenix,source,38,1466,UNREVIEWED,D05;D03;D16;D18,NO,NO,NO,NO,0,,,D05,D03;D16;D18,HIGH,FULL_SOURCE_REVIEW
phoenix/xrex/inference/gen_recs_runner.py,phoenix,source,349,13754,UNREVIEWED,D05;D16,NO,NO,NO,NO,0,,,D05,D16,HIGH,FULL_SOURCE_REVIEW
phoenix/xrex/inference/gen_recs_services.py,phoenix,source,36,1584,UNREVIEWED,D05;D16,NO,NO,NO,NO,0,,,D05,D16,HIGH,FULL_SOURCE_REVIEW
phoenix/xrex/inference/h2d.py,phoenix,source,412,14718,UNREVIEWED,D05;D03;D16,NO,NO,NO,NO,0,,,D05,D03;D16,HIGH,FULL_SOURCE_REVIEW
phoenix/xrex/inference/launch_inference.py,phoenix,source,849,31038,UNREVIEWED,D05;D03;D16,NO,NO,NO,NO,0,,,D05,D03;D16,HIGH,FULL_SOURCE_REVIEW
phoenix/xrex/inference/metrics.py,phoenix,source,405,16644,UNREVIEWED,D05;D03;D16;D18,NO,NO,NO,NO,0,,,D05,D03;D16;D18,HIGH,FULL_SOURCE_REVIEW
phoenix/xrex/inference/model_runner.py,phoenix,source,4879,209227,UNREVIEWED,D05;D03;D16,NO,NO,NO,NO,0,,,D05,D03;D16,HIGH,FULL_SOURCE_REVIEW
phoenix/xrex/inference/oss_bench/__init__.py,phoenix,source,2,66,UNREVIEWED,D05;D03;D16,NO,NO,NO,NO,0,,,D05,D03;D16,HIGH,FULL_SOURCE_REVIEW
phoenix/xrex/inference/oss_bench/bench.py,phoenix,source,485,16076,UNREVIEWED,D05;D03;D16,NO,NO,NO,NO,0,,,D05,D03;D16,HIGH,FULL_SOURCE_REVIEW
phoenix/xrex/inference/pinned_d2h.py,phoenix,source,97,3125,UNREVIEWED,D05;D03;D16,NO,NO,NO,NO,0,,,D05,D03;D16,HIGH,FULL_SOURCE_REVIEW
phoenix/xrex/inference/service_registry.py,phoenix,source,25,697,UNREVIEWED,D05;D03;D16,NO,NO,NO,NO,0,,,D05,D03;D16,HIGH,FULL_SOURCE_REVIEW
phoenix/xrex/inference/serving_filters_runner.py,phoenix,source,543,22979,UNREVIEWED,D05;D03;D16,NO,NO,NO,NO,0,,,D05,D03;D16,HIGH,FULL_SOURCE_REVIEW
phoenix/xrex/inference/serving_services.py,phoenix,source,40,1681,UNREVIEWED,D05;D03;D16,NO,NO,NO,NO,0,,,D05,D03;D16,HIGH,FULL_SOURCE_REVIEW
phoenix/xrex/inference/sid_post_index.py,phoenix,source,258,8853,UNREVIEWED,D03;D16,NO,NO,NO,NO,0,,,D03,D16,HIGH,FULL_SOURCE_REVIEW
phoenix/xrex/inference/sid_retrieval_runner.py,phoenix,source,446,18656,UNREVIEWED,D03;D16,NO,NO,NO,NO,0,,,D03,D16,HIGH,FULL_SOURCE_REVIEW
phoenix/xrex/inference/sid_services.py,phoenix,source,26,1382,UNREVIEWED,D03;D16,NO,NO,NO,NO,0,,,D03,D16,HIGH,FULL_SOURCE_REVIEW
phoenix/xrex/inference/status_server.py,phoenix,source,172,5907,UNREVIEWED,D05;D03;D16,NO,NO,NO,NO,0,,,D05,D03;D16,HIGH,FULL_SOURCE_REVIEW
phoenix/xrex/models/__init__.py,phoenix,source,2,66,UNREVIEWED,D05;D03;D16,NO,NO,NO,NO,0,,,D05,D03;D16,HIGH,FULL_SOURCE_REVIEW
phoenix/xrex/models/attention.py,phoenix,source,326,11282,UNREVIEWED,D05;D03;D16,NO,NO,NO,NO,0,,,D05,D03;D16,HIGH,FULL_SOURCE_REVIEW
phoenix/xrex/models/collective_policy.py,phoenix,source,48,1298,UNREVIEWED,D05;D03;D16,NO,NO,NO,NO,0,,,D05,D03;D16,HIGH,FULL_SOURCE_REVIEW
phoenix/xrex/models/compress_token_ids.py,phoenix,source,36,1091,UNREVIEWED,D05;D03;D16,NO,NO,NO,NO,0,,,D05,D03;D16,HIGH,FULL_SOURCE_REVIEW
phoenix/xrex/models/layers.py,phoenix,source,511,17720,UNREVIEWED,D05;D03;D16,NO,NO,NO,NO,0,,,D05,D03;D16,HIGH,FULL_SOURCE_REVIEW
phoenix/xrex/models/linear_layer.py,phoenix,source,83,2375,UNREVIEWED,D05;D03;D16,NO,NO,NO,NO,0,,,D05,D03;D16,HIGH,FULL_SOURCE_REVIEW
phoenix/xrex/models/loss_recsys.py,phoenix,source,127,3806,UNREVIEWED,D05;D16,NO,NO,NO,NO,0,,,D05,D16,HIGH,FULL_SOURCE_REVIEW
phoenix/xrex/models/model_utils.py,phoenix,source,169,4654,UNREVIEWED,D05;D03;D16,NO,NO,NO,NO,0,,,D05,D03;D16,HIGH,FULL_SOURCE_REVIEW
phoenix/xrex/models/normalization.py,phoenix,source,125,3941,UNREVIEWED,D05;D03;D16,NO,NO,NO,NO,0,,,D05,D03;D16,HIGH,FULL_SOURCE_REVIEW
phoenix/xrex/models/recsys_attention.py,phoenix,source,315,12108,UNREVIEWED,D05;D16,NO,NO,NO,NO,0,,,D05,D16,HIGH,FULL_SOURCE_REVIEW
phoenix/xrex/models/recsys_embedding.py,phoenix,source,334,11142,UNREVIEWED,D05;D03;D16,NO,NO,NO,NO,0,,,D05,D03;D16,HIGH,FULL_SOURCE_REVIEW
phoenix/xrex/models/recsys_feature_prep.py,phoenix,source,1073,38859,UNREVIEWED,D05;D03;D16,NO,NO,NO,NO,0,,,D05,D03;D16,HIGH,FULL_SOURCE_REVIEW
phoenix/xrex/models/recsys_gen_recs_model.py,phoenix,source,939,33183,UNREVIEWED,D05;D16,NO,NO,NO,NO,0,,,D05,D16,HIGH,FULL_SOURCE_REVIEW
phoenix/xrex/models/recsys_model.py,phoenix,source,3178,124954,UNREVIEWED,D05;D16,NO,NO,NO,NO,0,,,D05,D16,HIGH,FULL_SOURCE_REVIEW
phoenix/xrex/models/recsys_sid_retrieval_model.py,phoenix,source,546,20844,UNREVIEWED,D03;D16,NO,NO,NO,NO,0,,,D03,D16,HIGH,FULL_SOURCE_REVIEW
phoenix/xrex/models/recsys_two_tower_model.py,phoenix,source,1760,67810,UNREVIEWED,D03;D16,NO,NO,NO,NO,0,,,D03,D16,HIGH,FULL_SOURCE_REVIEW
phoenix/xrex/models/recsys_two_tower_serving_filters.py,phoenix,source,173,6863,UNREVIEWED,D03;D16,NO,NO,NO,NO,0,,,D03,D16,HIGH,FULL_SOURCE_REVIEW
phoenix/xrex/models/recsys_user_features.py,phoenix,source,322,10910,UNREVIEWED,D05;D03;D16,NO,NO,NO,NO,0,,,D05,D03;D16,HIGH,FULL_SOURCE_REVIEW
phoenix/xrex/models/remat.py,phoenix,source,32,824,UNREVIEWED,D05;D03;D16,NO,NO,NO,NO,0,,,D05,D03;D16,HIGH,FULL_SOURCE_REVIEW
phoenix/xrex/models/scaling.py,phoenix,source,41,1097,UNREVIEWED,D05;D03;D16,NO,NO,NO,NO,0,,,D05,D03;D16,HIGH,FULL_SOURCE_REVIEW
phoenix/xrex/models/sharding_context.py,phoenix,source,167,5713,UNREVIEWED,D05;D03;D16,NO,NO,NO,NO,0,,,D05,D03;D16,HIGH,FULL_SOURCE_REVIEW
phoenix/xrex/models/topic_categories.py,phoenix,source,172,7158,UNREVIEWED,D05;D03;D16,NO,NO,NO,NO,0,,,D05,D03;D16,HIGH,FULL_SOURCE_REVIEW
phoenix/xrex/models/transformer.py,phoenix,source,732,25784,UNREVIEWED,D05;D03;D16,NO,NO,NO,NO,0,,,D05,D03;D16,HIGH,FULL_SOURCE_REVIEW
phoenix/xrex/optimizers/__init__.py,phoenix,source,2,66,UNREVIEWED,D15;D16,NO,NO,NO,NO,0,,,D15,D16,HIGH,FULL_SOURCE_REVIEW
phoenix/xrex/optimizers/optim.py,phoenix,source,151,5033,UNREVIEWED,D15;D16,NO,NO,NO,NO,0,,,D15,D16,HIGH,FULL_SOURCE_REVIEW
phoenix/xrex/optimizers/recsys/__init__.py,phoenix,source,12,379,UNREVIEWED,D15;D16,NO,NO,NO,NO,0,,,D15,D16,HIGH,FULL_SOURCE_REVIEW
phoenix/xrex/optimizers/recsys/async_emb_gradient_update.py,phoenix,source,43,1300,UNREVIEWED,D15;D16,NO,NO,NO,NO,0,,,D15,D16,HIGH,FULL_SOURCE_REVIEW
phoenix/xrex/optimizers/recsys/config.py,phoenix,source,37,1136,UNREVIEWED,D15;D16;D17,NO,NO,NO,NO,0,,,D15,D16;D17,HIGH,FULL_SOURCE_REVIEW
phoenix/xrex/optimizers/recsys/protocol.py,phoenix,source,38,991,UNREVIEWED,D15;D16,NO,NO,NO,NO,0,,,D15,D16,HIGH,FULL_SOURCE_REVIEW
phoenix/xrex/optimizers/recsys/rowwise_adagrad.py,phoenix,source,281,9756,UNREVIEWED,D15;D16,NO,NO,NO,NO,0,,,D15,D16,HIGH,FULL_SOURCE_REVIEW
phoenix/xrex/optimizers/schedule.py,phoenix,source,28,634,UNREVIEWED,D15;D16,NO,NO,NO,NO,0,,,D15,D16,HIGH,FULL_SOURCE_REVIEW
phoenix/xrex/pallas/__init__.py,phoenix,source,2,66,UNREVIEWED,D16;D15;D05,NO,NO,NO,NO,0,,,D16,D15;D05,HIGH,FULL_SOURCE_REVIEW
phoenix/xrex/pallas/attention.py,phoenix,source,706,23892,UNREVIEWED,D16;D15;D05,NO,NO,NO,NO,0,,,D16,D15;D05,HIGH,FULL_SOURCE_REVIEW
phoenix/xrex/pallas/ranker_attention.py,phoenix,source,813,28367,UNREVIEWED,D05;D16,NO,NO,NO,NO,0,,,D05,D16,HIGH,FULL_SOURCE_REVIEW
phoenix/xrex/pallas/ranker_attention_fa3.py,phoenix,source,1553,60051,UNREVIEWED,D05;D16,NO,NO,NO,NO,0,,,D05,D16,HIGH,FULL_SOURCE_REVIEW
phoenix/xrex/pallas/ranker_attention_utils.py,phoenix,source,143,5949,UNREVIEWED,D05;D16,NO,NO,NO,NO,0,,,D05,D16,HIGH,FULL_SOURCE_REVIEW
phoenix/xrex/pallas/ranker_attention_v2.py,phoenix,source,1095,36137,UNREVIEWED,D05;D16,NO,NO,NO,NO,0,,,D05,D16,HIGH,FULL_SOURCE_REVIEW
phoenix/xrex/pallas/ranker_attention_varlen.py,phoenix,source,1326,42056,UNREVIEWED,D05;D16,NO,NO,NO,NO,0,,,D05,D16,HIGH,FULL_SOURCE_REVIEW
phoenix/xrex/settings.py,phoenix,source,109,3937,UNREVIEWED,D17;D15;D03;D05,NO,NO,NO,NO,0,,,D17,D15;D03;D05,HIGH,FULL_SOURCE_REVIEW
phoenix/xrex/train/__init__.py,phoenix,source,2,66,UNREVIEWED,D15;D16,NO,NO,NO,NO,0,,,D15,D16,HIGH,FULL_SOURCE_REVIEW
phoenix/xrex/train/checkpoint_write.py,phoenix,source,133,4660,UNREVIEWED,D15;D16,NO,NO,NO,NO,0,,,D15,D16,HIGH,FULL_SOURCE_REVIEW
phoenix/xrex/train/embedding_loader.py,phoenix,source,188,6750,UNREVIEWED,D15;D16,NO,NO,NO,NO,0,,,D15,D16,HIGH,FULL_SOURCE_REVIEW
phoenix/xrex/train/misc.py,phoenix,source,122,3105,UNREVIEWED,D15;D16,NO,NO,NO,NO,0,,,D15,D16,HIGH,FULL_SOURCE_REVIEW
phoenix/xrex/train/parallel_config.py,phoenix,source,42,1298,UNREVIEWED,D15;D16;D17,NO,NO,NO,NO,0,,,D15,D16;D17,HIGH,FULL_SOURCE_REVIEW
phoenix/xrex/train/trainer.py,phoenix,source,1496,58054,UNREVIEWED,D15;D16,NO,NO,NO,NO,0,,,D15,D16,HIGH,FULL_SOURCE_REVIEW
phoenix/xrex/train/trainer_gen_recs.py,phoenix,source,558,23368,UNREVIEWED,D15;D16;D05,NO,NO,NO,NO,0,,,D15,D16;D05,HIGH,FULL_SOURCE_REVIEW
phoenix/xrex/train/trainer_recsys.py,phoenix,source,3568,147414,UNREVIEWED,D15;D16,NO,NO,NO,NO,0,,,D15,D16,HIGH,FULL_SOURCE_REVIEW
phoenix/xrex/train/trainer_sid_retrieval.py,phoenix,source,174,6874,UNREVIEWED,D15;D16;D03,NO,NO,NO,NO,0,,,D15,D16;D03,HIGH,FULL_SOURCE_REVIEW
phoenix/xrex/utils/__init__.py,phoenix,source,2,66,UNREVIEWED,D16;D15;D05,NO,NO,NO,NO,0,,,D16,D15;D05,HIGH,FULL_SOURCE_REVIEW
phoenix/xrex/utils/aot.py,phoenix,source,688,25815,UNREVIEWED,D16;D15;D05,NO,NO,NO,NO,0,,,D16,D15;D05,HIGH,FULL_SOURCE_REVIEW
phoenix/xrex/utils/checkpoint_cloud.py,phoenix,source,73,2522,UNREVIEWED,D15;D16,NO,NO,NO,NO,0,,,D15,D16,HIGH,FULL_SOURCE_REVIEW
phoenix/xrex/utils/checkpointing.py,phoenix,source,126,4002,UNREVIEWED,D15;D16,NO,NO,NO,NO,0,,,D15,D16,HIGH,FULL_SOURCE_REVIEW
phoenix/xrex/utils/cluster.py,phoenix,source,42,976,UNREVIEWED,D16;D15;D05,NO,NO,NO,NO,0,,,D16,D15;D05,HIGH,FULL_SOURCE_REVIEW
phoenix/xrex/utils/gpu.py,phoenix,source,266,7523,UNREVIEWED,D16;D15;D05,NO,NO,NO,NO,0,,,D16,D15;D05,HIGH,FULL_SOURCE_REVIEW
phoenix/xrex/utils/jax_extensions.py,phoenix,source,308,10001,UNREVIEWED,D16;D15;D05,NO,NO,NO,NO,0,,,D16,D15;D05,HIGH,FULL_SOURCE_REVIEW
phoenix/xrex/utils/launch_env.py,phoenix,source,32,943,UNREVIEWED,D16;D15;D05,NO,NO,NO,NO,0,,,D16,D15;D05,HIGH,FULL_SOURCE_REVIEW
phoenix/xrex/utils/layer_stack.py,phoenix,source,407,13950,UNREVIEWED,D16;D15;D05,NO,NO,NO,NO,0,,,D16,D15;D05,HIGH,FULL_SOURCE_REVIEW
phoenix/xrex/utils/log_timer.py,phoenix,source,80,2040,UNREVIEWED,D16;D15;D05,NO,NO,NO,NO,0,,,D16,D15;D05,HIGH,FULL_SOURCE_REVIEW
phoenix/xrex/utils/log_util.py,phoenix,source,226,7872,UNREVIEWED,D16;D15;D05,NO,NO,NO,NO,0,,,D16,D15;D05,HIGH,FULL_SOURCE_REVIEW
phoenix/xrex/utils/metadata.py,phoenix,source,617,20304,UNREVIEWED,D16;D15;D05,NO,NO,NO,NO,0,,,D16,D15;D05,HIGH,FULL_SOURCE_REVIEW
phoenix/xrex/utils/metrics.py,phoenix,source,130,4446,UNREVIEWED,D16;D15;D05;D18,NO,NO,NO,NO,0,,,D16,D15;D05;D18,HIGH,FULL_SOURCE_REVIEW
phoenix/xrex/utils/model.py,phoenix,source,13,330,UNREVIEWED,D16;D15;D05,NO,NO,NO,NO,0,,,D16,D15;D05,HIGH,FULL_SOURCE_REVIEW
phoenix/xrex/utils/nsys.py,phoenix,source,27,885,UNREVIEWED,D16;D15;D05,NO,NO,NO,NO,0,,,D16,D15;D05,HIGH,FULL_SOURCE_REVIEW
phoenix/xrex/utils/ocdbt.py,phoenix,source,220,6520,UNREVIEWED,D16;D15;D05,NO,NO,NO,NO,0,,,D16,D15;D05,HIGH,FULL_SOURCE_REVIEW
phoenix/xrex/utils/profiler.py,phoenix,source,116,3397,UNREVIEWED,D16;D15;D05,NO,NO,NO,NO,0,,,D16,D15;D05,HIGH,FULL_SOURCE_REVIEW
phoenix/xrex/utils/pyspy_profiler.py,phoenix,source,75,2154,UNREVIEWED,D16;D15;D05,NO,NO,NO,NO,0,,,D16,D15;D05,HIGH,FULL_SOURCE_REVIEW
phoenix/xrex/utils/recsys_async_emb_lookup.py,phoenix,source,58,1613,UNREVIEWED,D16;D15;D05,NO,NO,NO,NO,0,,,D16,D15;D05,HIGH,FULL_SOURCE_REVIEW
phoenix/xrex/utils/toolbox_notify.py,phoenix,source,58,1658,UNREVIEWED,D16;D15;D05,NO,NO,NO,NO,0,,,D16,D15;D05,HIGH,FULL_SOURCE_REVIEW
phoenix/xrex/utils/tracer.py,phoenix,source,262,7532,UNREVIEWED,D16;D15;D05;D18,NO,NO,NO,NO,0,,,D16,D15;D05;D18,HIGH,FULL_SOURCE_REVIEW
phoenix/xrex/utils/utils.py,phoenix,source,358,10574,UNREVIEWED,D16;D15;D05,NO,NO,NO,NO,0,,,D16,D15;D05,HIGH,FULL_SOURCE_REVIEW
phoenix-rankall/build.rs,phoenix-rankall,source,6,198,UNREVIEWED,D04;D16;D19,NO,NO,NO,NO,0,,,D04,D16;D19,HIGH,REPRO_BUILD_REVIEW
phoenix-rankall/proto/sid_lookup.proto,phoenix-rankall,schema_or_dsl,19,313,UNREVIEWED,D04;D16,NO,NO,NO,NO,0,,,D04,D16,HIGH,FULL_SOURCE_REVIEW
phoenix-rankall/src/config/mod.rs,phoenix-rankall,config_or_build,387,12712,UNREVIEWED,D04;D16;D17,NO,NO,NO,NO,0,,,D04,D16;D17,HIGH,FULL_SOURCE_REVIEW
phoenix-rankall/src/consumer/kafka.rs,phoenix-rankall,source,149,4583,UNREVIEWED,D04;D16,NO,NO,NO,NO,0,,,D04,D16,HIGH,FULL_SOURCE_REVIEW
phoenix-rankall/src/consumer/mod.rs,phoenix-rankall,source,25,536,UNREVIEWED,D04;D16,NO,NO,NO,NO,0,,,D04,D16,HIGH,FULL_SOURCE_REVIEW
phoenix-rankall/src/lib.rs,phoenix-rankall,source,7,116,UNREVIEWED,D04;D16,NO,NO,NO,NO,0,,,D04,D16,HIGH,FULL_SOURCE_REVIEW
phoenix-rankall/src/main.rs,phoenix-rankall,source,269,11024,UNREVIEWED,D04;D16,NO,NO,NO,NO,0,,,D04,D16,HIGH,FULL_SOURCE_REVIEW
phoenix-rankall/src/metrics/mod.rs,phoenix-rankall,source,221,8114,UNREVIEWED,D04;D16;D18,NO,NO,NO,NO,0,,,D04,D16;D18,HIGH,FULL_SOURCE_REVIEW
phoenix-rankall/src/pipeline/mod.rs,phoenix-rankall,source,610,19811,UNREVIEWED,D04;D16,NO,NO,NO,NO,0,,,D04,D16,HIGH,FULL_SOURCE_REVIEW
phoenix-rankall/src/processor/analysis_processor.rs,phoenix-rankall,source,337,10253,UNREVIEWED,D04;D16,NO,NO,NO,NO,0,,,D04,D16,HIGH,FULL_SOURCE_REVIEW
phoenix-rankall/src/processor/blacklist.rs,phoenix-rankall,source,120,3339,UNREVIEWED,D04;D16,NO,NO,NO,NO,0,,,D04,D16,HIGH,FULL_SOURCE_REVIEW
phoenix-rankall/src/processor/gen/hydra.rs,phoenix-rankall,source,608,22204,UNREVIEWED,D04;D16,NO,NO,NO,NO,0,,,D04,D16,HIGH,BOUNDARY_TRACE_GENERATED
phoenix-rankall/src/processor/gen/mod.rs,phoenix-rankall,source,5,140,UNREVIEWED,D04;D16,NO,NO,NO,NO,0,,,D04,D16,HIGH,BOUNDARY_TRACE_GENERATED
phoenix-rankall/src/processor/gen/scored_candidate.rs,phoenix-rankall,source,403,14760,UNREVIEWED,D04;D16,NO,NO,NO,NO,0,,,D04,D16,HIGH,BOUNDARY_TRACE_GENERATED
phoenix-rankall/src/processor/main_processor.rs,phoenix-rankall,source,164,4761,UNREVIEWED,D04;D16,NO,NO,NO,NO,0,,,D04,D16,HIGH,FULL_SOURCE_REVIEW
phoenix-rankall/src/processor/metadata_processor.rs,phoenix-rankall,source,215,7020,UNREVIEWED,D04;D16,NO,NO,NO,NO,0,,,D04,D16,HIGH,FULL_SOURCE_REVIEW
phoenix-rankall/src/processor/mod.rs,phoenix-rankall,source,55,1320,UNREVIEWED,D04;D16,NO,NO,NO,NO,0,,,D04,D16,HIGH,FULL_SOURCE_REVIEW
phoenix-rankall/src/processor/record.rs,phoenix-rankall,source,113,2835,UNREVIEWED,D04;D16,NO,NO,NO,NO,0,,,D04,D16,HIGH,FULL_SOURCE_REVIEW
phoenix-rankall/src/processor/sid_processor.rs,phoenix-rankall,source,206,6658,UNREVIEWED,D04;D16,NO,NO,NO,NO,0,,,D04,D16,HIGH,FULL_SOURCE_REVIEW
phoenix-rankall/src/processor/sid_tail_processor.rs,phoenix-rankall,source,231,7144,UNREVIEWED,D04;D16,NO,NO,NO,NO,0,,,D04,D16,HIGH,FULL_SOURCE_REVIEW
phoenix-rankall/src/processor/thrift_types.rs,phoenix-rankall,source,154,5184,UNREVIEWED,D04;D16,NO,NO,NO,NO,0,,,D04,D16,HIGH,FULL_SOURCE_REVIEW
phoenix-rankall/src/processor/topic_names.rs,phoenix-rankall,source,127,5249,UNREVIEWED,D04;D16,NO,NO,NO,NO,0,,,D04,D16,HIGH,FULL_SOURCE_REVIEW
phoenix-rankall/src/processor/topic_processor.rs,phoenix-rankall,source,186,5501,UNREVIEWED,D04;D16,NO,NO,NO,NO,0,,,D04,D16,HIGH,FULL_SOURCE_REVIEW
phoenix-rankall/src/sid/backfill.rs,phoenix-rankall,source,121,3848,UNREVIEWED,D04;D16,NO,NO,NO,NO,0,,,D04,D16,HIGH,FULL_SOURCE_REVIEW
phoenix-rankall/src/sid/client.rs,phoenix-rankall,source,253,7691,UNREVIEWED,D04;D16,NO,NO,NO,NO,0,,,D04,D16,HIGH,FULL_SOURCE_REVIEW
phoenix-rankall/src/sid/metrics.rs,phoenix-rankall,source,69,2114,UNREVIEWED,D04;D16;D18,NO,NO,NO,NO,0,,,D04,D16;D18,HIGH,FULL_SOURCE_REVIEW
phoenix-rankall/src/sid/mod.rs,phoenix-rankall,source,46,1199,UNREVIEWED,D04;D16,NO,NO,NO,NO,0,,,D04,D16,HIGH,FULL_SOURCE_REVIEW
phoenix-rankall/src/store/analysis.rs,phoenix-rankall,source,309,10737,UNREVIEWED,D04;D16,NO,NO,NO,NO,0,,,D04,D16,HIGH,FULL_SOURCE_REVIEW
phoenix-rankall/src/store/base.rs,phoenix-rankall,source,1586,57199,UNREVIEWED,D04;D16,NO,NO,NO,NO,0,,,D04,D16,HIGH,FULL_SOURCE_REVIEW
phoenix-rankall/src/store/mod.rs,phoenix-rankall,source,59,1686,UNREVIEWED,D04;D16,NO,NO,NO,NO,0,,,D04,D16,HIGH,FULL_SOURCE_REVIEW
phoenix-rankall/src/store/snowflake.rs,phoenix-rankall,source,29,806,UNREVIEWED,D04;D16,NO,NO,NO,NO,0,,,D04,D16,HIGH,FULL_SOURCE_REVIEW
phoenix-rankall/src/store/writer.rs,phoenix-rankall,source,221,7414,UNREVIEWED,D04;D16,NO,NO,NO,NO,0,,,D04,D16,HIGH,FULL_SOURCE_REVIEW
phoenix-rankall/tests/integration_test.rs,phoenix-rankall,test,280,8803,UNREVIEWED,D04;D16,NO,NO,NO,NO,0,,,D04,D16,HIGH,TEST_EVIDENCE
phoenix-rankall/thrift/hydra.thrift,phoenix-rankall,schema_or_dsl,38,1003,UNREVIEWED,D04;D16,NO,NO,NO,NO,0,,,D04,D16,HIGH,FULL_SOURCE_REVIEW
phoenix-rankall/thrift/scored_candidate.thrift,phoenix-rankall,schema_or_dsl,25,614,UNREVIEWED,D04;D16,NO,NO,NO,NO,0,,,D04,D16,HIGH,FULL_SOURCE_REVIEW
phoenix-rankall-strato/columns/favoriteEventProcessor.strato,phoenix-rankall-strato,schema_or_dsl,180,5734,UNREVIEWED,D04;D12;D16,NO,NO,NO,NO,0,,,D04,D12;D16,HIGH,FULL_SOURCE_REVIEW
phoenix-rankall-strato/columns/kafka/favIndexingEventKafkaTopic.strato,phoenix-rankall-strato,schema_or_dsl,22,595,UNREVIEWED,D04;D12;D16,NO,NO,NO,NO,0,,,D04,D12;D16,HIGH,FULL_SOURCE_REVIEW
phoenix-rankall-strato/columns/kafka/indexingEventKafkaBackupTopic.strato,phoenix-rankall-strato,schema_or_dsl,20,558,UNREVIEWED,D04;D12;D16,NO,NO,NO,NO,0,,,D04,D12;D16,HIGH,FULL_SOURCE_REVIEW
phoenix-rankall-strato/columns/kafka/indexingEventKafkaTopic.strato,phoenix-rankall-strato,schema_or_dsl,20,551,UNREVIEWED,D04;D12;D16,NO,NO,NO,NO,0,,,D04,D12;D16,HIGH,FULL_SOURCE_REVIEW
phoenix-rankall-strato/columns/kafka/metadataEventKafkaTopic.strato,phoenix-rankall-strato,schema_or_dsl,22,621,UNREVIEWED,D04;D12;D16,NO,NO,NO,NO,0,,,D04,D12;D16,HIGH,FULL_SOURCE_REVIEW
phoenix-rankall-strato/columns/mh/filteredTopicsByExperiment.strato,phoenix-rankall-strato,schema_or_dsl,34,1085,UNREVIEWED,D04;D12;D16,NO,NO,NO,NO,0,,,D04,D12;D16,HIGH,FULL_SOURCE_REVIEW
phoenix-rankall-strato/columns/mh/phoenixRankAllPostAuthorMetadata.strato,phoenix-rankall-strato,schema_or_dsl,22,665,UNREVIEWED,D04;D12;D16,NO,NO,NO,NO,0,,,D04,D12;D16,HIGH,FULL_SOURCE_REVIEW
phoenix-rankall-strato/columns/phoenix_rank_all/getPostPhoenixRankAllMetadata.strato,phoenix-rankall-strato,schema_or_dsl,47,1704,UNREVIEWED,D04;D12;D16,NO,NO,NO,NO,0,,,D04,D12;D16,HIGH,FULL_SOURCE_REVIEW
phoenix-rankall-strato/columns/phoenix_rank_all/phoenixRankAllCandidateProcessor.strato,phoenix-rankall-strato,schema_or_dsl,501,20771,UNREVIEWED,D04;D12;D16,NO,NO,NO,NO,0,,,D04,D12;D16,HIGH,FULL_SOURCE_REVIEW
phoenix-rankall-strato/columns/phoenix_rank_all/postCreationEventProcessor.strato,phoenix-rankall-strato,schema_or_dsl,28,807,UNREVIEWED,D04;D12;D16,NO,NO,NO,NO,0,,,D04,D12;D16,HIGH,FULL_SOURCE_REVIEW
phoenix-rankall-strato/columns/scribeEvents.strato,phoenix-rankall-strato,schema_or_dsl,23,551,UNREVIEWED,D04;D12;D16,NO,NO,NO,NO,0,,,D04,D12;D16,HIGH,FULL_SOURCE_REVIEW
phoenix-rankall-strato/columns/tweetUpdateThresholdsCache.strato,phoenix-rankall-strato,schema_or_dsl,27,655,UNREVIEWED,D04;D12;D16,NO,NO,NO,NO,0,,,D04,D12;D16,HIGH,FULL_SOURCE_REVIEW
phoenix-rankall-strato/lib/eventProcessing.strato,phoenix-rankall-strato,schema_or_dsl,670,23100,UNREVIEWED,D04;D12;D16,NO,NO,NO,NO,0,,,D04,D12;D16,HIGH,FULL_SOURCE_REVIEW
phoenix-rankall-strato/lib/sharedConfig.strato,phoenix-rankall-strato,schema_or_dsl,23,579,UNREVIEWED,D04;D12;D16;D17,NO,NO,NO,NO,0,,,D04,D12;D16;D17,HIGH,FULL_SOURCE_REVIEW
phoenix-rankall-strato/stream_forwarders/favoriteEventForwarder.strato,phoenix-rankall-strato,schema_or_dsl,21,667,UNREVIEWED,D04;D12;D16,NO,NO,NO,NO,0,,,D04,D12;D16,HIGH,FULL_SOURCE_REVIEW
phoenix-rankall-strato/stream_forwarders/favoritePhoenixIndexingEventForwarder.strato,phoenix-rankall-strato,schema_or_dsl,18,568,UNREVIEWED,D04;D12;D16,NO,NO,NO,NO,0,,,D04,D12;D16,HIGH,FULL_SOURCE_REVIEW
phoenix-rankall-strato/stream_forwarders/postCreationEventForwarder.strato,phoenix-rankall-strato,schema_or_dsl,21,722,UNREVIEWED,D04;D12;D16,NO,NO,NO,NO,0,,,D04,D12;D16,HIGH,FULL_SOURCE_REVIEW
pnsfwmedia/model_experimental.py,pnsfwmedia,source,212,6873,UNREVIEWED,D09,NO,NO,NO,NO,0,,,D09,,HIGH,FULL_SOURCE_REVIEW
safety-label-user-agg/postToUserLabelRules.strato,safety-label-user-agg,schema_or_dsl,459,13558,UNREVIEWED,D11;D16,NO,NO,NO,NO,0,,,D11,D16,HIGH,FULL_SOURCE_REVIEW
safety-label-user-agg/safetyLabelToUserLevelAggregationV2Forwarder.strato,safety-label-user-agg,schema_or_dsl,21,691,UNREVIEWED,D11;D16,NO,NO,NO,NO,0,,,D11,D16,HIGH,FULL_SOURCE_REVIEW
safety-label-user-agg/safetyLabelToUserLevelAggregationV2Processor.strato,safety-label-user-agg,schema_or_dsl,137,5362,UNREVIEWED,D11;D16,NO,NO,NO,NO,0,,,D11,D16,HIGH,FULL_SOURCE_REVIEW
scarecrow/BotmakerInitializer.scala,scarecrow,source,5,112,UNREVIEWED,D11;D16,NO,NO,NO,NO,0,,,D11,D16,HIGH,FULL_SOURCE_REVIEW
scarecrow/GuiceNamedConstants.scala,scarecrow,source,9,445,UNREVIEWED,D11;D16,NO,NO,NO,NO,0,,,D11,D16,HIGH,FULL_SOURCE_REVIEW
scarecrow/Module.scala,scarecrow,source,111,3486,UNREVIEWED,D11;D16,NO,NO,NO,NO,0,,,D11,D16,HIGH,FULL_SOURCE_REVIEW
scarecrow/ScarecrowBotMaker.scala,scarecrow,source,937,34813,UNREVIEWED,D11;D16,NO,NO,NO,NO,0,,,D11,D16,HIGH,FULL_SOURCE_REVIEW
scarecrow/ScarecrowRuntime.scala,scarecrow,source,59,2046,UNREVIEWED,D11;D16,NO,NO,NO,NO,0,,,D11,D16,HIGH,FULL_SOURCE_REVIEW
scarecrow/Server.scala,scarecrow,source,32,997,UNREVIEWED,D11;D16,NO,NO,NO,NO,0,,,D11,D16,HIGH,FULL_SOURCE_REVIEW
scarecrow/function/ActionIntakeServiceRegistry.scala,scarecrow,source,142,5635,UNREVIEWED,D11;D16,NO,NO,NO,NO,0,,,D11,D16,HIGH,FULL_SOURCE_REVIEW
scarecrow/function/JsonRegistry.scala,scarecrow,source,72,2601,UNREVIEWED,D11;D16,NO,NO,NO,NO,0,,,D11,D16,HIGH,FULL_SOURCE_REVIEW
scarecrow/function/ListRegistry.scala,scarecrow,source,26,1235,UNREVIEWED,D11;D16,NO,NO,NO,NO,0,,,D11,D16,HIGH,FULL_SOURCE_REVIEW
scarecrow/legacy/ActionerRegistry.scala,scarecrow,source,69,2212,UNREVIEWED,D11;D16,NO,NO,NO,NO,0,,,D11,D16,HIGH,FULL_SOURCE_REVIEW
scarecrow/legacy/DownstreamServices.scala,scarecrow,source,78,2130,UNREVIEWED,D11;D16,NO,NO,NO,NO,0,,,D11,D16,HIGH,FULL_SOURCE_REVIEW
scarecrow/legacy/Fetcher10Functions.scala,scarecrow,source,25,1013,UNREVIEWED,D11;D16,NO,NO,NO,NO,0,,,D11,D16,HIGH,FULL_SOURCE_REVIEW
scarecrow/legacy/FlockRegistry.scala,scarecrow,source,61,2483,UNREVIEWED,D11;D16,NO,NO,NO,NO,0,,,D11,D16,HIGH,FULL_SOURCE_REVIEW
scarecrow/legacy/FunctionsWithoutDownstreams.scala,scarecrow,source,56,2780,UNREVIEWED,D11;D16,NO,NO,NO,NO,0,,,D11,D16,HIGH,FULL_SOURCE_REVIEW
scarecrow/legacy/GizmoduckRegistry.scala,scarecrow,source,46,1948,UNREVIEWED,D11;D16,NO,NO,NO,NO,0,,,D11,D16,HIGH,FULL_SOURCE_REVIEW
scarecrow/legacy/GuanoRegistry.scala,scarecrow,source,38,1455,UNREVIEWED,D11;D16,NO,NO,NO,NO,0,,,D11,D16,HIGH,FULL_SOURCE_REVIEW
scarecrow/legacy/HllCounterStoreRegistry.scala,scarecrow,source,128,4144,UNREVIEWED,D11;D16,NO,NO,NO,NO,0,,,D11,D16,HIGH,FULL_SOURCE_REVIEW
scarecrow/legacy/LimiterRegistry.scala,scarecrow,source,107,4362,UNREVIEWED,D11;D16,NO,NO,NO,NO,0,,,D11,D16,HIGH,FULL_SOURCE_REVIEW
scarecrow/legacy/ModelRegistry.scala,scarecrow,source,26,706,UNREVIEWED,D11;D16,NO,NO,NO,NO,0,,,D11,D16,HIGH,FULL_SOURCE_REVIEW
scarecrow/legacy/ReportServiceRegistry.scala,scarecrow,source,54,1504,UNREVIEWED,D11;D16,NO,NO,NO,NO,0,,,D11,D16,HIGH,FULL_SOURCE_REVIEW
scarecrow/legacy/SlugToTweetIdStoreRegistry.scala,scarecrow,source,30,1281,UNREVIEWED,D11;D16,NO,NO,NO,NO,0,,,D11,D16,HIGH,FULL_SOURCE_REVIEW
scarecrow/legacy/SpamLabelStoreRegistry.scala,scarecrow,source,108,3989,UNREVIEWED,D11;D16,NO,NO,NO,NO,0,,,D11,D16,HIGH,FULL_SOURCE_REVIEW
scarecrow/legacy/StratoRegistry.scala,scarecrow,source,201,8122,UNREVIEWED,D11;D16,NO,NO,NO,NO,0,,,D11,D16,HIGH,FULL_SOURCE_REVIEW
scarecrow/legacy/TweetServiceRegistry.scala,scarecrow,source,84,3718,UNREVIEWED,D11;D16,NO,NO,NO,NO,0,,,D11,D16,HIGH,FULL_SOURCE_REVIEW
scarecrow/legacy/UrlPartsRegistry.scala,scarecrow,source,30,1177,UNREVIEWED,D11;D16,NO,NO,NO,NO,0,,,D11,D16,HIGH,FULL_SOURCE_REVIEW
scarecrow/legacy/UrlResolutionRegistry.scala,scarecrow,source,36,1406,UNREVIEWED,D11;D16,NO,NO,NO,NO,0,,,D11,D16,HIGH,FULL_SOURCE_REVIEW
scarecrow/legacy/UrlToSlugStoreRegistry.scala,scarecrow,source,54,2045,UNREVIEWED,D11;D16,NO,NO,NO,NO,0,,,D11,D16,HIGH,FULL_SOURCE_REVIEW
scarecrow/legacy/UrlVerdictRegistry.scala,scarecrow,source,222,9144,UNREVIEWED,D11;D16,NO,NO,NO,NO,0,,,D11,D16,HIGH,FULL_SOURCE_REVIEW
scarecrow/legacy/function/Log.scala,scarecrow,source,83,2918,UNREVIEWED,D11;D16,NO,NO,NO,NO,0,,,D11,D16,HIGH,FULL_SOURCE_REVIEW
scarecrow/legacy/function/RateLimited.scala,scarecrow,source,130,5559,UNREVIEWED,D11;D16,NO,NO,NO,NO,0,,,D11,D16,HIGH,FULL_SOURCE_REVIEW
scarecrow/sys/FixBotMakerLog.scala,scarecrow,source,96,3230,UNREVIEWED,D11;D16,NO,NO,NO,NO,0,,,D11,D16,HIGH,FULL_SOURCE_REVIEW
scarecrow/util/RegexUtils.scala,scarecrow,source,76,2758,UNREVIEWED,D11;D16,NO,NO,NO,NO,0,,,D11,D16,HIGH,FULL_SOURCE_REVIEW
simclusters/simclusters_v2/candidate_source/ClusterRanker.scala,simclusters,source,52,2033,UNREVIEWED,D03;D16,NO,NO,NO,NO,0,,,D03,D16,HIGH,FULL_SOURCE_REVIEW
simclusters/simclusters_v2/candidate_source/HeavyRanker.scala,simclusters,source,71,2658,UNREVIEWED,D03;D16,NO,NO,NO,NO,0,,,D03,D16,HIGH,FULL_SOURCE_REVIEW
simclusters/simclusters_v2/candidate_source/SimClustersANNCandidateSource.scala,simclusters,source,578,24615,UNREVIEWED,D03;D16,NO,NO,NO,NO,0,,,D03,D16,HIGH,FULL_SOURCE_REVIEW
simclusters/simclusters_v2/candidate_source/SimClustersANNWrapperCandidateSource.scala,simclusters,source,49,1865,UNREVIEWED,D03;D16,NO,NO,NO,NO,0,,,D03,D16,HIGH,FULL_SOURCE_REVIEW
simclusters/simclusters_v2/common/CosineSimilarityUtil.scala,simclusters,source,162,4198,UNREVIEWED,D03;D16,NO,NO,NO,NO,0,,,D03,D16,HIGH,FULL_SOURCE_REVIEW
simclusters/simclusters_v2/common/DeciderGateBuilderWithIdHashing.scala,simclusters,source,20,662,UNREVIEWED,D03;D16,NO,NO,NO,NO,0,,,D03,D16,HIGH,FULL_SOURCE_REVIEW
simclusters/simclusters_v2/common/ModelVersions.scala,simclusters,source,42,1383,UNREVIEWED,D03;D16,NO,NO,NO,NO,0,,,D03,D16,HIGH,FULL_SOURCE_REVIEW
simclusters/simclusters_v2/common/SeqStandardDeviation.scala,simclusters,source,22,471,UNREVIEWED,D03;D16,NO,NO,NO,NO,0,,,D03,D16,HIGH,FULL_SOURCE_REVIEW
simclusters/simclusters_v2/common/SimClustersEmbedding.scala,simclusters,source,445,13936,UNREVIEWED,D03;D16,NO,NO,NO,NO,0,,,D03,D16,HIGH,FULL_SOURCE_REVIEW
simclusters/simclusters_v2/common/SimClustersEmbeddingAttentionUtil.scala,simclusters,source,55,1355,UNREVIEWED,D03;D16,NO,NO,NO,NO,0,,,D03,D16,HIGH,FULL_SOURCE_REVIEW
simclusters/simclusters_v2/common/SimClustersEmbeddingId.scala,simclusters,source,204,6881,UNREVIEWED,D03;D16,NO,NO,NO,NO,0,,,D03,D16,HIGH,FULL_SOURCE_REVIEW
simclusters/simclusters_v2/common/SimClustersEmbeddingIdCacheKeyBuilder.scala,simclusters,source,15,464,UNREVIEWED,D03;D16,NO,NO,NO,NO,0,,,D03,D16,HIGH,FULL_SOURCE_REVIEW
simclusters/simclusters_v2/common/SimClustersEmbeddingMonoid.scala,simclusters,source,18,470,UNREVIEWED,D03;D16,NO,NO,NO,NO,0,,,D03,D16,HIGH,FULL_SOURCE_REVIEW
simclusters/simclusters_v2/common/SimClustersMultiEmbedding.scala,simclusters,source,27,1046,UNREVIEWED,D03;D16,NO,NO,NO,NO,0,,,D03,D16,HIGH,FULL_SOURCE_REVIEW
simclusters/simclusters_v2/common/SimClustersMultiEmbeddingId.scala,simclusters,source,83,3095,UNREVIEWED,D03;D16,NO,NO,NO,NO,0,,,D03,D16,HIGH,FULL_SOURCE_REVIEW
simclusters/simclusters_v2/common/clustering/ClusterRepresentativeSelectionMethod.scala,simclusters,source,18,488,UNREVIEWED,D03;D16,NO,NO,NO,NO,0,,,D03,D16,HIGH,FULL_SOURCE_REVIEW
simclusters/simclusters_v2/common/clustering/ClusteringMethod.scala,simclusters,source,20,589,UNREVIEWED,D03;D16,NO,NO,NO,NO,0,,,D03,D16,HIGH,FULL_SOURCE_REVIEW
simclusters/simclusters_v2/common/clustering/ConnectedComponentsClusteringMethod.scala,simclusters,source,59,1859,UNREVIEWED,D03;D16,NO,NO,NO,NO,0,,,D03,D16,HIGH,FULL_SOURCE_REVIEW
simclusters/simclusters_v2/common/clustering/LargestDimensionClusteringMethod.scala,simclusters,source,15,425,UNREVIEWED,D03;D16,NO,NO,NO,NO,0,,,D03,D16,HIGH,FULL_SOURCE_REVIEW
simclusters/simclusters_v2/common/clustering/LouvainClusteringMethod.scala,simclusters,source,200,7045,UNREVIEWED,D03;D16,NO,NO,NO,NO,0,,,D03,D16,HIGH,FULL_SOURCE_REVIEW
simclusters/simclusters_v2/common/clustering/MaxFavScoreRepresentativeSelectionMethod.scala,simclusters,source,15,516,UNREVIEWED,D03;D16,NO,NO,NO,NO,0,,,D03,D16,HIGH,FULL_SOURCE_REVIEW
simclusters/simclusters_v2/common/clustering/MedoidRepresentativeSelectionMethod.scala,simclusters,source,21,650,UNREVIEWED,D03;D16,NO,NO,NO,NO,0,,,D03,D16,HIGH,FULL_SOURCE_REVIEW
simclusters/simclusters_v2/common/clustering/SimilarityFunctions.scala,simclusters,source,29,772,UNREVIEWED,D03;D16,NO,NO,NO,NO,0,,,D03,D16,HIGH,FULL_SOURCE_REVIEW
simclusters/simclusters_v2/common/ml/SimClustersEmbeddingAdapter.scala,simclusters,source,39,1423,UNREVIEWED,D03;D16,NO,NO,NO,NO,0,,,D03,D16,HIGH,FULL_SOURCE_REVIEW
simclusters/simclusters_v2/common/package.scala,simclusters,source,18,394,UNREVIEWED,D03;D16,NO,NO,NO,NO,0,,,D03,D16,HIGH,FULL_SOURCE_REVIEW
simclusters/simclusters_v2/scalding/BipartiteClusterEvaluation.scala,simclusters,source,495,19316,UNREVIEWED,D03;D16,NO,NO,NO,NO,0,,,D03,D16,HIGH,FULL_SOURCE_REVIEW
simclusters/simclusters_v2/scalding/BipartiteClusterEvaluationClasses.scala,simclusters,source,319,13576,UNREVIEWED,D03;D16,NO,NO,NO,NO,0,,,D03,D16,HIGH,FULL_SOURCE_REVIEW
simclusters/simclusters_v2/scalding/ClusterDetailsJob.scala,simclusters,source,736,30192,UNREVIEWED,D03;D16,NO,NO,NO,NO,0,,,D03,D16,HIGH,FULL_SOURCE_REVIEW
simclusters/simclusters_v2/scalding/ClusterEvaluation.scala,simclusters,source,561,22710,UNREVIEWED,D03;D16,NO,NO,NO,NO,0,,,D03,D16,HIGH,FULL_SOURCE_REVIEW
simclusters/simclusters_v2/scalding/CompareClusters.scala,simclusters,source,127,4366,UNREVIEWED,D03;D16,NO,NO,NO,NO,0,,,D03,D16,HIGH,FULL_SOURCE_REVIEW
simclusters/simclusters_v2/scalding/EigenVectorsForSparseSymmetric.scala,simclusters,source,282,10528,UNREVIEWED,D03;D16,NO,NO,NO,NO,0,,,D03,D16,HIGH,FULL_SOURCE_REVIEW
simclusters/simclusters_v2/scalding/InterestedInFromAggregatableProducerEmbeddings.scala,simclusters,source,277,11024,UNREVIEWED,D03;D16,NO,NO,NO,NO,0,,,D03,D16,HIGH,FULL_SOURCE_REVIEW
simclusters/simclusters_v2/scalding/InterestedInFromKnownFor.scala,simclusters,source,598,22229,UNREVIEWED,D03;D16,NO,NO,NO,NO,0,,,D03,D16,HIGH,FULL_SOURCE_REVIEW
simclusters/simclusters_v2/scalding/InterestedInFromKnownForLite.scala,simclusters,source,310,11449,UNREVIEWED,D03;D16,NO,NO,NO,NO,0,,,D03,D16,HIGH,FULL_SOURCE_REVIEW
simclusters/simclusters_v2/scalding/InterestedInFromProducerEmbeddingsAdhocApp.scala,simclusters,source,251,10276,UNREVIEWED,D03;D16,NO,NO,NO,NO,0,,,D03,D16,HIGH,FULL_SOURCE_REVIEW
simclusters/simclusters_v2/scalding/KnownForSources.scala,simclusters,source,266,8751,UNREVIEWED,D03;D16,NO,NO,NO,NO,0,,,D03,D16,HIGH,FULL_SOURCE_REVIEW
simclusters/simclusters_v2/scalding/LabeledSimclusters.scala,simclusters,source,142,5269,UNREVIEWED,D03;D16,NO,NO,NO,NO,0,,,D03,D16,HIGH,FULL_SOURCE_REVIEW
simclusters/simclusters_v2/scalding/ProducerNormsAndCounts.scala,simclusters,source,190,6680,UNREVIEWED,D03;D16,NO,NO,NO,NO,0,,,D03,D16,HIGH,FULL_SOURCE_REVIEW
simclusters/simclusters_v2/scalding/TopUsersSimilarityGraph.scala,simclusters,source,882,31196,UNREVIEWED,D03;D16,NO,NO,NO,NO,0,,,D03,D16,HIGH,FULL_SOURCE_REVIEW
simclusters/simclusters_v2/scalding/UpdateKnownFor.scala,simclusters,source,245,9474,UNREVIEWED,D03;D16,NO,NO,NO,NO,0,,,D03,D16,HIGH,FULL_SOURCE_REVIEW
simclusters/simclusters_v2/scalding/UpdateKnownForApps.scala,simclusters,source,387,14991,UNREVIEWED,D03;D16,NO,NO,NO,NO,0,,,D03,D16,HIGH,FULL_SOURCE_REVIEW
simclusters/simclusters_v2/scalding/UserUserFavGraph.scala,simclusters,source,419,15318,UNREVIEWED,D03;D16,NO,NO,NO,NO,0,,,D03,D16,HIGH,FULL_SOURCE_REVIEW
simclusters/simclusters_v2/scalding/UserUserGraph.scala,simclusters,source,152,5771,UNREVIEWED,D03;D16,NO,NO,NO,NO,0,,,D03,D16,HIGH,FULL_SOURCE_REVIEW
simclusters/simclusters_v2/scalding/UserUserNormalizedGraph.scala,simclusters,source,433,16452,UNREVIEWED,D03;D16,NO,NO,NO,NO,0,,,D03,D16,HIGH,FULL_SOURCE_REVIEW
simclusters/simclusters_v2/scalding/common/PersistentTweetEmbeddingSource.scala,simclusters,source,53,2311,UNREVIEWED,D03;D16,NO,NO,NO,NO,0,,,D03,D16,HIGH,FULL_SOURCE_REVIEW
simclusters/simclusters_v2/scalding/common/QTreeMultiAggregator.scala,simclusters,source,25,757,UNREVIEWED,D03;D16,NO,NO,NO,NO,0,,,D03,D16,HIGH,FULL_SOURCE_REVIEW
simclusters/simclusters_v2/scalding/common/TypedRichPipe.scala,simclusters,source,64,1723,UNREVIEWED,D03;D16,NO,NO,NO,NO,0,,,D03,D16,HIGH,FULL_SOURCE_REVIEW
simclusters/simclusters_v2/scalding/common/Util.scala,simclusters,source,291,8534,UNREVIEWED,D03;D16,NO,NO,NO,NO,0,,,D03,D16,HIGH,FULL_SOURCE_REVIEW
simclusters/simclusters_v2/scalding/common/matrix/DenseRowMatrix.scala,simclusters,source,61,1667,UNREVIEWED,D03;D16,NO,NO,NO,NO,0,,,D03,D16,HIGH,FULL_SOURCE_REVIEW
simclusters/simclusters_v2/scalding/common/matrix/SparseMatrix.scala,simclusters,source,295,8163,UNREVIEWED,D03;D16,NO,NO,NO,NO,0,,,D03,D16,HIGH,FULL_SOURCE_REVIEW
simclusters/simclusters_v2/scalding/common/matrix/SparseRowMatrix.scala,simclusters,source,286,7719,UNREVIEWED,D03;D16,NO,NO,NO,NO,0,,,D03,D16,HIGH,FULL_SOURCE_REVIEW
simclusters/simclusters_v2/scalding/common/matrix/TypedPipeMatrix.scala,simclusters,source,36,1013,UNREVIEWED,D03;D16,NO,NO,NO,NO,0,,,D03,D16,HIGH,FULL_SOURCE_REVIEW
simclusters/simclusters_v2/scalding/embedding/EntityEmbeddingFromProducerEmbeddingJob.scala,simclusters,source,216,8612,UNREVIEWED,D03;D16,NO,NO,NO,NO,0,,,D03,D16,HIGH,FULL_SOURCE_REVIEW
simclusters/simclusters_v2/scalding/embedding/EntityToSimClustersEmbeddingsJob.scala,simclusters,source,325,11720,UNREVIEWED,D03;D16,NO,NO,NO,NO,0,,,D03,D16,HIGH,FULL_SOURCE_REVIEW
simclusters/simclusters_v2/scalding/embedding/GlobalSimClustersLanguageEmbedding.scala,simclusters,source,181,6470,UNREVIEWED,D03;D16,NO,NO,NO,NO,0,,,D03,D16,HIGH,FULL_SOURCE_REVIEW
simclusters/simclusters_v2/scalding/embedding/LocaleEntitySimClustersEmbeddingV2Job.scala,simclusters,source,238,8702,UNREVIEWED,D03;D16,NO,NO,NO,NO,0,,,D03,D16,HIGH,FULL_SOURCE_REVIEW
simclusters/simclusters_v2/scalding/embedding/LocaleEntitySimClustersEmbeddingsJob.scala,simclusters,source,404,15329,UNREVIEWED,D03;D16,NO,NO,NO,NO,0,,,D03,D16,HIGH,FULL_SOURCE_REVIEW
simclusters/simclusters_v2/scalding/embedding/ProducerEmbeddingsFromInterestedIn.scala,simclusters,source,628,22004,UNREVIEWED,D03;D16,NO,NO,NO,NO,0,,,D03,D16,HIGH,FULL_SOURCE_REVIEW
simclusters/simclusters_v2/scalding/embedding/SimilarUsersBySimClustersEmbedding.scala,simclusters,source,284,10290,UNREVIEWED,D03;D16,NO,NO,NO,NO,0,,,D03,D16,HIGH,FULL_SOURCE_REVIEW
simclusters/simclusters_v2/scalding/embedding/abuse/AbuseSimclusterFeaturesScaldingJob.scala,simclusters,source,160,6316,UNREVIEWED,D03;D16,NO,NO,NO,NO,0,,,D03,D16,HIGH,FULL_SOURCE_REVIEW
simclusters/simclusters_v2/scalding/embedding/abuse/AdhocAbuseSimClusterFeaturesScaldingJob.scala,simclusters,source,193,8181,UNREVIEWED,D03;D16,NO,NO,NO,NO,0,,,D03,D16,HIGH,FULL_SOURCE_REVIEW
simclusters/simclusters_v2/scalding/embedding/abuse/CrossSimClusterFeaturesScaldingJob.scala,simclusters,source,122,5246,UNREVIEWED,D03;D16,NO,NO,NO,NO,0,,,D03,D16,HIGH,FULL_SOURCE_REVIEW
simclusters/simclusters_v2/scalding/embedding/abuse/DataSources.scala,simclusters,source,90,3090,UNREVIEWED,D03;D16,NO,NO,NO,NO,0,,,D03,D16,HIGH,FULL_SOURCE_REVIEW
simclusters/simclusters_v2/scalding/embedding/abuse/PairedinteractionFeatures.scala,simclusters,source,85,2808,UNREVIEWED,D03;D16,NO,NO,NO,NO,0,,,D03,D16,HIGH,FULL_SOURCE_REVIEW
simclusters/simclusters_v2/scalding/embedding/abuse/SingleSideInteractionTransformation.scala,simclusters,source,97,3345,UNREVIEWED,D03;D16,NO,NO,NO,NO,0,,,D03,D16,HIGH,FULL_SOURCE_REVIEW
simclusters/simclusters_v2/scalding/embedding/common/EmbeddingUtil.scala,simclusters,source,96,3270,UNREVIEWED,D03;D16,NO,NO,NO,NO,0,,,D03,D16,HIGH,FULL_SOURCE_REVIEW
simclusters/simclusters_v2/scalding/embedding/common/EntityEmbeddingUtil.scala,simclusters,source,77,2805,UNREVIEWED,D03;D16,NO,NO,NO,NO,0,,,D03,D16,HIGH,FULL_SOURCE_REVIEW
simclusters/simclusters_v2/scalding/embedding/common/ExternalDataSources.scala,simclusters,source,551,20479,UNREVIEWED,D03;D16,NO,NO,NO,NO,0,,,D03,D16,HIGH,FULL_SOURCE_REVIEW
simclusters/simclusters_v2/scalding/embedding/common/SimClustersEmbeddingJob.scala,simclusters,source,238,7688,UNREVIEWED,D03;D16,NO,NO,NO,NO,0,,,D03,D16,HIGH,FULL_SOURCE_REVIEW
simclusters/simclusters_v2/scalding/embedding/producer/AggregatableFavBasedProducerEmbeddings.scala,simclusters,source,241,8002,UNREVIEWED,D03;D16,NO,NO,NO,NO,0,,,D03,D16,HIGH,FULL_SOURCE_REVIEW
simclusters/simclusters_v2/scalding/embedding/producer/AggregatableFollowBasedProducerEmbeddings.scala,simclusters,source,138,5024,UNREVIEWED,D03;D16,NO,NO,NO,NO,0,,,D03,D16,HIGH,FULL_SOURCE_REVIEW
simclusters/simclusters_v2/scalding/embedding/producer/AggregatableLogFavBasedProducerEmbeddings.scala,simclusters,source,310,10776,UNREVIEWED,D03;D16,NO,NO,NO,NO,0,,,D03,D16,HIGH,FULL_SOURCE_REVIEW
simclusters/simclusters_v2/scalding/embedding/producer/AggregatableProducerEmbeddings.scala,simclusters,source,145,5008,UNREVIEWED,D03;D16,NO,NO,NO,NO,0,,,D03,D16,HIGH,FULL_SOURCE_REVIEW
simclusters/simclusters_v2/scalding/embedding/tfg/EngagementWeightedTfgBasedTopicEmbeddingsJob.scala,simclusters,source,271,10745,UNREVIEWED,D03;D16,NO,NO,NO,NO,0,,,D03,D16,HIGH,FULL_SOURCE_REVIEW
simclusters/simclusters_v2/scalding/embedding/tfg/FavInferredLanguageTfgBasedTopicEmbeddings.scala,simclusters,source,44,2374,UNREVIEWED,D03;D16,NO,NO,NO,NO,0,,,D03,D16,HIGH,FULL_SOURCE_REVIEW
simclusters/simclusters_v2/scalding/embedding/tfg/FavTfgBasedTopicEmbeddings.scala,simclusters,source,123,5879,UNREVIEWED,D03;D16,NO,NO,NO,NO,0,,,D03,D16,HIGH,FULL_SOURCE_REVIEW
simclusters/simclusters_v2/scalding/embedding/tfg/InferredLanguageTfgBasedTopicEmbeddingsBaseApp.scala,simclusters,source,186,7196,UNREVIEWED,D03;D16,NO,NO,NO,NO,0,,,D03,D16,HIGH,FULL_SOURCE_REVIEW
simclusters/simclusters_v2/scalding/embedding/tfg/LogFavTfgBasedTopicEmbeddings.scala,simclusters,source,49,2653,UNREVIEWED,D03;D16,NO,NO,NO,NO,0,,,D03,D16,HIGH,FULL_SOURCE_REVIEW
simclusters/simclusters_v2/scalding/embedding/tfg/TfgBasedTopicEmbeddingsBaseApp.scala,simclusters,source,190,6918,UNREVIEWED,D03;D16,NO,NO,NO,NO,0,,,D03,D16,HIGH,FULL_SOURCE_REVIEW
simclusters/simclusters_v2/scalding/embedding/twice/InterestedInTwice.scala,simclusters,source,383,13248,UNREVIEWED,D03;D16,NO,NO,NO,NO,0,,,D03,D16,HIGH,FULL_SOURCE_REVIEW
simclusters/simclusters_v2/scalding/embedding/twice/InterestedInTwiceBaseApp.scala,simclusters,source,424,16996,UNREVIEWED,D03;D16,NO,NO,NO,NO,0,,,D03,D16,HIGH,FULL_SOURCE_REVIEW
simclusters/simclusters_v2/scalding/evaluation/CandidateEvaluationBase.scala,simclusters,source,119,4205,UNREVIEWED,D03;D16;D15,NO,NO,NO,NO,0,,,D03,D16;D15,HIGH,FULL_SOURCE_REVIEW
simclusters/simclusters_v2/scalding/evaluation/EvaluationMetricHelper.scala,simclusters,source,476,18691,UNREVIEWED,D03;D16;D15,NO,NO,NO,NO,0,,,D03,D16;D15,HIGH,FULL_SOURCE_REVIEW
simclusters/simclusters_v2/scalding/evaluation/EvaluationReferenceDataExtraction.scala,simclusters,source,234,9224,UNREVIEWED,D03;D16;D15,NO,NO,NO,NO,0,,,D03,D16;D15,HIGH,FULL_SOURCE_REVIEW
simclusters/simclusters_v2/scalding/evaluation/LabelCorrelationsHelper.scala,simclusters,source,44,1474,UNREVIEWED,D03;D16;D15,NO,NO,NO,NO,0,,,D03,D16;D15,HIGH,FULL_SOURCE_REVIEW
simclusters/simclusters_v2/scalding/evaluation/SimClustersEvaluationAdhocApp.scala,simclusters,source,168,6866,UNREVIEWED,D03;D16;D15,NO,NO,NO,NO,0,,,D03,D16;D15,HIGH,FULL_SOURCE_REVIEW
simclusters/simclusters_v2/scalding/inferred_entities/InferredEntities.scala,simclusters,source,74,2751,UNREVIEWED,D03;D16,NO,NO,NO,NO,0,,,D03,D16,HIGH,FULL_SOURCE_REVIEW
simclusters/simclusters_v2/scalding/inferred_entities/InferredEntitiesFromInterestedIn.scala,simclusters,source,333,11554,UNREVIEWED,D03;D16,NO,NO,NO,NO,0,,,D03,D16,HIGH,FULL_SOURCE_REVIEW
simclusters/simclusters_v2/scalding/inferred_entities/InferredSemanticCoreEntitiesFromKnownFor.scala,simclusters,source,221,7439,UNREVIEWED,D03;D16,NO,NO,NO,NO,0,,,D03,D16,HIGH,FULL_SOURCE_REVIEW
simclusters/simclusters_v2/scalding/inferred_entities/ProdSources.scala,simclusters,source,90,3768,UNREVIEWED,D03;D16,NO,NO,NO,NO,0,,,D03,D16,HIGH,FULL_SOURCE_REVIEW
simclusters/simclusters_v2/scalding/mbcg/AllFeatures.scala,simclusters,source,55,1608,UNREVIEWED,D03;D16,NO,NO,NO,NO,0,,,D03,D16,HIGH,FULL_SOURCE_REVIEW
simclusters/simclusters_v2/scalding/mbcg/RecordAdapters.scala,simclusters,source,75,2756,UNREVIEWED,D03;D16,NO,NO,NO,NO,0,,,D03,D16,HIGH,FULL_SOURCE_REVIEW
simclusters/simclusters_v2/scalding/mbcg/TweetEmbeddingGenerationJob.scala,simclusters,source,375,14798,UNREVIEWED,D03;D16,NO,NO,NO,NO,0,,,D03,D16,HIGH,FULL_SOURCE_REVIEW
simclusters/simclusters_v2/scalding/mbcg/UserEmbeddingGenerationJob.scala,simclusters,source,262,10153,UNREVIEWED,D03;D16,NO,NO,NO,NO,0,,,D03,D16,HIGH,FULL_SOURCE_REVIEW
simclusters/simclusters_v2/scalding/multi_type_graph/assemble_multi_type_graph/AssembleMultiTypeGraph.scala,simclusters,source,493,17475,UNREVIEWED,D03;D16,NO,NO,NO,NO,0,,,D03,D16,HIGH,FULL_SOURCE_REVIEW
simclusters/simclusters_v2/scalding/multi_type_graph/assemble_multi_type_graph/AssembleMultiTypeGraphApp.scala,simclusters,source,51,2666,UNREVIEWED,D03;D16,NO,NO,NO,NO,0,,,D03,D16,HIGH,FULL_SOURCE_REVIEW
simclusters/simclusters_v2/scalding/multi_type_graph/assemble_multi_type_graph/AssembleMultiTypeGraphBaseApp.scala,simclusters,source,164,6040,UNREVIEWED,D03;D16,NO,NO,NO,NO,0,,,D03,D16,HIGH,FULL_SOURCE_REVIEW
simclusters/simclusters_v2/scalding/multi_type_graph/assemble_multi_type_graph/Config.scala,simclusters,source,34,1272,UNREVIEWED,D03;D16;D17,NO,NO,NO,NO,0,,,D03,D16;D17,HIGH,FULL_SOURCE_REVIEW
simclusters/simclusters_v2/scalding/offline_data_conversion/AsyncMeterLimiter.scala,simclusters,source,22,781,UNREVIEWED,D03;D16,NO,NO,NO,NO,0,,,D03,D16,HIGH,FULL_SOURCE_REVIEW
simclusters/simclusters_v2/scalding/offline_data_conversion/ClusterDetails20M145K2020FlattenJob.scala,simclusters,source,102,4028,UNREVIEWED,D03;D16,NO,NO,NO,NO,0,,,D03,D16,HIGH,FULL_SOURCE_REVIEW
simclusters/simclusters_v2/scalding/offline_data_conversion/HydrationHelper.scala,simclusters,source,35,1474,UNREVIEWED,D03;D16,NO,NO,NO,NO,0,,,D03,D16,HIGH,FULL_SOURCE_REVIEW
simclusters/simclusters_v2/scalding/offline_data_conversion/InterestedIn20M145K2020FlattenJob.scala,simclusters,source,92,4001,UNREVIEWED,D03;D16,NO,NO,NO,NO,0,,,D03,D16,HIGH,FULL_SOURCE_REVIEW
simclusters/simclusters_v2/scalding/offline_data_conversion/InterestedIn20M145K2020FlattenTransform.scala,simclusters,source,59,2378,UNREVIEWED,D03;D16,NO,NO,NO,NO,0,,,D03,D16,HIGH,FULL_SOURCE_REVIEW
simclusters/simclusters_v2/scalding/offline_data_conversion/KnownFor20M145K2020FlattenJob.scala,simclusters,source,95,3828,UNREVIEWED,D03;D16,NO,NO,NO,NO,0,,,D03,D16,HIGH,FULL_SOURCE_REVIEW
simclusters/simclusters_v2/scalding/offline_data_conversion/KnownFor20M145K2020FlattenTransform.scala,simclusters,source,52,1835,UNREVIEWED,D03;D16,NO,NO,NO,NO,0,,,D03,D16,HIGH,FULL_SOURCE_REVIEW
simclusters/simclusters_v2/scalding/offline_job/OfflineTweetRecommendation.scala,simclusters,source,161,5469,UNREVIEWED,D03;D16,NO,NO,NO,NO,0,,,D03,D16,HIGH,FULL_SOURCE_REVIEW
simclusters/simclusters_v2/scalding/offline_job/SimClustersOfflineJob.scala,simclusters,source,166,6404,UNREVIEWED,D03;D16,NO,NO,NO,NO,0,,,D03,D16,HIGH,FULL_SOURCE_REVIEW
simclusters/simclusters_v2/scalding/offline_job/SimClustersOfflineJobAdhocApp.scala,simclusters,source,173,6640,UNREVIEWED,D03;D16,NO,NO,NO,NO,0,,,D03,D16,HIGH,FULL_SOURCE_REVIEW
simclusters/simclusters_v2/scalding/offline_job/SimClustersOfflineJobScheduledApp.scala,simclusters,source,104,3544,UNREVIEWED,D03;D16,NO,NO,NO,NO,0,,,D03,D16,HIGH,FULL_SOURCE_REVIEW
simclusters/simclusters_v2/scalding/offline_job/SimClustersOfflineJobUtil.scala,simclusters,source,104,3645,UNREVIEWED,D03;D16,NO,NO,NO,NO,0,,,D03,D16,HIGH,FULL_SOURCE_REVIEW
simclusters/simclusters_v2/scalding/offline_job/adhoc/SimClustersTweetEmbeddingAdhocApp.scala,simclusters,source,175,6482,UNREVIEWED,D03;D16,NO,NO,NO,NO,0,,,D03,D16,HIGH,FULL_SOURCE_REVIEW
simclusters/simclusters_v2/scalding/offline_job/adhoc/TweetSimilarityEvaluationAdhocApp.scala,simclusters,source,296,9148,UNREVIEWED,D03;D16,NO,NO,NO,NO,0,,,D03,D16,HIGH,FULL_SOURCE_REVIEW
simclusters/simclusters_v2/scalding/offline_tweets/ClusterTopMediaTweetsJob.scala,simclusters,source,237,8693,UNREVIEWED,D03;D16,NO,NO,NO,NO,0,,,D03,D16,HIGH,FULL_SOURCE_REVIEW
simclusters/simclusters_v2/scalding/optout/InterestedInOptOut.scala,simclusters,source,208,7616,UNREVIEWED,D03;D16,NO,NO,NO,NO,0,,,D03,D16,HIGH,FULL_SOURCE_REVIEW
simclusters/simclusters_v2/scalding/optout/KnownForOptOut.scala,simclusters,source,179,6498,UNREVIEWED,D03;D16,NO,NO,NO,NO,0,,,D03,D16,HIGH,FULL_SOURCE_REVIEW
simclusters/simclusters_v2/scalding/optout/SimClustersOptOutUtil.scala,simclusters,source,149,5697,UNREVIEWED,D03;D16,NO,NO,NO,NO,0,,,D03,D16,HIGH,FULL_SOURCE_REVIEW
simclusters/simclusters_v2/scalding/topic_recommendations/GeoPopularTopicsApp.scala,simclusters,source,149,5242,UNREVIEWED,D03;D16,NO,NO,NO,NO,0,,,D03,D16,HIGH,FULL_SOURCE_REVIEW
simclusters/simclusters_v2/scalding/topic_recommendations/ProducersForTopicsFromTopicFollowGraph.scala,simclusters,source,174,6768,UNREVIEWED,D03;D16,NO,NO,NO,NO,0,,,D03,D16,HIGH,FULL_SOURCE_REVIEW
simclusters/simclusters_v2/scalding/topic_recommendations/SimilarTopicsFromTopicFollowGraphApp.scala,simclusters,source,183,6182,UNREVIEWED,D03;D16,NO,NO,NO,NO,0,,,D03,D16,HIGH,FULL_SOURCE_REVIEW
simclusters/simclusters_v2/scalding/topic_recommendations/TopicsForProducersFromEM.scala,simclusters,source,220,8475,UNREVIEWED,D03;D16,NO,NO,NO,NO,0,,,D03,D16,HIGH,FULL_SOURCE_REVIEW
simclusters/simclusters_v2/scalding/topic_recommendations/TopicsForProducersUtils.scala,simclusters,source,100,3812,UNREVIEWED,D03;D16,NO,NO,NO,NO,0,,,D03,D16,HIGH,FULL_SOURCE_REVIEW
simclusters/simclusters_v2/scalding/topic_recommendations/model_based_topic_recommendations/DataSources.scala,simclusters,source,72,3122,UNREVIEWED,D03;D16,NO,NO,NO,NO,0,,,D03,D16,HIGH,FULL_SOURCE_REVIEW
simclusters/simclusters_v2/scalding/topic_recommendations/model_based_topic_recommendations/UserFeatures.scala,simclusters,source,58,1529,UNREVIEWED,D03;D16,NO,NO,NO,NO,0,,,D03,D16,HIGH,FULL_SOURCE_REVIEW
simclusters/simclusters_v2/scalding/topic_recommendations/model_based_topic_recommendations/UserTopicDataRecordAdapter.scala,simclusters,source,52,1881,UNREVIEWED,D03;D16,NO,NO,NO,NO,0,,,D03,D16,HIGH,FULL_SOURCE_REVIEW
simclusters/simclusters_v2/scalding/topic_recommendations/model_based_topic_recommendations/UserTopicModellingTrainingDataCollectionJob.scala,simclusters,source,380,12914,UNREVIEWED,D03;D16;D15,NO,NO,NO,NO,0,,,D03,D16;D15,HIGH,FULL_SOURCE_REVIEW
simclusters/simclusters_v2/scalding/tweet_similarity/DatasetTopKAnalysisJob.scala,simclusters,source,234,8130,UNREVIEWED,D03;D16,NO,NO,NO,NO,0,,,D03,D16,HIGH,FULL_SOURCE_REVIEW
simclusters/simclusters_v2/scalding/tweet_similarity/TrainingDataCollectionJob.scala,simclusters,source,205,6577,UNREVIEWED,D03;D16;D15,NO,NO,NO,NO,0,,,D03,D16;D15,HIGH,FULL_SOURCE_REVIEW
simclusters/simclusters_v2/scalding/tweet_similarity/TrainingDataCollectionUtil.scala,simclusters,source,103,4183,UNREVIEWED,D03;D16;D15,NO,NO,NO,NO,0,,,D03,D16;D15,HIGH,FULL_SOURCE_REVIEW
simclusters/simclusters_v2/scalding/tweet_similarity/TweetPairFeatureHydrationUtil.scala,simclusters,source,237,9739,UNREVIEWED,D03;D16,NO,NO,NO,NO,0,,,D03,D16,HIGH,FULL_SOURCE_REVIEW
simclusters/simclusters_v2/scalding/tweet_similarity/TweetPairLabelCollectionUtil.scala,simclusters,source,362,12775,UNREVIEWED,D03;D16,NO,NO,NO,NO,0,,,D03,D16,HIGH,FULL_SOURCE_REVIEW
simclusters/simclusters_v2/scalding/tweet_similarity/UnhydratedPairsCollectionJob.scala,simclusters,source,178,6206,UNREVIEWED,D03;D16,NO,NO,NO,NO,0,,,D03,D16,HIGH,FULL_SOURCE_REVIEW
simclusters/simclusters_v2/scalding/tweet_similarity/evaluation/ModelEvalAdhocApp.scala,simclusters,source,61,2622,UNREVIEWED,D03;D16;D15,NO,NO,NO,NO,0,,,D03,D16;D15,HIGH,FULL_SOURCE_REVIEW
simclusters/simclusters_v2/scalding/tweet_similarity/evaluation/RUXLandingDdgAnalysisAdhocApp.scala,simclusters,source,69,2905,UNREVIEWED,D03;D16;D15,NO,NO,NO,NO,0,,,D03,D16;D15,HIGH,FULL_SOURCE_REVIEW
simclusters/simclusters_v2/scalding/update_known_for/UpdateKnownFor20M145K2020.scala,simclusters,source,209,8568,UNREVIEWED,D03;D16,NO,NO,NO,NO,0,,,D03,D16,HIGH,FULL_SOURCE_REVIEW
simclusters/simclusters_v2/scalding/update_known_for/UpdateKnownForSBFRunner.scala,simclusters,source,569,20747,UNREVIEWED,D03;D16,NO,NO,NO,NO,0,,,D03,D16,HIGH,FULL_SOURCE_REVIEW
simclusters/simclusters_v2/score/AggregatedScoreStore.scala,simclusters,source,16,571,UNREVIEWED,D03;D16,NO,NO,NO,NO,0,,,D03,D16,HIGH,FULL_SOURCE_REVIEW
simclusters/simclusters_v2/score/Score.scala,simclusters,source,16,341,UNREVIEWED,D03;D16,NO,NO,NO,NO,0,,,D03,D16,HIGH,FULL_SOURCE_REVIEW
simclusters/simclusters_v2/score/ScoreFacadeStore.scala,simclusters,source,81,2607,UNREVIEWED,D03;D16,NO,NO,NO,NO,0,,,D03,D16,HIGH,FULL_SOURCE_REVIEW
simclusters/simclusters_v2/score/ScoreId.scala,simclusters,source,113,3712,UNREVIEWED,D03;D16,NO,NO,NO,NO,0,,,D03,D16,HIGH,FULL_SOURCE_REVIEW
simclusters/simclusters_v2/score/ScoreStore.scala,simclusters,source,61,1726,UNREVIEWED,D03;D16,NO,NO,NO,NO,0,,,D03,D16,HIGH,FULL_SOURCE_REVIEW
simclusters/simclusters_v2/score/SimClustersEmbeddingPairScoreStore.scala,simclusters,source,223,6642,UNREVIEWED,D03;D16,NO,NO,NO,NO,0,,,D03,D16,HIGH,FULL_SOURCE_REVIEW
simclusters/simclusters_v2/score/WeightedSumAggregatedScoreStore.scala,simclusters,source,69,2896,UNREVIEWED,D03;D16,NO,NO,NO,NO,0,,,D03,D16,HIGH,FULL_SOURCE_REVIEW
simclusters/simclusters_v2/stores/LanguageFilteredLocaleEntityEmbeddingStore.scala,simclusters,source,88,2995,UNREVIEWED,D03;D16,NO,NO,NO,NO,0,,,D03,D16,HIGH,FULL_SOURCE_REVIEW
simclusters/simclusters_v2/stores/MultiTypeGraphStore.scala,simclusters,source,287,9837,UNREVIEWED,D03;D16,NO,NO,NO,NO,0,,,D03,D16,HIGH,FULL_SOURCE_REVIEW
simclusters/simclusters_v2/stores/SimClustersEmbeddingStore.scala,simclusters,source,107,3627,UNREVIEWED,D03;D16,NO,NO,NO,NO,0,,,D03,D16,HIGH,FULL_SOURCE_REVIEW
simclusters/simclusters_v2/stores/SimClustersMultiEmbeddingStore.scala,simclusters,source,64,2378,UNREVIEWED,D03;D16,NO,NO,NO,NO,0,,,D03,D16,HIGH,FULL_SOURCE_REVIEW
simclusters/simclusters_v2/stores/TopicTopProducersStore.scala,simclusters,source,92,3266,UNREVIEWED,D03;D16,NO,NO,NO,NO,0,,,D03,D16,HIGH,FULL_SOURCE_REVIEW
simclusters/simclusters_v2/stores/WtfMbcgStore.scala,simclusters,source,36,1279,UNREVIEWED,D03;D16,NO,NO,NO,NO,0,,,D03,D16,HIGH,FULL_SOURCE_REVIEW
simclusters/simclusters_v2/summingbird/common/ClientConfigs.scala,simclusters,source,150,5932,UNREVIEWED,D03;D16;D17,NO,NO,NO,NO,0,,,D03,D16;D17,HIGH,FULL_SOURCE_REVIEW
simclusters/simclusters_v2/summingbird/common/Configs.scala,simclusters,source,78,2623,UNREVIEWED,D03;D16;D17,NO,NO,NO,NO,0,,,D03,D16;D17,HIGH,FULL_SOURCE_REVIEW
simclusters/simclusters_v2/summingbird/common/EntityUtil.scala,simclusters,source,48,1899,UNREVIEWED,D03;D16,NO,NO,NO,NO,0,,,D03,D16,HIGH,FULL_SOURCE_REVIEW
simclusters/simclusters_v2/summingbird/common/Implicits.scala,simclusters,source,171,7277,UNREVIEWED,D03;D16,NO,NO,NO,NO,0,,,D03,D16,HIGH,FULL_SOURCE_REVIEW
simclusters/simclusters_v2/summingbird/common/ModelVersionProfile.scala,simclusters,source,38,1398,UNREVIEWED,D03;D16,NO,NO,NO,NO,0,,,D03,D16,HIGH,FULL_SOURCE_REVIEW
simclusters/simclusters_v2/summingbird/common/Monoids.scala,simclusters,source,408,14048,UNREVIEWED,D03;D16,NO,NO,NO,NO,0,,,D03,D16,HIGH,FULL_SOURCE_REVIEW
simclusters/simclusters_v2/summingbird/common/SimClustersEmbeddingWithMetadataMonoid.scala,simclusters,source,48,1907,UNREVIEWED,D03;D16,NO,NO,NO,NO,0,,,D03,D16,HIGH,FULL_SOURCE_REVIEW
simclusters/simclusters_v2/summingbird/common/SimClustersHashUtil.scala,simclusters,source,11,248,UNREVIEWED,D03;D16,NO,NO,NO,NO,0,,,D03,D16,HIGH,FULL_SOURCE_REVIEW
simclusters/simclusters_v2/summingbird/common/SimClustersInterestedInUtil.scala,simclusters,source,61,2150,UNREVIEWED,D03;D16,NO,NO,NO,NO,0,,,D03,D16,HIGH,FULL_SOURCE_REVIEW
simclusters/simclusters_v2/summingbird/common/SimClustersProfile.scala,simclusters,source,225,6990,UNREVIEWED,D03;D16,NO,NO,NO,NO,0,,,D03,D16,HIGH,FULL_SOURCE_REVIEW
simclusters/simclusters_v2/summingbird/common/StatsUtil.scala,simclusters,source,24,618,UNREVIEWED,D03;D16,NO,NO,NO,NO,0,,,D03,D16,HIGH,FULL_SOURCE_REVIEW
simclusters/simclusters_v2/summingbird/common/SummerWithSumValues.scala,simclusters,source,15,449,UNREVIEWED,D03;D16,NO,NO,NO,NO,0,,,D03,D16,HIGH,FULL_SOURCE_REVIEW
simclusters/simclusters_v2/summingbird/common/ThriftDecayedValueMonoid.scala,simclusters,source,48,1687,UNREVIEWED,D03;D16,NO,NO,NO,NO,0,,,D03,D16,HIGH,FULL_SOURCE_REVIEW
simclusters/simclusters_v2/summingbird/common/TweetEntityExtractor.scala,simclusters,source,64,2208,UNREVIEWED,D03;D16,NO,NO,NO,NO,0,,,D03,D16,HIGH,FULL_SOURCE_REVIEW
simclusters/simclusters_v2/summingbird/stores/AdsTwhinTweetEmbeddingStore.scala,simclusters,source,44,1654,UNREVIEWED,D03;D16,NO,NO,NO,NO,0,,,D03,D16,HIGH,FULL_SOURCE_REVIEW
simclusters/simclusters_v2/summingbird/stores/AdsTwhinUserEmbeddingStore.scala,simclusters,source,62,2306,UNREVIEWED,D03;D16,NO,NO,NO,NO,0,,,D03,D16,HIGH,FULL_SOURCE_REVIEW
simclusters/simclusters_v2/summingbird/stores/ApeTopicEmbeddingStore.scala,simclusters,source,43,1590,UNREVIEWED,D03;D16,NO,NO,NO,NO,0,,,D03,D16,HIGH,FULL_SOURCE_REVIEW
simclusters/simclusters_v2/summingbird/stores/ClusterDetailsReadableStore.scala,simclusters,source,73,2927,UNREVIEWED,D03;D16,NO,NO,NO,NO,0,,,D03,D16,HIGH,FULL_SOURCE_REVIEW
simclusters/simclusters_v2/summingbird/stores/EntityClusterScoreReadableStore.scala,simclusters,source,37,1567,UNREVIEWED,D03;D16,NO,NO,NO,NO,0,,,D03,D16,HIGH,FULL_SOURCE_REVIEW
simclusters/simclusters_v2/summingbird/stores/GizmoduckUserStore.scala,simclusters,source,46,1637,UNREVIEWED,D03;D16,NO,NO,NO,NO,0,,,D03,D16,HIGH,FULL_SOURCE_REVIEW
simclusters/simclusters_v2/summingbird/stores/ManhattanFromStratoStore.scala,simclusters,source,129,4680,UNREVIEWED,D03;D16,NO,NO,NO,NO,0,,,D03,D16,HIGH,FULL_SOURCE_REVIEW
simclusters/simclusters_v2/summingbird/stores/PersistentTweetEmbeddingStore.scala,simclusters,source,98,3861,UNREVIEWED,D03;D16,NO,NO,NO,NO,0,,,D03,D16,HIGH,FULL_SOURCE_REVIEW
simclusters/simclusters_v2/summingbird/stores/ProducerClusterEmbeddingReadableStores.scala,simclusters,source,101,3740,UNREVIEWED,D03;D16,NO,NO,NO,NO,0,,,D03,D16,HIGH,FULL_SOURCE_REVIEW
simclusters/simclusters_v2/summingbird/stores/SemanticCoreEntityEmbeddingStore.scala,simclusters,source,41,1649,UNREVIEWED,D03;D16,NO,NO,NO,NO,0,,,D03,D16,HIGH,FULL_SOURCE_REVIEW
simclusters/simclusters_v2/summingbird/stores/SimClustersManhattanReadableStoreForReadWriteDataset.scala,simclusters,source,51,2430,UNREVIEWED,D03;D16,NO,NO,NO,NO,0,,,D03,D16,HIGH,FULL_SOURCE_REVIEW
simclusters/simclusters_v2/summingbird/stores/TfgTopicEmbeddingsStore.scala,simclusters,source,43,1625,UNREVIEWED,D03;D16,NO,NO,NO,NO,0,,,D03,D16,HIGH,FULL_SOURCE_REVIEW
simclusters/simclusters_v2/summingbird/stores/TopKClustersForEntityReadableStore.scala,simclusters,source,36,1303,UNREVIEWED,D03;D16,NO,NO,NO,NO,0,,,D03,D16,HIGH,FULL_SOURCE_REVIEW
simclusters/simclusters_v2/summingbird/stores/TopKClustersForTweetReadableStore.scala,simclusters,source,172,6562,UNREVIEWED,D03;D16,NO,NO,NO,NO,0,,,D03,D16,HIGH,FULL_SOURCE_REVIEW
simclusters/simclusters_v2/summingbird/stores/TopKHydratedTweetsForClusterReadableStore.scala,simclusters,source,30,1473,UNREVIEWED,D03;D16,NO,NO,NO,NO,0,,,D03,D16,HIGH,FULL_SOURCE_REVIEW
simclusters/simclusters_v2/summingbird/stores/TopKTweetsForClusterReadableStore.scala,simclusters,source,276,10622,UNREVIEWED,D03;D16,NO,NO,NO,NO,0,,,D03,D16,HIGH,FULL_SOURCE_REVIEW
simclusters/simclusters_v2/summingbird/stores/TweetMetadataStore.scala,simclusters,source,81,2780,UNREVIEWED,D03;D16,NO,NO,NO,NO,0,,,D03,D16,HIGH,FULL_SOURCE_REVIEW
simclusters/simclusters_v2/summingbird/stores/TweetSquaredL2NormWritableStore.scala,simclusters,source,93,3453,UNREVIEWED,D03;D16,NO,NO,NO,NO,0,,,D03,D16,HIGH,FULL_SOURCE_REVIEW
simclusters/simclusters_v2/summingbird/stores/TweetStatusCountsStore.scala,simclusters,source,28,859,UNREVIEWED,D03;D16,NO,NO,NO,NO,0,,,D03,D16,HIGH,FULL_SOURCE_REVIEW
simclusters/simclusters_v2/summingbird/stores/TweetStatusCountsTesStore.scala,simclusters,source,45,1500,UNREVIEWED,D03;D16,NO,NO,NO,NO,0,,,D03,D16,HIGH,FULL_SOURCE_REVIEW
simclusters/simclusters_v2/summingbird/stores/TwhinTweetEmbeddingStore.scala,simclusters,source,65,2570,UNREVIEWED,D03;D16,NO,NO,NO,NO,0,,,D03,D16,HIGH,FULL_SOURCE_REVIEW
simclusters/simclusters_v2/summingbird/stores/TwhinUserEmbeddingStore.scala,simclusters,source,96,3452,UNREVIEWED,D03;D16,NO,NO,NO,NO,0,,,D03,D16,HIGH,FULL_SOURCE_REVIEW
simclusters/simclusters_v2/summingbird/stores/UserInterestedInReadableStore.scala,simclusters,source,243,10925,UNREVIEWED,D03;D16,NO,NO,NO,NO,0,,,D03,D16,HIGH,FULL_SOURCE_REVIEW
simclusters/simclusters_v2/summingbird/stores/UserKnownForReadableStore.scala,simclusters,source,77,3150,UNREVIEWED,D03;D16,NO,NO,NO,NO,0,,,D03,D16,HIGH,FULL_SOURCE_REVIEW
simclusters/simclusters_v2/summingbird/storm/AdsTwhinRebuildTweetJob.scala,simclusters,source,134,5300,UNREVIEWED,D03;D16,NO,NO,NO,NO,0,,,D03,D16,HIGH,FULL_SOURCE_REVIEW
simclusters/simclusters_v2/summingbird/storm/AdsTwhinRebuildTweetJobRunner.scala,simclusters,source,176,6895,UNREVIEWED,D03;D16,NO,NO,NO,NO,0,,,D03,D16,HIGH,FULL_SOURCE_REVIEW
simclusters/simclusters_v2/summingbird/storm/AdsTwhinRebuildUserJob.scala,simclusters,source,187,7742,UNREVIEWED,D03;D16,NO,NO,NO,NO,0,,,D03,D16,HIGH,FULL_SOURCE_REVIEW
simclusters/simclusters_v2/summingbird/storm/AdsTwhinRebuildUserJobRunner.scala,simclusters,source,196,8117,UNREVIEWED,D03;D16,NO,NO,NO,NO,0,,,D03,D16,HIGH,FULL_SOURCE_REVIEW
simclusters/simclusters_v2/summingbird/storm/PersistentTweetJob.scala,simclusters,source,125,5157,UNREVIEWED,D03;D16,NO,NO,NO,NO,0,,,D03,D16,HIGH,FULL_SOURCE_REVIEW
simclusters/simclusters_v2/summingbird/storm/PersistentTweetJobRunner.scala,simclusters,source,211,8533,UNREVIEWED,D03;D16,NO,NO,NO,NO,0,,,D03,D16,HIGH,FULL_SOURCE_REVIEW
simclusters/simclusters_v2/summingbird/storm/TweetJob.scala,simclusters,source,307,12986,UNREVIEWED,D03;D16,NO,NO,NO,NO,0,,,D03,D16,HIGH,FULL_SOURCE_REVIEW
simclusters/simclusters_v2/summingbird/storm/TweetJobRunner.scala,simclusters,source,257,10756,UNREVIEWED,D03;D16,NO,NO,NO,NO,0,,,D03,D16,HIGH,FULL_SOURCE_REVIEW
simclusters/simclusters_v2/summingbird/storm/TwhinRebuildTweetJob.scala,simclusters,source,144,5902,UNREVIEWED,D03;D16,NO,NO,NO,NO,0,,,D03,D16,HIGH,FULL_SOURCE_REVIEW
simclusters/simclusters_v2/summingbird/storm/TwhinRebuildTweetJobRunner.scala,simclusters,source,208,7994,UNREVIEWED,D03;D16,NO,NO,NO,NO,0,,,D03,D16,HIGH,FULL_SOURCE_REVIEW
simclusters/simclusters_v2/summingbird/storm/TwhinRebuildUserJob.scala,simclusters,source,180,7359,UNREVIEWED,D03;D16,NO,NO,NO,NO,0,,,D03,D16,HIGH,FULL_SOURCE_REVIEW
simclusters/simclusters_v2/summingbird/storm/TwhinRebuildUserJobRunner.scala,simclusters,source,196,8051,UNREVIEWED,D03;D16,NO,NO,NO,NO,0,,,D03,D16,HIGH,FULL_SOURCE_REVIEW
simclusters/simclusters_v2/summingbird/storm/TwhinTweetJob.scala,simclusters,source,144,5847,UNREVIEWED,D03;D16,NO,NO,NO,NO,0,,,D03,D16,HIGH,FULL_SOURCE_REVIEW
simclusters/simclusters_v2/summingbird/storm/TwhinTweetJobRunner.scala,simclusters,source,235,9286,UNREVIEWED,D03;D16,NO,NO,NO,NO,0,,,D03,D16,HIGH,FULL_SOURCE_REVIEW
simclusters/simclusters_v2/summingbird/storm/TwhinUserJob.scala,simclusters,source,148,5791,UNREVIEWED,D03;D16,NO,NO,NO,NO,0,,,D03,D16,HIGH,FULL_SOURCE_REVIEW
simclusters/simclusters_v2/summingbird/storm/TwhinUserJobRunner.scala,simclusters,source,181,7195,UNREVIEWED,D03;D16,NO,NO,NO,NO,0,,,D03,D16,HIGH,FULL_SOURCE_REVIEW
simclusters/simclusters_v2/tweet_similarity/ModelBasedTweetSimilaritySimClustersEmbeddingAdapter.scala,simclusters,source,36,1622,UNREVIEWED,D03;D16,NO,NO,NO,NO,0,,,D03,D16,HIGH,FULL_SOURCE_REVIEW
simclusters/simclusters_v2/tweet_similarity/TweetSimilarityFeatures.scala,simclusters,source,60,2548,UNREVIEWED,D03;D16,NO,NO,NO,NO,0,,,D03,D16,HIGH,FULL_SOURCE_REVIEW
simclusters/simclustersann/SimclustersAnnServer.scala,simclusters,source,104,3834,UNREVIEWED,D03;D16,NO,NO,NO,NO,0,,,D03,D16,HIGH,FULL_SOURCE_REVIEW
simclusters/simclustersann/SimclustersAnnWarmupHandler.scala,simclusters,source,73,2215,UNREVIEWED,D03;D16,NO,NO,NO,NO,0,,,D03,D16,HIGH,FULL_SOURCE_REVIEW
simclusters/simclustersann/candidate_source/ApproximateCosineSimilarity.scala,simclusters,source,133,5599,UNREVIEWED,D03;D16,NO,NO,NO,NO,0,,,D03,D16,HIGH,FULL_SOURCE_REVIEW
simclusters/simclustersann/candidate_source/ExperimentalApproximateCosineSimilarity.scala,simclusters,source,175,6862,UNREVIEWED,D03;D16,NO,NO,NO,NO,0,,,D03,D16,HIGH,FULL_SOURCE_REVIEW
simclusters/simclustersann/candidate_source/OptimizedApproximateCosineSimilarity.scala,simclusters,source,106,4240,UNREVIEWED,D03;D16,NO,NO,NO,NO,0,,,D03,D16,HIGH,FULL_SOURCE_REVIEW
simclusters/simclustersann/candidate_source/SimClustersANNCandidateSource.scala,simclusters,source,103,3871,UNREVIEWED,D03;D16,NO,NO,NO,NO,0,,,D03,D16,HIGH,FULL_SOURCE_REVIEW
simclusters/simclustersann/common/FlagNames.scala,simclusters,source,18,587,UNREVIEWED,D03;D16,NO,NO,NO,NO,0,,,D03,D16,HIGH,FULL_SOURCE_REVIEW
simclusters/simclustersann/controllers/GetTweetCandidatesGrpcController.scala,simclusters,source,100,3829,UNREVIEWED,D03;D16,NO,NO,NO,NO,0,,,D03,D16,HIGH,FULL_SOURCE_REVIEW
simclusters/simclustersann/controllers/SimClustersANNController.scala,simclusters,source,86,3164,UNREVIEWED,D03;D16,NO,NO,NO,NO,0,,,D03,D16,HIGH,FULL_SOURCE_REVIEW
simclusters/simclustersann/exceptions/InvalidRequestForSimClustersAnnVariantException.scala,simclusters,source,16,669,UNREVIEWED,D03;D16,NO,NO,NO,NO,0,,,D03,D16,HIGH,FULL_SOURCE_REVIEW
simclusters/simclustersann/exceptions/InvalidRequestForSimClustersAnnVariantExceptionMapper.scala,simclusters,source,22,800,UNREVIEWED,D03;D16,NO,NO,NO,NO,0,,,D03,D16,HIGH,FULL_SOURCE_REVIEW
simclusters/simclustersann/exceptions/MissingClusterConfigForSimClustersAnnVariantException.scala,simclusters,source,6,256,UNREVIEWED,D03;D16;D17,NO,NO,NO,NO,0,,,D03,D16;D17,HIGH,FULL_SOURCE_REVIEW
simclusters/simclustersann/filters/GetTweetCandidatesResponseStatsFilter.scala,simclusters,source,43,1653,UNREVIEWED,D03;D16,NO,NO,NO,NO,0,,,D03,D16,HIGH,FULL_SOURCE_REVIEW
simclusters/simclustersann/filters/SimClustersAnnVariantFilter.scala,simclusters,source,53,1960,UNREVIEWED,D03;D16,NO,NO,NO,NO,0,,,D03,D16,HIGH,FULL_SOURCE_REVIEW
simclusters/simclustersann/modules/CacheModule.scala,simclusters,source,34,1176,UNREVIEWED,D03;D16,NO,NO,NO,NO,0,,,D03,D16,HIGH,FULL_SOURCE_REVIEW
simclusters/simclustersann/modules/ClusterConfigMapperModule.scala,simclusters,source,15,411,UNREVIEWED,D03;D16;D17,NO,NO,NO,NO,0,,,D03,D16;D17,HIGH,FULL_SOURCE_REVIEW
simclusters/simclustersann/modules/ClusterConfigModule.scala,simclusters,source,25,943,UNREVIEWED,D03;D16;D17,NO,NO,NO,NO,0,,,D03,D16;D17,HIGH,FULL_SOURCE_REVIEW
simclusters/simclustersann/modules/ClusterDetailsModule.scala,simclusters,source,103,4306,UNREVIEWED,D03;D16,NO,NO,NO,NO,0,,,D03,D16,HIGH,FULL_SOURCE_REVIEW
simclusters/simclustersann/modules/ClusterTweetIndexProviderModule.scala,simclusters,source,115,4839,UNREVIEWED,D03;D16,NO,NO,NO,NO,0,,,D03,D16,HIGH,FULL_SOURCE_REVIEW
simclusters/simclustersann/modules/CustomMtlsThriftWebFormsModule.scala,simclusters,source,99,3824,UNREVIEWED,D03;D16,NO,NO,NO,NO,0,,,D03,D16,HIGH,FULL_SOURCE_REVIEW
simclusters/simclustersann/modules/EmbeddingStoreModule.scala,simclusters,source,109,4387,UNREVIEWED,D03;D16,NO,NO,NO,NO,0,,,D03,D16,HIGH,FULL_SOURCE_REVIEW
simclusters/simclustersann/modules/FlagsModule.scala,simclusters,source,44,1057,UNREVIEWED,D03;D16,NO,NO,NO,NO,0,,,D03,D16,HIGH,FULL_SOURCE_REVIEW
simclusters/simclustersann/modules/FuturePoolProvider.scala,simclusters,source,27,847,UNREVIEWED,D03;D16,NO,NO,NO,NO,0,,,D03,D16,HIGH,FULL_SOURCE_REVIEW
simclusters/simclustersann/modules/RateLimiterModule.scala,simclusters,source,23,633,UNREVIEWED,D03;D16,NO,NO,NO,NO,0,,,D03,D16,HIGH,FULL_SOURCE_REVIEW
simclusters/simclustersann/modules/ServiceNameMapperModule.scala,simclusters,source,15,401,UNREVIEWED,D03;D16,NO,NO,NO,NO,0,,,D03,D16,HIGH,FULL_SOURCE_REVIEW
simclusters/simclustersann/modules/SimClustersANNCandidateSourceModule.scala,simclusters,source,50,2189,UNREVIEWED,D03;D16,NO,NO,NO,NO,0,,,D03,D16,HIGH,FULL_SOURCE_REVIEW
simclusters/simclustersann/modules/SquaredL2NormStoreModule.scala,simclusters,source,62,2289,UNREVIEWED,D03;D16,NO,NO,NO,NO,0,,,D03,D16,HIGH,FULL_SOURCE_REVIEW
simclusters/simclustersann/modules/StratoClientProviderModule.scala,simclusters,source,20,523,UNREVIEWED,D03;D16,NO,NO,NO,NO,0,,,D03,D16,HIGH,FULL_SOURCE_REVIEW
thunder/args.rs,thunder,source,86,2219,UNREVIEWED,D02,NO,NO,NO,NO,0,,,D02,,HIGH,FULL_SOURCE_REVIEW
thunder/config.rs,thunder,source,14,467,UNREVIEWED,D02;D16;D17,NO,NO,NO,NO,0,,,D02,D16;D17,HIGH,FULL_SOURCE_REVIEW
thunder/deserializer.rs,thunder,source,23,943,UNREVIEWED,D02;D16,NO,NO,NO,NO,0,,,D02,D16,HIGH,FULL_SOURCE_REVIEW
thunder/kafka/mod.rs,thunder,source,3,80,UNREVIEWED,D02;D16,NO,NO,NO,NO,0,,,D02,D16,HIGH,FULL_SOURCE_REVIEW
thunder/kafka/tweet_events_listener.rs,thunder,source,379,13263,UNREVIEWED,D02;D16,NO,NO,NO,NO,0,,,D02,D16,HIGH,FULL_SOURCE_REVIEW
thunder/kafka/tweet_events_listener_v2.rs,thunder,source,239,8937,UNREVIEWED,D02;D16,NO,NO,NO,NO,0,,,D02,D16,HIGH,FULL_SOURCE_REVIEW
thunder/kafka/utils.rs,thunder,source,46,1258,UNREVIEWED,D02;D16,NO,NO,NO,NO,0,,,D02,D16,HIGH,FULL_SOURCE_REVIEW
thunder/kafka_utils.rs,thunder,source,102,3760,UNREVIEWED,D02;D16,NO,NO,NO,NO,0,,,D02,D16,HIGH,FULL_SOURCE_REVIEW
thunder/lib.rs,thunder,source,11,196,UNREVIEWED,D02,NO,NO,NO,NO,0,,,D02,,HIGH,FULL_SOURCE_REVIEW
thunder/main.rs,thunder,source,146,4528,UNREVIEWED,D02,NO,NO,NO,NO,0,,,D02,,HIGH,FULL_SOURCE_REVIEW
thunder/metrics.rs,thunder,source,242,9312,UNREVIEWED,D02;D18,NO,NO,NO,NO,0,,,D02,D18,HIGH,FULL_SOURCE_REVIEW
thunder/o2/mod.rs,thunder,source,176,5254,UNREVIEWED,D02,NO,NO,NO,NO,0,,,D02,,HIGH,FULL_SOURCE_REVIEW
thunder/posts/mod.rs,thunder,source,1,20,UNREVIEWED,D02,NO,NO,NO,NO,0,,,D02,,HIGH,FULL_SOURCE_REVIEW
thunder/posts/post_store.rs,thunder,source,880,31318,UNREVIEWED,D02,NO,NO,NO,NO,0,,,D02,,HIGH,FULL_SOURCE_REVIEW
thunder/schema/events.rs,thunder,source,4679,158514,UNREVIEWED,D02;D16,NO,NO,NO,NO,0,,,D02,D16,HIGH,BOUNDARY_TRACE_GENERATED
thunder/schema/media_common.rs,thunder,source,609,20596,UNREVIEWED,D02;D16,NO,NO,NO,NO,0,,,D02,D16,HIGH,BOUNDARY_TRACE_GENERATED
thunder/schema/media_entity.rs,thunder,source,368,13059,UNREVIEWED,D02;D16,NO,NO,NO,NO,0,,,D02,D16,HIGH,BOUNDARY_TRACE_GENERATED
thunder/schema/mod.rs,thunder,source,7,132,UNREVIEWED,D02;D16,NO,NO,NO,NO,0,,,D02,D16,HIGH,FULL_SOURCE_REVIEW
thunder/schema/tweet.rs,thunder,source,5471,177053,UNREVIEWED,D02;D16,NO,NO,NO,NO,0,,,D02,D16,HIGH,BOUNDARY_TRACE_GENERATED
thunder/schema/tweet_events.rs,thunder,source,1725,59013,UNREVIEWED,D02;D16,NO,NO,NO,NO,0,,,D02,D16,HIGH,BOUNDARY_TRACE_GENERATED
thunder/schema/tweet_media.rs,thunder,source,939,29112,UNREVIEWED,D02;D16,NO,NO,NO,NO,0,,,D02,D16,HIGH,BOUNDARY_TRACE_GENERATED
thunder/schema/user.rs,thunder,source,14750,511240,UNREVIEWED,D02;D16,NO,NO,NO,NO,0,,,D02,D16,HIGH,BOUNDARY_TRACE_GENERATED
thunder/strato_client.rs,thunder,source,233,6917,UNREVIEWED,D02;D16,NO,NO,NO,NO,0,,,D02,D16,HIGH,FULL_SOURCE_REVIEW
thunder/thunder_service.rs,thunder,source,326,11572,UNREVIEWED,D02;D16,NO,NO,NO,NO,0,,,D02,D16,HIGH,FULL_SOURCE_REVIEW
under-the-hood/scalding/AccountLabelEvents.scala,under-the-hood,source,55,1913,UNREVIEWED,D14;D16,NO,NO,NO,NO,0,,,D14,D16,HIGH,FULL_SOURCE_REVIEW
under-the-hood/scalding/GizmoduckLabelDiff.scala,under-the-hood,source,23,763,UNREVIEWED,D14;D16,NO,NO,NO,NO,0,,,D14,D16,HIGH,FULL_SOURCE_REVIEW
under-the-hood/scalding/GizmoduckSafetyFlags.scala,under-the-hood,source,59,1770,UNREVIEWED,D14;D16,NO,NO,NO,NO,0,,,D14,D16,HIGH,FULL_SOURCE_REVIEW
under-the-hood/scalding/UnderTheHoodCommon.scala,under-the-hood,source,139,4702,UNREVIEWED,D14;D16,NO,NO,NO,NO,0,,,D14,D16,HIGH,FULL_SOURCE_REVIEW
under-the-hood/scalding/UnderTheHoodDates.scala,under-the-hood,source,41,1421,UNREVIEWED,D14;D16,NO,NO,NO,NO,0,,,D14,D16,HIGH,FULL_SOURCE_REVIEW
under-the-hood/scalding/UthDailyAccountLabelsJob.scala,under-the-hood,source,247,9053,UNREVIEWED,D14;D16,NO,NO,NO,NO,0,,,D14,D16,HIGH,FULL_SOURCE_REVIEW
under-the-hood/scalding/UthDailyPostsBackfillJob.scala,under-the-hood,source,318,11716,UNREVIEWED,D14;D16,NO,NO,NO,NO,0,,,D14,D16,HIGH,FULL_SOURCE_REVIEW
under-the-hood/scalding/UthDailyPostsJob.scala,under-the-hood,source,463,16568,UNREVIEWED,D14;D16,NO,NO,NO,NO,0,,,D14,D16,HIGH,FULL_SOURCE_REVIEW
under-the-hood/scalding/UthMhInjections.scala,under-the-hood,source,23,1012,UNREVIEWED,D14;D16,NO,NO,NO,NO,0,,,D14,D16,HIGH,FULL_SOURCE_REVIEW
under-the-hood/scalding/UthReferenceMonthMhPublisherJob.scala,under-the-hood,source,512,18824,UNREVIEWED,D14;D16,NO,NO,NO,NO,0,,,D14,D16,HIGH,FULL_SOURCE_REVIEW
under-the-hood/scalding/UthUserMonthMhPublisherJob.scala,under-the-hood,source,319,11157,UNREVIEWED,D14;D16,NO,NO,NO,NO,0,,,D14,D16,HIGH,FULL_SOURCE_REVIEW
under-the-hood/scalding/legacy_experimental_adhoc/UnderTheHoodAccountLabelsJob.scala,under-the-hood,source,192,7430,UNREVIEWED,D14;D16,NO,NO,NO,NO,0,,,D14,D16,HIGH,FULL_SOURCE_REVIEW
under-the-hood/scalding/legacy_experimental_adhoc/UnderTheHoodPostLabelsJob.scala,under-the-hood,source,236,8726,UNREVIEWED,D14;D16,NO,NO,NO,NO,0,,,D14,D16,HIGH,FULL_SOURCE_REVIEW
under-the-hood/scalding/legacy_experimental_adhoc/UthFilterTweetSafetyLabelsByDateJob.scala,under-the-hood,source,123,4287,UNREVIEWED,D14;D16,NO,NO,NO,NO,0,,,D14,D16,HIGH,FULL_SOURCE_REVIEW
under-the-hood/scalding/legacy_experimental_adhoc/UthGizmoduckSafetyFlagDailyBackfillJob.scala,under-the-hood,source,350,13913,UNREVIEWED,D14;D16,NO,NO,NO,NO,0,,,D14,D16,HIGH,FULL_SOURCE_REVIEW
under-the-hood/strato/columns/featureSwitches.strato,under-the-hood,schema_or_dsl,9,322,UNREVIEWED,D14;D16,NO,NO,NO,NO,0,,,D14,D16,HIGH,FULL_SOURCE_REVIEW
under-the-hood/strato/columns/graphql/userUnderTheHoodReport.GraphQlQuery.strato,under-the-hood,schema_or_dsl,4,102,UNREVIEWED,D14;D16,NO,NO,NO,NO,0,,,D14,D16,HIGH,FULL_SOURCE_REVIEW
under-the-hood/strato/columns/mh/referenceMonthAggregates.strato,under-the-hood,schema_or_dsl,43,1554,UNREVIEWED,D14;D16,NO,NO,NO,NO,0,,,D14,D16,HIGH,FULL_SOURCE_REVIEW
under-the-hood/strato/columns/mh/userMonthAggregates.strato,under-the-hood,schema_or_dsl,44,1710,UNREVIEWED,D14;D16,NO,NO,NO,NO,0,,,D14,D16,HIGH,FULL_SOURCE_REVIEW
under-the-hood/strato/columns/underTheHoodReport.User.strato,under-the-hood,schema_or_dsl,414,13273,UNREVIEWED,D14;D16,NO,NO,NO,NO,0,,,D14,D16,HIGH,FULL_SOURCE_REVIEW
under-the-hood/strato/columns/underTheHoodReport.strato,under-the-hood,schema_or_dsl,30,896,UNREVIEWED,D14;D16,NO,NO,NO,NO,0,,,D14,D16,HIGH,FULL_SOURCE_REVIEW
under-the-hood/strato/graphql/under_the_hood.thrift,under-the-hood,schema_or_dsl,13,468,UNREVIEWED,D14;D16,NO,NO,NO,NO,0,,,D14,D16,HIGH,FULL_SOURCE_REVIEW
under-the-hood/strato/lib/params.strato,under-the-hood,schema_or_dsl,24,628,UNREVIEWED,D14;D16;D17,NO,NO,NO,NO,0,,,D14,D16;D17,HIGH,FULL_SOURCE_REVIEW
under-the-hood/strato/lib/sharedConfig.strato,under-the-hood,schema_or_dsl,23,608,UNREVIEWED,D14;D16;D17,NO,NO,NO,NO,0,,,D14,D16;D17,HIGH,FULL_SOURCE_REVIEW
under-the-hood/strato/lib/underTheHoodLabels.strato,under-the-hood,schema_or_dsl,285,11579,UNREVIEWED,D14;D16,NO,NO,NO,NO,0,,,D14,D16,HIGH,FULL_SOURCE_REVIEW
under-the-hood/thrift/uth_serving.thrift,under-the-hood,schema_or_dsl,149,4629,UNREVIEWED,D14;D16,NO,NO,NO,NO,0,,,D14,D16,HIGH,FULL_SOURCE_REVIEW
user-cred-v2/Edge.scala,user-cred-v2,source,20,486,UNREVIEWED,D10;D16,NO,NO,NO,NO,0,,,D10,D16,HIGH,FULL_SOURCE_REVIEW
user-cred-v2/SnapshotSafeguard.scala,user-cred-v2,source,90,2354,UNREVIEWED,D10;D16,NO,NO,NO,NO,0,,,D10,D16,HIGH,FULL_SOURCE_REVIEW
user-cred-v2/UserCredV2.scala,user-cred-v2,source,20,494,UNREVIEWED,D10;D16,NO,NO,NO,NO,0,,,D10,D16,HIGH,FULL_SOURCE_REVIEW
user-cred-v2/UserCredV2App.scala,user-cred-v2,source,534,17618,UNREVIEWED,D10;D16,NO,NO,NO,NO,0,,,D10,D16,HIGH,FULL_SOURCE_REVIEW
user-cred-v2/UserCredV2Config.scala,user-cred-v2,source,64,2401,UNREVIEWED,D10;D16;D17,NO,NO,NO,NO,0,,,D10,D16;D17,HIGH,FULL_SOURCE_REVIEW
user-cred-v2/UserCredV2Injection.scala,user-cred-v2,source,13,656,UNREVIEWED,D10;D16,NO,NO,NO,NO,0,,,D10,D16,HIGH,FULL_SOURCE_REVIEW
user-cred-v2/UserMass.scala,user-cred-v2,source,14,283,UNREVIEWED,D10;D16,NO,NO,NO,NO,0,,,D10,D16,HIGH,FULL_SOURCE_REVIEW
user-cred-v2/UserNode.scala,user-cred-v2,source,7,154,UNREVIEWED,D10;D16,NO,NO,NO,NO,0,,,D10,D16,HIGH,FULL_SOURCE_REVIEW
user-cred-v2/ValidUserInfo.scala,user-cred-v2,source,43,1343,UNREVIEWED,D10;D16,NO,NO,NO,NO,0,,,D10,D16,HIGH,FULL_SOURCE_REVIEW
visibility-filtering/clients/gizmoduck_client.rs,visibility-filtering,source,59,1758,UNREVIEWED,D12;D16,NO,NO,NO,NO,0,,,D12,D16,HIGH,FULL_SOURCE_REVIEW
visibility-filtering/clients/mod.rs,visibility-filtering,source,2,54,UNREVIEWED,D12;D16,NO,NO,NO,NO,0,,,D12,D16,HIGH,FULL_SOURCE_REVIEW
visibility-filtering/clients/socialgraph_client.rs,visibility-filtering,source,347,10655,UNREVIEWED,D12;D16,NO,NO,NO,NO,0,,,D12,D16,HIGH,FULL_SOURCE_REVIEW
visibility-filtering/config.rs,visibility-filtering,source,137,4532,UNREVIEWED,D12;D17,NO,NO,NO,NO,0,,,D12,D17,HIGH,FULL_SOURCE_REVIEW
visibility-filtering/filter.rs,visibility-filtering,source,284,9077,UNREVIEWED,D12,NO,NO,NO,NO,0,,,D12,,HIGH,FULL_SOURCE_REVIEW
visibility-filtering/filter_tweets.rs,visibility-filtering,source,164,5284,UNREVIEWED,D12,NO,NO,NO,NO,0,,,D12,,HIGH,FULL_SOURCE_REVIEW
visibility-filtering/get_safety_labels.rs,visibility-filtering,source,272,8850,UNREVIEWED,D12,NO,NO,NO,NO,0,,,D12,,HIGH,FULL_SOURCE_REVIEW
visibility-filtering/hydration/batch.rs,visibility-filtering,source,307,9026,UNREVIEWED,D12;D16,NO,NO,NO,NO,0,,,D12,D16,HIGH,FULL_SOURCE_REVIEW
visibility-filtering/hydration/exclusive_content_hydrator.rs,visibility-filtering,source,90,3136,UNREVIEWED,D12;D16,NO,NO,NO,NO,0,,,D12,D16,HIGH,FULL_SOURCE_REVIEW
visibility-filtering/hydration/fallback_cache.rs,visibility-filtering,source,307,9658,UNREVIEWED,D12;D16,NO,NO,NO,NO,0,,,D12,D16,HIGH,FULL_SOURCE_REVIEW
visibility-filtering/hydration/gizmoduck_hydrator.rs,visibility-filtering,source,287,10082,UNREVIEWED,D12;D16,NO,NO,NO,NO,0,,,D12,D16,HIGH,FULL_SOURCE_REVIEW
visibility-filtering/hydration/metrics.rs,visibility-filtering,source,612,17739,UNREVIEWED,D12;D16;D18,NO,NO,NO,NO,0,,,D12,D16;D18,HIGH,FULL_SOURCE_REVIEW
visibility-filtering/hydration/mod.rs,visibility-filtering,source,412,15349,UNREVIEWED,D12;D16,NO,NO,NO,NO,0,,,D12,D16,HIGH,FULL_SOURCE_REVIEW
visibility-filtering/hydration/safety_label_hydrator.rs,visibility-filtering,source,200,7032,UNREVIEWED,D12;D16,NO,NO,NO,NO,0,,,D12,D16,HIGH,FULL_SOURCE_REVIEW
visibility-filtering/hydration/socialgraph_hydrator.rs,visibility-filtering,source,132,4340,UNREVIEWED,D12;D16,NO,NO,NO,NO,0,,,D12,D16,HIGH,FULL_SOURCE_REVIEW
visibility-filtering/hydration/tes_hydrator.rs,visibility-filtering,source,766,25231,UNREVIEWED,D12;D16,NO,NO,NO,NO,0,,,D12,D16,HIGH,FULL_SOURCE_REVIEW
visibility-filtering/hydration/viewer_hydrator.rs,visibility-filtering,source,267,9044,UNREVIEWED,D12;D16,NO,NO,NO,NO,0,,,D12,D16,HIGH,FULL_SOURCE_REVIEW
visibility-filtering/lib.rs,visibility-filtering,source,12,262,UNREVIEWED,D12,NO,NO,NO,NO,0,,,D12,,HIGH,FULL_SOURCE_REVIEW
visibility-filtering/main.rs,visibility-filtering,source,36,1141,UNREVIEWED,D12,NO,NO,NO,NO,0,,,D12,,HIGH,FULL_SOURCE_REVIEW
visibility-filtering/models/author.rs,visibility-filtering,source,30,687,UNREVIEWED,D12;D16,NO,NO,NO,NO,0,,,D12,D16,HIGH,FULL_SOURCE_REVIEW
visibility-filtering/models/exclusive_content.rs,visibility-filtering,source,5,144,UNREVIEWED,D12;D16,NO,NO,NO,NO,0,,,D12,D16,HIGH,FULL_SOURCE_REVIEW
visibility-filtering/models/mod.rs,visibility-filtering,source,300,8830,UNREVIEWED,D12;D16,NO,NO,NO,NO,0,,,D12,D16,HIGH,FULL_SOURCE_REVIEW
visibility-filtering/models/relationship.rs,visibility-filtering,source,7,230,UNREVIEWED,D12;D16,NO,NO,NO,NO,0,,,D12,D16,HIGH,FULL_SOURCE_REVIEW
visibility-filtering/models/safety_labels.rs,visibility-filtering,source,34,977,UNREVIEWED,D12;D16,NO,NO,NO,NO,0,,,D12,D16,HIGH,FULL_SOURCE_REVIEW
visibility-filtering/models/tweet.rs,visibility-filtering,source,37,919,UNREVIEWED,D12;D16,NO,NO,NO,NO,0,,,D12,D16,HIGH,FULL_SOURCE_REVIEW
visibility-filtering/models/viewer.rs,visibility-filtering,source,54,1247,UNREVIEWED,D12;D16,NO,NO,NO,NO,0,,,D12,D16,HIGH,FULL_SOURCE_REVIEW
visibility-filtering/rules/metrics.rs,visibility-filtering,source,221,6323,UNREVIEWED,D12;D17;D18,NO,NO,NO,NO,0,,,D12,D17;D18,HIGH,FULL_SOURCE_REVIEW
visibility-filtering/rules/mod.rs,visibility-filtering,source,244,6911,UNREVIEWED,D12;D17,NO,NO,NO,NO,0,,,D12,D17,HIGH,FULL_SOURCE_REVIEW
visibility-filtering/rules/nsfw_age_gating.rs,visibility-filtering,source,654,21071,UNREVIEWED,D12;D17,NO,NO,NO,NO,0,,,D12,D17,HIGH,FULL_SOURCE_REVIEW
visibility-filtering/rules/nsfw_interstitial.rs,visibility-filtering,source,275,8301,UNREVIEWED,D12;D17,NO,NO,NO,NO,0,,,D12,D17,HIGH,FULL_SOURCE_REVIEW
visibility-filtering/rules/nullcast_rule.rs,visibility-filtering,source,107,3011,UNREVIEWED,D12;D17,NO,NO,NO,NO,0,,,D12,D17,HIGH,FULL_SOURCE_REVIEW
visibility-filtering/rules/registry.rs,visibility-filtering,source,912,31126,UNREVIEWED,D12;D17,NO,NO,NO,NO,0,,,D12,D17,HIGH,FULL_SOURCE_REVIEW
visibility-filtering/rules/socialgraph_rules.rs,visibility-filtering,source,337,10527,UNREVIEWED,D12;D17,NO,NO,NO,NO,0,,,D12,D17,HIGH,FULL_SOURCE_REVIEW
visibility-filtering/rules/tes_rules.rs,visibility-filtering,source,614,19407,UNREVIEWED,D12;D17,NO,NO,NO,NO,0,,,D12,D17,HIGH,FULL_SOURCE_REVIEW
visibility-filtering/rules/tweet_flag_rules.rs,visibility-filtering,source,125,3608,UNREVIEWED,D12;D17,NO,NO,NO,NO,0,,,D12,D17,HIGH,FULL_SOURCE_REVIEW
visibility-filtering/rules/tweet_label_drops.rs,visibility-filtering,source,358,11608,UNREVIEWED,D12;D17,NO,NO,NO,NO,0,,,D12,D17,HIGH,FULL_SOURCE_REVIEW
visibility-filtering/rules/user_label_drops.rs,visibility-filtering,source,263,8554,UNREVIEWED,D12;D17,NO,NO,NO,NO,0,,,D12,D17,HIGH,FULL_SOURCE_REVIEW
visibility-filtering/rules/user_rules.rs,visibility-filtering,source,316,9501,UNREVIEWED,D12;D17,NO,NO,NO,NO,0,,,D12,D17,HIGH,FULL_SOURCE_REVIEW
visibility-filtering/safety_label_source/cached_value.rs,visibility-filtering,source,162,5014,UNREVIEWED,D12;D16,NO,NO,NO,NO,0,,,D12,D16,HIGH,FULL_SOURCE_REVIEW
visibility-filtering/safety_label_source/codec.rs,visibility-filtering,source,313,10097,UNREVIEWED,D12;D16,NO,NO,NO,NO,0,,,D12,D16,HIGH,FULL_SOURCE_REVIEW
visibility-filtering/safety_label_source/expiring_cache.rs,visibility-filtering,source,116,2915,UNREVIEWED,D12;D16,NO,NO,NO,NO,0,,,D12,D16,HIGH,FULL_SOURCE_REVIEW
visibility-filtering/safety_label_source/lookup.rs,visibility-filtering,source,311,10521,UNREVIEWED,D12;D16,NO,NO,NO,NO,0,,,D12,D16,HIGH,FULL_SOURCE_REVIEW
visibility-filtering/safety_label_source/manhattan.rs,visibility-filtering,source,339,11556,UNREVIEWED,D12;D16,NO,NO,NO,NO,0,,,D12,D16,HIGH,FULL_SOURCE_REVIEW
visibility-filtering/safety_label_source/metrics.rs,visibility-filtering,source,236,5820,UNREVIEWED,D12;D16;D18,NO,NO,NO,NO,0,,,D12,D16;D18,HIGH,FULL_SOURCE_REVIEW
visibility-filtering/safety_label_source/mh_client.rs,visibility-filtering,source,100,3327,UNREVIEWED,D12;D16,NO,NO,NO,NO,0,,,D12,D16,HIGH,FULL_SOURCE_REVIEW
visibility-filtering/safety_label_source/mod.rs,visibility-filtering,source,15,344,UNREVIEWED,D12;D16,NO,NO,NO,NO,0,,,D12,D16,HIGH,FULL_SOURCE_REVIEW
visibility-filtering/safety_label_source/proto.rs,visibility-filtering,source,130,4478,UNREVIEWED,D12;D16,NO,NO,NO,NO,0,,,D12,D16,HIGH,FULL_SOURCE_REVIEW
visibility-filtering/safety_label_source/source.rs,visibility-filtering,source,395,13581,UNREVIEWED,D12;D16,NO,NO,NO,NO,0,,,D12,D16,HIGH,FULL_SOURCE_REVIEW
visibility-filtering/safety_label_source/twemcache.rs,visibility-filtering,source,294,9109,UNREVIEWED,D12;D16,NO,NO,NO,NO,0,,,D12,D16,HIGH,FULL_SOURCE_REVIEW
visibility-filtering/safety_label_source/types.rs,visibility-filtering,source,69,1584,UNREVIEWED,D12;D16,NO,NO,NO,NO,0,,,D12,D16,HIGH,FULL_SOURCE_REVIEW
visibility-filtering/server.rs,visibility-filtering,source,61,1811,UNREVIEWED,D12,NO,NO,NO,NO,0,,,D12,,HIGH,FULL_SOURCE_REVIEW
visibility-filtering/server_deps.rs,visibility-filtering,source,501,17431,UNREVIEWED,D12,NO,NO,NO,NO,0,,,D12,,HIGH,FULL_SOURCE_REVIEW
visibility-filtering/twemcache/accrual.rs,visibility-filtering,source,267,7961,UNREVIEWED,D12;D16,NO,NO,NO,NO,0,,,D12,D16,HIGH,FULL_SOURCE_REVIEW
visibility-filtering/twemcache/client.rs,visibility-filtering,source,644,21315,UNREVIEWED,D12;D16,NO,NO,NO,NO,0,,,D12,D16,HIGH,FULL_SOURCE_REVIEW
visibility-filtering/twemcache/connection.rs,visibility-filtering,source,750,24493,UNREVIEWED,D12;D16,NO,NO,NO,NO,0,,,D12,D16,HIGH,FULL_SOURCE_REVIEW
visibility-filtering/twemcache/discovery.rs,visibility-filtering,source,121,3391,UNREVIEWED,D12;D16,NO,NO,NO,NO,0,,,D12,D16,HIGH,FULL_SOURCE_REVIEW
visibility-filtering/twemcache/error.rs,visibility-filtering,source,15,357,UNREVIEWED,D12;D16,NO,NO,NO,NO,0,,,D12,D16,HIGH,FULL_SOURCE_REVIEW
visibility-filtering/twemcache/host_pool.rs,visibility-filtering,source,346,10542,UNREVIEWED,D12;D16,NO,NO,NO,NO,0,,,D12,D16,HIGH,FULL_SOURCE_REVIEW
visibility-filtering/twemcache/host_pool_tests.rs,visibility-filtering,source,639,18653,UNREVIEWED,D12;D16,NO,NO,NO,NO,0,,,D12,D16,HIGH,FULL_SOURCE_REVIEW
visibility-filtering/twemcache/key.rs,visibility-filtering,source,97,2248,UNREVIEWED,D12;D16,NO,NO,NO,NO,0,,,D12,D16,HIGH,FULL_SOURCE_REVIEW
visibility-filtering/twemcache/metrics.rs,visibility-filtering,source,98,2458,UNREVIEWED,D12;D16;D18,NO,NO,NO,NO,0,,,D12,D16;D18,HIGH,FULL_SOURCE_REVIEW
visibility-filtering/twemcache/mod.rs,visibility-filtering,source,13,354,UNREVIEWED,D12;D16,NO,NO,NO,NO,0,,,D12,D16,HIGH,FULL_SOURCE_REVIEW
visibility-filtering/twemcache/ring.rs,visibility-filtering,source,243,7699,UNREVIEWED,D12;D16,NO,NO,NO,NO,0,,,D12,D16,HIGH,FULL_SOURCE_REVIEW
visibility-filtering-client/discovery.rs,visibility-filtering-client,source,305,9534,UNREVIEWED,D12;D16,NO,NO,NO,NO,0,,,D12,D16,HIGH,FULL_SOURCE_REVIEW
visibility-filtering-client/graphql_results.rs,visibility-filtering-client,source,414,13908,UNREVIEWED,D12;D16,NO,NO,NO,NO,0,,,D12,D16,HIGH,FULL_SOURCE_REVIEW
visibility-filtering-client/lib.rs,visibility-filtering-client,source,6,118,UNREVIEWED,D12;D16,NO,NO,NO,NO,0,,,D12,D16,HIGH,FULL_SOURCE_REVIEW
visibility-filtering-client/links.rs,visibility-filtering-client,source,36,1663,UNREVIEWED,D12;D16,NO,NO,NO,NO,0,,,D12,D16,HIGH,FULL_SOURCE_REVIEW
visibility-filtering-client/models.rs,visibility-filtering-client,source,589,21598,UNREVIEWED,D12;D16,NO,NO,NO,NO,0,,,D12,D16,HIGH,FULL_SOURCE_REVIEW
visibility-filtering-client/tweet_safety_label.rs,visibility-filtering-client,source,650,23068,UNREVIEWED,D12;D16,NO,NO,NO,NO,0,,,D12,D16,HIGH,FULL_SOURCE_REVIEW
visibility-filtering-client/vf_client.rs,visibility-filtering-client,source,999,34485,UNREVIEWED,D12;D16,NO,NO,NO,NO,0,,,D12,D16,HIGH,FULL_SOURCE_REVIEW
vm-ranker/args.rs,vm-ranker,source,35,905,UNREVIEWED,D06;D16,NO,NO,NO,NO,0,,,D06,D16,HIGH,FULL_SOURCE_REVIEW
vm-ranker/dpp.rs,vm-ranker,source,495,13818,UNREVIEWED,D06;D16,NO,NO,NO,NO,0,,,D06,D16,HIGH,FULL_SOURCE_REVIEW
vm-ranker/embedding_store.rs,vm-ranker,source,22,538,UNREVIEWED,D06;D16,NO,NO,NO,NO,0,,,D06,D16,HIGH,FULL_SOURCE_REVIEW
vm-ranker/helpers.rs,vm-ranker,source,152,5570,UNREVIEWED,D06;D16,NO,NO,NO,NO,0,,,D06,D16,HIGH,FULL_SOURCE_REVIEW
vm-ranker/lib.rs,vm-ranker,source,7,127,UNREVIEWED,D06;D16,NO,NO,NO,NO,0,,,D06,D16,HIGH,FULL_SOURCE_REVIEW
vm-ranker/main.rs,vm-ranker,source,92,2852,UNREVIEWED,D06;D16,NO,NO,NO,NO,0,,,D06,D16,HIGH,FULL_SOURCE_REVIEW
vm-ranker/metrics.rs,vm-ranker,source,173,5873,UNREVIEWED,D06;D16;D18,NO,NO,NO,NO,0,,,D06,D16;D18,HIGH,FULL_SOURCE_REVIEW
vm-ranker/ranker_service.rs,vm-ranker,source,118,3914,UNREVIEWED,D06;D16,NO,NO,NO,NO,0,,,D06,D16,HIGH,FULL_SOURCE_REVIEW
vm-ranker/scoring/dpp_model.rs,vm-ranker,source,154,4687,UNREVIEWED,D06;D16,NO,NO,NO,NO,0,,,D06,D16,HIGH,FULL_SOURCE_REVIEW
vm-ranker/scoring/mod.rs,vm-ranker,source,54,1384,UNREVIEWED,D06;D16,NO,NO,NO,NO,0,,,D06,D16,HIGH,FULL_SOURCE_REVIEW
